Date,Campaign Name,Time Zone,Currency,Impressions,Clicks,CTR,Installs,InstallRate,CPC,CPI,Spend,AvgPos,Visibility,Customers,Revenue,ROAS,CPC2,ConvRate,Campaign
2025-08-21,Search_EN_Competitors_2024.08.12,UTC,USD,285,14,0.049122,11,0.785714,2.857142,3.636363,40.0,1.445614,0.805084,1.0,76.13,1.90325,40.0,0.090909,Competitors
2025-08-21,Search_EN_Trust_2025.03.17,UTC,USD,98,3,0.030612,1,0.333333,5.0,15.0,15.0,2.27551,0.362962,,,,,,Trust
2025-08-21,Search_EN_ProductReview_2024.08.05,UTC,USD,565,94,0.166371,69,0.734042,2.55851,3.485507,240.5,1.633628,0.593487,1.0,90.0,0.37422,240.5,0.014492,ProductReview
2025-08-21,Search_EN_Review-variations_2024.04.29,UTC,USD,209,20,0.095693,12,0.6,3.289,5.481666,65.78,2.330143,0.065723,,,,,,Review-variations
2025-08-22,Search_EN_ProductReview_2024.08.05,UTC,USD,555,96,0.172972,69,0.71875,2.504166,3.484057,240.4,1.717117,0.543584,4.0,152.25,0.633319,60.1,0.057971,ProductReview
2025-08-22,Search_EN_Trust_2025.03.17,UTC,USD,86,3,0.034883,2,0.666666,5.0,7.5,15.0,2.686046,0.319702,,,,,,Trust
2025-08-22,Search_EN_Competitors_2024.08.12,UTC,USD,298,14,0.046979,10,0.714285,2.857142,4.0,40.0,1.496644,0.78421,1.0,75.0,1.875,40.0,0.1,Competitors
2025-08-22,Search_EN_Review-variations_2024.04.29,UTC,USD,100,7,0.07,5,0.714285,2.948571,4.128,20.64,2.32,0.03984,1.0,15.22,0.737403,20.64,0.2,Review-variations
2025-08-23,Search_EN_Competitors_2024.08.12,UTC,USD,237,12,0.050632,9,0.75,2.875,3.833333,34.5,1.35443,0.808873,,,,,,Competitors
2025-08-23,Search_EN_ProductReview_2024.08.05,UTC,USD,652,94,0.144171,73,0.776595,2.568085,3.306849,241.4,1.743865,0.574449,2.0,166.12,0.688152,120.7,0.027397,ProductReview
2025-08-23,Search_EN_Trust_2025.03.17,UTC,USD,69,7,0.101449,4,0.571428,4.714285,8.25,33.0,2.144927,0.418181,,,,,,Trust
2025-08-23,Search_EN_Review-variations_2024.04.29,UTC,USD,147,10,0.068027,8,0.8,2.764,3.455,27.64,2.183673,0.075423,,,,,,Review-variations
2025-08-24,Search_EN_ProductReview_2024.08.05,UTC,USD,486,96,0.19753,69,0.71875,2.503125,3.482608,240.3,1.893004,0.597051,2.0,151.35,0.629837,120.15,0.028985,ProductReview
2025-08-24,Search_EN_Review-variations_2024.04.29,UTC,USD,122,14,0.114754,8,0.571428,3.714285,6.5,52.0,2.237704,0.067853,,,,,,Review-variations
2025-08-24,Search_EN_Competitors_2024.08.12,UTC,USD,290,11,0.037931,5,0.454545,2.681818,5.9,29.5,1.306896,0.814606,1.0,76.13,2.580677,29.5,0.2,Competitors
2025-08-24,Search_EN_Trust_2025.03.17,UTC,USD,104,8,0.076923,4,0.5,5.0,10.0,40.0,2.365384,0.424489,,,,,,Trust
2025-08-25,Search_EN_Review-variations_2024.04.29,UTC,USD,175,12,0.068571,6,0.5,3.318333,6.636666,39.82,2.148571,0.056929,,,,,,Review-variations
2025-08-25,Search_EN_ProductReview_2024.08.05,UTC,USD,560,88,0.157142,64,0.727272,2.729545,3.753125,240.2,1.785714,0.494263,,,,,,ProductReview
2025-08-25,Search_EN_Competitors_2024.08.12,UTC,USD,298,14,0.046979,11,0.785714,2.892857,3.681818,40.5,1.285234,0.839436,,,,,,Competitors
2025-08-25,Search_EN_Trust_2025.03.17,UTC,USD,175,5,0.028571,3,0.6,5.0,8.333333,25.0,2.605714,0.550314,,,,,,Trust
2025-08-26,Search_EN_Trust_2025.03.17,UTC,USD,138,6,0.043478,5,0.833333,4.666666,5.6,28.0,2.333333,0.466216,,,,,,Trust
2025-08-26,Search_EN_Competitors_2024.08.12,UTC,USD,364,11,0.030219,7,0.636363,2.863636,4.5,31.5,1.434065,0.852459,1.0,75.0,2.380952,31.5,0.142857,Competitors
2025-08-26,Search_EN_ProductReview_2024.08.05,UTC,USD,567,88,0.155202,61,0.693181,2.711363,3.911475,238.6,1.853615,0.484201,4.0,228.41,0.957292,59.65,0.065573,ProductReview
2025-08-26,Search_EN_Review-variations_2024.04.29,UTC,USD,185,20,0.108108,11,0.55,3.571,6.492727,71.42,2.351351,0.055689,,,,,,Review-variations
2025-08-27,Search_EN_ProductReview_2024.08.05,UTC,USD,574,91,0.158536,63,0.692307,2.65934,3.841269,242.0,1.87979,0.465531,3.0,165.68,0.684628,80.666666,0.047619,ProductReview
2025-08-27,Search_EN_Trust_2025.03.17,UTC,USD,121,4,0.033057,1,0.25,5.0,20.0,20.0,1.966942,0.436823,,,,,,Trust
2025-08-27,Search_EN_Competitors_2024.08.12,UTC,USD,347,12,0.034582,9,0.75,3.041666,4.055555,36.5,1.354466,0.846341,2.0,180.0,4.931506,18.25,0.222222,Competitors
2025-08-27,Search_EN_Review-variations_2024.04.29,UTC,USD,192,15,0.078125,7,0.466666,2.918666,6.254285,43.78,2.333333,0.063178,,,,,,Review-variations
2025-08-28,Search_EN_Review-variations_2024.04.29,UTC,USD,172,18,0.104651,12,0.666666,3.644444,5.466666,65.6,1.924418,0.059515,1.0,60.91,0.928506,65.6,0.083333,Review-variations
2025-08-28,Search_EN_Competitors_2024.08.12,UTC,USD,368,10,0.027173,6,0.6,2.75,4.583333,27.5,1.429347,0.825112,,,,,,Competitors
2025-08-28,Search_EN_ProductReview_2024.08.05,UTC,USD,667,96,0.143928,72,0.75,2.501041,3.334722,240.1,1.91904,0.553986,1.0,60.92,0.253727,240.1,0.013888,ProductReview
2025-08-28,Search_EN_Trust_2025.03.17,UTC,USD,114,5,0.043859,4,0.8,4.8,6.0,24.0,2.359649,0.447058,,,,,,Trust
2025-08-29,Search_EN_Trust_2025.03.17,UTC,USD,115,4,0.034782,3,0.75,5.0,6.666666,20.0,2.573913,0.465587,,,,,,Trust
2025-08-29,Search_EN_Competitors_2024.08.12,UTC,USD,254,14,0.055118,10,0.714285,3.035714,4.25,42.5,1.366141,0.808917,1.0,60.9,1.432941,42.5,0.1,Competitors
2025-08-29,Search_EN_ProductReview_2024.08.05,UTC,USD,479,87,0.181628,61,0.701149,2.787356,3.975409,242.5,1.782881,0.502096,1.0,76.14,0.313979,242.5,0.016393,ProductReview
2025-08-29,Search_EN_Review-variations_2024.04.29,UTC,USD,189,24,0.126984,12,0.5,3.5875,7.175,86.1,2.068783,0.067644,1.0,30.44,0.353542,86.1,0.083333,Review-variations
2025-08-30,Search_EN_ProductReview_2024.08.05,UTC,USD,569,96,0.168717,76,0.791666,2.5,3.157894,240.0,1.794376,0.51916,3.0,196.82,0.820083,80.0,0.039473,ProductReview
2025-08-30,Search_EN_Competitors_2024.08.12,UTC,USD,264,10,0.037878,8,0.8,3.05,3.8125,30.5,1.321969,0.891891,,,,,,Competitors
2025-08-30,Search_EN_Review-variations_2024.04.29,UTC,USD,107,10,0.093457,6,0.6,3.25,5.416666,32.5,2.373831,0.056824,,,,,,Review-variations
2025-08-30,Search_EN_Trust_2025.03.17,UTC,USD,90,6,0.066666,6,1.0,5.0,5.0,30.0,2.288888,0.430622,,,,,,Trust
2025-08-31,Search_EN_Competitors_2024.08.12,UTC,USD,183,14,0.076502,8,0.571428,2.892857,5.0625,40.5,1.218579,0.892682,,,,,,Competitors
2025-08-31,Search_EN_Review-variations_2024.04.29,UTC,USD,145,13,0.089655,9,0.692307,2.92,4.217777,37.96,2.110344,0.081828,,,,,,Review-variations
2025-08-31,Search_EN_ProductReview_2024.08.05,UTC,USD,519,91,0.175337,65,0.714285,2.647252,3.706153,240.9,2.021194,0.542319,2.0,90.0,0.373599,120.45,0.030769,ProductReview
2025-08-31,Search_EN_Trust_2025.03.17,UTC,USD,94,3,0.031914,0,0.0,7.0,0.0,21.0,2.180851,0.484536,,,,,,Trust
2025-09-01,Search_EN_Review-variations_2024.04.29,UTC,USD,190,15,0.078947,12,0.8,3.788,4.735,56.82,2.110526,0.073189,1.0,60.0,1.055966,56.82,0.083333,Review-variations
2025-09-01,Search_EN_ProductReview_2024.08.05,UTC,USD,548,95,0.173357,73,0.768421,2.516842,3.275342,239.1,1.711678,0.513589,2.0,136.12,0.569301,119.55,0.027397,ProductReview
2025-09-01,Search_EN_Trust_2025.03.17,UTC,USD,111,7,0.063063,4,0.571428,4.714285,8.25,33.0,2.36036,0.478448,1.0,90.0,2.727272,33.0,0.25,Trust
2025-09-01,Search_EN_Competitors_2024.08.12,UTC,USD,336,10,0.029761,8,0.8,2.75,3.4375,27.5,1.300595,0.831683,,,,,,Competitors
2025-09-02,Search_EN_ProductReview_2024.08.05,UTC,USD,502,85,0.169322,65,0.764705,2.862352,3.743076,243.3,1.669322,0.536898,2.0,151.1,0.621043,121.65,0.030769,ProductReview
2025-09-02,Search_EN_Review-variations_2024.04.29,UTC,USD,186,13,0.069892,8,0.615384,3.266153,5.3075,42.46,2.258064,0.059028,,,,,,Review-variations
2025-09-02,Search_EN_Trust_2025.03.17,UTC,USD,122,5,0.040983,3,0.6,4.8,8.0,24.0,2.180327,0.431095,1.0,90.0,3.75,24.0,0.333333,Trust
2025-09-02,Search_EN_Competitors_2024.08.12,UTC,USD,318,11,0.034591,5,0.454545,2.636363,5.8,29.0,1.389937,0.783251,,,,,,Competitors
2025-09-03,Search_EN_Trust_2025.03.17,UTC,USD,105,3,0.028571,1,0.333333,5.0,15.0,15.0,2.561904,0.425101,,,,,,Trust
2025-09-03,Search_EN_Competitors_2024.08.12,UTC,USD,420,11,0.02619,9,0.818181,2.818181,3.444444,31.0,1.354761,0.871369,3.0,182.7,5.893548,10.333333,0.333333,Competitors
2025-09-03,Search_EN_ProductReview_2024.08.05,UTC,USD,584,93,0.159246,67,0.72043,2.577419,3.577611,239.7,1.729452,0.508268,2.0,167.46,0.698623,119.85,0.02985,ProductReview
2025-09-03,Search_EN_Review-variations_2024.04.29,UTC,USD,178,15,0.084269,12,0.8,2.909333,3.636666,43.64,2.061797,0.054334,,,,,,Review-variations
2025-09-04,Search_EN_ProductReview_2024.08.05,UTC,USD,615,86,0.139837,62,0.72093,2.784883,3.862903,239.5,1.786991,0.574229,1.0,76.14,0.317912,239.5,0.016129,ProductReview
2025-09-04,Search_EN_Competitors_2024.08.12,UTC,USD,272,14,0.05147,8,0.571428,2.892857,5.0625,40.5,1.5,0.790697,,,,,,Competitors
2025-09-04,Search_EN_Trust_2025.03.17,UTC,USD,112,5,0.044642,2,0.4,4.8,12.0,24.0,2.330357,0.35443,,,,,,Trust
2025-09-04,Search_EN_Review-variations_2024.04.29,UTC,USD,203,20,0.098522,13,0.65,2.966,4.563076,59.32,2.182266,0.067129,,,,,,Review-variations
2025-09-05,Search_EN_Competitors_2024.08.12,UTC,USD,290,6,0.020689,3,0.5,2.666666,5.333333,16.0,1.541379,0.840579,,,,,,Competitors
2025-09-05,Search_EN_Review-variations_2024.04.29,UTC,USD,127,7,0.055118,5,0.714285,3.617142,5.064,25.32,2.346456,0.047194,,,,,,Review-variations
2025-09-05,Search_EN_Trust_2025.03.17,UTC,USD,111,6,0.054054,3,0.5,4.833333,9.666666,29.0,2.45045,0.406593,,,,,,Trust
2025-09-05,Search_EN_ProductReview_2024.08.05,UTC,USD,487,94,0.193018,67,0.712765,2.527659,3.546268,237.6,1.724845,0.581145,,,,,,ProductReview
2025-09-06,Search_EN_ProductReview_2024.08.05,UTC,USD,482,90,0.186721,76,0.844444,2.643333,3.130263,237.9,1.763485,0.559814,2.0,90.22,0.379234,118.95,0.026315,ProductReview
2025-09-06,Search_EN_Review-variations_2024.04.29,UTC,USD,106,11,0.103773,7,0.636363,3.545454,5.571428,39.0,2.009433,0.060158,,,,,,Review-variations
2025-09-06,Search_EN_Trust_2025.03.17,UTC,USD,63,5,0.079365,2,0.4,4.6,11.5,23.0,2.365079,0.456521,,,,,,Trust
2025-09-06,Search_EN_Competitors_2024.08.12,UTC,USD,321,8,0.024922,2,0.25,3.0625,12.25,24.5,1.632398,0.872282,,,,,,Competitors
2025-09-07,Search_EN_Review-variations_2024.04.29,UTC,USD,122,9,0.07377,8,0.888888,3.777777,4.25,34.0,2.180327,0.067143,1.0,75.0,2.205882,34.0,0.125,Review-variations
2025-09-07,Search_EN_Trust_2025.03.17,UTC,USD,84,6,0.071428,1,0.166666,4.833333,29.0,29.0,2.166666,0.48,,,,,,Trust
2025-09-07,Search_EN_Competitors_2024.08.12,UTC,USD,339,6,0.017699,3,0.5,3.083333,6.166666,18.5,1.442477,0.841191,,,,,,Competitors
2025-09-07,Search_EN_ProductReview_2024.08.05,UTC,USD,568,93,0.163732,72,0.774193,2.579569,3.331944,239.9,1.741197,0.586776,4.0,273.59,1.140433,59.975,0.055555,ProductReview
2025-09-08,Search_EN_Trust_2025.03.17,UTC,USD,124,0,0.0,0,0.0,0.0,0.0,0.0,2.395161,0.444444,,,,,,Trust
2025-09-08,Search_EN_Competitors_2024.08.12,UTC,USD,320,15,0.046875,11,0.733333,2.8,3.818181,42.0,1.284375,0.784313,1.0,60.89,1.449761,42.0,0.090909,Competitors
2025-09-08,Search_EN_ProductReview_2024.08.05,UTC,USD,513,87,0.16959,66,0.75862,2.75977,3.637878,240.1,1.904483,0.547491,1.0,75.0,0.312369,240.1,0.015151,ProductReview
2025-09-08,Search_EN_Review-variations_2024.04.29,UTC,USD,120,10,0.083333,6,0.6,2.782,4.636666,27.82,2.175,0.03992,,,,,,Review-variations
2025-09-09,Search_EN_Review-variations_2024.04.29,UTC,USD,134,8,0.059701,7,0.875,3.6875,4.214285,29.5,2.33582,0.041979,,,,,,Review-variations
2025-09-09,Search_EN_Trust_2025.03.17,UTC,USD,121,4,0.033057,1,0.25,5.0,20.0,20.0,2.454545,0.430604,,,,,,Trust
2025-09-09,Search_EN_Competitors_2024.08.12,UTC,USD,396,14,0.035353,9,0.642857,2.821428,4.388888,39.5,1.444444,0.859002,1.0,45.0,1.13924,39.5,0.111111,Competitors
2025-09-09,Search_EN_ProductReview_2024.08.05,UTC,USD,549,91,0.165755,65,0.714285,2.636263,3.690769,239.9,1.899817,0.490616,,,,,,ProductReview
2025-09-10,Search_EN_Competitors_2024.08.12,UTC,USD,407,13,0.031941,7,0.538461,2.76923,5.142857,36.0,1.240786,0.837448,,,,,,Competitors
2025-09-10,Search_EN_ProductReview_2024.08.05,UTC,USD,564,88,0.156028,60,0.681818,2.762499,4.051666,243.1,1.671985,0.543876,2.0,60.89,0.250473,121.55,0.033333,ProductReview
2025-09-10,Search_EN_Review-variations_2024.04.29,UTC,USD,136,17,0.125,11,0.647058,3.695294,5.710909,62.82,2.161764,0.046353,,,,,,Review-variations
2025-09-10,Search_EN_Trust_2025.03.17,UTC,USD,120,2,0.016666,0,0.0,5.0,0.0,10.0,2.5,0.447761,,,,,,Trust
2025-09-11,Search_EN_Review-variations_2024.04.29,UTC,USD,163,15,0.092024,7,0.466666,3.733333,8.0,56.0,2.141104,0.053302,,,,,,Review-variations
2025-09-11,Search_EN_Trust_2025.03.17,UTC,USD,96,6,0.0625,4,0.666666,4.5,6.75,27.0,2.489583,0.424778,,,,,,Trust
2025-09-11,Search_EN_Competitors_2024.08.12,UTC,USD,233,14,0.060085,9,0.642857,3.071428,4.777777,43.0,1.291845,0.792517,,,,,,Competitors
2025-09-11,Search_EN_ProductReview_2024.08.05,UTC,USD,542,83,0.153136,63,0.759036,2.872289,3.784126,238.4,1.797047,0.522157,2.0,136.11,0.570931,119.2,0.031746,ProductReview
2025-09-12,Search_EN_Competitors_2024.08.12,UTC,USD,275,14,0.050909,9,0.642857,2.964285,4.611111,41.5,1.181818,0.856697,1.0,30.0,0.722891,41.5,0.111111,Competitors
2025-09-12,Search_EN_Review-variations_2024.04.29,UTC,USD,143,11,0.076923,5,0.454545,3.756363,8.264,41.32,2.090909,0.053258,,,,,,Review-variations
2025-09-12,Search_EN_Trust_2025.03.17,UTC,USD,88,5,0.056818,4,0.8,5.0,6.25,25.0,2.329545,0.34375,,,,,,Trust
2025-09-12,Search_EN_ProductReview_2024.08.05,UTC,USD,581,87,0.149741,59,0.67816,2.757471,4.066101,239.9,1.745266,0.594069,3.0,181.36,0.755981,79.966666,0.050847,ProductReview
2025-09-13,Search_EN_Review-variations_2024.04.29,UTC,USD,112,7,0.0625,4,0.571428,3.331428,5.83,23.32,1.857142,0.06422,,,,,,Review-variations
2025-09-13,Search_EN_ProductReview_2024.08.05,UTC,USD,642,90,0.140186,72,0.8,2.672222,3.340277,240.5,1.867601,0.594995,,,,,,ProductReview
2025-09-13,Search_EN_Competitors_2024.08.12,UTC,USD,258,9,0.034883,7,0.777777,2.944444,3.785714,26.5,1.310077,0.798761,,,,,,Competitors
2025-09-13,Search_EN_Trust_2025.03.17,UTC,USD,90,5,0.055555,3,0.6,4.8,8.0,24.0,2.388888,0.45,,,,,,Trust
2025-09-14,Search_EN_ProductReview_2024.08.05,UTC,USD,589,88,0.149405,68,0.772727,2.725,3.52647,239.8,1.748726,0.582591,1.0,60.0,0.250208,239.8,0.014705,ProductReview
2025-09-14,Search_EN_Review-variations_2024.04.29,UTC,USD,119,12,0.10084,9,0.75,3.568333,4.757777,42.82,2.739495,0.069105,,,,,,Review-variations
2025-09-14,Search_EN_Trust_2025.03.17,UTC,USD,79,5,0.063291,3,0.6,4.8,8.0,24.0,2.405063,0.451428,,,,,,Trust
2025-09-14,Search_EN_Competitors_2024.08.12,UTC,USD,259,7,0.027027,5,0.714285,3.142857,4.4,22.0,1.420849,0.875,,,,,,Competitors
2025-09-15,Search_EN_Review-variations_2024.04.29,UTC,USD,158,16,0.101265,11,0.6875,3.67375,5.343636,58.78,2.265822,0.057981,,,,,,Review-variations
2025-09-15,Search_EN_ProductReview_2024.08.05,UTC,USD,857,99,0.115519,77,0.777777,2.422222,3.114285,239.8,2.064177,0.544472,3.0,166.13,0.692785,79.933333,0.038961,ProductReview
2025-09-15,Search_EN_Trust_2025.03.17,UTC,USD,104,2,0.01923,0,0.0,5.0,0.0,10.0,2.432692,0.421052,,,,,,Trust
2025-09-15,Search_EN_Competitors_2024.08.12,UTC,USD,262,15,0.057251,9,0.6,2.833333,4.722222,42.5,1.370229,0.823899,2.0,75.0,1.764705,21.25,0.222222,Competitors
2025-09-16,Search_EN_ProductReview_2024.08.05,UTC,USD,635,97,0.152755,80,0.824742,2.473195,2.99875,239.9,2.026771,0.46486,4.0,211.57,0.881909,59.975,0.05,ProductReview
2025-09-16,Search_EN_Trust_2025.03.17,UTC,USD,120,5,0.041666,5,1.0,4.8,4.8,24.0,2.441666,0.383386,,,,,,Trust
2025-09-16,Search_EN_Review-variations_2024.04.29,UTC,USD,136,17,0.125,8,0.470588,3.05647,6.495,51.96,1.941176,0.048415,1.0,75.0,1.443418,51.96,0.125,Review-variations
2025-09-16,Search_EN_Competitors_2024.08.12,UTC,USD,403,10,0.024813,9,0.9,2.75,3.055555,27.5,1.280397,0.837837,,,,,,Competitors
2025-09-17,Search_EN_Review-variations_2024.04.29,UTC,USD,173,15,0.086705,9,0.6,3.606666,6.011111,54.1,1.947976,0.057058,2.0,121.15,2.239371,27.05,0.222222,Review-variations
2025-09-17,Search_EN_Trust_2025.03.17,UTC,USD,116,7,0.060344,3,0.428571,5.0,11.666666,35.0,2.5,0.442748,,,,,,Trust
2025-09-17,Search_EN_Competitors_2024.08.12,UTC,USD,618,14,0.022653,11,0.785714,2.642857,3.363636,37.0,1.203883,0.81638,,,,,,Competitors
2025-09-17,Search_EN_ProductReview_2024.08.05,UTC,USD,771,96,0.124513,79,0.822916,2.490625,3.026582,239.1,1.879377,0.547196,1.0,75.0,0.313676,239.1,0.012658,ProductReview
2025-09-18,Search_EN_Review-variations_2024.04.29,UTC,USD,188,10,0.053191,5,0.5,3.228,6.456,32.28,2.388297,0.065006,1.0,75.0,2.32342,32.28,0.2,Review-variations
2025-09-18,Search_EN_Trust_2025.03.17,UTC,USD,79,3,0.037974,1,0.333333,5.0,15.0,15.0,2.468354,0.37619,,,,,,Trust
2025-09-18,Search_EN_Competitors_2024.08.12,UTC,USD,342,7,0.020467,5,0.714285,2.571428,3.6,18.0,1.210526,0.846534,,,,,,Competitors
2025-09-18,Search_EN_ProductReview_2024.08.05,UTC,USD,659,100,0.151745,77,0.77,2.424,3.148051,242.4,1.825493,0.554247,2.0,76.14,0.314108,121.2,0.025974,ProductReview
2025-09-19,Search_EN_ProductReview_2024.08.05,UTC,USD,766,89,0.116187,60,0.674157,2.679775,3.975,238.5,1.954308,0.566149,2.0,137.04,0.574591,119.25,0.033333,ProductReview
2025-09-19,Search_EN_Competitors_2024.08.12,UTC,USD,264,15,0.056818,11,0.733333,2.766666,3.772727,41.5,1.325757,0.788059,1.0,90.0,2.168674,41.5,0.090909,Competitors
2025-09-19,Search_EN_Trust_2025.03.17,UTC,USD,86,2,0.023255,2,1.0,5.0,5.0,10.0,2.453488,0.35102,,,,,,Trust
2025-09-19,Search_EN_Review-variations_2024.04.29,UTC,USD,135,10,0.074074,3,0.3,2.942,9.806666,29.42,1.948148,0.050092,,,,,,Review-variations
2025-09-20,Search_EN_Competitors_2024.08.12,UTC,USD,236,6,0.025423,4,0.666666,2.833333,4.25,17.0,1.34322,0.794612,,,,,,Competitors
2025-09-20,Search_EN_ProductReview_2024.08.05,UTC,USD,646,99,0.15325,74,0.747474,2.425252,3.244594,240.1,1.97678,0.486445,3.0,136.81,0.569804,80.033333,0.04054,ProductReview
2025-09-20,Search_EN_Trust_2025.03.17,UTC,USD,109,5,0.045871,3,0.6,4.6,7.666666,23.0,2.339449,0.504629,,,,,,Trust
2025-09-20,Search_EN_Review-variations_2024.04.29,UTC,USD,104,11,0.105769,6,0.545454,2.645454,4.85,29.1,2.346153,0.061356,,,,,,Review-variations
2025-09-21,Search_EN_ProductReview_2024.08.05,UTC,USD,633,96,0.151658,72,0.75,2.495833,3.327777,239.6,1.958925,0.548051,3.0,135.91,0.567237,79.866666,0.041666,ProductReview
2025-09-21,Search_EN_Review-variations_2024.04.29,UTC,USD,103,14,0.135922,8,0.571428,3.708571,6.49,51.92,2.097087,0.060623,,,,,,Review-variations
2025-09-21,Search_EN_Trust_2025.03.17,UTC,USD,69,2,0.028985,1,0.5,4.0,8.0,8.0,2.15942,0.420731,,,,,,Trust
2025-09-21,Search_EN_Competitors_2024.08.12,UTC,USD,222,11,0.049549,9,0.818181,2.90909,3.555555,32.0,1.288288,0.807272,,,,,,Competitors
2025-09-22,Search_EN_Review-variations_2024.04.29,UTC,USD,203,12,0.059113,6,0.5,3.678333,7.356666,44.14,2.566502,0.073021,,,,,,Review-variations
2025-09-22,Search_EN_ProductReview_2024.08.05,UTC,USD,614,96,0.156351,66,0.6875,2.475,3.6,237.6,2.032573,0.521222,2.0,60.45,0.254419,118.8,0.030303,ProductReview
2025-09-22,Search_EN_Competitors_2024.08.12,UTC,USD,323,12,0.037151,10,0.833333,2.833333,3.4,34.0,1.41486,0.836787,1.0,76.13,2.239117,34.0,0.1,Competitors
2025-09-22,Search_EN_Trust_2025.03.17,UTC,USD,96,1,0.010416,0,0.0,5.0,0.0,5.0,2.458333,0.403361,,,,,,Trust
2025-09-23,Search_EN_ProductReview_2024.08.05,UTC,USD,526,98,0.186311,72,0.734693,2.42551,3.301388,237.7,1.826996,0.464254,4.0,242.49,1.020151,59.425,0.055555,ProductReview
2025-09-23,Search_EN_Competitors_2024.08.12,UTC,USD,291,14,0.048109,10,0.714285,2.964285,4.15,41.5,1.357388,0.871257,,,,,,Competitors
2025-09-23,Search_EN_Trust_2025.03.17,UTC,USD,111,2,0.018018,1,0.5,5.0,10.0,10.0,2.9009,0.5,,,,,,Trust
2025-09-23,Search_EN_Review-variations_2024.04.29,UTC,USD,147,12,0.081632,5,0.416666,3.0,7.2,36.0,2.360544,0.05138,,,,,,Review-variations
2025-09-24,Search_EN_Competitors_2024.08.12,UTC,USD,345,12,0.034782,8,0.666666,2.833333,4.25,34.0,1.446376,0.871212,1.0,60.92,1.791764,34.0,0.125,Competitors
2025-09-24,Search_EN_Trust_2025.03.17,UTC,USD,104,8,0.076923,4,0.5,4.75,9.5,38.0,2.951923,0.481481,,,,,,Trust
2025-09-24,Search_EN_Review-variations_2024.04.29,UTC,USD,188,15,0.079787,8,0.533333,3.488,6.54,52.32,2.617021,0.064604,,,,,,Review-variations
2025-09-24,Search_EN_ProductReview_2024.08.05,UTC,USD,683,99,0.144948,73,0.737373,2.416161,3.276712,239.2,1.991215,0.52297,1.0,75.0,0.313545,239.2,0.013698,ProductReview
2025-09-25,Search_EN_Competitors_2024.08.12,UTC,USD,380,10,0.026315,4,0.4,2.95,7.375,29.5,1.281578,0.829694,1.0,75.0,2.542372,29.5,0.25,Competitors
2025-09-25,Search_EN_Trust_2025.03.17,UTC,USD,60,5,0.083333,4,0.8,4.8,6.0,24.0,2.266666,0.327868,,,,,,Trust
2025-09-25,Search_EN_Review-variations_2024.04.29,UTC,USD,114,11,0.096491,8,0.727272,2.967272,4.08,32.64,2.105263,0.041958,,,,,,Review-variations
2025-09-25,Search_EN_ProductReview_2024.08.05,UTC,USD,636,100,0.157232,77,0.77,2.389,3.102597,238.9,1.88522,0.562831,2.0,75.91,0.317748,119.45,0.025974,ProductReview
2025-09-26,Search_EN_Competitors_2024.08.12,UTC,USD,298,7,0.023489,5,0.714285,3.142857,4.4,22.0,1.392617,0.849002,,,,,,Competitors
2025-09-26,Search_EN_Trust_2025.03.17,UTC,USD,70,6,0.085714,3,0.5,4.5,9.0,27.0,2.171428,0.39548,,,,,,Trust
2025-09-26,Search_EN_Review-variations_2024.04.29,UTC,USD,107,13,0.121495,11,0.846153,3.716923,4.392727,48.32,1.953271,0.044453,,,,,,Review-variations
2025-09-26,Search_EN_ProductReview_2024.08.05,UTC,USD,653,96,0.147013,69,0.71875,2.482291,3.453623,238.3,1.753445,0.553859,2.0,75.91,0.318548,119.15,0.028985,ProductReview
2025-09-27,Search_EN_Review-variations_2024.04.29,UTC,USD,126,8,0.063492,6,0.75,3.415,4.553333,27.32,2.730158,0.076595,,,,,,Review-variations
2025-09-27,Search_EN_Competitors_2024.08.12,UTC,USD,313,9,0.028753,6,0.666666,2.833333,4.25,25.5,1.361022,0.899425,,,,,,Competitors
2025-09-27,Search_EN_ProductReview_2024.08.05,UTC,USD,481,97,0.201663,74,0.762886,2.469072,3.236486,239.5,1.694386,0.600499,1.0,76.14,0.317912,239.5,0.013513,ProductReview
2025-09-27,Search_EN_Trust_2025.03.17,UTC,USD,76,5,0.065789,2,0.4,4.8,12.0,24.0,2.013157,0.477987,,,,,,Trust
2025-09-28,Search_EN_Trust_2025.03.17,UTC,USD,77,3,0.038961,2,0.666666,5.0,7.5,15.0,2.77922,0.447674,,,,,,Trust
2025-09-28,Search_EN_Review-variations_2024.04.29,UTC,USD,119,7,0.058823,6,0.857142,2.902857,3.386666,20.32,2.352941,0.07886,,,,,,Review-variations
2025-09-28,Search_EN_Competitors_2024.08.12,UTC,USD,323,10,0.030959,8,0.8,2.85,3.5625,28.5,1.3839,0.899721,2.0,60.23,2.113333,14.25,0.25,Competitors
2025-09-28,Search_EN_ProductReview_2024.08.05,UTC,USD,582,101,0.173539,75,0.742574,2.372277,3.194666,239.6,1.927835,0.615221,1.0,60.91,0.254215,239.6,0.013333,ProductReview
2025-09-29,Search_EN_ProductReview_2024.08.05,UTC,USD,725,100,0.137931,79,0.79,2.381,3.013924,238.1,2.227586,0.535055,2.0,75.68,0.317849,119.05,0.025316,ProductReview
2025-09-29,Search_EN_Review-variations_2024.04.29,UTC,USD,150,9,0.06,6,0.666666,3.237777,4.856666,29.14,2.546666,0.054684,1.0,60.44,2.074124,29.14,0.166666,Review-variations
2025-09-29,Search_EN_Trust_2025.03.17,UTC,USD,75,3,0.04,1,0.333333,5.0,15.0,15.0,2.146666,0.360576,,,,,,Trust
2025-09-29,Search_EN_Competitors_2024.08.12,UTC,USD,320,11,0.034375,7,0.636363,3.045454,4.785714,33.5,1.778125,0.839895,,,,,,Competitors
2025-09-30,Search_EN_Competitors_2024.08.12,UTC,USD,338,14,0.04142,11,0.785714,2.892857,3.681818,40.5,1.588757,0.853535,,,,,,Competitors
2025-09-30,Search_EN_ProductReview_2024.08.05,UTC,USD,664,103,0.15512,79,0.76699,2.319417,3.02405,238.9,2.192771,0.54876,3.0,197.92,0.828463,79.633333,0.037974,ProductReview
2025-09-30,Search_EN_Trust_2025.03.17,UTC,USD,110,7,0.063636,4,0.571428,5.285714,9.25,37.0,2.7,0.339506,,,,,,Trust
2025-09-30,Search_EN_Review-variations_2024.04.29,UTC,USD,114,5,0.043859,3,0.6,3.5,5.833333,17.5,2.631578,0.042159,,,,,,Review-variations
2025-10-01,Search_EN_ProductReview_2024.08.05,UTC,USD,631,102,0.161648,75,0.735294,2.331372,3.170666,237.8,1.941362,0.586431,2.0,75.89,0.319133,118.9,0.026666,ProductReview
2025-10-01,Search_EN_Review-variations_2024.04.29,UTC,USD,125,11,0.088,9,0.818181,3.26909,3.995555,35.96,1.84,0.046607,,,,,,Review-variations
2025-10-01,Search_EN_Trust_2025.03.17,UTC,USD,71,4,0.056338,2,0.5,5.0,10.0,20.0,2.436619,0.302127,,,,,,Trust
2025-10-01,Search_EN_Competitors_2024.08.12,UTC,USD,350,13,0.037142,10,0.76923,2.653846,3.45,34.5,1.654285,0.829383,1.0,45.0,1.304347,34.5,0.1,Competitors
2025-10-02,Search_EN_Competitors_2024.08.12,UTC,USD,314,9,0.028662,7,0.777777,2.722222,3.5,24.5,1.605095,0.824146,1.0,60.92,2.48653,24.5,0.142857,Competitors
2025-10-02,Search_EN_Trust_2025.03.17,UTC,USD,98,6,0.061224,5,0.833333,5.5,6.6,33.0,2.561224,0.406639,,,,,,Trust
2025-10-02,Search_EN_ProductReview_2024.08.05,UTC,USD,661,99,0.149773,74,0.747474,2.416161,3.232432,239.2,2.167927,0.590178,1.0,15.0,0.062709,239.2,0.013513,ProductReview
2025-10-02,Search_EN_Review-variations_2024.04.29,UTC,USD,184,9,0.048913,4,0.444444,2.571111,5.785,23.14,2.076086,0.06347,1.0,15.0,0.648228,23.14,0.25,Review-variations
2025-10-03,Search_EN_Review-variations_2024.04.29,UTC,USD,120,11,0.091666,9,0.818181,3.603636,4.404444,39.64,2.325,0.048563,,,,,,Review-variations
2025-10-03,Search_EN_ProductReview_2024.08.05,UTC,USD,489,95,0.194274,65,0.68421,2.573684,3.761538,244.5,1.948875,0.573943,,,,,,ProductReview
2025-10-03,Search_EN_Trust_2025.03.17,UTC,USD,89,2,0.022471,1,0.5,5.0,10.0,10.0,2.426966,0.350393,,,,,,Trust
2025-10-03,Search_EN_Competitors_2024.08.12,UTC,USD,328,14,0.042682,7,0.5,2.785714,5.571428,39.0,1.594512,0.826196,1.0,45.68,1.171282,39.0,0.142857,Competitors
2025-10-04,Search_EN_Trust_2025.03.17,UTC,USD,61,3,0.04918,1,0.333333,4.666666,14.0,14.0,2.819672,0.329729,,,,,,Trust
2025-10-04,Search_EN_Competitors_2024.08.12,UTC,USD,257,9,0.035019,7,0.777777,2.888888,3.714285,26.0,1.571984,0.850993,,,,,,Competitors
2025-10-04,Search_EN_Review-variations_2024.04.29,UTC,USD,85,10,0.117647,6,0.6,3.75,6.25,37.5,1.847058,0.055016,,,,,,Review-variations
2025-10-04,Search_EN_ProductReview_2024.08.05,UTC,USD,608,103,0.169407,80,0.776699,2.314563,2.98,238.4,1.93421,0.660869,3.0,136.37,0.572021,79.466666,0.0375,ProductReview
2025-10-05,Search_EN_Competitors_2024.08.12,UTC,USD,275,10,0.036363,6,0.6,2.85,4.75,28.5,1.614545,0.862068,,,,,,Competitors
2025-10-05,Search_EN_Review-variations_2024.04.29,UTC,USD,113,9,0.079646,7,0.777777,3.388888,4.357142,30.5,2.362831,0.069538,1.0,15.0,0.491803,30.5,0.142857,Review-variations
2025-10-05,Search_EN_ProductReview_2024.08.05,UTC,USD,626,96,0.153354,74,0.770833,2.475,3.21081,237.6,2.108626,0.643371,3.0,152.26,0.640824,79.2,0.04054,ProductReview
2025-10-05,Search_EN_Trust_2025.03.17,UTC,USD,45,2,0.044444,2,1.0,5.0,5.0,10.0,2.955555,0.266272,,,,,,Trust
2025-10-06,Search_EN_Competitors_2024.08.12,UTC,USD,396,13,0.032828,8,0.615384,2.961538,4.8125,38.5,1.737373,0.860869,,,,,,Competitors
2025-10-06,Search_EN_ProductReview_2024.08.05,UTC,USD,701,100,0.142653,66,0.66,2.398,3.633333,239.8,2.0699,0.597103,2.0,90.46,0.377231,119.9,0.030303,ProductReview
2025-10-06,Search_EN_Review-variations_2024.04.29,UTC,USD,172,16,0.093023,13,0.8125,3.7075,4.563076,59.32,2.325581,0.061406,,,,,,Review-variations
2025-10-06,Search_EN_Trust_2025.03.17,UTC,USD,90,7,0.077777,4,0.571428,5.142857,9.0,36.0,2.677777,0.35433,,,,,,Trust
2025-10-07,Search_EN_ProductReview_2024.08.05,UTC,USD,630,90,0.142857,72,0.8,2.664444,3.330555,239.8,2.07619,0.587686,1.0,60.0,0.250208,239.8,0.013888,ProductReview
2025-10-07,Search_EN_Competitors_2024.08.12,UTC,USD,311,16,0.051446,6,0.375,2.65625,7.083333,42.5,2.163987,0.838274,,,,,,Competitors
2025-10-07,Search_EN_Trust_2025.03.17,UTC,USD,83,4,0.048192,3,0.75,5.0,6.666666,20.0,2.493975,0.3547,,,,,,Trust
2025-10-07,Search_EN_Review-variations_2024.04.29,UTC,USD,193,14,0.072538,8,0.571428,3.604285,6.3075,50.46,2.896373,0.066141,1.0,60.91,1.207094,50.46,0.125,Review-variations
2025-10-08,Search_EN_Trust_2025.03.17,UTC,USD,108,4,0.037037,3,0.75,5.0,6.666666,20.0,2.212962,0.477876,,,,,,Trust
2025-10-08,Search_EN_Review-variations_2024.04.29,UTC,USD,186,17,0.091397,11,0.647058,3.438823,5.314545,58.46,2.198924,0.060843,,,,,,Review-variations
2025-10-08,Search_EN_Competitors_2024.08.12,UTC,USD,371,10,0.026954,6,0.6,2.6,4.333333,26.0,1.838274,0.854838,1.0,15.23,0.585769,26.0,0.166666,Competitors
2025-10-08,Search_EN_ProductReview_2024.08.05,UTC,USD,605,99,0.163636,64,0.646464,2.493939,3.857812,246.9,1.928925,0.568075,3.0,197.02,0.797974,82.3,0.046875,ProductReview
2025-10-09,Search_EN_Competitors_2024.08.12,UTC,USD,331,12,0.036253,11,0.916666,2.583333,2.818181,31.0,1.652567,0.855297,,,,,,Competitors
2025-10-09,Search_EN_Review-variations_2024.04.29,UTC,USD,163,10,0.061349,6,0.6,3.85,6.416666,38.5,2.325153,0.057032,,,,,,Review-variations
2025-10-09,Search_EN_Trust_2025.03.17,UTC,USD,124,4,0.032258,4,1.0,5.0,5.0,20.0,2.25,0.417508,,,,,,Trust
2025-10-09,Search_EN_ProductReview_2024.08.05,UTC,USD,598,93,0.155518,69,0.741935,2.572043,3.466666,239.2,2.038461,0.523642,2.0,60.66,0.253595,119.6,0.028985,ProductReview
2025-10-10,Search_EN_Trust_2025.03.17,UTC,USD,69,2,0.028985,2,1.0,4.5,4.5,9.0,2.57971,0.368983,,,,,,Trust
2025-10-10,Search_EN_ProductReview_2024.08.05,UTC,USD,530,99,0.186792,82,0.828282,2.416161,2.917073,239.2,1.954716,0.614136,4.0,197.03,0.823704,59.8,0.04878,ProductReview
2025-10-10,Search_EN_Competitors_2024.08.12,UTC,USD,336,14,0.041666,8,0.571428,2.5,4.375,35.0,1.842261,0.819512,2.0,120.9,3.454285,17.5,0.25,Competitors
2025-10-10,Search_EN_Review-variations_2024.04.29,UTC,USD,151,13,0.086092,11,0.846153,3.40923,4.02909,44.32,2.801324,0.05864,1.0,76.12,1.717509,44.32,0.090909,Review-variations
2025-10-11,Search_EN_Competitors_2024.08.12,UTC,USD,290,12,0.041379,7,0.583333,2.75,4.714285,33.0,1.813793,0.873493,,,,,,Competitors
2025-10-11,Search_EN_ProductReview_2024.08.05,UTC,USD,563,98,0.174067,75,0.765306,2.439795,3.187999,239.1,1.806394,0.598299,4.0,151.37,0.633082,59.775,0.053333,ProductReview
2025-10-11,Search_EN_Trust_2025.03.17,UTC,USD,54,3,0.055555,3,1.0,4.333333,4.333333,13.0,2.0,0.36,1.0,15.0,1.153846,13.0,0.333333,Trust
2025-10-11,Search_EN_Review-variations_2024.04.29,UTC,USD,104,10,0.096153,7,0.7,3.232,4.617142,32.32,2.125,0.061502,1.0,60.0,1.856435,32.32,0.142857,Review-variations
2025-10-12,Search_EN_Competitors_2024.08.12,UTC,USD,275,7,0.025454,5,0.714285,2.714285,3.8,19.0,1.854545,0.856697,1.0,60.0,3.157894,19.0,0.2,Competitors
2025-10-12,Search_EN_Review-variations_2024.04.29,UTC,USD,77,6,0.077922,4,0.666666,3.72,5.58,22.32,2.220779,0.051333,,,,,,Review-variations
2025-10-12,Search_EN_Trust_2025.03.17,UTC,USD,52,5,0.096153,4,0.8,4.6,5.75,23.0,2.711538,0.293785,,,,,,Trust
2025-10-12,Search_EN_ProductReview_2024.08.05,UTC,USD,716,99,0.138268,76,0.767676,2.40606,3.13421,238.2,1.917597,0.591246,1.0,30.45,0.127833,238.2,0.013157,ProductReview
2025-10-13,Search_EN_Trust_2025.03.17,UTC,USD,111,5,0.045045,4,0.8,4.4,5.5,22.0,2.351351,0.444,,,,,,Trust
2025-10-13,Search_EN_Review-variations_2024.04.29,UTC,USD,138,9,0.065217,6,0.666666,3.142222,4.713333,28.28,2.188405,0.052411,,,,,,Review-variations
2025-10-13,Search_EN_ProductReview_2024.08.05,UTC,USD,659,106,0.160849,75,0.707547,2.265094,3.201333,240.1,1.779969,0.587344,2.0,90.89,0.37855,120.05,0.026666,ProductReview
2025-10-13,Search_EN_Competitors_2024.08.12,UTC,USD,328,12,0.036585,4,0.333333,2.666666,8.0,32.0,1.810975,0.838874,,,,,,Competitors
2025-10-14,Search_EN_Trust_2025.03.17,UTC,USD,82,2,0.02439,1,0.5,4.5,9.0,9.0,2.341463,0.41,,,,,,Trust
2025-10-14,Search_EN_ProductReview_2024.08.05,UTC,USD,571,97,0.169877,67,0.690721,2.498969,3.61791,242.4,1.793345,0.613319,3.0,120.89,0.498721,80.8,0.044776,ProductReview
2025-10-14,Search_EN_Review-variations_2024.04.29,UTC,USD,178,15,0.084269,7,0.466666,3.485333,7.468571,52.28,2.213483,0.06561,,,,,,Review-variations
2025-10-14,Search_EN_Competitors_2024.08.12,UTC,USD,348,16,0.045977,11,0.6875,2.53125,3.681818,40.5,1.583333,0.824644,,,,,,Competitors
2025-10-15,Search_EN_Competitors_2024.08.12,UTC,USD,306,7,0.022875,3,0.428571,2.928571,6.833333,20.5,1.673202,0.77078,1.0,45.67,2.227804,20.5,0.333333,Competitors
2025-10-15,Search_EN_ProductReview_2024.08.05,UTC,USD,603,99,0.164179,67,0.676767,2.40505,3.553731,238.1,2.064676,0.557816,2.0,90.46,0.379924,119.05,0.02985,ProductReview
2025-10-15,Search_EN_Review-variations_2024.04.29,UTC,USD,160,19,0.11875,16,0.842105,3.723157,4.42125,70.74,2.45,0.055286,,,,,,Review-variations
2025-10-15,Search_EN_Trust_2025.03.17,UTC,USD,82,2,0.02439,0,0.0,6.5,0.0,13.0,2.060975,0.325396,,,,,,Trust
2025-10-16,Search_EN_Trust_2025.03.17,UTC,USD,54,2,0.037037,1,0.5,5.0,10.0,10.0,2.333333,0.290322,,,,,,Trust
2025-10-16,Search_EN_Competitors_2024.08.12,UTC,USD,282,9,0.031914,8,0.888888,2.722222,3.0625,24.5,1.87234,0.849397,1.0,45.0,1.836734,24.5,0.125,Competitors
2025-10-16,Search_EN_Review-variations_2024.04.29,UTC,USD,162,12,0.074074,7,0.583333,3.815,6.54,45.78,2.141975,0.063504,,,,,,Review-variations
2025-10-16,Search_EN_ProductReview_2024.08.05,UTC,USD,659,99,0.150227,61,0.616161,2.414141,3.918032,239.0,1.875569,0.60962,2.0,90.89,0.380292,119.5,0.032786,ProductReview
2025-10-17,Search_EN_ProductReview_2024.08.05,UTC,USD,591,95,0.160744,72,0.757894,2.527368,3.334722,240.1,1.944162,0.590409,1.0,60.9,0.253644,240.1,0.013888,ProductReview
2025-10-17,Search_EN_Competitors_2024.08.12,UTC,USD,260,14,0.053846,7,0.5,2.678571,5.357142,37.5,1.55,0.804953,,,,,,Competitors
2025-10-17,Search_EN_Review-variations_2024.04.29,UTC,USD,156,10,0.064102,7,0.7,3.314,4.734285,33.14,2.307692,0.061953,,,,,,Review-variations
2025-10-17,Search_EN_Trust_2025.03.17,UTC,USD,92,2,0.021739,0,0.0,5.0,0.0,10.0,2.706521,0.377049,,,,,,Trust
2025-10-18,Search_EN_Review-variations_2024.04.29,UTC,USD,88,1,0.011363,1,1.0,2.82,2.82,2.82,2.454545,0.050142,,,,,,Review-variations
2025-10-18,Search_EN_ProductReview_2024.08.05,UTC,USD,691,97,0.140376,79,0.814432,2.465979,3.027848,239.2,2.021707,0.598268,3.0,151.34,0.632692,79.733333,0.037974,ProductReview
2025-10-18,Search_EN_Trust_2025.03.17,UTC,USD,57,1,0.017543,1,1.0,4.0,4.0,4.0,2.070175,0.341317,,,,,,Trust
2025-10-18,Search_EN_Competitors_2024.08.12,UTC,USD,243,14,0.057613,6,0.428571,2.5,5.833333,35.0,1.65432,0.855633,2.0,60.88,1.739428,17.5,0.333333,Competitors
2025-10-19,Search_EN_Trust_2025.03.17,UTC,USD,52,4,0.076923,3,0.75,4.75,6.333333,19.0,2.25,0.29885,,,,,,Trust
2025-10-19,Search_EN_ProductReview_2024.08.05,UTC,USD,586,96,0.163822,72,0.75,2.486458,3.315277,238.7,2.059726,0.565637,2.0,60.45,0.253246,119.35,0.027777,ProductReview
2025-10-19,Search_EN_Competitors_2024.08.12,UTC,USD,252,12,0.047619,6,0.5,2.833333,5.666666,34.0,1.710317,0.868965,,,,,,Competitors
2025-10-19,Search_EN_Review-variations_2024.04.29,UTC,USD,91,9,0.098901,7,0.777777,3.868888,4.974285,34.82,3.0,0.060788,,,,,,Review-variations
2025-10-20,Search_EN_Competitors_2024.08.12,UTC,USD,279,14,0.050179,9,0.642857,2.607142,4.055555,36.5,1.594982,0.820588,2.0,121.8,3.336986,18.25,0.222222,Competitors
2025-10-20,Search_EN_Trust_2025.03.17,UTC,USD,72,5,0.069444,4,0.8,4.6,5.75,23.0,2.513888,0.301255,,,,,,Trust
2025-10-20,Search_EN_ProductReview_2024.08.05,UTC,USD,542,88,0.162361,63,0.715909,2.727272,3.809523,240.0,2.110701,0.580921,3.0,137.02,0.570916,80.0,0.047619,ProductReview
2025-10-20,Search_EN_Review-variations_2024.04.29,UTC,USD,124,12,0.096774,4,0.333333,3.913333,11.74,46.96,2.459677,0.046863,,,,,,Review-variations
2025-10-21,Search_EN_Competitors_2024.08.12,UTC,USD,332,11,0.033132,7,0.636363,2.772727,4.357142,30.5,1.67771,0.86684,,,,,,Competitors
2025-10-21,Search_EN_ProductReview_2024.08.05,UTC,USD,756,99,0.130952,74,0.747474,2.40909,3.222972,238.5,1.842592,0.637974,4.0,197.25,0.827044,59.625,0.054054,ProductReview
2025-10-21,Search_EN_Trust_2025.03.17,UTC,USD,58,2,0.034482,0,0.0,4.5,0.0,9.0,2.137931,0.291457,,,,,,Trust
2025-10-21,Search_EN_Review-variations_2024.04.29,UTC,USD,91,11,0.120879,6,0.545454,2.98,5.463333,32.78,2.10989,0.035189,1.0,15.0,0.457596,32.78,0.166666,Review-variations
2025-10-22,Search_EN_Review-variations_2024.04.29,UTC,USD,146,12,0.082191,8,0.666666,3.678333,5.5175,44.14,2.376712,0.051846,,,,,,Review-variations
2025-10-22,Search_EN_Trust_2025.03.17,UTC,USD,86,1,0.011627,1,1.0,4.0,4.0,4.0,2.104651,0.320895,,,,,,Trust
2025-10-22,Search_EN_ProductReview_2024.08.05,UTC,USD,637,95,0.149136,70,0.736842,2.54421,3.452857,241.7,1.952904,0.57909,,,,,,ProductReview
2025-10-22,Search_EN_Competitors_2024.08.12,UTC,USD,328,9,0.027439,8,0.888888,2.611111,2.9375,23.5,1.493902,0.811881,1.0,30.46,1.29617,23.5,0.125,Competitors
2025-10-23,Search_EN_ProductReview_2024.08.05,UTC,USD,616,97,0.157467,71,0.731958,2.454639,3.353521,238.1,2.058441,0.543209,2.0,75.0,0.314993,119.05,0.028169,ProductReview
2025-10-23,Search_EN_Competitors_2024.08.12,UTC,USD,333,10,0.03003,7,0.7,2.6,3.714285,26.0,1.588588,0.836683,1.0,45.68,1.756923,26.0,0.142857,Competitors
2025-10-23,Search_EN_Trust_2025.03.17,UTC,USD,70,2,0.028571,2,1.0,4.0,4.0,8.0,2.7,0.325581,1.0,45.0,5.625,8.0,0.5,Trust
2025-10-23,Search_EN_Review-variations_2024.04.29,UTC,USD,135,15,0.111111,11,0.733333,2.918666,3.98,43.78,2.088888,0.052734,,,,,,Review-variations
2025-10-24,Search_EN_Review-variations_2024.04.29,UTC,USD,132,9,0.068181,4,0.444444,3.737777,8.41,33.64,3.015151,0.057616,,,,,,Review-variations
2025-10-24,Search_EN_Competitors_2024.08.12,UTC,USD,333,11,0.033033,7,0.636363,2.590909,4.071428,28.5,1.477477,0.847328,,,,,,Competitors
2025-10-24,Search_EN_ProductReview_2024.08.05,UTC,USD,574,96,0.167247,65,0.677083,2.481249,3.664615,238.2,1.982578,0.579212,3.0,120.91,0.507598,79.399999,0.046153,ProductReview
2025-10-24,Search_EN_Trust_2025.03.17,UTC,USD,47,2,0.042553,2,1.0,4.5,4.5,9.0,2.723404,0.286585,,,,,,Trust
2025-10-25,Search_EN_Competitors_2024.08.12,UTC,USD,240,10,0.041666,8,0.8,2.85,3.5625,28.5,1.6375,0.83916,1.0,15.0,0.526315,28.5,0.125,Competitors
2025-10-25,Search_EN_Review-variations_2024.04.29,UTC,USD,83,5,0.06024,3,0.6,3.028,5.046666,15.14,1.867469,0.052531,,,,,,Review-variations
2025-10-25,Search_EN_ProductReview_2024.08.05,UTC,USD,589,98,0.166383,76,0.77551,2.440816,3.147368,239.2,2.039049,0.579724,5.0,180.44,0.754347,47.84,0.065789,ProductReview
2025-10-25,Search_EN_Trust_2025.03.17,UTC,USD,49,3,0.061224,1,0.333333,4.666666,14.0,14.0,2.081632,0.314102,,,,,,Trust
2025-10-26,Search_EN_Trust_2025.03.17,UTC,USD,52,2,0.038461,0,0.0,4.0,0.0,8.0,2.730769,0.342105,,,,,,Trust
2025-10-26,Search_EN_ProductReview_2024.08.05,UTC,USD,664,101,0.152108,76,0.752475,2.352475,3.126315,237.6,2.0,0.568493,2.0,45.0,0.189393,118.8,0.026315,ProductReview
2025-10-26,Search_EN_Competitors_2024.08.12,UTC,USD,197,10,0.050761,5,0.5,2.65,5.3,26.5,1.431472,0.794354,,,,,,Competitors
2025-10-26,Search_EN_Review-variations_2024.04.29,UTC,USD,71,3,0.042253,2,0.666666,3.333333,5.0,10.0,2.422535,0.046103,,,,,,Review-variations
2025-10-27,Search_EN_Competitors_2024.08.12,UTC,USD,252,10,0.039682,7,0.7,2.95,4.214285,29.5,1.448412,0.802547,,,,,,Competitors
2025-10-27,Search_EN_ProductReview_2024.08.05,UTC,USD,593,95,0.160202,68,0.715789,2.513684,3.511764,238.8,1.91231,0.562085,2.0,76.14,0.318844,119.4,0.029411,ProductReview
2025-10-27,Search_EN_Trust_2025.03.17,UTC,USD,66,1,0.015151,1,1.0,4.0,4.0,4.0,3.075757,0.254826,,,,,,Trust
2025-10-27,Search_EN_Review-variations_2024.04.29,UTC,USD,139,11,0.079136,5,0.454545,3.590909,7.9,39.5,2.129496,0.050144,,,,,,Review-variations
2025-10-28,Search_EN_Trust_2025.03.17,UTC,USD,84,7,0.083333,4,0.571428,4.857142,8.5,34.0,2.107142,0.314606,,,,,,Trust
2025-10-28,Search_EN_Competitors_2024.08.12,UTC,USD,277,11,0.039711,9,0.818181,2.681818,3.277777,29.5,1.328519,0.805232,,,,,,Competitors
2025-10-28,Search_EN_ProductReview_2024.08.05,UTC,USD,736,98,0.133152,78,0.795918,2.437755,3.06282,238.9,2.008152,0.528356,1.0,30.0,0.125575,238.9,0.01282,ProductReview
2025-10-28,Search_EN_Review-variations_2024.04.29,UTC,USD,120,11,0.091666,7,0.636363,3.438181,5.402857,37.82,2.033333,0.043415,,,,,,Review-variations
2025-10-29,Search_EN_ProductReview_2024.08.05,UTC,USD,710,93,0.130985,69,0.741935,2.568817,3.462318,238.9,2.236619,0.574433,2.0,90.68,0.379573,119.45,0.028985,ProductReview
2025-10-29,Search_EN_Competitors_2024.08.12,UTC,USD,328,14,0.042682,9,0.642857,2.857142,4.444444,40.0,1.439024,0.858638,1.0,60.89,1.52225,40.0,0.111111,Competitors
2025-10-29,Search_EN_Review-variations_2024.04.29,UTC,USD,154,5,0.032467,2,0.4,4.0,10.0,20.0,2.564935,0.051213,1.0,15.0,0.75,20.0,0.5,Review-variations
2025-10-29,Search_EN_Trust_2025.03.17,UTC,USD,93,6,0.064516,5,0.833333,5.0,6.0,30.0,2.60215,0.347014,,,,,,Trust
2025-10-30,Search_EN_Competitors_2024.08.12,UTC,USD,321,11,0.034267,5,0.454545,2.772727,6.1,30.5,1.439252,0.820971,,,,,,Competitors
2025-10-30,Search_EN_Trust_2025.03.17,UTC,USD,89,6,0.067415,3,0.5,4.666666,9.333333,28.0,2.685393,0.316725,,,,,,Trust
2025-10-30,Search_EN_Review-variations_2024.04.29,UTC,USD,175,17,0.097142,9,0.529411,3.882352,7.333333,66.0,2.017142,0.065298,,,,,,Review-variations
2025-10-30,Search_EN_ProductReview_2024.08.05,UTC,USD,565,94,0.166371,62,0.659574,2.539361,3.849999,238.7,2.118584,0.625692,1.0,15.0,0.06284,238.7,0.016129,ProductReview
2025-10-31,Search_EN_Trust_2025.03.17,UTC,USD,61,3,0.04918,0,0.0,5.0,0.0,15.0,2.688524,0.261802,,,,,,Trust
2025-10-31,Search_EN_Review-variations_2024.04.29,UTC,USD,99,9,0.090909,4,0.444444,3.555555,8.0,32.0,2.666666,0.041061,1.0,30.0,0.9375,32.0,0.25,Review-variations
2025-10-31,Search_EN_Competitors_2024.08.12,UTC,USD,260,7,0.026923,5,0.714285,2.785714,3.9,19.5,1.396153,0.815047,,,,,,Competitors
2025-10-31,Search_EN_ProductReview_2024.08.05,UTC,USD,558,95,0.17025,71,0.747368,2.511578,3.360563,238.6,2.1362,0.634812,2.0,45.22,0.189522,119.3,0.028169,ProductReview
2025-11-01,Search_EN_ProductReview_2024.08.05,UTC,USD,639,102,0.159624,73,0.715686,2.35098,3.284931,239.8,2.100156,0.697598,1.0,45.0,0.187656,239.8,0.013698,ProductReview
2025-11-01,Search_EN_Review-variations_2024.04.29,UTC,USD,80,5,0.0625,2,0.4,4.2,10.5,21.0,1.8,0.046511,,,,,,Review-variations
2025-11-01,Search_EN_Competitors_2024.08.12,UTC,USD,214,7,0.03271,5,0.714285,2.642857,3.7,18.5,1.373831,0.832684,,,,,,Competitors
2025-11-01,Search_EN_Trust_2025.03.17,UTC,USD,56,3,0.053571,1,0.333333,4.666666,14.0,14.0,2.5,0.335329,,,,,,Trust
2025-11-02,Search_EN_Review-variations_2024.04.29,UTC,USD,96,3,0.03125,3,1.0,2.5,2.5,7.5,2.333333,0.054951,,,,,,Review-variations
2025-11-02,Search_EN_Trust_2025.03.17,UTC,USD,63,5,0.079365,4,0.8,4.8,6.0,24.0,2.777777,0.375,1.0,45.0,1.875,24.0,0.25,Trust
2025-11-02,Search_EN_Competitors_2024.08.12,UTC,USD,251,10,0.03984,7,0.7,3.05,4.357142,30.5,1.2749,0.859589,,,,,,Competitors
2025-11-02,Search_EN_ProductReview_2024.08.05,UTC,USD,574,101,0.175958,70,0.693069,2.373267,3.424285,239.7,2.047038,0.686602,2.0,60.22,0.25123,119.85,0.028571,ProductReview
2025-11-03,Search_EN_Review-variations_2024.04.29,UTC,USD,109,3,0.027522,2,0.666666,4.0,6.0,12.0,2.357798,0.040162,,,,,,Review-variations
2025-11-03,Search_EN_ProductReview_2024.08.05,UTC,USD,484,94,0.194214,71,0.755319,2.529787,3.349295,237.8,1.985537,0.720238,,,,,,ProductReview
2025-11-03,Search_EN_Trust_2025.03.17,UTC,USD,85,7,0.082352,3,0.428571,5.0,11.666666,35.0,2.141176,0.337301,,,,,,Trust
2025-11-03,Search_EN_Competitors_2024.08.12,UTC,USD,296,15,0.050675,8,0.533333,2.633333,4.9375,39.5,1.260135,0.797843,,,,,,Competitors
2025-11-04,Search_EN_Competitors_2024.08.12,UTC,USD,305,16,0.052459,9,0.5625,2.6875,4.777777,43.0,1.439344,0.819892,,,,,,Competitors
2025-11-04,Search_EN_ProductReview_2024.08.05,UTC,USD,612,93,0.15196,80,0.860215,2.6,3.0225,241.8,2.308823,0.626407,2.0,30.44,0.125889,120.9,0.025,ProductReview
2025-11-04,Search_EN_Review-variations_2024.04.29,UTC,USD,133,10,0.075187,8,0.8,3.0,3.75,30.0,2.187969,0.043421,,,,,,Review-variations
2025-11-04,Search_EN_Trust_2025.03.17,UTC,USD,71,3,0.042253,1,0.333333,5.0,15.0,15.0,2.253521,0.261992,,,,,,Trust
2025-11-05,Search_EN_Review-variations_2024.04.29,UTC,USD,195,9,0.046153,9,1.0,3.48,3.48,31.32,2.446153,0.064441,,,,,,Review-variations
2025-11-05,Search_EN_Competitors_2024.08.12,UTC,USD,258,15,0.058139,12,0.8,2.866666,3.583333,43.0,1.379844,0.819047,,,,,,Competitors
2025-11-05,Search_EN_ProductReview_2024.08.05,UTC,USD,657,100,0.152207,69,0.69,2.391,3.465217,239.1,2.421613,0.641601,1.0,60.91,0.254746,239.1,0.014492,ProductReview
2025-11-05,Search_EN_Trust_2025.03.17,UTC,USD,88,9,0.102272,5,0.555555,4.444444,8.0,40.0,2.727272,0.323529,,,,,,Trust
2025-11-06,Search_EN_Review-variations_2024.04.29,UTC,USD,113,10,0.088495,5,0.5,3.014,6.028,30.14,2.123893,0.04162,,,,,,Review-variations
2025-11-06,Search_EN_Competitors_2024.08.12,UTC,USD,159,14,0.08805,8,0.571428,2.928571,5.125,41.0,1.35849,0.854838,,,,,,Competitors
2025-11-06,Search_EN_ProductReview_2024.08.05,UTC,USD,565,91,0.161061,65,0.714285,2.632967,3.686153,239.6,2.106194,0.699257,4.0,120.22,0.501752,59.9,0.061538,ProductReview
2025-11-06,Search_EN_Trust_2025.03.17,UTC,USD,89,3,0.033707,2,0.666666,5.666666,8.5,17.0,2.280898,0.309027,,,,,,Trust
2025-11-07,Search_EN_Competitors_2024.08.12,UTC,USD,273,10,0.03663,6,0.6,2.85,4.75,28.5,1.43956,0.807692,,,,,,Competitors
2025-11-07,Search_EN_Review-variations_2024.04.29,UTC,USD,127,11,0.086614,9,0.818181,3.483636,4.257777,38.32,2.188976,0.050597,1.0,45.68,1.192066,38.32,0.111111,Review-variations
2025-11-07,Search_EN_Trust_2025.03.17,UTC,USD,100,1,0.01,0,0.0,5.0,0.0,5.0,2.53,0.42735,,,,,,Trust
2025-11-07,Search_EN_ProductReview_2024.08.05,UTC,USD,566,102,0.180212,78,0.764705,2.330392,3.047435,237.7,2.293286,0.697044,4.0,181.36,0.762978,59.425,0.051282,ProductReview
2025-11-08,Search_EN_Competitors_2024.08.12,UTC,USD,223,4,0.017937,2,0.5,2.75,5.5,11.0,1.38565,0.819852,,,,,,Competitors
2025-11-08,Search_EN_Review-variations_2024.04.29,UTC,USD,84,13,0.154761,9,0.692307,3.384615,4.888888,44.0,2.083333,0.049704,,,,,,Review-variations
2025-11-08,Search_EN_Trust_2025.03.17,UTC,USD,77,3,0.038961,2,0.666666,4.333333,6.5,13.0,2.077922,0.383084,,,,,,Trust
2025-11-08,Search_EN_ProductReview_2024.08.05,UTC,USD,678,99,0.146017,78,0.787878,2.413131,3.06282,238.9,2.116519,0.621448,,,,,,ProductReview
2025-11-09,Search_EN_Trust_2025.03.17,UTC,USD,64,7,0.109375,3,0.428571,4.857142,11.333333,34.0,2.625,0.361581,,,,,,Trust
2025-11-09,Search_EN_Review-variations_2024.04.29,UTC,USD,76,7,0.092105,5,0.714285,4.02,5.628,28.14,2.328947,0.048469,,,,,,Review-variations
2025-11-09,Search_EN_Competitors_2024.08.12,UTC,USD,219,14,0.063926,11,0.785714,2.857142,3.636363,40.0,1.315068,0.814126,1.0,45.0,1.125,40.0,0.090909,Competitors
2025-11-09,Search_EN_ProductReview_2024.08.05,UTC,USD,583,92,0.157804,70,0.760869,2.598913,3.415714,239.1,2.108061,0.722428,2.0,105.0,0.439146,119.55,0.028571,ProductReview
2025-11-10,Search_EN_Review-variations_2024.04.29,UTC,USD,145,9,0.062068,6,0.666666,3.44,5.16,30.96,2.172413,0.050347,,,,,,Review-variations
2025-11-10,Search_EN_ProductReview_2024.08.05,UTC,USD,577,102,0.176776,74,0.72549,2.362745,3.256756,241.0,2.098786,0.642538,2.0,76.13,0.315892,120.5,0.027027,ProductReview
2025-11-10,Search_EN_Trust_2025.03.17,UTC,USD,83,3,0.036144,1,0.333333,4.333333,13.0,13.0,2.433734,0.324218,,,,,,Trust
2025-11-10,Search_EN_Competitors_2024.08.12,UTC,USD,357,15,0.042016,10,0.666666,2.8,4.2,42.0,1.439775,0.800448,,,,,,Competitors
2025-11-11,Search_EN_Competitors_2024.08.12,UTC,USD,297,7,0.023569,4,0.571428,2.285714,4.0,16.0,1.316498,0.693925,,,,,,Competitors
2025-11-11,Search_EN_ProductReview_2024.08.05,UTC,USD,487,96,0.197125,73,0.760416,2.489583,3.273972,239.0,1.971252,0.645888,3.0,75.22,0.314728,79.666666,0.041095,ProductReview
2025-11-11,Search_EN_Review-variations_2024.04.29,UTC,USD,142,16,0.112676,10,0.625,3.665,5.864,58.64,2.56338,0.048547,1.0,30.0,0.511596,58.64,0.1,Review-variations
2025-11-11,Search_EN_Trust_2025.03.17,UTC,USD,75,2,0.026666,2,1.0,5.0,5.0,10.0,2.266666,0.308641,1.0,15.0,1.5,10.0,0.5,Trust
2025-11-12,Search_EN_ProductReview_2024.08.05,UTC,USD,555,99,0.178378,81,0.818181,2.40505,2.939506,238.1,2.162162,0.671912,2.0,30.46,0.127929,119.05,0.024691,ProductReview
2025-11-12,Search_EN_Trust_2025.03.17,UTC,USD,83,6,0.072289,4,0.666666,4.666666,7.0,28.0,2.012048,0.315589,,,,,,Trust
2025-11-12,Search_EN_Competitors_2024.08.12,UTC,USD,367,11,0.029972,4,0.363636,2.5,6.875,27.5,1.468664,0.837899,,,,,,Competitors
2025-11-12,Search_EN_Review-variations_2024.04.29,UTC,USD,119,9,0.07563,4,0.444444,3.848888,8.66,34.64,2.243697,0.040809,,,,,,Review-variations
2025-11-13,Search_EN_Competitors_2024.08.12,UTC,USD,284,16,0.056338,8,0.5,2.5625,5.125,41.0,1.373239,0.759358,1.0,45.67,1.113902,41.0,0.125,Competitors
2025-11-13,Search_EN_Review-variations_2024.04.29,UTC,USD,158,17,0.107594,11,0.647058,3.09647,4.785454,52.64,1.867088,0.053162,,,,,,Review-variations
2025-11-13,Search_EN_Trust_2025.03.17,UTC,USD,76,7,0.092105,6,0.857142,4.714285,5.5,33.0,2.592105,0.280442,,,,,,Trust
2025-11-13,Search_EN_ProductReview_2024.08.05,UTC,USD,598,94,0.15719,72,0.765957,2.537234,3.3125,238.5,2.055183,0.65859,7.0,228.16,0.956645,34.071428,0.097222,ProductReview
2025-11-14,Search_EN_Review-variations_2024.04.29,UTC,USD,129,10,0.077519,7,0.7,3.224,4.605714,32.24,2.108527,0.046286,,,,,,Review-variations
2025-11-14,Search_EN_Competitors_2024.08.12,UTC,USD,344,17,0.049418,12,0.705882,2.382352,3.375,40.5,1.433139,0.879795,1.0,45.67,1.127654,40.5,0.083333,Competitors
2025-11-14,Search_EN_ProductReview_2024.08.05,UTC,USD,561,97,0.172905,65,0.670103,2.481443,3.703076,240.7,2.130124,0.632468,4.0,151.11,0.627793,60.175,0.061538,ProductReview
2025-11-14,Search_EN_Trust_2025.03.17,UTC,USD,68,4,0.058823,3,0.75,4.75,6.333333,19.0,2.470588,0.293103,,,,,,Trust
2025-11-15,Search_EN_Competitors_2024.08.12,UTC,USD,255,10,0.039215,7,0.7,2.65,3.785714,26.5,1.490196,0.817307,,,,,,Competitors
2025-11-15,Search_EN_Review-variations_2024.04.29,UTC,USD,94,6,0.063829,4,0.666666,4.053333,6.08,24.32,1.968085,0.051905,,,,,,Review-variations
2025-11-15,Search_EN_Trust_2025.03.17,UTC,USD,70,3,0.042857,1,0.333333,5.0,15.0,15.0,2.528571,0.316742,,,,,,Trust
2025-11-15,Search_EN_ProductReview_2024.08.05,UTC,USD,723,97,0.134163,74,0.762886,2.460824,3.225675,238.7,2.102351,0.715841,,,,,,ProductReview
2025-11-16,Search_EN_Trust_2025.03.17,UTC,USD,57,1,0.017543,0,0.0,4.0,0.0,4.0,2.157894,0.274038,,,,,,Trust
2025-11-16,Search_EN_Competitors_2024.08.12,UTC,USD,282,4,0.014184,2,0.5,3.125,6.25,12.5,1.560283,0.846846,,,,,,Competitors
2025-11-16,Search_EN_Review-variations_2024.04.29,UTC,USD,95,10,0.105263,6,0.6,3.128,5.213333,31.28,2.094736,0.05328,,,,,,Review-variations
2025-11-16,Search_EN_ProductReview_2024.08.05,UTC,USD,494,92,0.186234,71,0.771739,2.595652,3.36338,238.8,2.02834,0.712842,1.0,30.0,0.125628,238.8,0.014084,ProductReview
2025-11-17,Search_EN_Competitors_2024.08.12,UTC,USD,296,13,0.043918,11,0.846153,2.615384,3.090909,34.0,1.476351,0.772845,,,,,,Competitors
2025-11-17,Search_EN_Trust_2025.03.17,UTC,USD,60,3,0.05,3,1.0,5.0,5.0,15.0,2.216666,0.285714,,,,,,Trust
2025-11-17,Search_EN_ProductReview_2024.08.05,UTC,USD,726,98,0.134986,77,0.785714,2.439795,3.105194,239.1,2.227272,0.643046,,,,,,ProductReview
2025-11-17,Search_EN_Review-variations_2024.04.29,UTC,USD,157,19,0.121019,9,0.473684,3.84,8.106666,72.96,1.904458,0.054119,,,,,,Review-variations
2025-11-18,Search_EN_Trust_2025.03.17,UTC,USD,110,6,0.054545,6,1.0,4.666666,4.666666,28.0,2.0,0.39855,1.0,30.46,1.087857,28.0,0.166666,Trust
2025-11-18,Search_EN_Competitors_2024.08.12,UTC,USD,374,14,0.037433,8,0.571428,2.857142,5.0,40.0,1.467914,0.855835,,,,,,Competitors
2025-11-18,Search_EN_ProductReview_2024.08.05,UTC,USD,622,101,0.162379,69,0.683168,2.363366,3.45942,238.7,2.274919,0.66524,1.0,45.67,0.191328,238.7,0.014492,ProductReview
2025-11-18,Search_EN_Review-variations_2024.04.29,UTC,USD,162,10,0.061728,5,0.5,2.692,5.384,26.92,2.277777,0.054803,,,,,,Review-variations
2025-11-19,Search_EN_Trust_2025.03.17,UTC,USD,94,6,0.063829,2,0.333333,4.666666,14.0,28.0,2.30851,0.349442,,,,,,Trust
2025-11-19,Search_EN_Competitors_2024.08.12,UTC,USD,345,13,0.037681,8,0.615384,2.884615,4.6875,37.5,1.391304,0.858208,,,,,,Competitors
2025-11-19,Search_EN_Review-variations_2024.04.29,UTC,USD,147,15,0.10204,10,0.666666,3.585333,5.378,53.78,2.421768,0.049213,1.0,45.67,0.8492,53.78,0.1,Review-variations
2025-11-19,Search_EN_ProductReview_2024.08.05,UTC,USD,652,93,0.142638,66,0.709677,2.555913,3.601515,237.7,2.125766,0.639842,2.0,60.23,0.253386,118.85,0.030303,ProductReview
2025-11-20,Search_EN_ProductReview_2024.08.05,UTC,USD,784,101,0.128826,66,0.653465,2.365346,3.619696,238.9,2.265306,0.61442,3.0,105.92,0.443365,79.633333,0.045454,ProductReview
2025-11-20,Search_EN_Competitors_2024.08.12,UTC,USD,271,15,0.05535,9,0.6,2.666666,4.444444,40.0,1.409594,0.783236,1.0,30.0,0.75,40.0,0.111111,Competitors
2025-11-20,Search_EN_Trust_2025.03.17,UTC,USD,68,6,0.088235,5,0.833333,4.666666,5.6,28.0,2.17647,0.278688,,,,,,Trust
2025-11-20,Search_EN_Review-variations_2024.04.29,UTC,USD,168,15,0.089285,10,0.666666,3.161333,4.742,47.42,1.904761,0.055702,,,,,,Review-variations
2025-11-21,Search_EN_Competitors_2024.08.12,UTC,USD,295,11,0.037288,7,0.636363,2.5,3.928571,27.5,1.427118,0.79301,,,,,,Competitors
2025-11-21,Search_EN_Trust_2025.03.17,UTC,USD,80,3,0.0375,1,0.333333,5.0,15.0,15.0,2.3125,0.344827,,,,,,Trust
2025-11-21,Search_EN_Review-variations_2024.04.29,UTC,USD,145,11,0.075862,7,0.636363,3.48,5.468571,38.28,2.337931,0.056136,,,,,,Review-variations
2025-11-21,Search_EN_ProductReview_2024.08.05,UTC,USD,693,94,0.135642,78,0.829787,2.535106,3.055128,238.3,2.206349,0.623762,2.0,91.36,0.383382,119.15,0.025641,ProductReview
2025-11-22,Search_EN_Competitors_2024.08.12,UTC,USD,276,10,0.036231,5,0.5,2.75,5.5,27.5,1.394927,0.844036,1.0,45.67,1.660727,27.5,0.2,Competitors
2025-11-22,Search_EN_Trust_2025.03.17,UTC,USD,46,2,0.043478,0,0.0,5.0,0.0,10.0,2.152173,0.267441,,,,,,Trust
2025-11-22,Search_EN_ProductReview_2024.08.05,UTC,USD,504,99,0.196428,78,0.787878,2.460606,3.123076,243.6,2.164682,0.658823,1.0,30.0,0.123152,243.6,0.01282,ProductReview
2025-11-22,Search_EN_Review-variations_2024.04.29,UTC,USD,135,10,0.074074,7,0.7,3.546,5.065714,35.46,2.014814,0.0805,,,,,,Review-variations
2025-11-23,Search_EN_ProductReview_2024.08.05,UTC,USD,664,99,0.149096,77,0.777777,2.418181,3.10909,239.4,2.043674,0.69456,1.0,45.0,0.187969,239.4,0.012987,ProductReview
2025-11-23,Search_EN_Competitors_2024.08.12,UTC,USD,312,13,0.041666,12,0.923076,2.692307,2.916666,35.0,1.50641,0.91228,1.0,45.0,1.285714,35.0,0.083333,Competitors
2025-11-23,Search_EN_Review-variations_2024.04.29,UTC,USD,112,9,0.080357,3,0.333333,3.277777,9.833333,29.5,2.0625,0.067348,,,,,,Review-variations
2025-11-23,Search_EN_Trust_2025.03.17,UTC,USD,95,7,0.073684,6,0.857142,4.571428,5.333333,32.0,2.294736,0.450236,,,,,,Trust
2025-11-24,Search_EN_Trust_2025.03.17,UTC,USD,73,5,0.068493,5,1.0,4.8,4.8,24.0,1.780821,0.294354,,,,,,Trust
2025-11-24,Search_EN_Competitors_2024.08.12,UTC,USD,332,9,0.027108,7,0.777777,2.722222,3.5,24.5,1.322289,0.836272,,,,,,Competitors
2025-11-24,Search_EN_ProductReview_2024.08.05,UTC,USD,652,109,0.167177,66,0.605504,2.181651,3.60303,237.8,2.113496,0.707926,2.0,76.12,0.3201,118.9,0.030303,ProductReview
2025-11-24,Search_EN_Review-variations_2024.04.29,UTC,USD,134,3,0.022388,2,0.666666,2.606666,3.91,7.82,2.388059,0.052018,,,,,,Review-variations
2025-11-25,Search_EN_ProductReview_2024.08.05,UTC,USD,652,108,0.165644,79,0.731481,2.206481,3.016455,238.3,2.098159,0.692879,5.0,211.81,0.888837,47.66,0.063291,ProductReview
2025-11-25,Search_EN_Trust_2025.03.17,UTC,USD,119,7,0.058823,1,0.142857,4.714285,33.0,33.0,2.302521,0.406143,,,,,,Trust
2025-11-25,Search_EN_Review-variations_2024.04.29,UTC,USD,173,12,0.069364,9,0.75,3.11,4.146666,37.32,2.271676,0.060006,,,,,,Review-variations
2025-11-25,Search_EN_Competitors_2024.08.12,UTC,USD,339,11,0.032448,7,0.636363,2.90909,4.571428,32.0,1.412979,0.862595,1.0,30.0,0.9375,32.0,0.142857,Competitors
2025-11-26,Search_EN_Trust_2025.03.17,UTC,USD,102,4,0.039215,3,0.75,4.75,6.333333,19.0,2.480392,0.434042,,,,,,Trust
2025-11-26,Search_EN_ProductReview_2024.08.05,UTC,USD,638,109,0.170846,82,0.752293,2.195412,2.918292,239.3,2.158307,0.610526,,,,,,ProductReview
2025-11-26,Search_EN_Competitors_2024.08.12,UTC,USD,361,15,0.041551,10,0.666666,2.8,4.2,42.0,1.36011,0.814898,1.0,30.0,0.714285,42.0,0.1,Competitors
2025-11-26,Search_EN_Review-variations_2024.04.29,UTC,USD,190,13,0.068421,9,0.692307,3.40923,4.924444,44.32,2.126315,0.06832,,,,,,Review-variations
2025-11-27,Search_EN_Trust_2025.03.17,UTC,USD,97,2,0.020618,1,0.5,5.0,10.0,10.0,2.340206,0.352727,,,,,,Trust
2025-11-27,Search_EN_Competitors_2024.08.12,UTC,USD,352,12,0.03409,10,0.833333,2.708333,3.25,32.5,1.375,0.848192,,,,,,Competitors
2025-11-27,Search_EN_Review-variations_2024.04.29,UTC,USD,152,12,0.078947,8,0.666666,3.666666,5.5,44.0,2.361842,0.061638,,,,,,Review-variations
2025-11-27,Search_EN_ProductReview_2024.08.05,UTC,USD,704,111,0.15767,85,0.765765,2.165765,2.828235,240.4,2.06534,0.671755,1.0,30.44,0.126622,240.4,0.011764,ProductReview
2025-11-28,Search_EN_ProductReview_2024.08.05,UTC,USD,669,106,0.158445,82,0.773584,2.254716,2.914634,239.0,2.017937,0.605429,1.0,30.46,0.127447,239.0,0.012195,ProductReview
2025-11-28,Search_EN_Competitors_2024.08.12,UTC,USD,309,15,0.048543,11,0.733333,2.766666,3.772727,41.5,1.320388,0.853591,,,,,,Competitors
2025-11-28,Search_EN_Trust_2025.03.17,UTC,USD,93,3,0.032258,2,0.666666,4.666666,7.0,14.0,2.591397,0.428571,,,,,,Trust
2025-11-28,Search_EN_Review-variations_2024.04.29,UTC,USD,140,13,0.092857,10,0.76923,3.741538,4.864,48.64,2.435714,0.062836,,,,,,Review-variations
2025-11-29,Search_EN_Competitors_2024.08.12,UTC,USD,237,11,0.046413,6,0.545454,2.818181,5.166666,31.0,1.291139,0.852517,,,,,,Competitors
2025-11-29,Search_EN_Trust_2025.03.17,UTC,USD,71,7,0.098591,3,0.428571,4.571428,10.666666,32.0,2.760563,0.38172,,,,,,Trust
2025-11-29,Search_EN_ProductReview_2024.08.05,UTC,USD,604,113,0.187086,93,0.823008,2.133628,2.592473,241.1,1.922185,0.699884,4.0,105.44,0.437328,60.275,0.04301,ProductReview
2025-11-29,Search_EN_Review-variations_2024.04.29,UTC,USD,110,10,0.090909,4,0.4,3.5,8.75,35.0,2.036363,0.068027,1.0,30.0,0.857142,35.0,0.25,Review-variations
2025-11-30,Search_EN_Review-variations_2024.04.29,UTC,USD,99,9,0.090909,7,0.777777,2.848888,3.662857,25.64,1.737373,0.067761,1.0,15.0,0.585023,25.64,0.142857,Review-variations
2025-11-30,Search_EN_ProductReview_2024.08.05,UTC,USD,551,113,0.205081,86,0.761061,2.111504,2.774418,238.6,1.874773,0.689612,1.0,30.0,0.125733,238.6,0.011627,ProductReview
2025-11-30,Search_EN_Competitors_2024.08.12,UTC,USD,230,7,0.030434,6,0.857142,2.571428,3.0,18.0,1.434782,0.848708,,,,,,Competitors
2025-11-30,Search_EN_Trust_2025.03.17,UTC,USD,49,1,0.020408,1,1.0,4.0,4.0,4.0,2.816326,0.272222,,,,,,Trust
2025-12-01,Search_EN_Review-variations_2024.04.29,UTC,USD,90,9,0.1,6,0.666666,3.328888,4.993333,29.96,1.877777,0.037672,,,,,,Review-variations
2025-12-01,Search_EN_Competitors_2024.08.12,UTC,USD,267,9,0.033707,5,0.555555,2.666666,4.8,24.0,1.456928,0.864077,,,,,,Competitors
2025-12-01,Search_EN_Trust_2025.03.17,UTC,USD,102,3,0.029411,1,0.333333,6.0,18.0,18.0,2.568627,0.418032,,,,,,Trust
2025-12-01,Search_EN_ProductReview_2024.08.05,UTC,USD,588,107,0.181972,81,0.757009,2.23271,2.949382,238.9,1.95238,0.65625,3.0,90.0,0.376726,79.633333,0.037037,ProductReview
2025-12-02,Search_EN_ProductReview_2024.08.05,UTC,USD,720,110,0.152777,87,0.790909,2.17,2.743678,238.7,1.995833,0.699029,4.0,120.9,0.506493,59.675,0.045977,ProductReview
2025-12-02,Search_EN_Review-variations_2024.04.29,UTC,USD,166,8,0.048192,4,0.5,3.3125,6.625,26.5,2.174698,0.056539,,,,,,Review-variations
2025-12-02,Search_EN_Competitors_2024.08.12,UTC,USD,215,14,0.065116,9,0.642857,2.857142,4.444444,40.0,1.497674,0.866935,1.0,45.68,1.142,40.0,0.111111,Competitors
2025-12-02,Search_EN_Trust_2025.03.17,UTC,USD,107,5,0.046728,4,0.8,5.4,6.75,27.0,2.719626,0.383512,,,,,,Trust
2025-12-03,Search_EN_Trust_2025.03.17,UTC,USD,106,5,0.047169,1,0.2,4.6,23.0,23.0,2.292452,0.412451,,,,,,Trust
2025-12-03,Search_EN_ProductReview_2024.08.05,UTC,USD,603,97,0.160862,69,0.71134,2.47835,3.484057,240.4,1.905472,0.671492,3.0,60.23,0.25054,80.133333,0.043478,ProductReview
2025-12-03,Search_EN_Review-variations_2024.04.29,UTC,USD,122,20,0.163934,13,0.65,3.082,4.741538,61.64,2.286885,0.044509,,,,,,Review-variations
2025-12-03,Search_EN_Competitors_2024.08.12,UTC,USD,311,13,0.0418,9,0.692307,2.76923,4.0,36.0,1.401929,0.854395,,,,,,Competitors
2025-12-04,Search_EN_Trust_2025.03.17,UTC,USD,98,8,0.081632,6,0.75,5.0,6.666666,40.0,2.336734,0.304347,,,,,,Trust
2025-12-04,Search_EN_ProductReview_2024.08.05,UTC,USD,733,112,0.152796,86,0.767857,2.134821,2.780232,239.1,1.968622,0.718627,4.0,105.9,0.44291,59.775,0.046511,ProductReview
2025-12-04,Search_EN_Competitors_2024.08.12,UTC,USD,194,14,0.072164,9,0.642857,2.928571,4.555555,41.0,1.314432,0.847161,1.0,30.0,0.731707,41.0,0.111111,Competitors
2025-12-04,Search_EN_Review-variations_2024.04.29,UTC,USD,145,13,0.089655,11,0.846153,3.933846,4.64909,51.14,2.193103,0.053943,,,,,,Review-variations
2025-12-05,Search_EN_Competitors_2024.08.12,UTC,USD,261,12,0.045977,6,0.5,2.666666,5.333333,32.0,1.375478,0.864238,,,,,,Competitors
2025-12-05,Search_EN_ProductReview_2024.08.05,UTC,USD,574,106,0.184668,79,0.745283,2.244339,3.011392,237.9,1.860627,0.73969,2.0,60.0,0.252206,118.95,0.025316,ProductReview
2025-12-05,Search_EN_Review-variations_2024.04.29,UTC,USD,120,11,0.091666,7,0.636363,2.954545,4.642857,32.5,2.108333,0.053667,,,,,,Review-variations
2025-12-05,Search_EN_Trust_2025.03.17,UTC,USD,78,4,0.051282,4,1.0,4.5,4.5,18.0,2.461538,0.402061,1.0,15.0,0.833333,18.0,0.25,Trust
2025-12-06,Search_EN_Trust_2025.03.17,UTC,USD,49,4,0.081632,2,0.5,5.0,10.0,20.0,2.836734,0.27528,,,,,,Trust
2025-12-06,Search_EN_Competitors_2024.08.12,UTC,USD,218,12,0.055045,9,0.75,2.75,3.666666,33.0,1.325688,0.868525,,,,,,Competitors
2025-12-06,Search_EN_Review-variations_2024.04.29,UTC,USD,84,6,0.071428,3,0.5,3.97,7.94,23.82,1.964285,0.055372,,,,,,Review-variations
2025-12-06,Search_EN_ProductReview_2024.08.05,UTC,USD,589,106,0.179966,78,0.735849,2.26415,3.076923,240.0,1.804753,0.692126,2.0,45.23,0.188458,120.0,0.025641,ProductReview
2025-12-07,Search_EN_Review-variations_2024.04.29,UTC,USD,86,9,0.104651,6,0.666666,3.328888,4.993333,29.96,1.790697,0.058108,,,,,,Review-variations
2025-12-07,Search_EN_ProductReview_2024.08.05,UTC,USD,564,111,0.196808,86,0.774774,2.14054,2.76279,237.6,2.024822,0.632996,1.0,30.45,0.128156,237.6,0.011627,ProductReview
2025-12-07,Search_EN_Competitors_2024.08.12,UTC,USD,203,10,0.049261,5,0.5,2.85,5.7,28.5,1.443349,0.85654,,,,,,Competitors
2025-12-07,Search_EN_Trust_2025.03.17,UTC,USD,66,7,0.10606,5,0.714285,4.714285,6.6,33.0,2.818181,0.38372,,,,,,Trust
2025-12-08,Search_EN_Competitors_2024.08.12,UTC,USD,290,14,0.048275,9,0.642857,2.678571,4.166666,37.5,1.327586,0.90625,,,,,,Competitors
2025-12-08,Search_EN_Review-variations_2024.04.29,UTC,USD,82,12,0.146341,8,0.666666,3.288333,4.9325,39.46,2.512195,0.031214,,,,,,Review-variations
2025-12-08,Search_EN_ProductReview_2024.08.05,UTC,USD,641,106,0.165366,77,0.726415,2.256603,3.106493,239.2,2.045241,0.698257,3.0,90.66,0.379013,79.733333,0.038961,ProductReview
2025-12-08,Search_EN_Trust_2025.03.17,UTC,USD,85,5,0.058823,1,0.2,5.0,25.0,25.0,2.517647,0.338645,,,,,,Trust
2025-12-09,Search_EN_Review-variations_2024.04.29,UTC,USD,103,7,0.067961,3,0.428571,3.351428,7.82,23.46,2.53398,0.035801,,,,,,Review-variations
2025-12-09,Search_EN_ProductReview_2024.08.05,UTC,USD,569,105,0.184534,72,0.685714,2.273333,3.315277,238.7,1.977152,0.608556,2.0,30.23,0.126644,119.35,0.027777,ProductReview
2025-12-09,Search_EN_Trust_2025.03.17,UTC,USD,101,5,0.049504,3,0.6,4.6,7.666666,23.0,2.415841,0.391472,,,,,,Trust
2025-12-09,Search_EN_Competitors_2024.08.12,UTC,USD,209,14,0.066985,9,0.642857,2.892857,4.5,40.5,1.253588,0.881856,3.0,90.0,2.222222,13.5,0.333333,Competitors
2025-12-10,Search_EN_Trust_2025.03.17,UTC,USD,129,10,0.077519,7,0.7,4.8,6.857142,48.0,2.023255,0.444827,,,,,,Trust
2025-12-10,Search_EN_ProductReview_2024.08.05,UTC,USD,634,100,0.157728,72,0.72,2.396,3.327777,239.6,2.025236,0.690631,4.0,105.22,0.439148,59.9,0.055555,ProductReview
2025-12-10,Search_EN_Review-variations_2024.04.29,UTC,USD,116,5,0.043103,3,0.6,3.364,5.606666,16.82,2.068965,0.046325,1.0,30.44,1.80975,16.82,0.333333,Review-variations
2025-12-10,Search_EN_Competitors_2024.08.12,UTC,USD,294,15,0.05102,8,0.533333,2.633333,4.9375,39.5,1.438775,0.890909,,,,,,Competitors
2025-12-11,Search_EN_Trust_2025.03.17,UTC,USD,72,1,0.013888,0,0.0,4.0,0.0,4.0,2.375,0.293877,,,,,,Trust
2025-12-11,Search_EN_Review-variations_2024.04.29,UTC,USD,83,6,0.072289,2,0.333333,3.856666,11.57,23.14,1.807228,0.033535,,,,,,Review-variations
2025-12-11,Search_EN_ProductReview_2024.08.05,UTC,USD,656,102,0.155487,81,0.794117,2.344117,2.951851,239.1,2.163109,0.593665,4.0,105.22,0.440066,59.775,0.049382,ProductReview
2025-12-11,Search_EN_Competitors_2024.08.12,UTC,USD,298,8,0.026845,7,0.875,2.625,3.0,21.0,1.395973,0.832402,,,,,,Competitors
2025-12-12,Search_EN_Trust_2025.03.17,UTC,USD,104,7,0.067307,3,0.428571,4.714285,11.0,33.0,2.442307,0.426229,,,,,,Trust
2025-12-12,Search_EN_Review-variations_2024.04.29,UTC,USD,112,7,0.0625,4,0.571428,3.02,5.285,21.14,2.178571,0.050111,,,,,,Review-variations
2025-12-12,Search_EN_ProductReview_2024.08.05,UTC,USD,533,95,0.178236,72,0.757894,2.526315,3.333333,240.0,2.07317,0.65,3.0,60.68,0.252833,80.0,0.041666,ProductReview
2025-12-12,Search_EN_Competitors_2024.08.12,UTC,USD,269,5,0.018587,1,0.2,2.7,13.5,13.5,1.353159,0.853968,,,,,,Competitors
2025-12-13,Search_EN_ProductReview_2024.08.05,UTC,USD,540,99,0.183333,76,0.767676,2.413131,3.143421,238.9,1.925925,0.686149,3.0,60.9,0.254918,79.633333,0.039473,ProductReview
2025-12-13,Search_EN_Review-variations_2024.04.29,UTC,USD,64,6,0.09375,4,0.666666,3.166666,4.75,19.0,2.40625,0.04794,,,,,,Review-variations
2025-12-13,Search_EN_Competitors_2024.08.12,UTC,USD,173,7,0.040462,5,0.714285,3.0,4.2,21.0,1.421965,0.887179,,,,,,Competitors
2025-12-13,Search_EN_Trust_2025.03.17,UTC,USD,67,2,0.02985,2,1.0,5.0,5.0,10.0,2.02985,0.41875,,,,,,Trust
2025-12-14,Search_EN_Review-variations_2024.04.29,UTC,USD,60,4,0.066666,3,0.75,2.74,3.653333,10.96,2.166666,0.050462,,,,,,Review-variations
2025-12-14,Search_EN_Competitors_2024.08.12,UTC,USD,216,13,0.060185,7,0.538461,2.846153,5.285714,37.0,1.379629,0.903765,1.0,30.45,0.822972,37.0,0.142857,Competitors
2025-12-14,Search_EN_ProductReview_2024.08.05,UTC,USD,632,102,0.161392,81,0.794117,2.347058,2.955555,239.4,1.78481,0.713318,5.0,106.12,0.443274,47.88,0.061728,ProductReview
2025-12-14,Search_EN_Trust_2025.03.17,UTC,USD,29,2,0.068965,2,1.0,4.5,4.5,9.0,2.206896,0.271028,,,,,,Trust
2025-12-15,Search_EN_ProductReview_2024.08.05,UTC,USD,686,114,0.16618,83,0.72807,2.099122,2.883132,239.3,1.991253,0.65458,3.0,91.34,0.381696,79.766666,0.036144,ProductReview
2025-12-15,Search_EN_Review-variations_2024.04.29,UTC,USD,83,3,0.036144,3,1.0,4.106666,4.106666,12.32,2.855421,0.036403,,,,,,Review-variations
2025-12-15,Search_EN_Trust_2025.03.17,UTC,USD,58,3,0.051724,1,0.333333,4.333333,13.0,13.0,2.37931,0.343195,,,,,,Trust
2025-12-15,Search_EN_Competitors_2024.08.12,UTC,USD,285,7,0.024561,3,0.428571,2.642857,6.166666,18.5,1.491228,0.890625,,,,,,Competitors
2025-12-16,Search_EN_Trust_2025.03.17,UTC,USD,78,3,0.038461,1,0.333333,4.666666,14.0,14.0,2.128205,0.366197,,,,,,Trust
2025-12-16,Search_EN_ProductReview_2024.08.05,UTC,USD,594,95,0.159932,74,0.778947,2.513684,3.227027,238.8,1.979797,0.631243,1.0,30.0,0.125628,238.8,0.013513,ProductReview
2025-12-16,Search_EN_Competitors_2024.08.12,UTC,USD,297,15,0.050505,7,0.466666,2.8,6.0,42.0,1.454545,0.815934,1.0,15.0,0.357142,42.0,0.142857,Competitors
2025-12-16,Search_EN_Review-variations_2024.04.29,UTC,USD,128,13,0.101562,7,0.538461,3.290769,6.111428,42.78,1.8125,0.055507,,,,,,Review-variations
2025-12-17,Search_EN_Trust_2025.03.17,UTC,USD,83,5,0.06024,4,0.8,4.8,6.0,24.0,2.855421,0.333333,1.0,30.46,1.269166,24.0,0.25,Trust
2025-12-17,Search_EN_ProductReview_2024.08.05,UTC,USD,618,102,0.165048,76,0.745098,2.343137,3.144736,239.0,1.868932,0.751824,3.0,60.23,0.252008,79.666666,0.039473,ProductReview
2025-12-17,Search_EN_Competitors_2024.08.12,UTC,USD,292,10,0.034246,5,0.5,2.4,4.8,24.0,1.537671,0.846376,1.0,30.44,1.268333,24.0,0.2,Competitors
2025-12-17,Search_EN_Review-variations_2024.04.29,UTC,USD,119,12,0.10084,5,0.416666,3.178333,7.628,38.14,1.731092,0.051942,,,,,,Review-variations
2025-12-18,Search_EN_Trust_2025.03.17,UTC,USD,82,7,0.085365,6,0.857142,5.0,5.833333,35.0,2.036585,0.418367,,,,,,Trust
2025-12-18,Search_EN_ProductReview_2024.08.05,UTC,USD,636,95,0.149371,66,0.694736,2.542105,3.65909,241.5,1.943396,0.631578,3.0,105.91,0.43855,80.5,0.045454,ProductReview
2025-12-18,Search_EN_Competitors_2024.08.12,UTC,USD,273,13,0.047619,6,0.461538,2.653846,5.75,34.5,1.498168,0.842592,1.0,30.46,0.882898,34.5,0.166666,Competitors
2025-12-18,Search_EN_Review-variations_2024.04.29,UTC,USD,117,11,0.094017,6,0.545454,3.74,6.856666,41.14,2.051282,0.052325,,,,,,Review-variations
2025-12-19,Search_EN_ProductReview_2024.08.05,UTC,USD,571,102,0.178633,80,0.784313,2.349019,2.995,239.6,1.8669,0.680572,3.0,75.68,0.315859,79.866666,0.0375,ProductReview
2025-12-19,Search_EN_Competitors_2024.08.12,UTC,USD,247,13,0.052631,9,0.692307,2.692307,3.888888,35.0,1.360323,0.879003,1.0,45.68,1.305142,35.0,0.111111,Competitors
2025-12-19,Search_EN_Review-variations_2024.04.29,UTC,USD,96,10,0.104166,7,0.7,3.482,4.974285,34.82,1.989583,0.049256,,,,,,Review-variations
2025-12-19,Search_EN_Trust_2025.03.17,UTC,USD,56,1,0.017857,1,1.0,8.0,8.0,8.0,2.410714,0.33136,,,,,,Trust
2025-12-20,Search_EN_Competitors_2024.08.12,UTC,USD,185,12,0.064864,8,0.666666,2.666666,4.0,32.0,1.551351,0.864485,,,,,,Competitors
2025-12-20,Search_EN_Review-variations_2024.04.29,UTC,USD,88,9,0.102272,1,0.111111,3.591111,32.32,32.32,2.090909,0.068429,,,,,,Review-variations
2025-12-20,Search_EN_ProductReview_2024.08.05,UTC,USD,609,112,0.183908,85,0.758928,2.13125,2.808235,238.7,1.786535,0.710618,1.0,15.0,0.06284,238.7,0.011764,ProductReview
2025-12-20,Search_EN_Trust_2025.03.17,UTC,USD,77,2,0.025974,0,0.0,4.5,0.0,9.0,2.090909,0.531034,,,,,,Trust
2025-12-21,Search_EN_Competitors_2024.08.12,UTC,USD,198,8,0.040404,6,0.75,2.875,3.833333,23.0,1.414141,0.912442,,,,,,Competitors
2025-12-21,Search_EN_ProductReview_2024.08.05,UTC,USD,515,101,0.196116,81,0.80198,2.369306,2.95432,239.3,1.968932,0.716272,3.0,75.67,0.316213,79.766666,0.037037,ProductReview
2025-12-21,Search_EN_Trust_2025.03.17,UTC,USD,39,4,0.102564,4,1.0,4.5,4.5,18.0,2.102564,0.278571,,,,,,Trust
2025-12-21,Search_EN_Review-variations_2024.04.29,UTC,USD,80,8,0.1,5,0.625,2.74,4.384,21.92,2.2625,0.066666,,,,,,Review-variations
2025-12-22,Search_EN_Competitors_2024.08.12,UTC,USD,261,8,0.030651,4,0.5,3.0625,6.125,24.5,1.318007,0.867109,,,,,,Competitors
2025-12-22,Search_EN_ProductReview_2024.08.05,UTC,USD,581,101,0.173838,70,0.693069,2.366336,3.414285,239.0,1.609294,0.706812,3.0,45.22,0.189205,79.666666,0.042857,ProductReview
2025-12-22,Search_EN_Trust_2025.03.17,UTC,USD,65,7,0.107692,5,0.714285,4.285714,6.0,30.0,2.046153,0.401234,,,,,,Trust
2025-12-22,Search_EN_Review-variations_2024.04.29,UTC,USD,92,10,0.108695,6,0.6,4.014,6.69,40.14,2.923913,0.054405,,,,,,Review-variations
2025-12-23,Search_EN_Trust_2025.03.17,UTC,USD,74,5,0.067567,4,0.8,4.6,5.75,23.0,2.729729,0.432748,,,,,,Trust
2025-12-23,Search_EN_Competitors_2024.08.12,UTC,USD,186,14,0.075268,9,0.642857,2.857142,4.444444,40.0,1.338709,0.877358,1.0,15.22,0.3805,40.0,0.111111,Competitors
2025-12-23,Search_EN_Review-variations_2024.04.29,UTC,USD,97,14,0.144329,9,0.642857,3.568571,5.551111,49.96,2.175257,0.053034,,,,,,Review-variations
2025-12-23,Search_EN_ProductReview_2024.08.05,UTC,USD,557,107,0.1921,75,0.700934,2.221495,3.169333,237.7,1.804308,0.645422,2.0,30.23,0.127177,118.85,0.026666,ProductReview
2025-12-24,Search_EN_Review-variations_2024.04.29,UTC,USD,93,3,0.032258,0,0.0,4.166666,0.0,12.5,2.516129,0.066286,,,,,,Review-variations
2025-12-24,Search_EN_Competitors_2024.08.12,UTC,USD,224,6,0.026785,5,0.833333,3.0,3.6,18.0,1.352678,0.871595,,,,,,Competitors
2025-12-24,Search_EN_ProductReview_2024.08.05,UTC,USD,581,115,0.197934,81,0.704347,2.07826,2.950617,239.0,1.666092,0.741071,3.0,60.9,0.254811,79.666666,0.037037,ProductReview
2025-12-24,Search_EN_Trust_2025.03.17,UTC,USD,72,5,0.069444,2,0.4,5.6,14.0,28.0,2.375,0.458598,,,,,,Trust
2025-12-25,Search_EN_Review-variations_2024.04.29,UTC,USD,49,4,0.081632,3,0.75,3.125,4.166666,12.5,2.224489,0.046182,,,,,,Review-variations
2025-12-25,Search_EN_ProductReview_2024.08.05,UTC,USD,563,104,0.184724,77,0.740384,2.29423,3.098701,238.6,1.724689,0.715374,3.0,45.45,0.190486,79.533333,0.038961,ProductReview
2025-12-25,Search_EN_Trust_2025.03.17,UTC,USD,44,5,0.113636,2,0.4,4.8,12.0,24.0,2.522727,0.47826,,,,,,Trust
2025-12-25,Search_EN_Competitors_2024.08.12,UTC,USD,163,5,0.030674,3,0.6,2.6,4.333333,13.0,1.447852,0.827411,,,,,,Competitors
2025-12-26,Search_EN_Review-variations_2024.04.29,UTC,USD,61,4,0.065573,1,0.25,3.205,12.82,12.82,2.262295,0.042657,,,,,,Review-variations
2025-12-26,Search_EN_Trust_2025.03.17,UTC,USD,69,4,0.057971,4,1.0,4.5,4.5,18.0,2.057971,0.45098,,,,,,Trust
2025-12-26,Search_EN_Competitors_2024.08.12,UTC,USD,202,6,0.029702,5,0.833333,3.25,3.9,19.5,1.396039,0.859574,,,,,,Competitors
2025-12-26,Search_EN_ProductReview_2024.08.05,UTC,USD,589,100,0.169779,76,0.76,2.392,3.147368,239.2,1.745331,0.679354,,,,,,ProductReview
2025-12-27,Search_EN_Trust_2025.03.17,UTC,USD,55,3,0.054545,0,0.0,5.0,0.0,15.0,2.4,0.39855,,,,,,Trust
2025-12-27,Search_EN_Review-variations_2024.04.29,UTC,USD,77,3,0.038961,1,0.333333,3.44,10.32,10.32,2.246753,0.056534,,,,,,Review-variations
2025-12-27,Search_EN_ProductReview_2024.08.05,UTC,USD,487,101,0.207392,71,0.70297,2.382178,3.388732,240.6,1.868583,0.716176,5.0,75.68,0.314546,48.12,0.070422,ProductReview
2025-12-27,Search_EN_Competitors_2024.08.12,UTC,USD,194,9,0.046391,7,0.777777,2.666666,3.428571,24.0,1.314432,0.894009,,,,,,Competitors
2025-12-28,Search_EN_Trust_2025.03.17,UTC,USD,28,1,0.035714,0,0.0,5.0,0.0,5.0,2.535714,0.18543,,,,,,Trust
2025-12-28,Search_EN_Competitors_2024.08.12,UTC,USD,250,12,0.048,9,0.75,2.875,3.833333,34.5,1.388,0.919117,,,,,,Competitors
2025-12-28,Search_EN_Review-variations_2024.04.29,UTC,USD,77,7,0.090909,5,0.714285,3.305714,4.628,23.14,2.090909,0.057505,,,,,,Review-variations
2025-12-28,Search_EN_ProductReview_2024.08.05,UTC,USD,546,106,0.194139,78,0.735849,2.268867,3.083333,240.5,1.851648,0.691139,3.0,75.89,0.31555,80.166666,0.038461,ProductReview
2025-12-29,Search_EN_Competitors_2024.08.12,UTC,USD,267,15,0.056179,8,0.533333,2.833333,5.3125,42.5,1.385767,0.887043,,,,,,Competitors
2025-12-29,Search_EN_ProductReview_2024.08.05,UTC,USD,551,104,0.188747,74,0.711538,2.301923,3.235135,239.4,1.782214,0.586794,1.0,15.0,0.062656,239.4,0.013513,ProductReview
2025-12-29,Search_EN_Trust_2025.03.17,UTC,USD,55,2,0.036363,1,0.5,5.0,10.0,10.0,3.018181,0.384615,,,,,,Trust
2025-12-29,Search_EN_Review-variations_2024.04.29,UTC,USD,112,11,0.098214,5,0.454545,2.843636,6.256,31.28,1.901785,0.063312,,,,,,Review-variations
2025-12-30,Search_EN_Trust_2025.03.17,UTC,USD,54,2,0.037037,2,1.0,5.0,5.0,10.0,2.666666,0.333333,,,,,,Trust
2025-12-30,Search_EN_ProductReview_2024.08.05,UTC,USD,475,98,0.206315,71,0.724489,2.440816,3.369014,239.2,1.741052,0.704747,,,,,,ProductReview
2025-12-30,Search_EN_Competitors_2024.08.12,UTC,USD,272,8,0.029411,4,0.5,2.8125,5.625,22.5,1.533088,0.863492,,,,,,Competitors
2025-12-30,Search_EN_Review-variations_2024.04.29,UTC,USD,96,13,0.135416,6,0.461538,3.255384,7.053333,42.32,1.958333,0.051009,,,,,,Review-variations
2025-12-31,Search_EN_Competitors_2024.08.12,UTC,USD,189,6,0.031746,3,0.5,2.833333,5.666666,17.0,1.322751,0.851351,,,,,,Competitors
2025-12-31,Search_EN_ProductReview_2024.08.05,UTC,USD,580,97,0.167241,69,0.71134,2.469072,3.471014,239.5,1.832758,0.725907,1.0,15.22,0.063549,239.5,0.014492,ProductReview
2025-12-31,Search_EN_Trust_2025.03.17,UTC,USD,58,4,0.068965,2,0.5,5.5,11.0,22.0,2.672413,0.379084,,,,,,Trust
2025-12-31,Search_EN_Review-variations_2024.04.29,UTC,USD,75,6,0.08,5,0.833333,3.333333,4.0,20.0,2.133333,0.054034,,,,,,Review-variations
2026-01-01,Search_EN_Review-variations_2024.04.29,UTC,USD,64,8,0.125,6,0.75,3.375,4.5,27.0,1.859375,0.047904,,,,,,Review-variations
2026-01-01,Search_EN_Competitors_2024.08.12,UTC,USD,208,9,0.043269,7,0.777777,2.833333,3.642857,25.5,1.45673,0.936936,,,,,,Competitors
2026-01-01,Search_EN_ProductReview_2024.08.05,UTC,USD,472,96,0.203389,77,0.802083,2.475,3.085714,237.6,1.883474,0.676217,1.0,30.44,0.128114,237.6,0.012987,ProductReview
2026-01-01,Search_EN_Trust_2025.03.17,UTC,USD,60,6,0.1,4,0.666666,5.5,8.25,33.0,2.4,0.338983,,,,,,Trust
2026-01-02,Search_EN_Competitors_2024.08.12,UTC,USD,259,10,0.03861,7,0.7,2.9,4.142857,29.0,1.474903,0.863333,,,,,,Competitors
2026-01-02,Search_EN_Review-variations_2024.04.29,UTC,USD,130,13,0.1,10,0.76923,3.584615,4.66,46.6,2.476923,0.067114,1.0,30.45,0.653433,46.6,0.1,Review-variations
2026-01-02,Search_EN_ProductReview_2024.08.05,UTC,USD,398,102,0.256281,82,0.803921,2.330392,2.89878,237.7,1.660804,0.654605,1.0,15.23,0.064072,237.7,0.012195,ProductReview
2026-01-02,Search_EN_Trust_2025.03.17,UTC,USD,76,6,0.078947,2,0.333333,5.0,15.0,30.0,2.460526,0.381909,,,,,,Trust
2026-01-03,Search_EN_Review-variations_2024.04.29,UTC,USD,88,11,0.125,8,0.727272,3.830909,5.2675,42.14,1.625,0.060647,,,,,,Review-variations
2026-01-03,Search_EN_ProductReview_2024.08.05,UTC,USD,526,105,0.199619,75,0.714285,2.318095,3.245333,243.4,1.762357,0.711772,1.0,15.0,0.061626,243.4,0.013333,ProductReview
2026-01-03,Search_EN_Trust_2025.03.17,UTC,USD,79,8,0.101265,5,0.625,5.0,8.0,40.0,2.518987,0.362385,,,,,,Trust
2026-01-03,Search_EN_Competitors_2024.08.12,UTC,USD,252,10,0.039682,7,0.7,2.9,4.142857,29.0,1.507936,0.834437,,,,,,Competitors
2026-01-04,Search_EN_Review-variations_2024.04.29,UTC,USD,97,9,0.092783,7,0.777777,3.611111,4.642857,32.5,1.927835,0.066121,,,,,,Review-variations
2026-01-04,Search_EN_ProductReview_2024.08.05,UTC,USD,543,105,0.19337,86,0.819047,2.295238,2.802325,241.0,1.826887,0.784682,3.0,45.46,0.18863,80.333333,0.034883,ProductReview
2026-01-04,Search_EN_Competitors_2024.08.12,UTC,USD,281,12,0.042704,8,0.666666,2.916666,4.375,35.0,1.516014,0.87267,,,,,,Competitors
2026-01-04,Search_EN_Trust_2025.03.17,UTC,USD,63,5,0.079365,3,0.6,5.0,8.333333,25.0,2.444444,0.456521,,,,,,Trust
2026-01-05,Search_EN_Competitors_2024.08.12,UTC,USD,450,12,0.026666,10,0.833333,2.583333,3.1,31.0,1.668888,0.844277,1.0,15.22,0.490967,31.0,0.1,Competitors
2026-01-05,Search_EN_Trust_2025.03.17,UTC,USD,76,5,0.065789,4,0.8,5.6,7.0,28.0,2.513157,0.301587,,,,,,Trust
2026-01-05,Search_EN_ProductReview_2024.08.05,UTC,USD,649,113,0.174114,77,0.681415,2.127433,3.122077,240.4,1.771956,0.688229,5.0,75.69,0.31485,48.08,0.064935,ProductReview
2026-01-05,Search_EN_Review-variations_2024.04.29,UTC,USD,73,8,0.109589,5,0.625,3.375,5.4,27.0,1.79452,0.034629,,,,,,Review-variations
2026-01-06,Search_EN_Review-variations_2024.04.29,UTC,USD,106,14,0.132075,7,0.5,2.951428,5.902857,41.32,2.169811,0.048534,,,,,,Review-variations
2026-01-06,Search_EN_Trust_2025.03.17,UTC,USD,74,1,0.013513,0,0.0,5.0,0.0,5.0,2.283783,0.381443,,,,,,Trust
2026-01-06,Search_EN_ProductReview_2024.08.05,UTC,USD,521,111,0.213051,86,0.774774,2.196396,2.834883,243.8,1.800383,0.679269,7.0,105.67,0.433429,34.828571,0.081395,ProductReview
2026-01-06,Search_EN_Competitors_2024.08.12,UTC,USD,366,16,0.043715,9,0.5625,2.53125,4.5,40.5,1.64754,0.881927,,,,,,Competitors
2026-01-07,Search_EN_ProductReview_2024.08.05,UTC,USD,629,104,0.165341,80,0.76923,2.324038,3.02125,241.7,1.941176,0.706741,2.0,45.67,0.188953,120.85,0.025,ProductReview
2026-01-07,Search_EN_Competitors_2024.08.12,UTC,USD,286,16,0.055944,10,0.625,2.625,4.2,42.0,1.566433,0.864048,,,,,,Competitors
2026-01-07,Search_EN_Trust_2025.03.17,UTC,USD,73,2,0.027397,1,0.5,5.0,10.0,10.0,2.315068,0.349282,,,,,,Trust
2026-01-07,Search_EN_Review-variations_2024.04.29,UTC,USD,121,12,0.099173,8,0.666666,3.666666,5.5,44.0,2.198347,0.049569,,,,,,Review-variations
2026-01-08,Search_EN_Review-variations_2024.04.29,UTC,USD,113,6,0.053097,4,0.666666,3.333333,5.0,20.0,2.831858,0.044418,,,,,,Review-variations
2026-01-08,Search_EN_Competitors_2024.08.12,UTC,USD,364,16,0.043956,10,0.625,2.53125,4.05,40.5,1.653846,0.883495,1.0,30.46,0.752098,40.5,0.1,Competitors
2026-01-08,Search_EN_Trust_2025.03.17,UTC,USD,95,7,0.073684,3,0.428571,4.0,9.333333,28.0,2.115789,0.400843,,,,,,Trust
2026-01-08,Search_EN_ProductReview_2024.08.05,UTC,USD,489,102,0.208588,81,0.794117,2.344117,2.951851,239.1,1.799591,0.579383,4.0,75.91,0.317482,59.775,0.049382,ProductReview
2026-01-09,Search_EN_Review-variations_2024.04.29,UTC,USD,107,10,0.093457,6,0.6,3.882,6.47,38.82,1.897196,0.048111,,,,,,Review-variations
2026-01-09,Search_EN_Trust_2025.03.17,UTC,USD,99,6,0.060606,5,0.833333,5.0,6.0,30.0,2.70707,0.430434,,,,,,Trust
2026-01-09,Search_EN_ProductReview_2024.08.05,UTC,USD,789,113,0.143219,83,0.734513,2.111504,2.874698,238.6,1.784537,0.663025,3.0,45.23,0.189564,79.533333,0.036144,ProductReview
2026-01-09,Search_EN_Competitors_2024.08.12,UTC,USD,357,17,0.047619,11,0.647058,2.5,3.863636,42.5,1.728291,0.877149,1.0,15.23,0.358352,42.5,0.090909,Competitors
2026-01-10,Search_EN_Review-variations_2024.04.29,UTC,USD,107,7,0.06542,5,0.714285,3.448571,4.828,24.14,2.17757,0.063276,,,,,,Review-variations
2026-01-10,Search_EN_Trust_2025.03.17,UTC,USD,71,2,0.028169,2,1.0,5.0,5.0,10.0,2.436619,0.5,,,,,,Trust
2026-01-10,Search_EN_Competitors_2024.08.12,UTC,USD,349,11,0.031518,9,0.818181,2.545454,3.111111,28.0,1.515759,0.894871,,,,,,Competitors
2026-01-10,Search_EN_ProductReview_2024.08.05,UTC,USD,672,106,0.157738,81,0.76415,2.253773,2.949382,238.9,1.813988,0.628037,2.0,30.22,0.126496,119.45,0.024691,ProductReview
2026-01-11,Search_EN_Competitors_2024.08.12,UTC,USD,335,9,0.026865,6,0.666666,2.777777,4.166666,25.0,1.552238,0.912806,,,,,,Competitors
2026-01-11,Search_EN_ProductReview_2024.08.05,UTC,USD,526,101,0.192015,71,0.70297,2.353465,3.347887,237.7,1.80038,0.625445,1.0,15.23,0.064072,237.7,0.014084,ProductReview
2026-01-11,Search_EN_Review-variations_2024.04.29,UTC,USD,78,10,0.128205,7,0.7,3.546,5.065714,35.46,1.846153,0.051214,,,,,,Review-variations
2026-01-11,Search_EN_Trust_2025.03.17,UTC,USD,64,3,0.046875,1,0.333333,4.666666,14.0,14.0,2.421875,0.402515,,,,,,Trust
2026-01-12,Search_EN_Trust_2025.03.17,UTC,USD,89,5,0.056179,2,0.4,5.4,13.5,27.0,2.191011,0.4218,,,,,,Trust
2026-01-12,Search_EN_Competitors_2024.08.12,UTC,USD,287,15,0.052264,9,0.6,2.666666,4.444444,40.0,1.564459,0.839181,1.0,15.0,0.375,40.0,0.111111,Competitors
2026-01-12,Search_EN_Review-variations_2024.04.29,UTC,USD,127,11,0.086614,7,0.636363,3.207272,5.04,35.28,2.425196,0.054529,,,,,,Review-variations
2026-01-12,Search_EN_ProductReview_2024.08.05,UTC,USD,640,109,0.170312,76,0.697247,2.189908,3.140789,238.7,1.698437,0.701754,2.0,30.45,0.127565,119.35,0.026315,ProductReview
2026-01-13,Search_EN_Trust_2025.03.17,UTC,USD,80,4,0.05,1,0.25,6.5,26.0,26.0,2.5125,0.365296,,,,,,Trust
2026-01-13,Search_EN_Review-variations_2024.04.29,UTC,USD,113,14,0.123893,5,0.357142,3.474285,9.728,48.64,2.557522,0.04633,1.0,15.0,0.308388,48.64,0.2,Review-variations
2026-01-13,Search_EN_ProductReview_2024.08.05,UTC,USD,535,101,0.188785,71,0.70297,2.360396,3.357746,238.4,1.669158,0.559623,4.0,75.88,0.318288,59.6,0.056338,ProductReview
2026-01-13,Search_EN_Competitors_2024.08.12,UTC,USD,424,14,0.033018,9,0.642857,2.785714,4.333333,39.0,1.785377,0.829745,1.0,15.23,0.390512,39.0,0.111111,Competitors
2026-01-14,Search_EN_ProductReview_2024.08.05,UTC,USD,689,105,0.152394,72,0.685714,2.273333,3.315277,238.7,1.944847,0.663776,4.0,60.68,0.25421,59.675,0.055555,ProductReview
2026-01-14,Search_EN_Review-variations_2024.04.29,UTC,USD,99,6,0.060606,4,0.666666,3.606666,5.41,21.64,2.464646,0.044117,,,,,,Review-variations
2026-01-14,Search_EN_Trust_2025.03.17,UTC,USD,84,5,0.059523,3,0.6,5.0,8.333333,25.0,2.47619,0.378378,,,,,,Trust
2026-01-14,Search_EN_Competitors_2024.08.12,UTC,USD,375,15,0.04,8,0.533333,2.7,5.0625,40.5,1.632,0.801282,,,,,,Competitors
2026-01-15,Search_EN_Review-variations_2024.04.29,UTC,USD,153,24,0.156862,17,0.708333,3.6275,5.121176,87.06,2.267973,0.060378,,,,,,Review-variations
2026-01-15,Search_EN_Trust_2025.03.17,UTC,USD,74,2,0.027027,0,0.0,4.5,0.0,9.0,2.202702,0.354066,,,,,,Trust
2026-01-15,Search_EN_Competitors_2024.08.12,UTC,USD,295,15,0.050847,9,0.6,2.766666,4.611111,41.5,1.677966,0.776315,,,,,,Competitors
2026-01-15,Search_EN_ProductReview_2024.08.05,UTC,USD,481,95,0.197505,70,0.736842,2.511578,3.408571,238.6,2.120582,0.713649,,,,,,ProductReview
2026-01-16,Search_EN_Competitors_2024.08.12,UTC,USD,394,15,0.038071,10,0.666666,2.8,4.2,42.0,1.560913,0.873614,,,,,,Competitors
2026-01-16,Search_EN_Review-variations_2024.04.29,UTC,USD,124,11,0.088709,5,0.454545,3.603636,7.928,39.64,2.241935,0.058106,,,,,,Review-variations
2026-01-16,Search_EN_ProductReview_2024.08.05,UTC,USD,527,105,0.19924,71,0.67619,2.267619,3.353521,238.1,1.87666,0.682642,3.0,45.22,0.18992,79.366666,0.042253,ProductReview
2026-01-16,Search_EN_Trust_2025.03.17,UTC,USD,56,5,0.089285,3,0.6,4.8,8.0,24.0,2.482142,0.274509,,,,,,Trust
2026-01-17,Search_EN_ProductReview_2024.08.05,UTC,USD,528,102,0.193181,77,0.754901,2.332352,3.08961,237.9,1.806818,0.704939,,,,,,ProductReview
2026-01-17,Search_EN_Competitors_2024.08.12,UTC,USD,344,11,0.031976,9,0.818181,2.681818,3.277777,29.5,1.659883,0.877551,,,,,,Competitors
2026-01-17,Search_EN_Review-variations_2024.04.29,UTC,USD,88,12,0.136363,5,0.416666,3.11,7.464,37.32,1.5,0.056921,,,,,,Review-variations
2026-01-17,Search_EN_Trust_2025.03.17,UTC,USD,64,4,0.0625,3,0.75,4.75,6.333333,19.0,2.328125,0.4183,,,,,,Trust
2026-01-18,Search_EN_Competitors_2024.08.12,UTC,USD,328,15,0.045731,10,0.666666,2.7,4.05,40.5,1.612804,0.87234,,,,,,Competitors
2026-01-18,Search_EN_Trust_2025.03.17,UTC,USD,57,2,0.035087,2,1.0,5.0,5.0,10.0,2.789473,0.410071,,,,,,Trust
2026-01-18,Search_EN_ProductReview_2024.08.05,UTC,USD,682,111,0.162756,88,0.792792,2.169369,2.736363,240.8,1.926686,0.746987,1.0,15.22,0.063205,240.8,0.011363,ProductReview
2026-01-18,Search_EN_Review-variations_2024.04.29,UTC,USD,84,11,0.130952,11,1.0,3.376363,3.376363,37.14,2.011904,0.054866,,,,,,Review-variations
2026-01-19,Search_EN_Competitors_2024.08.12,UTC,USD,206,14,0.067961,9,0.642857,3.0,4.666666,42.0,1.475728,0.872881,1.0,15.0,0.357142,42.0,0.111111,Competitors
2026-01-19,Search_EN_Trust_2025.03.17,UTC,USD,89,8,0.089887,6,0.75,4.875,6.5,39.0,2.786516,0.413953,,,,,,Trust
2026-01-19,Search_EN_Review-variations_2024.04.29,UTC,USD,108,7,0.064814,5,0.714285,3.188571,4.464,22.32,2.546296,0.044628,,,,,,Review-variations
2026-01-19,Search_EN_ProductReview_2024.08.05,UTC,USD,594,103,0.1734,80,0.776699,2.337864,3.01,240.8,1.794612,0.780551,2.0,30.22,0.125498,120.4,0.025,ProductReview
2026-01-20,Search_EN_Trust_2025.03.17,UTC,USD,97,4,0.041237,3,0.75,5.75,7.666666,23.0,2.536082,0.433035,,,,,,Trust
2026-01-20,Search_EN_ProductReview_2024.08.05,UTC,USD,607,104,0.171334,75,0.721153,2.308653,3.201333,240.1,1.696869,0.768354,,,,,,ProductReview
2026-01-20,Search_EN_Review-variations_2024.04.29,UTC,USD,167,15,0.08982,10,0.666666,3.497333,5.246,52.46,2.263473,0.062781,,,,,,Review-variations
2026-01-20,Search_EN_Competitors_2024.08.12,UTC,USD,383,12,0.031331,8,0.666666,2.875,4.3125,34.5,1.389033,0.853006,1.0,15.0,0.434782,34.5,0.125,Competitors
2026-01-21,Search_EN_ProductReview_2024.08.05,UTC,USD,562,101,0.179715,80,0.792079,2.358415,2.9775,238.2,1.649466,0.777316,2.0,30.0,0.125944,119.1,0.025,ProductReview
2026-01-21,Search_EN_Trust_2025.03.17,UTC,USD,60,11,0.183333,9,0.818181,4.727272,5.777777,52.0,2.133333,0.340909,,,,,,Trust
2026-01-21,Search_EN_Review-variations_2024.04.29,UTC,USD,110,11,0.1,6,0.545454,3.756363,6.886666,41.32,2.736363,0.040175,,,,,,Review-variations
2026-01-21,Search_EN_Competitors_2024.08.12,UTC,USD,412,10,0.024271,8,0.8,2.65,3.3125,26.5,1.512135,0.876595,,,,,,Competitors
2026-01-22,Search_EN_Competitors_2024.08.12,UTC,USD,368,4,0.010869,2,0.5,2.75,5.5,11.0,1.456521,0.872037,,,,,,Competitors
2026-01-22,Search_EN_Review-variations_2024.04.29,UTC,USD,157,14,0.089171,8,0.571428,3.737142,6.54,52.32,2.585987,0.059877,,,,,,Review-variations
2026-01-22,Search_EN_ProductReview_2024.08.05,UTC,USD,599,102,0.170283,77,0.754901,2.348039,3.110389,239.5,1.584307,0.757269,1.0,15.22,0.063549,239.5,0.012987,ProductReview
2026-01-22,Search_EN_Trust_2025.03.17,UTC,USD,105,2,0.019047,1,0.5,5.0,10.0,10.0,2.67619,0.410156,,,,,,Trust
2026-01-23,Search_EN_Competitors_2024.08.12,UTC,USD,352,9,0.025568,7,0.777777,3.0,3.857142,27.0,1.491477,0.860635,,,,,,Competitors
2026-01-23,Search_EN_ProductReview_2024.08.05,UTC,USD,486,101,0.207818,74,0.732673,2.362376,3.224324,238.6,1.549382,0.734138,3.0,45.46,0.190528,79.533333,0.04054,ProductReview
2026-01-23,Search_EN_Trust_2025.03.17,UTC,USD,86,7,0.081395,3,0.428571,4.714285,11.0,33.0,2.639534,0.38053,,,,,,Trust
2026-01-23,Search_EN_Review-variations_2024.04.29,UTC,USD,90,9,0.1,5,0.555555,2.535555,4.564,22.82,2.322222,0.038249,,,,,,Review-variations
2026-01-24,Search_EN_Competitors_2024.08.12,UTC,USD,256,10,0.039062,8,0.8,2.9,3.625,29.0,1.402343,0.904593,1.0,15.0,0.517241,29.0,0.125,Competitors
2026-01-24,Search_EN_ProductReview_2024.08.05,UTC,USD,509,104,0.204322,72,0.692307,2.296153,3.316666,238.8,1.504911,0.804107,1.0,15.0,0.062814,238.8,0.013888,ProductReview
2026-01-24,Search_EN_Trust_2025.03.17,UTC,USD,88,4,0.045454,2,0.5,4.75,9.5,19.0,2.340909,0.405529,,,,,,Trust
2026-01-24,Search_EN_Review-variations_2024.04.29,UTC,USD,84,10,0.119047,8,0.8,3.15,3.9375,31.5,2.178571,0.055081,1.0,15.22,0.483174,31.5,0.125,Review-variations
2026-01-25,Search_EN_Competitors_2024.08.12,UTC,USD,292,3,0.010273,1,0.333333,2.833333,8.5,8.5,1.520547,0.874251,,,,,,Competitors
2026-01-25,Search_EN_Trust_2025.03.17,UTC,USD,92,4,0.043478,3,0.75,5.75,7.666666,23.0,2.891304,0.455445,,,,,,Trust
2026-01-25,Search_EN_ProductReview_2024.08.05,UTC,USD,591,109,0.184433,80,0.733944,2.18899,2.9825,238.6,1.487309,0.696933,1.0,15.0,0.062866,238.6,0.0125,ProductReview
2026-01-25,Search_EN_Review-variations_2024.04.29,UTC,USD,108,9,0.083333,5,0.555555,4.071111,7.328,36.64,2.583333,0.065653,,,,,,Review-variations
2026-01-26,Search_EN_ProductReview_2024.08.05,UTC,USD,548,112,0.204379,88,0.785714,2.124107,2.703409,237.9,1.478102,0.75482,1.0,15.0,0.063051,237.9,0.011363,ProductReview
2026-01-26,Search_EN_Trust_2025.03.17,UTC,USD,60,3,0.05,2,0.666666,5.0,7.5,15.0,2.9,0.277777,,,,,,Trust
2026-01-26,Search_EN_Competitors_2024.08.12,UTC,USD,223,15,0.067264,14,0.933333,2.833333,3.035714,42.5,1.41704,0.867704,,,,,,Competitors
2026-01-26,Search_EN_Review-variations_2024.04.29,UTC,USD,103,5,0.048543,2,0.4,3.5,8.75,17.5,2.757281,0.045354,,,,,,Review-variations
2026-01-27,Search_EN_Competitors_2024.08.12,UTC,USD,300,5,0.016666,4,0.8,2.8,3.5,14.0,1.44,0.842696,,,,,,Competitors
2026-01-27,Search_EN_Review-variations_2024.04.29,UTC,USD,106,7,0.066037,7,1.0,3.857142,3.857142,27.0,2.122641,0.043946,,,,,,Review-variations
2026-01-27,Search_EN_ProductReview_2024.08.05,UTC,USD,570,110,0.192982,79,0.718181,2.163636,3.012658,238.0,1.454385,0.784044,,,,,,ProductReview
2026-01-27,Search_EN_Trust_2025.03.17,UTC,USD,73,2,0.027397,0,0.0,5.0,0.0,10.0,2.534246,0.311965,,,,,,Trust
2026-01-28,Search_EN_Trust_2025.03.17,UTC,USD,95,5,0.052631,2,0.4,4.4,11.0,22.0,2.421052,0.368217,,,,,,Trust
2026-01-28,Search_EN_Review-variations_2024.04.29,UTC,USD,98,7,0.071428,4,0.571428,3.52,6.16,24.64,2.244897,0.038888,,,,,,Review-variations
2026-01-28,Search_EN_ProductReview_2024.08.05,UTC,USD,623,107,0.171749,80,0.747663,2.227102,2.97875,238.3,1.609951,0.703954,,,,,,ProductReview
2026-01-28,Search_EN_Competitors_2024.08.12,UTC,USD,319,5,0.015673,1,0.2,2.9,14.5,14.5,1.467084,0.898591,,,,,,Competitors
2026-01-29,Search_EN_Review-variations_2024.04.29,UTC,USD,89,6,0.067415,4,0.666666,3.666666,5.5,22.0,2.41573,0.04287,,,,,,Review-variations
2026-01-29,Search_EN_Trust_2025.03.17,UTC,USD,62,2,0.032258,1,0.5,5.0,10.0,10.0,2.258064,0.289719,,,,,,Trust
2026-01-29,Search_EN_Competitors_2024.08.12,UTC,USD,322,15,0.046583,9,0.6,2.666666,4.444444,40.0,1.736024,0.896935,,,,,,Competitors
2026-01-29,Search_EN_ProductReview_2024.08.05,UTC,USD,583,104,0.178387,75,0.721153,2.284615,3.167999,237.6,1.67753,0.736111,3.0,45.22,0.190319,79.2,0.04,ProductReview
2026-01-30,Search_EN_Trust_2025.03.17,UTC,USD,68,4,0.058823,4,1.0,4.75,4.75,19.0,2.764705,0.311926,,,,,,Trust
2026-01-30,Search_EN_Competitors_2024.08.12,UTC,USD,287,8,0.027874,7,0.875,2.8125,3.214285,22.5,1.797909,0.922829,1.0,15.0,0.666666,22.5,0.142857,Competitors
2026-01-30,Search_EN_ProductReview_2024.08.05,UTC,USD,524,100,0.190839,72,0.72,2.386,3.313888,238.6,1.627862,0.750716,1.0,15.0,0.062866,238.6,0.013888,ProductReview
2026-01-30,Search_EN_Review-variations_2024.04.29,UTC,USD,64,11,0.171875,8,0.727272,3.814545,5.245,41.96,2.015625,0.043214,,,,,,Review-variations
2026-01-31,Search_EN_Trust_2025.03.17,UTC,USD,67,4,0.059701,3,0.75,5.0,6.666666,20.0,2.477611,0.354497,1.0,15.0,0.75,20.0,0.333333,Trust
2026-01-31,Search_EN_Competitors_2024.08.12,UTC,USD,233,3,0.012875,1,0.333333,2.666666,8.0,8.0,1.502145,0.906614,,,,,,Competitors
2026-01-31,Search_EN_Review-variations_2024.04.29,UTC,USD,67,7,0.104477,4,0.571428,3.142857,5.5,22.0,1.701492,0.057708,,,,,,Review-variations
2026-01-31,Search_EN_ProductReview_2024.08.05,UTC,USD,533,112,0.210131,88,0.785714,2.122321,2.701136,237.7,1.596622,0.776967,1.0,15.22,0.06403,237.7,0.011363,ProductReview
2026-02-01,Search_EN_Trust_2025.03.17,UTC,USD,34,3,0.088235,3,1.0,4.333333,4.333333,13.0,2.470588,0.246376,,,,,,Trust
2026-02-01,Search_EN_Competitors_2024.08.12,UTC,USD,297,12,0.040404,9,0.75,2.583333,3.444444,31.0,1.653198,0.916666,,,,,,Competitors
2026-02-01,Search_EN_Review-variations_2024.04.29,UTC,USD,49,5,0.10204,5,1.0,3.964,3.964,19.82,2.183673,0.041245,,,,,,Review-variations
2026-02-01,Search_EN_ProductReview_2024.08.05,UTC,USD,583,113,0.193825,84,0.743362,2.109734,2.838095,238.4,1.55403,0.788903,,,,,,ProductReview
2026-02-02,Search_EN_Review-variations_2024.04.29,UTC,USD,85,5,0.058823,5,1.0,4.3,4.3,21.5,2.388235,0.046961,,,,,,Review-variations
2026-02-02,Search_EN_Trust_2025.03.17,UTC,USD,101,4,0.039603,2,0.5,4.75,9.5,19.0,2.326732,0.394531,,,,,,Trust
2026-02-02,Search_EN_Competitors_2024.08.12,UTC,USD,396,12,0.030303,8,0.666666,2.583333,3.875,31.0,1.646464,0.872246,,,,,,Competitors
2026-02-02,Search_EN_ProductReview_2024.08.05,UTC,USD,582,98,0.168384,82,0.836734,2.45102,2.929268,240.2,1.94158,0.771883,,,,,,ProductReview
2026-02-03,Search_EN_Competitors_2024.08.12,UTC,USD,361,12,0.03324,9,0.75,2.75,3.666666,33.0,1.772853,0.833718,,,,,,Competitors
2026-02-03,Search_EN_Trust_2025.03.17,UTC,USD,78,2,0.025641,1,0.5,4.5,9.0,9.0,2.384615,0.33913,,,,,,Trust
2026-02-03,Search_EN_Review-variations_2024.04.29,UTC,USD,146,14,0.09589,11,0.785714,3.642857,4.636363,51.0,2.061643,0.074338,,,,,,Review-variations
2026-02-03,Search_EN_ProductReview_2024.08.05,UTC,USD,544,94,0.172794,68,0.723404,2.528723,3.495588,237.7,1.841911,0.767277,,,,,,ProductReview
2026-02-04,Search_EN_Competitors_2024.08.12,UTC,USD,380,12,0.031578,9,0.75,2.583333,3.444444,31.0,1.668421,0.871559,,,,,,Competitors
2026-02-04,Search_EN_Trust_2025.03.17,UTC,USD,76,2,0.026315,1,0.5,4.5,9.0,9.0,2.118421,0.330434,,,,,,Trust
2026-02-04,Search_EN_Review-variations_2024.04.29,UTC,USD,79,8,0.101265,5,0.625,3.5975,5.756,28.78,2.075949,0.041954,,,,,,Review-variations
2026-02-04,Search_EN_ProductReview_2024.08.05,UTC,USD,565,102,0.18053,82,0.803921,2.330392,2.89878,237.7,2.069026,0.749336,2.0,30.22,0.127135,118.85,0.02439,ProductReview
2026-02-05,Search_EN_Trust_2025.03.17,UTC,USD,59,1,0.016949,1,1.0,5.0,5.0,5.0,2.644067,0.265765,,,,,,Trust
2026-02-05,Search_EN_Competitors_2024.08.12,UTC,USD,240,15,0.0625,10,0.666666,2.666666,4.0,40.0,1.595833,0.892193,,,,,,Competitors
2026-02-05,Search_EN_Review-variations_2024.04.29,UTC,USD,94,9,0.095744,3,0.333333,3.626666,10.88,32.64,2.117021,0.050213,,,,,,Review-variations
2026-02-05,Search_EN_ProductReview_2024.08.05,UTC,USD,531,103,0.193973,81,0.786407,2.333009,2.966666,240.3,2.018832,0.72442,,,,,,ProductReview
2026-02-06,Search_EN_Review-variations_2024.04.29,UTC,USD,83,13,0.156626,5,0.384615,3.433846,8.928,44.64,2.614457,0.047105,,,,,,Review-variations
2026-02-06,Search_EN_Competitors_2024.08.12,UTC,USD,324,10,0.030864,6,0.6,2.55,4.25,25.5,1.669753,0.864,1.0,15.23,0.597254,25.5,0.166666,Competitors
2026-02-06,Search_EN_Trust_2025.03.17,UTC,USD,57,9,0.157894,3,0.333333,4.666666,14.0,42.0,2.473684,0.325714,,,,,,Trust
2026-02-06,Search_EN_ProductReview_2024.08.05,UTC,USD,501,104,0.207584,77,0.740384,2.301923,3.10909,239.4,1.962075,0.703651,,,,,,ProductReview
2026-02-07,Search_EN_Review-variations_2024.04.29,UTC,USD,56,9,0.160714,8,0.888888,3.035555,3.415,27.32,2.267857,0.053282,,,,,,Review-variations
2026-02-07,Search_EN_Competitors_2024.08.12,UTC,USD,327,11,0.033639,8,0.727272,2.545454,3.5,28.0,1.95107,0.931623,,,,,,Competitors
2026-02-07,Search_EN_Trust_2025.03.17,UTC,USD,53,4,0.075471,4,1.0,4.25,4.25,17.0,2.283018,0.337579,,,,,,Trust
2026-02-07,Search_EN_ProductReview_2024.08.05,UTC,USD,586,96,0.163822,68,0.708333,2.5,3.529411,240.0,1.745733,0.76802,,,,,,ProductReview
2026-02-08,Search_EN_Review-variations_2024.04.29,UTC,USD,62,5,0.080645,5,1.0,4.2,4.2,21.0,2.32258,0.052721,,,,,,Review-variations
2026-02-08,Search_EN_Competitors_2024.08.12,UTC,USD,230,14,0.060869,9,0.642857,2.5,3.888888,35.0,1.673913,0.84249,,,,,,Competitors
2026-02-08,Search_EN_Trust_2025.03.17,UTC,USD,46,4,0.086956,4,1.0,4.5,4.5,18.0,2.521739,0.365079,,,,,,Trust
2026-02-08,Search_EN_ProductReview_2024.08.05,UTC,USD,470,100,0.212765,75,0.75,2.39,3.186666,239.0,1.653191,0.74367,,,,,,ProductReview
2026-02-09,Search_EN_Competitors_2024.08.12,UTC,USD,342,8,0.023391,5,0.625,2.9375,4.7,23.5,1.646198,0.852867,,,,,,Competitors
2026-02-09,Search_EN_Trust_2025.03.17,UTC,USD,87,5,0.057471,3,0.6,4.4,7.333333,22.0,2.425287,0.353658,,,,,,Trust
2026-02-09,Search_EN_ProductReview_2024.08.05,UTC,USD,475,111,0.233684,84,0.756756,2.16036,2.854761,239.8,1.618947,0.690406,,,,,,ProductReview
2026-02-09,Search_EN_Review-variations_2024.04.29,UTC,USD,86,10,0.116279,6,0.6,3.246,5.41,32.46,2.058139,0.046968,,,,,,Review-variations
2026-02-10,Search_EN_ProductReview_2024.08.05,UTC,USD,613,106,0.17292,80,0.754716,2.263207,2.99875,239.9,1.825448,0.728028,,,,,,ProductReview
2026-02-10,Search_EN_Competitors_2024.08.12,UTC,USD,321,11,0.034267,7,0.636363,2.545454,4.0,28.0,1.713395,0.851458,,,,,,Competitors
2026-02-10,Search_EN_Trust_2025.03.17,UTC,USD,59,2,0.033898,1,0.5,4.5,9.0,9.0,2.440677,0.2757,,,,,,Trust
2026-02-10,Search_EN_Review-variations_2024.04.29,UTC,USD,110,12,0.10909,7,0.583333,4.121666,7.065714,49.46,2.027272,0.056994,,,,,,Review-variations
2026-02-11,Search_EN_Trust_2025.03.17,UTC,USD,43,0,0.0,0,0.0,0.0,0.0,0.0,2.581395,0.265432,,,,,,Trust
2026-02-11,Search_EN_Review-variations_2024.04.29,UTC,USD,100,12,0.12,6,0.5,3.606666,7.213333,43.28,1.89,0.051282,,,,,,Review-variations
2026-02-11,Search_EN_Competitors_2024.08.12,UTC,USD,336,12,0.035714,8,0.666666,2.708333,4.0625,32.5,1.449404,0.872727,,,,,,Competitors
2026-02-11,Search_EN_ProductReview_2024.08.05,UTC,USD,478,98,0.20502,71,0.724489,2.42551,3.347887,237.7,1.493723,0.72977,,,,,,ProductReview
2026-02-12,Search_EN_Competitors_2024.08.12,UTC,USD,283,8,0.028268,4,0.5,2.75,5.5,22.0,1.469964,0.857575,,,,,,Competitors
2026-02-12,Search_EN_ProductReview_2024.08.05,UTC,USD,549,108,0.196721,79,0.731481,2.219444,3.034177,239.7,1.517304,0.732977,,,,,,ProductReview
2026-02-12,Search_EN_Review-variations_2024.04.29,UTC,USD,85,4,0.047058,3,0.75,3.08,4.106666,12.32,2.058823,0.050177,,,,,,Review-variations
2026-02-12,Search_EN_Trust_2025.03.17,UTC,USD,64,4,0.0625,2,0.5,4.25,8.5,17.0,2.5,0.240601,,,,,,Trust
2026-02-13,Search_EN_Trust_2025.03.17,UTC,USD,54,3,0.055555,2,0.666666,4.0,6.0,12.0,2.537037,0.251162,,,,,,Trust
2026-02-13,Search_EN_ProductReview_2024.08.05,UTC,USD,577,107,0.185441,80,0.747663,2.225233,2.97625,238.1,1.64298,0.740693,,,,,,ProductReview
2026-02-13,Search_EN_Review-variations_2024.04.29,UTC,USD,65,9,0.138461,7,0.777777,4.111111,5.285714,37.0,2.184615,0.042595,,,,,,Review-variations
2026-02-13,Search_EN_Competitors_2024.08.12,UTC,USD,261,15,0.057471,9,0.6,2.7,4.5,40.5,1.536398,0.861386,,,,,,Competitors
2026-02-14,Search_EN_Competitors_2024.08.12,UTC,USD,194,14,0.072164,11,0.785714,2.678571,3.40909,37.5,1.608247,0.877828,,,,,,Competitors
2026-02-14,Search_EN_ProductReview_2024.08.05,UTC,USD,566,113,0.199646,85,0.752212,2.117699,2.815294,239.3,1.689045,0.826277,,,,,,ProductReview
2026-02-14,Search_EN_Trust_2025.03.17,UTC,USD,57,4,0.070175,3,0.75,5.5,7.333333,22.0,2.596491,0.313186,,,,,,Trust
2026-02-14,Search_EN_Review-variations_2024.04.29,UTC,USD,59,6,0.101694,2,0.333333,4.0,12.0,24.0,1.98305,0.071515,,,,,,Review-variations
2026-02-15,Search_EN_Trust_2025.03.17,UTC,USD,37,4,0.108108,3,0.75,4.75,6.333333,19.0,2.216216,0.339449,,,,,,Trust
2026-02-15,Search_EN_Review-variations_2024.04.29,UTC,USD,77,5,0.064935,2,0.4,3.628,9.07,18.14,2.168831,0.071895,,,,,,Review-variations
2026-02-15,Search_EN_Competitors_2024.08.12,UTC,USD,204,8,0.039215,2,0.25,3.125,12.5,25.0,1.686274,0.871794,,,,,,Competitors
2026-02-15,Search_EN_ProductReview_2024.08.05,UTC,USD,557,103,0.184919,79,0.76699,2.324271,3.030379,239.4,1.574506,0.774687,,,,,,ProductReview
2026-02-16,Search_EN_Review-variations_2024.04.29,UTC,USD,79,7,0.088607,6,0.857142,3.571428,4.166666,25.0,2.670886,0.048585,,,,,,Review-variations
2026-02-16,Search_EN_Competitors_2024.08.12,UTC,USD,245,15,0.061224,8,0.533333,2.666666,5.0,40.0,1.514285,0.887681,,,,,,Competitors
2026-02-16,Search_EN_ProductReview_2024.08.05,UTC,USD,648,112,0.172839,79,0.705357,2.141964,3.036708,239.9,1.833333,0.770511,,,,,,ProductReview
2026-02-16,Search_EN_Trust_2025.03.17,UTC,USD,51,2,0.039215,2,1.0,5.0,5.0,10.0,2.72549,0.268421,,,,,,Trust
2026-02-17,Search_EN_Trust_2025.03.17,UTC,USD,101,6,0.059405,3,0.5,4.833333,9.666666,29.0,2.336633,0.400793,,,,,,Trust
2026-02-17,Search_EN_ProductReview_2024.08.05,UTC,USD,560,110,0.196428,87,0.790909,2.176363,2.751724,239.4,1.682142,0.714285,,,,,,ProductReview
2026-02-17,Search_EN_Competitors_2024.08.12,UTC,USD,339,12,0.035398,4,0.333333,2.708333,8.125,32.5,1.563421,0.85606,,,,,,Competitors
2026-02-17,Search_EN_Review-variations_2024.04.29,UTC,USD,78,11,0.141025,5,0.454545,3.785454,8.328,41.64,3.038461,0.045667,,,,,,Review-variations
2026-02-18,Search_EN_Review-variations_2024.04.29,UTC,USD,44,6,0.136363,4,0.666666,4.053333,6.08,24.32,2.590909,0.048943,,,,,,Review-variations
2026-02-18,Search_EN_Trust_2025.03.17,UTC,USD,45,4,0.088888,1,0.25,4.5,18.0,18.0,2.288888,0.381355,,,,,,Trust
2026-02-18,Search_EN_Competitors_2024.08.12,UTC,USD,185,3,0.016216,1,0.333333,2.833333,8.5,8.5,1.691891,0.876777,,,,,,Competitors
2026-02-18,Search_EN_ProductReview_2024.08.05,UTC,USD,587,95,0.161839,59,0.621052,2.251578,3.625423,213.9,1.952299,0.758397,,,,,,ProductReview
