App Name,Ad Name,Start Date,End Date,Time Zone,Currency,Search Term,Keyword,Match Type,Bid,Impressions,Clicks,Click Through Rate,Installs,Install Rate,Cost Per Click,Cost Per Install,Spend,Average Position,Visibility,Customers,Revenue,Return On Spend,Cost Per Customer,Conversion Rate
Judge.me Product Reviews App,Search_EN_Trust_2025.03.17,2026-02-24,2026-03-17,UTC,USD,social proof,social proof,broad,5.0,156,4,0.025641,2,0.5,5.0,10.0,20.0,3.717948,0.330508,,,,,
Judge.me Product Reviews App,Search_EN_Trust_2025.03.17,2026-02-24,2026-03-17,UTC,USD,comment,comments,broad,4.0,54,12,0.222222,8,0.666666,4.0,6.0,48.0,1.037037,0.981818,,,,,
Judge.me Product Reviews App,Search_EN_Trust_2025.03.17,2026-02-24,2026-03-17,UTC,USD,star,stars,broad,5.0,51,7,0.137254,6,0.857142,5.0,5.833333,35.0,2.196078,1.0,,,,,
Judge.me Product Reviews App,Search_EN_Trust_2025.03.17,2026-02-24,2026-03-17,UTC,USD,comments,comments,broad,4.0,49,10,0.204081,6,0.6,4.0,6.666666,40.0,1.0,0.960784,,,,,
Judge.me Product Reviews App,Search_EN_Trust_2025.03.17,2026-02-24,2026-03-17,UTC,USD,proof,social proof,broad,5.0,40,0,0.0,0,0.0,0.0,0.0,0.0,2.35,0.851063,,,,,
Judge.me Product Reviews App,Search_EN_Trust_2025.03.17,2026-02-24,2026-03-17,UTC,USD,stars,stars,broad,5.0,28,3,0.107142,2,0.666666,5.0,7.5,15.0,1.142857,0.875,,,,,
Judge.me Product Reviews App,Search_EN_Trust_2025.03.17,2026-02-24,2026-03-17,UTC,USD,bear proof,social proof,broad,5.0,17,0,0.0,0,0.0,0.0,0.0,0.0,2.117647,0.73913,,,,,
Judge.me Product Reviews App,Search_EN_Trust_2025.03.17,2026-02-24,2026-03-17,UTC,USD,section star,stars,broad,5.0,16,0,0.0,0,0.0,0.0,0.0,0.0,1.875,0.207792,,,,,
Judge.me Product Reviews App,Search_EN_Trust_2025.03.17,2026-02-24,2026-03-17,UTC,USD,social,social proof,broad,5.0,16,0,0.0,0,0.0,0.0,0.0,0.0,4.5,0.063492,,,,,
Judge.me Product Reviews App,Search_EN_Trust_2025.03.17,2026-02-24,2026-03-17,UTC,USD,social proof delivery,social proof,broad,5.0,14,0,0.0,0,0.0,0.0,0.0,0.0,2.5,1.0,,,,,
Judge.me Product Reviews App,Search_EN_Trust_2025.03.17,2026-02-24,2026-03-17,UTC,USD,ask a question,question,broad,8.0,14,2,0.142857,0,0.0,8.0,0.0,16.0,1.214285,0.933333,,,,,
Judge.me Product Reviews App,Search_EN_Trust_2025.03.17,2026-02-24,2026-03-17,UTC,USD,star ratin,stars,broad,5.0,8,1,0.125,1,1.0,5.0,5.0,5.0,2.75,1.0,,,,,
Judge.me Product Reviews App,Search_EN_Trust_2025.03.17,2026-02-24,2026-03-17,UTC,USD,brawl stars,stars,broad,5.0,8,0,0.0,0,0.0,0.0,0.0,0.0,2.75,1.0,,,,,
Judge.me Product Reviews App,Search_EN_Trust_2025.03.17,2026-02-24,2026-03-17,UTC,USD,5 star,stars,broad,5.0,8,2,0.25,2,1.0,5.0,5.0,10.0,1.25,1.0,,,,,
Judge.me Product Reviews App,Search_EN_Trust_2025.03.17,2026-02-24,2026-03-17,UTC,USD,redes sociales,social proof,broad,5.0,8,0,0.0,0,0.0,0.0,0.0,0.0,3.75,0.137931,,,,,
Judge.me Product Reviews App,Search_EN_Trust_2025.03.17,2026-02-24,2026-03-17,UTC,USD,proof beer,social proof,broad,5.0,8,0,0.0,0,0.0,0.0,0.0,0.0,1.625,1.0,,,,,
Judge.me Product Reviews App,Search_EN_Trust_2025.03.17,2026-02-24,2026-03-17,UTC,USD,otps login & social login,social proof,broad,5.0,8,0,0.0,0,0.0,0.0,0.0,0.0,3.0,1.0,,,,,
Judge.me Product Reviews App,Search_EN_Trust_2025.03.17,2026-02-24,2026-03-17,UTC,USD,questions,question,broad,8.0,8,0,0.0,0,0.0,0.0,0.0,0.0,1.875,0.888888,,,,,
Judge.me Product Reviews App,Search_EN_Trust_2025.03.17,2026-02-24,2026-03-17,UTC,USD,star rating,stars,broad,5.0,7,0,0.0,0,0.0,0.0,0.0,0.0,1.0,1.0,,,,,
Judge.me Product Reviews App,Search_EN_Trust_2025.03.17,2026-02-24,2026-03-17,UTC,USD,five star,stars,broad,5.0,7,0,0.0,0,0.0,0.0,0.0,0.0,2.0,0.875,,,,,
Judge.me Product Reviews App,Search_EN_Trust_2025.03.17,2026-02-24,2026-03-17,UTC,USD,hulk social login,social proof,broad,5.0,7,0,0.0,0,0.0,0.0,0.0,0.0,4.0,0.7,,,,,
Judge.me Product Reviews App,Search_EN_Trust_2025.03.17,2026-02-24,2026-03-17,UTC,USD,hiko social login,social proof,broad,5.0,7,0,0.0,0,0.0,0.0,0.0,0.0,3.571428,0.538461,,,,,
Judge.me Product Reviews App,Search_EN_Trust_2025.03.17,2026-02-24,2026-03-17,UTC,USD,trust badges star,stars,broad,5.0,6,0,0.0,0,0.0,0.0,0.0,0.0,3.0,1.0,,,,,
Judge.me Product Reviews App,Search_EN_Trust_2025.03.17,2026-02-24,2026-03-17,UTC,USD,star ratings,stars,broad,5.0,6,1,0.166666,1,1.0,5.0,5.0,5.0,1.666666,0.75,,,,,
Judge.me Product Reviews App,Search_EN_Trust_2025.03.17,2026-02-24,2026-03-17,UTC,USD,star editions,stars,broad,5.0,6,1,0.166666,0,0.0,5.0,0.0,5.0,4.166666,1.0,,,,,
Judge.me Product Reviews App,Search_EN_Trust_2025.03.17,2026-02-24,2026-03-17,UTC,USD,social proof gratis,social proof,broad,5.0,6,0,0.0,0,0.0,0.0,0.0,0.0,3.333333,1.0,,,,,
Judge.me Product Reviews App,Search_EN_Trust_2025.03.17,2026-02-24,2026-03-17,UTC,USD,social buttons,social proof,broad,5.0,6,0,0.0,0,0.0,0.0,0.0,0.0,3.5,0.285714,,,,,
Judge.me Product Reviews App,Search_EN_Trust_2025.03.17,2026-02-24,2026-03-17,UTC,USD,sales pop up social proof,social proof,broad,5.0,6,0,0.0,0,0.0,0.0,0.0,0.0,2.333333,0.428571,,,,,
Judge.me Product Reviews App,Search_EN_Trust_2025.03.17,2026-02-24,2026-03-17,UTC,USD,rt social,social proof,broad,5.0,6,1,0.166666,1,1.0,5.0,5.0,5.0,2.166666,0.666666,,,,,
Judge.me Product Reviews App,Search_EN_Trust_2025.03.17,2026-02-24,2026-03-17,UTC,USD,question answer,question,broad,8.0,6,0,0.0,0,0.0,0.0,0.0,0.0,1.0,1.0,,,,,
Judge.me Product Reviews App,Search_EN_Trust_2025.03.17,2026-02-24,2026-03-17,UTC,USD,social proof icons,social proof,broad,5.0,5,0,0.0,0,0.0,0.0,0.0,0.0,2.0,1.0,,,,,
Judge.me Product Reviews App,Search_EN_Trust_2025.03.17,2026-02-24,2026-03-17,UTC,USD,social media linkedin,social proof,broad,5.0,5,0,0.0,0,0.0,0.0,0.0,0.0,3.0,1.0,,,,,
Judge.me Product Reviews App,Search_EN_Trust_2025.03.17,2026-02-24,2026-03-17,UTC,USD,social media icons and links,social proof,broad,5.0,5,0,0.0,0,0.0,0.0,0.0,0.0,3.8,1.0,,,,,
Judge.me Product Reviews App,Search_EN_Trust_2025.03.17,2026-02-24,2026-03-17,UTC,USD,social media counter,social proof,broad,5.0,5,0,0.0,0,0.0,0.0,0.0,0.0,3.6,0.625,,,,,
Judge.me Product Reviews App,Search_EN_Trust_2025.03.17,2026-02-24,2026-03-17,UTC,USD,social media autopilot,social proof,broad,5.0,5,0,0.0,0,0.0,0.0,0.0,0.0,4.0,0.625,,,,,
Judge.me Product Reviews App,Search_EN_Trust_2025.03.17,2026-02-24,2026-03-17,UTC,USD,social icons,social proof,broad,5.0,5,0,0.0,0,0.0,0.0,0.0,0.0,4.0,0.116279,,,,,
Judge.me Product Reviews App,Search_EN_Trust_2025.03.17,2026-02-24,2026-03-17,UTC,USD,icon social,social proof,broad,5.0,5,1,0.2,0,0.0,5.0,0.0,5.0,3.0,0.625,,,,,
Judge.me Product Reviews App,Search_EN_Trust_2025.03.17,2026-02-24,2026-03-17,UTC,USD,theme star,stars,broad,5.0,4,0,0.0,0,0.0,0.0,0.0,0.0,6.0,0.571428,,,,,
Judge.me Product Reviews App,Search_EN_Trust_2025.03.17,2026-02-24,2026-03-17,UTC,USD,star section,stars,broad,5.0,4,0,0.0,0,0.0,0.0,0.0,0.0,2.25,1.0,,,,,
Judge.me Product Reviews App,Search_EN_Trust_2025.03.17,2026-02-24,2026-03-17,UTC,USD,star rev,stars,broad,5.0,4,0,0.0,0,0.0,0.0,0.0,0.0,1.0,1.0,,,,,
Judge.me Product Reviews App,Search_EN_Trust_2025.03.17,2026-02-24,2026-03-17,UTC,USD,star map,stars,broad,5.0,4,0,0.0,0,0.0,0.0,0.0,0.0,2.25,1.0,,,,,
Judge.me Product Reviews App,Search_EN_Trust_2025.03.17,2026-02-24,2026-03-17,UTC,USD,judge.me star,stars,broad,5.0,4,1,0.25,1,1.0,5.0,5.0,5.0,2.0,1.0,,,,,
Judge.me Product Reviews App,Search_EN_Trust_2025.03.17,2026-02-24,2026-03-17,UTC,USD,social share icon,social proof,broad,5.0,4,0,0.0,0,0.0,0.0,0.0,0.0,3.25,1.0,,,,,
Judge.me Product Reviews App,Search_EN_Trust_2025.03.17,2026-02-24,2026-03-17,UTC,USD,magik social,social proof,broad,5.0,4,0,0.0,0,0.0,0.0,0.0,0.0,4.0,0.666666,,,,,
Judge.me Product Reviews App,Search_EN_Trust_2025.03.17,2026-02-24,2026-03-17,UTC,USD,botones redes sociales,social proof,broad,5.0,4,0,0.0,0,0.0,0.0,0.0,0.0,3.0,1.0,,,,,
Judge.me Product Reviews App,Search_EN_Trust_2025.03.17,2026-02-24,2026-03-17,UTC,USD,frequent ask question free,question,broad,8.0,4,0,0.0,0,0.0,0.0,0.0,0.0,1.0,1.0,,,,,
Judge.me Product Reviews App,Search_EN_Trust_2025.03.17,2026-02-24,2026-03-17,UTC,USD,stars estimated,stars,broad,5.0,3,0,0.0,0,0.0,0.0,0.0,0.0,3.0,1.0,,,,,
Judge.me Product Reviews App,Search_EN_Trust_2025.03.17,2026-02-24,2026-03-17,UTC,USD,star rating widget,stars,broad,5.0,3,0,0.0,0,0.0,0.0,0.0,0.0,2.666666,0.6,,,,,
Judge.me Product Reviews App,Search_EN_Trust_2025.03.17,2026-02-24,2026-03-17,UTC,USD,rating star,stars,broad,5.0,3,2,0.666666,2,1.0,5.0,5.0,10.0,2.666666,1.0,,,,,
Judge.me Product Reviews App,Search_EN_Trust_2025.03.17,2026-02-24,2026-03-17,UTC,USD,social sharing,social proof,broad,5.0,3,0,0.0,0,0.0,0.0,0.0,0.0,2.0,0.157894,,,,,
Judge.me Product Reviews App,Search_EN_Trust_2025.03.17,2026-02-24,2026-03-17,UTC,USD,social proof delivery logo,social proof,broad,5.0,3,0,0.0,0,0.0,0.0,0.0,0.0,2.0,1.0,,,,,
Judge.me Product Reviews App,Search_EN_Trust_2025.03.17,2026-02-24,2026-03-17,UTC,USD,social media icons links,social proof,broad,5.0,3,0,0.0,0,0.0,0.0,0.0,0.0,3.0,1.0,,,,,
Judge.me Product Reviews App,Search_EN_Trust_2025.03.17,2026-02-24,2026-03-17,UTC,USD,social icons on header,social proof,broad,5.0,3,0,0.0,0,0.0,0.0,0.0,0.0,3.0,1.0,,,,,
Judge.me Product Reviews App,Search_EN_Trust_2025.03.17,2026-02-24,2026-03-17,UTC,USD,social follow buttons,social proof,broad,5.0,3,0,0.0,0,0.0,0.0,0.0,0.0,3.333333,1.0,,,,,
Judge.me Product Reviews App,Search_EN_Trust_2025.03.17,2026-02-24,2026-03-17,UTC,USD,section social proof,social proof,broad,5.0,3,0,0.0,0,0.0,0.0,0.0,0.0,4.0,1.0,,,,,
Judge.me Product Reviews App,Search_EN_Trust_2025.03.17,2026-02-24,2026-03-17,UTC,USD,proof bear sales pop up,social proof,broad,5.0,3,0,0.0,0,0.0,0.0,0.0,0.0,3.333333,1.0,,,,,
Judge.me Product Reviews App,Search_EN_Trust_2025.03.17,2026-02-24,2026-03-17,UTC,USD,proof approval,social proof,broad,5.0,3,0,0.0,0,0.0,0.0,0.0,0.0,3.666666,1.0,,,,,
Judge.me Product Reviews App,Search_EN_Trust_2025.03.17,2026-02-24,2026-03-17,UTC,USD,nextend social login,social proof,broad,5.0,3,0,0.0,0,0.0,0.0,0.0,0.0,3.0,1.0,,,,,
Judge.me Product Reviews App,Search_EN_Trust_2025.03.17,2026-02-24,2026-03-17,UTC,USD,login with social,social proof,broad,5.0,3,0,0.0,0,0.0,0.0,0.0,0.0,3.0,1.0,,,,,
Judge.me Product Reviews App,Search_EN_Trust_2025.03.17,2026-02-24,2026-03-17,UTC,USD,free social login,social proof,broad,5.0,3,0,0.0,0,0.0,0.0,0.0,0.0,4.0,0.6,,,,,
Judge.me Product Reviews App,Search_EN_Trust_2025.03.17,2026-02-24,2026-03-17,UTC,USD,fomo social proof,social proof,broad,5.0,3,0,0.0,0,0.0,0.0,0.0,0.0,2.333333,0.157894,,,,,
Judge.me Product Reviews App,Search_EN_Trust_2025.03.17,2026-02-24,2026-03-17,UTC,USD,fera ? social proof & fomo,social proof,broad,5.0,3,0,0.0,0,0.0,0.0,0.0,0.0,3.0,1.0,,,,,
Judge.me Product Reviews App,Search_EN_Trust_2025.03.17,2026-02-24,2026-03-17,UTC,USD,elfsight social share but,social proof,broad,5.0,3,0,0.0,0,0.0,0.0,0.0,0.0,3.333333,1.0,,,,,
Judge.me Product Reviews App,Search_EN_Trust_2025.03.17,2026-02-24,2026-03-17,UTC,USD,barra redes sociales,social proof,broad,5.0,3,0,0.0,0,0.0,0.0,0.0,0.0,2.666666,1.0,,,,,
Judge.me Product Reviews App,Search_EN_Trust_2025.03.17,2026-02-24,2026-03-17,UTC,USD,auto post social media,social proof,broad,5.0,3,0,0.0,0,0.0,0.0,0.0,0.0,5.666666,0.25,,,,,
Judge.me Product Reviews App,Search_EN_Trust_2025.03.17,2026-02-24,2026-03-17,UTC,USD,announcement bar with social icons,social proof,broad,5.0,3,0,0.0,0,0.0,0.0,0.0,0.0,3.0,1.0,,,,,
Judge.me Product Reviews App,Search_EN_Trust_2025.03.17,2026-02-24,2026-03-17,UTC,USD,question & answer,question,broad,8.0,3,0,0.0,0,0.0,0.0,0.0,0.0,1.0,1.0,,,,,
Judge.me Product Reviews App,Search_EN_Trust_2025.03.17,2026-02-24,2026-03-17,UTC,USD,frequently ask question free,question,broad,8.0,3,0,0.0,0,0.0,0.0,0.0,0.0,1.0,1.0,,,,,
Judge.me Product Reviews App,Search_EN_Trust_2025.03.17,2026-02-24,2026-03-17,UTC,USD,comment guard,comments,broad,4.0,3,0,0.0,0,0.0,0.0,0.0,0.0,1.666666,1.0,,,,,
Judge.me Product Reviews App,Search_EN_Trust_2025.03.17,2026-02-24,2026-03-17,UTC,USD,blog comments,comments,broad,4.0,3,0,0.0,0,0.0,0.0,0.0,0.0,2.666666,0.272727,,,,,
Judge.me Product Reviews App,Search_EN_Trust_2025.03.17,2026-02-24,2026-03-17,UTC,USD,star shipit,stars,broad,5.0,2,0,0.0,0,0.0,0.0,0.0,0.0,4.0,0.5,,,,,
Judge.me Product Reviews App,Search_EN_Trust_2025.03.17,2026-02-24,2026-03-17,UTC,USD,star reviews,stars,broad,5.0,2,1,0.5,1,1.0,5.0,5.0,5.0,3.0,1.0,,,,,
Judge.me Product Reviews App,Search_EN_Trust_2025.03.17,2026-02-24,2026-03-17,UTC,USD,star ratting,stars,broad,5.0,2,0,0.0,0,0.0,0.0,0.0,0.0,2.0,1.0,,,,,
Judge.me Product Reviews App,Search_EN_Trust_2025.03.17,2026-02-24,2026-03-17,UTC,USD,star r,stars,broad,5.0,2,0,0.0,0,0.0,0.0,0.0,0.0,1.0,1.0,,,,,
Judge.me Product Reviews App,Search_EN_Trust_2025.03.17,2026-02-24,2026-03-17,UTC,USD,star estimated,stars,broad,5.0,2,0,0.0,0,0.0,0.0,0.0,0.0,2.5,1.0,,,,,
Judge.me Product Reviews App,Search_EN_Trust_2025.03.17,2026-02-24,2026-03-17,UTC,USD,star cloud prnt,stars,broad,5.0,2,0,0.0,0,0.0,0.0,0.0,0.0,3.0,1.0,,,,,
Judge.me Product Reviews App,Search_EN_Trust_2025.03.17,2026-02-24,2026-03-17,UTC,USD,review stars,stars,broad,5.0,2,0,0.0,0,0.0,0.0,0.0,0.0,2.0,1.0,,,,,
Judge.me Product Reviews App,Search_EN_Trust_2025.03.17,2026-02-24,2026-03-17,UTC,USD,rating stars,stars,broad,5.0,2,0,0.0,0,0.0,0.0,0.0,0.0,3.5,0.666666,,,,,
Judge.me Product Reviews App,Search_EN_Trust_2025.03.17,2026-02-24,2026-03-17,UTC,USD,moon and stars rattle,stars,broad,5.0,2,0,0.0,0,0.0,0.0,0.0,0.0,3.0,1.0,,,,,
Judge.me Product Reviews App,Search_EN_Trust_2025.03.17,2026-02-24,2026-03-17,UTC,USD,dragon star,stars,broad,5.0,2,0,0.0,0,0.0,0.0,0.0,0.0,2.0,1.0,,,,,
Judge.me Product Reviews App,Search_EN_Trust_2025.03.17,2026-02-24,2026-03-17,UTC,USD,cold star,stars,broad,5.0,2,0,0.0,0,0.0,0.0,0.0,0.0,2.0,1.0,,,,,
Judge.me Product Reviews App,Search_EN_Trust_2025.03.17,2026-02-24,2026-03-17,UTC,USD,able star,stars,broad,5.0,2,0,0.0,0,0.0,0.0,0.0,0.0,3.0,1.0,,,,,
Judge.me Product Reviews App,Search_EN_Trust_2025.03.17,2026-02-24,2026-03-17,UTC,USD,rating widget,rating widget,exact,3.0,2,0,0.0,0,0.0,0.0,0.0,0.0,3.0,0.4,,,,,
Judge.me Product Reviews App,Search_EN_Trust_2025.03.17,2026-02-24,2026-03-17,UTC,USD,viralsweep ? social actions,social proof,broad,5.0,2,0,0.0,0,0.0,0.0,0.0,0.0,3.0,1.0,,,,,
Judge.me Product Reviews App,Search_EN_Trust_2025.03.17,2026-02-24,2026-03-17,UTC,USD,upload proof of payment,social proof,broad,5.0,2,0,0.0,0,0.0,0.0,0.0,0.0,3.0,1.0,,,,,
Judge.me Product Reviews App,Search_EN_Trust_2025.03.17,2026-02-24,2026-03-17,UTC,USD,stars social proof,social proof,broad,5.0,2,0,0.0,0,0.0,0.0,0.0,0.0,4.0,1.0,,,,,
Judge.me Product Reviews App,Search_EN_Trust_2025.03.17,2026-02-24,2026-03-17,UTC,USD,sprout social,social proof,broad,5.0,2,0,0.0,0,0.0,0.0,0.0,0.0,2.0,0.142857,,,,,
Judge.me Product Reviews App,Search_EN_Trust_2025.03.17,2026-02-24,2026-03-17,UTC,USD,social widgets,social proof,broad,5.0,2,0,0.0,0,0.0,0.0,0.0,0.0,3.5,0.666666,,,,,
Judge.me Product Reviews App,Search_EN_Trust_2025.03.17,2026-02-24,2026-03-17,UTC,USD,social videos,social proof,broad,5.0,2,0,0.0,0,0.0,0.0,0.0,0.0,8.0,0.666666,,,,,
Judge.me Product Reviews App,Search_EN_Trust_2025.03.17,2026-02-24,2026-03-17,UTC,USD,social snowball,social proof,broad,5.0,2,0,0.0,0,0.0,0.0,0.0,0.0,3.5,0.013793,,,,,
Judge.me Product Reviews App,Search_EN_Trust_2025.03.17,2026-02-24,2026-03-17,UTC,USD,social signin,social proof,broad,5.0,2,0,0.0,0,0.0,0.0,0.0,0.0,2.5,1.0,,,,,
Judge.me Product Reviews App,Search_EN_Trust_2025.03.17,2026-02-24,2026-03-17,UTC,USD,social share buttons,social proof,broad,5.0,2,0,0.0,0,0.0,0.0,0.0,0.0,3.0,0.333333,,,,,
Judge.me Product Reviews App,Search_EN_Trust_2025.03.17,2026-02-24,2026-03-17,UTC,USD,social scheduler,social proof,broad,5.0,2,0,0.0,0,0.0,0.0,0.0,0.0,3.0,1.0,,,,,
Judge.me Product Reviews App,Search_EN_Trust_2025.03.17,2026-02-24,2026-03-17,UTC,USD,social proofy,social proof,broad,5.0,2,0,0.0,0,0.0,0.0,0.0,0.0,1.0,0.25,,,,,
Judge.me Product Reviews App,Search_EN_Trust_2025.03.17,2026-02-24,2026-03-17,UTC,USD,social proof salespopup,social proof,broad,5.0,2,0,0.0,0,0.0,0.0,0.0,0.0,3.0,1.0,,,,,
Judge.me Product Reviews App,Search_EN_Trust_2025.03.17,2026-02-24,2026-03-17,UTC,USD,social proof bear,social proof,broad,5.0,2,0,0.0,0,0.0,0.0,0.0,0.0,6.5,0.057142,,,,,
Judge.me Product Reviews App,Search_EN_Trust_2025.03.17,2026-02-24,2026-03-17,UTC,USD,social proo,social proof,broad,5.0,2,0,0.0,0,0.0,0.0,0.0,0.0,2.0,0.333333,,,,,
Judge.me Product Reviews App,Search_EN_Trust_2025.03.17,2026-02-24,2026-03-17,UTC,USD,social poofy,social proof,broad,5.0,2,0,0.0,0,0.0,0.0,0.0,0.0,3.0,1.0,,,,,
Judge.me Product Reviews App,Search_EN_Trust_2025.03.17,2026-02-24,2026-03-17,UTC,USD,social pay,social proof,broad,5.0,2,0,0.0,0,0.0,0.0,0.0,0.0,3.0,1.0,,,,,
Judge.me Product Reviews App,Search_EN_Trust_2025.03.17,2026-02-24,2026-03-17,UTC,USD,social media share image,social proof,broad,5.0,2,0,0.0,0,0.0,0.0,0.0,0.0,2.0,0.666666,,,,,
Judge.me Product Reviews App,Search_EN_Trust_2025.03.17,2026-02-24,2026-03-17,UTC,USD,social media organic,social proof,broad,5.0,2,0,0.0,0,0.0,0.0,0.0,0.0,5.0,0.333333,,,,,
Judge.me Product Reviews App,Search_EN_Trust_2025.03.17,2026-02-24,2026-03-17,UTC,USD,social media live counter,social proof,broad,5.0,2,0,0.0,0,0.0,0.0,0.0,0.0,3.5,0.333333,,,,,
Judge.me Product Reviews App,Search_EN_Trust_2025.03.17,2026-02-24,2026-03-17,UTC,USD,social media links,social proof,broad,5.0,2,0,0.0,0,0.0,0.0,0.0,0.0,1.0,0.5,,,,,
Judge.me Product Reviews App,Search_EN_Trust_2025.03.17,2026-02-24,2026-03-17,UTC,USD,social media icons header,social proof,broad,5.0,2,0,0.0,0,0.0,0.0,0.0,0.0,4.0,0.5,,,,,
Judge.me Product Reviews App,Search_EN_Trust_2025.03.17,2026-02-24,2026-03-17,UTC,USD,social media icon,social proof,broad,5.0,2,0,0.0,0,0.0,0.0,0.0,0.0,1.0,0.105263,,,,,
Judge.me Product Reviews App,Search_EN_Trust_2025.03.17,2026-02-24,2026-03-17,UTC,USD,social media foter,social proof,broad,5.0,2,0,0.0,0,0.0,0.0,0.0,0.0,3.0,1.0,,,,,
Judge.me Product Reviews App,Search_EN_Trust_2025.03.17,2026-02-24,2026-03-17,UTC,USD,social media auto post,social proof,broad,5.0,2,0,0.0,0,0.0,0.0,0.0,0.0,1.5,0.105263,,,,,
Judge.me Product Reviews App,Search_EN_Trust_2025.03.17,2026-02-24,2026-03-17,UTC,USD,social login extension,social proof,broad,5.0,2,0,0.0,0,0.0,0.0,0.0,0.0,3.0,1.0,,,,,
Judge.me Product Reviews App,Search_EN_Trust_2025.03.17,2026-02-24,2026-03-17,UTC,USD,social login ? one tap,social proof,broad,5.0,2,0,0.0,0,0.0,0.0,0.0,0.0,3.0,1.0,,,,,
Judge.me Product Reviews App,Search_EN_Trust_2025.03.17,2026-02-24,2026-03-17,UTC,USD,social ico,social proof,broad,5.0,2,0,0.0,0,0.0,0.0,0.0,0.0,3.0,1.0,,,,,
Judge.me Product Reviews App,Search_EN_Trust_2025.03.17,2026-02-24,2026-03-17,UTC,USD,social flux,social proof,broad,5.0,2,0,0.0,0,0.0,0.0,0.0,0.0,3.0,1.0,,,,,
Judge.me Product Reviews App,Search_EN_Trust_2025.03.17,2026-02-24,2026-03-17,UTC,USD,social chat,social proof,broad,5.0,2,0,0.0,0,0.0,0.0,0.0,0.0,1.5,0.285714,,,,,
Judge.me Product Reviews App,Search_EN_Trust_2025.03.17,2026-02-24,2026-03-17,UTC,USD,social call and chat support,social proof,broad,5.0,2,0,0.0,0,0.0,0.0,0.0,0.0,3.0,1.0,,,,,
Judge.me Product Reviews App,Search_EN_Trust_2025.03.17,2026-02-24,2026-03-17,UTC,USD,shopify social login,social proof,broad,5.0,2,0,0.0,0,0.0,0.0,0.0,0.0,4.0,0.666666,,,,,
Judge.me Product Reviews App,Search_EN_Trust_2025.03.17,2026-02-24,2026-03-17,UTC,USD,quick social login,social proof,broad,5.0,2,0,0.0,0,0.0,0.0,0.0,0.0,3.0,0.5,,,,,
Judge.me Product Reviews App,Search_EN_Trust_2025.03.17,2026-02-24,2026-03-17,UTC,USD,qikify sales pop-up & proof,social proof,broad,5.0,2,0,0.0,0,0.0,0.0,0.0,0.0,4.0,0.4,,,,,
Judge.me Product Reviews App,Search_EN_Trust_2025.03.17,2026-02-24,2026-03-17,UTC,USD,proof be,social proof,broad,5.0,2,0,0.0,0,0.0,0.0,0.0,0.0,2.5,1.0,,,,,
Judge.me Product Reviews App,Search_EN_Trust_2025.03.17,2026-02-24,2026-03-17,UTC,USD,oxi social login,social proof,broad,5.0,2,0,0.0,0,0.0,0.0,0.0,0.0,2.0,0.142857,,,,,
Judge.me Product Reviews App,Search_EN_Trust_2025.03.17,2026-02-24,2026-03-17,UTC,USD,multipixels ? social pixels,social proof,broad,5.0,2,0,0.0,0,0.0,0.0,0.0,0.0,3.0,1.0,,,,,
Judge.me Product Reviews App,Search_EN_Trust_2025.03.17,2026-02-24,2026-03-17,UTC,USD,miniorange social login,social proof,broad,5.0,2,0,0.0,0,0.0,0.0,0.0,0.0,3.5,0.25,,,,,
Judge.me Product Reviews App,Search_EN_Trust_2025.03.17,2026-02-24,2026-03-17,UTC,USD,login with social media,social proof,broad,5.0,2,0,0.0,0,0.0,0.0,0.0,0.0,3.0,1.0,,,,,
Judge.me Product Reviews App,Search_EN_Trust_2025.03.17,2026-02-24,2026-03-17,UTC,USD,hulk social loging,social proof,broad,5.0,2,0,0.0,0,0.0,0.0,0.0,0.0,3.0,1.0,,,,,
Judge.me Product Reviews App,Search_EN_Trust_2025.03.17,2026-02-24,2026-03-17,UTC,USD,helpy social share,social proof,broad,5.0,2,0,0.0,0,0.0,0.0,0.0,0.0,3.0,1.0,,,,,
Judge.me Product Reviews App,Search_EN_Trust_2025.03.17,2026-02-24,2026-03-17,UTC,USD,froonze social login,social proof,broad,5.0,2,0,0.0,0,0.0,0.0,0.0,0.0,6.0,0.666666,,,,,
Judge.me Product Reviews App,Search_EN_Trust_2025.03.17,2026-02-24,2026-03-17,UTC,USD,easyauth social login,social proof,broad,5.0,2,0,0.0,0,0.0,0.0,0.0,0.0,3.0,1.0,,,,,
Judge.me Product Reviews App,Search_EN_Trust_2025.03.17,2026-02-24,2026-03-17,UTC,USD,easy social login,social proof,broad,5.0,2,0,0.0,0,0.0,0.0,0.0,0.0,3.0,0.666666,,,,,
Judge.me Product Reviews App,Search_EN_Trust_2025.03.17,2026-02-24,2026-03-17,UTC,USD,button social media,social proof,broad,5.0,2,0,0.0,0,0.0,0.0,0.0,0.0,3.0,1.0,,,,,
Judge.me Product Reviews App,Search_EN_Trust_2025.03.17,2026-02-24,2026-03-17,UTC,USD,bank transfer proof,social proof,broad,5.0,2,0,0.0,0,0.0,0.0,0.0,0.0,2.0,1.0,,,,,
Judge.me Product Reviews App,Search_EN_Trust_2025.03.17,2026-02-24,2026-03-17,UTC,USD,autopost social media,social proof,broad,5.0,2,0,0.0,0,0.0,0.0,0.0,0.0,6.0,0.5,,,,,
Judge.me Product Reviews App,Search_EN_Trust_2025.03.17,2026-02-24,2026-03-17,UTC,USD,auto social media,social proof,broad,5.0,2,0,0.0,0,0.0,0.0,0.0,0.0,6.0,0.666666,,,,,
Judge.me Product Reviews App,Search_EN_Trust_2025.03.17,2026-02-24,2026-03-17,UTC,USD,questions and answers,question,broad,8.0,2,0,0.0,0,0.0,0.0,0.0,0.0,1.0,1.0,,,,,
Judge.me Product Reviews App,Search_EN_Trust_2025.03.17,2026-02-24,2026-03-17,UTC,USD,questioner,question,broad,8.0,2,0,0.0,0,0.0,0.0,0.0,0.0,1.0,1.0,,,,,
Judge.me Product Reviews App,Search_EN_Trust_2025.03.17,2026-02-24,2026-03-17,UTC,USD,question answer page,question,broad,8.0,2,0,0.0,0,0.0,0.0,0.0,0.0,2.0,1.0,,,,,
Judge.me Product Reviews App,Search_EN_Trust_2025.03.17,2026-02-24,2026-03-17,UTC,USD,frequently questions,question,broad,8.0,2,0,0.0,0,0.0,0.0,0.0,0.0,2.0,1.0,,,,,
Judge.me Product Reviews App,Search_EN_Trust_2025.03.17,2026-02-24,2026-03-17,UTC,USD,checkout question add,question,broad,8.0,2,0,0.0,0,0.0,0.0,0.0,0.0,3.0,1.0,,,,,
Judge.me Product Reviews App,Search_EN_Trust_2025.03.17,2026-02-24,2026-03-17,UTC,USD,appointment and questions,question,broad,8.0,2,0,0.0,0,0.0,0.0,0.0,0.0,1.0,1.0,,,,,
Judge.me Product Reviews App,Search_EN_Trust_2025.03.17,2026-02-24,2026-03-17,UTC,USD,youtube comment,comments,broad,4.0,2,0,0.0,0,0.0,0.0,0.0,0.0,3.0,1.0,,,,,
Judge.me Product Reviews App,Search_EN_Trust_2025.03.17,2026-02-24,2026-03-17,UTC,USD,powr comments,comments,broad,4.0,2,0,0.0,0,0.0,0.0,0.0,0.0,4.0,0.666666,,,,,
Judge.me Product Reviews App,Search_EN_Trust_2025.03.17,2026-02-24,2026-03-17,UTC,USD,v star,stars,broad,5.0,1,0,0.0,0,0.0,0.0,0.0,0.0,2.0,1.0,,,,,
Judge.me Product Reviews App,Search_EN_Trust_2025.03.17,2026-02-24,2026-03-17,UTC,USD,trust star,stars,broad,5.0,1,0,0.0,0,0.0,0.0,0.0,0.0,3.0,1.0,,,,,
Judge.me Product Reviews App,Search_EN_Trust_2025.03.17,2026-02-24,2026-03-17,UTC,USD,story star,stars,broad,5.0,1,0,0.0,0,0.0,0.0,0.0,0.0,3.0,1.0,,,,,
Judge.me Product Reviews App,Search_EN_Trust_2025.03.17,2026-02-24,2026-03-17,UTC,USD,stars section,stars,broad,5.0,1,0,0.0,0,0.0,0.0,0.0,0.0,4.0,1.0,,,,,
Judge.me Product Reviews App,Search_EN_Trust_2025.03.17,2026-02-24,2026-03-17,UTC,USD,stars rating,stars,broad,5.0,1,0,0.0,0,0.0,0.0,0.0,0.0,1.0,0.125,,,,,
Judge.me Product Reviews App,Search_EN_Trust_2025.03.17,2026-02-24,2026-03-17,UTC,USD,starli,stars,broad,5.0,1,0,0.0,0,0.0,0.0,0.0,0.0,2.0,1.0,,,,,
Judge.me Product Reviews App,Search_EN_Trust_2025.03.17,2026-02-24,2026-03-17,UTC,USD,star wars retro logo,stars,broad,5.0,1,0,0.0,0,0.0,0.0,0.0,0.0,3.0,1.0,,,,,
Judge.me Product Reviews App,Search_EN_Trust_2025.03.17,2026-02-24,2026-03-17,UTC,USD,star variants,stars,broad,5.0,1,0,0.0,0,0.0,0.0,0.0,0.0,4.0,0.333333,,,,,
Judge.me Product Reviews App,Search_EN_Trust_2025.03.17,2026-02-24,2026-03-17,UTC,USD,star va,stars,broad,5.0,1,0,0.0,0,0.0,0.0,0.0,0.0,3.0,1.0,,,,,
Judge.me Product Reviews App,Search_EN_Trust_2025.03.17,2026-02-24,2026-03-17,UTC,USD,star trek,stars,broad,5.0,1,0,0.0,0,0.0,0.0,0.0,0.0,3.0,1.0,,,,,
Judge.me Product Reviews App,Search_EN_Trust_2025.03.17,2026-02-24,2026-03-17,UTC,USD,star studios,stars,broad,5.0,1,0,0.0,0,0.0,0.0,0.0,0.0,3.0,1.0,,,,,
Judge.me Product Reviews App,Search_EN_Trust_2025.03.17,2026-02-24,2026-03-17,UTC,USD,star shippit,stars,broad,5.0,1,0,0.0,0,0.0,0.0,0.0,0.0,2.0,0.333333,,,,,
Judge.me Product Reviews App,Search_EN_Trust_2025.03.17,2026-02-24,2026-03-17,UTC,USD,star sections,stars,broad,5.0,1,0,0.0,0,0.0,0.0,0.0,0.0,2.0,1.0,,,,,
Judge.me Product Reviews App,Search_EN_Trust_2025.03.17,2026-02-24,2026-03-17,UTC,USD,star rreviews,stars,broad,5.0,1,0,0.0,0,0.0,0.0,0.0,0.0,2.0,1.0,,,,,
Judge.me Product Reviews App,Search_EN_Trust_2025.03.17,2026-02-24,2026-03-17,UTC,USD,star reting,stars,broad,5.0,1,0,0.0,0,0.0,0.0,0.0,0.0,3.0,1.0,,,,,
Judge.me Product Reviews App,Search_EN_Trust_2025.03.17,2026-02-24,2026-03-17,UTC,USD,star reiting,stars,broad,5.0,1,0,0.0,0,0.0,0.0,0.0,0.0,3.0,1.0,,,,,
Judge.me Product Reviews App,Search_EN_Trust_2025.03.17,2026-02-24,2026-03-17,UTC,USD,star ratings display,stars,broad,5.0,1,0,0.0,0,0.0,0.0,0.0,0.0,3.0,1.0,,,,,
Judge.me Product Reviews App,Search_EN_Trust_2025.03.17,2026-02-24,2026-03-17,UTC,USD,star rating pop up,stars,broad,5.0,1,0,0.0,0,0.0,0.0,0.0,0.0,4.0,1.0,,,,,
Judge.me Product Reviews App,Search_EN_Trust_2025.03.17,2026-02-24,2026-03-17,UTC,USD,star rating new,stars,broad,5.0,1,0,0.0,0,0.0,0.0,0.0,0.0,3.0,1.0,,,,,
Judge.me Product Reviews App,Search_EN_Trust_2025.03.17,2026-02-24,2026-03-17,UTC,USD,star raiting,stars,broad,5.0,1,0,0.0,0,0.0,0.0,0.0,0.0,3.0,0.5,,,,,
Judge.me Product Reviews App,Search_EN_Trust_2025.03.17,2026-02-24,2026-03-17,UTC,USD,star pr,stars,broad,5.0,1,0,0.0,0,0.0,0.0,0.0,0.0,2.0,1.0,,,,,
Judge.me Product Reviews App,Search_EN_Trust_2025.03.17,2026-02-24,2026-03-17,UTC,USD,star owerwiev,stars,broad,5.0,1,0,0.0,0,0.0,0.0,0.0,0.0,2.0,1.0,,,,,
Judge.me Product Reviews App,Search_EN_Trust_2025.03.17,2026-02-24,2026-03-17,UTC,USD,star mods,stars,broad,5.0,1,0,0.0,0,0.0,0.0,0.0,0.0,3.0,1.0,,,,,
Judge.me Product Reviews App,Search_EN_Trust_2025.03.17,2026-02-24,2026-03-17,UTC,USD,star micronics mpop receipt printer,stars,broad,5.0,1,0,0.0,0,0.0,0.0,0.0,0.0,4.0,1.0,,,,,
Judge.me Product Reviews App,Search_EN_Trust_2025.03.17,2026-02-24,2026-03-17,UTC,USD,star maps,stars,broad,5.0,1,0,0.0,0,0.0,0.0,0.0,0.0,6.0,1.0,,,,,
Judge.me Product Reviews App,Search_EN_Trust_2025.03.17,2026-02-24,2026-03-17,UTC,USD,star mao,stars,broad,5.0,1,0,0.0,0,0.0,0.0,0.0,0.0,2.0,1.0,,,,,
Judge.me Product Reviews App,Search_EN_Trust_2025.03.17,2026-02-24,2026-03-17,UTC,USD,star faq,stars,broad,5.0,1,0,0.0,0,0.0,0.0,0.0,0.0,3.0,1.0,,,,,
Judge.me Product Reviews App,Search_EN_Trust_2025.03.17,2026-02-24,2026-03-17,UTC,USD,star ear climber,stars,broad,5.0,1,0,0.0,0,0.0,0.0,0.0,0.0,3.0,1.0,,,,,
Judge.me Product Reviews App,Search_EN_Trust_2025.03.17,2026-02-24,2026-03-17,UTC,USD,star cloudprnt,stars,broad,5.0,1,0,0.0,0,0.0,0.0,0.0,0.0,3.0,1.0,,,,,
Judge.me Product Reviews App,Search_EN_Trust_2025.03.17,2026-02-24,2026-03-17,UTC,USD,star badge placement,stars,broad,5.0,1,0,0.0,0,0.0,0.0,0.0,0.0,3.0,1.0,,,,,
Judge.me Product Reviews App,Search_EN_Trust_2025.03.17,2026-02-24,2026-03-17,UTC,USD,sectoin star,stars,broad,5.0,1,0,0.0,0,0.0,0.0,0.0,0.0,2.0,1.0,,,,,
Judge.me Product Reviews App,Search_EN_Trust_2025.03.17,2026-02-24,2026-03-17,UTC,USD,sectin star,stars,broad,5.0,1,0,0.0,0,0.0,0.0,0.0,0.0,3.0,1.0,,,,,
Judge.me Product Reviews App,Search_EN_Trust_2025.03.17,2026-02-24,2026-03-17,UTC,USD,rpi-stars,stars,broad,5.0,1,0,0.0,0,0.0,0.0,0.0,0.0,3.0,1.0,,,,,
Judge.me Product Reviews App,Search_EN_Trust_2025.03.17,2026-02-24,2026-03-17,UTC,USD,rewview stars,stars,broad,5.0,1,0,0.0,0,0.0,0.0,0.0,0.0,3.0,1.0,,,,,
Judge.me Product Reviews App,Search_EN_Trust_2025.03.17,2026-02-24,2026-03-17,UTC,USD,rewiev stars,stars,broad,5.0,1,0,0.0,0,0.0,0.0,0.0,0.0,2.0,1.0,,,,,
Judge.me Product Reviews App,Search_EN_Trust_2025.03.17,2026-02-24,2026-03-17,UTC,USD,reuired field star,stars,broad,5.0,1,0,0.0,0,0.0,0.0,0.0,0.0,2.0,1.0,,,,,
Judge.me Product Reviews App,Search_EN_Trust_2025.03.17,2026-02-24,2026-03-17,UTC,USD,raiing star,stars,broad,5.0,1,0,0.0,0,0.0,0.0,0.0,0.0,2.0,1.0,,,,,
Judge.me Product Reviews App,Search_EN_Trust_2025.03.17,2026-02-24,2026-03-17,UTC,USD,plain star,stars,broad,5.0,1,0,0.0,0,0.0,0.0,0.0,0.0,2.0,1.0,,,,,
Judge.me Product Reviews App,Search_EN_Trust_2025.03.17,2026-02-24,2026-03-17,UTC,USD,pink rating star,stars,broad,5.0,1,0,0.0,0,0.0,0.0,0.0,0.0,3.0,1.0,,,,,
Judge.me Product Reviews App,Search_EN_Trust_2025.03.17,2026-02-24,2026-03-17,UTC,USD,north star,stars,broad,5.0,1,0,0.0,0,0.0,0.0,0.0,0.0,3.0,1.0,,,,,
Judge.me Product Reviews App,Search_EN_Trust_2025.03.17,2026-02-24,2026-03-17,UTC,USD,moon and stars,stars,broad,5.0,1,0,0.0,0,0.0,0.0,0.0,0.0,3.0,1.0,,,,,
Judge.me Product Reviews App,Search_EN_Trust_2025.03.17,2026-02-24,2026-03-17,UTC,USD,judge.me stars,stars,broad,5.0,1,0,0.0,0,0.0,0.0,0.0,0.0,3.0,1.0,,,,,
Judge.me Product Reviews App,Search_EN_Trust_2025.03.17,2026-02-24,2026-03-17,UTC,USD,judge star importor,stars,broad,5.0,1,0,0.0,0,0.0,0.0,0.0,0.0,3.0,1.0,,,,,
Judge.me Product Reviews App,Search_EN_Trust_2025.03.17,2026-02-24,2026-03-17,UTC,USD,judge star,stars,broad,5.0,1,0,0.0,0,0.0,0.0,0.0,0.0,3.0,1.0,,,,,
Judge.me Product Reviews App,Search_EN_Trust_2025.03.17,2026-02-24,2026-03-17,UTC,USD,footer star,stars,broad,5.0,1,0,0.0,0,0.0,0.0,0.0,0.0,1.0,0.5,,,,,
Judge.me Product Reviews App,Search_EN_Trust_2025.03.17,2026-02-24,2026-03-17,UTC,USD,five stars,stars,broad,5.0,1,0,0.0,0,0.0,0.0,0.0,0.0,3.0,0.5,,,,,
Judge.me Product Reviews App,Search_EN_Trust_2025.03.17,2026-02-24,2026-03-17,UTC,USD,fake stars,stars,broad,5.0,1,0,0.0,0,0.0,0.0,0.0,0.0,2.0,1.0,,,,,
Judge.me Product Reviews App,Search_EN_Trust_2025.03.17,2026-02-24,2026-03-17,UTC,USD,david yurman streamline blue sapphire star of david pendant in sterling silver,stars,broad,5.0,1,0,0.0,0,0.0,0.0,0.0,0.0,3.0,1.0,,,,,
Judge.me Product Reviews App,Search_EN_Trust_2025.03.17,2026-02-24,2026-03-17,UTC,USD,dancing down the stars,stars,broad,5.0,1,0,0.0,0,0.0,0.0,0.0,0.0,4.0,1.0,,,,,
Judge.me Product Reviews App,Search_EN_Trust_2025.03.17,2026-02-24,2026-03-17,UTC,USD,cursor star,stars,broad,5.0,1,0,0.0,0,0.0,0.0,0.0,0.0,2.0,1.0,,,,,
Judge.me Product Reviews App,Search_EN_Trust_2025.03.17,2026-02-24,2026-03-17,UTC,USD,chuck taylor all star xxhi.,stars,broad,5.0,1,0,0.0,0,0.0,0.0,0.0,0.0,3.0,1.0,,,,,
Judge.me Product Reviews App,Search_EN_Trust_2025.03.17,2026-02-24,2026-03-17,UTC,USD,breadcrumbs star,stars,broad,5.0,1,0,0.0,0,0.0,0.0,0.0,0.0,3.0,1.0,,,,,
Judge.me Product Reviews App,Search_EN_Trust_2025.03.17,2026-02-24,2026-03-17,UTC,USD,breadcrumb star,stars,broad,5.0,1,0,0.0,0,0.0,0.0,0.0,0.0,3.0,0.5,,,,,
Judge.me Product Reviews App,Search_EN_Trust_2025.03.17,2026-02-24,2026-03-17,UTC,USD,badge star,stars,broad,5.0,1,0,0.0,0,0.0,0.0,0.0,0.0,2.0,1.0,,,,,
Judge.me Product Reviews App,Search_EN_Trust_2025.03.17,2026-02-24,2026-03-17,UTC,USD,autopilot star,stars,broad,5.0,1,0,0.0,0,0.0,0.0,0.0,0.0,4.0,1.0,,,,,
Judge.me Product Reviews App,Search_EN_Trust_2025.03.17,2026-02-24,2026-03-17,UTC,USD,androgyny eyeshadow palette jeffree star cosmetics,stars,broad,5.0,1,0,0.0,0,0.0,0.0,0.0,0.0,3.0,1.0,,,,,
Judge.me Product Reviews App,Search_EN_Trust_2025.03.17,2026-02-24,2026-03-17,UTC,USD,able star bulkflow,stars,broad,5.0,1,0,0.0,0,0.0,0.0,0.0,0.0,3.0,1.0,,,,,
Judge.me Product Reviews App,Search_EN_Trust_2025.03.17,2026-02-24,2026-03-17,UTC,USD,a star,stars,broad,5.0,1,0,0.0,0,0.0,0.0,0.0,0.0,2.0,1.0,,,,,
Judge.me Product Reviews App,Search_EN_Trust_2025.03.17,2026-02-24,2026-03-17,UTC,USD,924 w star st denison texas 75020,stars,broad,5.0,1,0,0.0,0,0.0,0.0,0.0,0.0,3.0,1.0,,,,,
Judge.me Product Reviews App,Search_EN_Trust_2025.03.17,2026-02-24,2026-03-17,UTC,USD,2025 rookies & stars,stars,broad,5.0,1,0,0.0,0,0.0,0.0,0.0,0.0,3.0,1.0,,,,,
Judge.me Product Reviews App,Search_EN_Trust_2025.03.17,2026-02-24,2026-03-17,UTC,USD,wp social ninja,social proof,broad,5.0,1,0,0.0,0,0.0,0.0,0.0,0.0,3.0,1.0,,,,,
Judge.me Product Reviews App,Search_EN_Trust_2025.03.17,2026-02-24,2026-03-17,UTC,USD,wisernotify social proof,social proof,broad,5.0,1,0,0.0,0,0.0,0.0,0.0,0.0,3.0,1.0,,,,,
Judge.me Product Reviews App,Search_EN_Trust_2025.03.17,2026-02-24,2026-03-17,UTC,USD,welcome to proof bear,social proof,broad,5.0,1,0,0.0,0,0.0,0.0,0.0,0.0,2.0,1.0,,,,,
Judge.me Product Reviews App,Search_EN_Trust_2025.03.17,2026-02-24,2026-03-17,UTC,USD,welcome to proof,social proof,broad,5.0,1,0,0.0,0,0.0,0.0,0.0,0.0,2.0,1.0,,,,,
Judge.me Product Reviews App,Search_EN_Trust_2025.03.17,2026-02-24,2026-03-17,UTC,USD,wechat social login,social proof,broad,5.0,1,0,0.0,0,0.0,0.0,0.0,0.0,4.0,1.0,,,,,
Judge.me Product Reviews App,Search_EN_Trust_2025.03.17,2026-02-24,2026-03-17,UTC,USD,vitals social proof,social proof,broad,5.0,1,0,0.0,0,0.0,0.0,0.0,0.0,3.0,1.0,,,,,
Judge.me Product Reviews App,Search_EN_Trust_2025.03.17,2026-02-24,2026-03-17,UTC,USD,vibeflow social media,social proof,broad,5.0,1,0,0.0,0,0.0,0.0,0.0,0.0,3.0,1.0,,,,,
Judge.me Product Reviews App,Search_EN_Trust_2025.03.17,2026-02-24,2026-03-17,UTC,USD,user proof,social proof,broad,5.0,1,0,0.0,0,0.0,0.0,0.0,0.0,4.0,1.0,,,,,
Judge.me Product Reviews App,Search_EN_Trust_2025.03.17,2026-02-24,2026-03-17,UTC,USD,upload payment proof,social proof,broad,5.0,1,0,0.0,0,0.0,0.0,0.0,0.0,3.0,1.0,,,,,
Judge.me Product Reviews App,Search_EN_Trust_2025.03.17,2026-02-24,2026-03-17,UTC,USD,trustoo social proof,social proof,broad,5.0,1,0,0.0,0,0.0,0.0,0.0,0.0,4.0,0.5,,,,,
Judge.me Product Reviews App,Search_EN_Trust_2025.03.17,2026-02-24,2026-03-17,UTC,USD,toggle button for social media,social proof,broad,5.0,1,0,0.0,0,0.0,0.0,0.0,0.0,3.0,1.0,,,,,
Judge.me Product Reviews App,Search_EN_Trust_2025.03.17,2026-02-24,2026-03-17,UTC,USD,testimonial social,social proof,broad,5.0,1,0,0.0,0,0.0,0.0,0.0,0.0,4.0,1.0,,,,,
Judge.me Product Reviews App,Search_EN_Trust_2025.03.17,2026-02-24,2026-03-17,UTC,USD,super social,social proof,broad,5.0,1,0,0.0,0,0.0,0.0,0.0,0.0,3.0,1.0,,,,,
Judge.me Product Reviews App,Search_EN_Trust_2025.03.17,2026-02-24,2026-03-17,UTC,USD,sticky social,social proof,broad,5.0,1,0,0.0,0,0.0,0.0,0.0,0.0,3.0,0.333333,,,,,
Judge.me Product Reviews App,Search_EN_Trust_2025.03.17,2026-02-24,2026-03-17,UTC,USD,ss social proof,social proof,broad,5.0,1,0,0.0,0,0.0,0.0,0.0,0.0,3.0,1.0,,,,,
Judge.me Product Reviews App,Search_EN_Trust_2025.03.17,2026-02-24,2026-03-17,UTC,USD,sociao proof,social proof,broad,5.0,1,0,0.0,0,0.0,0.0,0.0,0.0,3.0,1.0,,,,,
Judge.me Product Reviews App,Search_EN_Trust_2025.03.17,2026-02-24,2026-03-17,UTC,USD,socials,social proof,broad,5.0,1,0,0.0,0,0.0,0.0,0.0,0.0,3.0,0.045454,,,,,
Judge.me Product Reviews App,Search_EN_Trust_2025.03.17,2026-02-24,2026-03-17,UTC,USD,socialable,social proof,broad,5.0,1,0,0.0,0,0.0,0.0,0.0,0.0,3.0,0.5,,,,,
Judge.me Product Reviews App,Search_EN_Trust_2025.03.17,2026-02-24,2026-03-17,UTC,USD,social witget,social proof,broad,5.0,1,0,0.0,0,0.0,0.0,0.0,0.0,4.0,1.0,,,,,
Judge.me Product Reviews App,Search_EN_Trust_2025.03.17,2026-02-24,2026-03-17,UTC,USD,social widget,social proof,broad,5.0,1,0,0.0,0,0.0,0.0,0.0,0.0,1.0,0.058823,,,,,
Judge.me Product Reviews App,Search_EN_Trust_2025.03.17,2026-02-24,2026-03-17,UTC,USD,social ugc,social proof,broad,5.0,1,0,0.0,0,0.0,0.0,0.0,0.0,9.0,0.5,,,,,
Judge.me Product Reviews App,Search_EN_Trust_2025.03.17,2026-02-24,2026-03-17,UTC,USD,social sharing image.,social proof,broad,5.0,1,0,0.0,0,0.0,0.0,0.0,0.0,4.0,1.0,,,,,
Judge.me Product Reviews App,Search_EN_Trust_2025.03.17,2026-02-24,2026-03-17,UTC,USD,social reply,social proof,broad,5.0,1,0,0.0,0,0.0,0.0,0.0,0.0,3.0,1.0,,,,,
Judge.me Product Reviews App,Search_EN_Trust_2025.03.17,2026-02-24,2026-03-17,UTC,USD,social proofs,social proof,broad,5.0,1,0,0.0,0,0.0,0.0,0.0,0.0,1.0,1.0,,,,,
Judge.me Product Reviews App,Search_EN_Trust_2025.03.17,2026-02-24,2026-03-17,UTC,USD,social prooff,social proof,broad,5.0,1,0,0.0,0,0.0,0.0,0.0,0.0,3.0,1.0,,,,,
Judge.me Product Reviews App,Search_EN_Trust_2025.03.17,2026-02-24,2026-03-17,UTC,USD,social proof strip,social proof,broad,5.0,1,0,0.0,0,0.0,0.0,0.0,0.0,3.0,1.0,,,,,
Judge.me Product Reviews App,Search_EN_Trust_2025.03.17,2026-02-24,2026-03-17,UTC,USD,social proof snap noti,social proof,broad,5.0,1,0,0.0,0,0.0,0.0,0.0,0.0,3.0,1.0,,,,,
Judge.me Product Reviews App,Search_EN_Trust_2025.03.17,2026-02-24,2026-03-17,UTC,USD,social proof salespop,social proof,broad,5.0,1,0,0.0,0,0.0,0.0,0.0,0.0,3.0,1.0,,,,,
Judge.me Product Reviews App,Search_EN_Trust_2025.03.17,2026-02-24,2026-03-17,UTC,USD,social proof premium,social proof,broad,5.0,1,0,0.0,0,0.0,0.0,0.0,0.0,2.0,1.0,,,,,
Judge.me Product Reviews App,Search_EN_Trust_2025.03.17,2026-02-24,2026-03-17,UTC,USD,social proof buttons,social proof,broad,5.0,1,0,0.0,0,0.0,0.0,0.0,0.0,4.0,1.0,,,,,
Judge.me Product Reviews App,Search_EN_Trust_2025.03.17,2026-02-24,2026-03-17,UTC,USD,social proof app,social proof,broad,5.0,1,0,0.0,0,0.0,0.0,0.0,0.0,4.0,0.5,,,,,
Judge.me Product Reviews App,Search_EN_Trust_2025.03.17,2026-02-24,2026-03-17,UTC,USD,social proof & urgency by fera.ai,social proof,broad,5.0,1,0,0.0,0,0.0,0.0,0.0,0.0,4.0,1.0,,,,,
Judge.me Product Reviews App,Search_EN_Trust_2025.03.17,2026-02-24,2026-03-17,UTC,USD,social proof & urgency by fer,social proof,broad,5.0,1,0,0.0,0,0.0,0.0,0.0,0.0,4.0,1.0,,,,,
Judge.me Product Reviews App,Search_EN_Trust_2025.03.17,2026-02-24,2026-03-17,UTC,USD,social proof & urgency by banana stand,social proof,broad,5.0,1,0,0.0,0,0.0,0.0,0.0,0.0,4.0,1.0,,,,,
Judge.me Product Reviews App,Search_EN_Trust_2025.03.17,2026-02-24,2026-03-17,UTC,USD,social profile,social proof,broad,5.0,1,0,0.0,0,0.0,0.0,0.0,0.0,4.0,1.0,,,,,
Judge.me Product Reviews App,Search_EN_Trust_2025.03.17,2026-02-24,2026-03-17,UTC,USD,social prof,social proof,broad,5.0,1,0,0.0,0,0.0,0.0,0.0,0.0,1.0,0.333333,,,,,
Judge.me Product Reviews App,Search_EN_Trust_2025.03.17,2026-02-24,2026-03-17,UTC,USD,social pro,social proof,broad,5.0,1,0,0.0,0,0.0,0.0,0.0,0.0,3.0,0.166666,,,,,
Judge.me Product Reviews App,Search_EN_Trust_2025.03.17,2026-02-24,2026-03-17,UTC,USD,social post,social proof,broad,5.0,1,0,0.0,0,0.0,0.0,0.0,0.0,3.0,0.076923,,,,,
Judge.me Product Reviews App,Search_EN_Trust_2025.03.17,2026-02-24,2026-03-17,UTC,USD,social poof,social proof,broad,5.0,1,0,0.0,0,0.0,0.0,0.0,0.0,3.0,1.0,,,,,
Judge.me Product Reviews App,Search_EN_Trust_2025.03.17,2026-02-24,2026-03-17,UTC,USD,social plis,social proof,broad,5.0,1,0,0.0,0,0.0,0.0,0.0,0.0,4.0,1.0,,,,,
Judge.me Product Reviews App,Search_EN_Trust_2025.03.17,2026-02-24,2026-03-17,UTC,USD,social pho,social proof,broad,5.0,1,0,0.0,0,0.0,0.0,0.0,0.0,2.0,1.0,,,,,
Judge.me Product Reviews App,Search_EN_Trust_2025.03.17,2026-02-24,2026-03-17,UTC,USD,social p,social proof,broad,5.0,1,0,0.0,0,0.0,0.0,0.0,0.0,2.0,0.5,,,,,
Judge.me Product Reviews App,Search_EN_Trust_2025.03.17,2026-02-24,2026-03-17,UTC,USD,social oroof,social proof,broad,5.0,1,0,0.0,0,0.0,0.0,0.0,0.0,3.0,1.0,,,,,
Judge.me Product Reviews App,Search_EN_Trust_2025.03.17,2026-02-24,2026-03-17,UTC,USD,social network,social proof,broad,5.0,1,0,0.0,0,0.0,0.0,0.0,0.0,2.0,0.333333,,,,,
Judge.me Product Reviews App,Search_EN_Trust_2025.03.17,2026-02-24,2026-03-17,UTC,USD,social meidal,social proof,broad,5.0,1,0,0.0,0,0.0,0.0,0.0,0.0,3.0,1.0,,,,,
Judge.me Product Reviews App,Search_EN_Trust_2025.03.17,2026-02-24,2026-03-17,UTC,USD,social meida,social proof,broad,5.0,1,0,0.0,0,0.0,0.0,0.0,0.0,4.0,0.5,,,,,
Judge.me Product Reviews App,Search_EN_Trust_2025.03.17,2026-02-24,2026-03-17,UTC,USD,social media upload,social proof,broad,5.0,1,0,0.0,0,0.0,0.0,0.0,0.0,2.0,1.0,,,,,
Judge.me Product Reviews App,Search_EN_Trust_2025.03.17,2026-02-24,2026-03-17,UTC,USD,social media statistics,social proof,broad,5.0,1,0,0.0,0,0.0,0.0,0.0,0.0,11.0,1.0,,,,,
Judge.me Product Reviews App,Search_EN_Trust_2025.03.17,2026-02-24,2026-03-17,UTC,USD,social media share option,social proof,broad,5.0,1,0,0.0,0,0.0,0.0,0.0,0.0,4.0,0.5,,,,,
Judge.me Product Reviews App,Search_EN_Trust_2025.03.17,2026-02-24,2026-03-17,UTC,USD,social media share buttons & social sharing icons,social proof,broad,5.0,1,0,0.0,0,0.0,0.0,0.0,0.0,4.0,1.0,,,,,
Judge.me Product Reviews App,Search_EN_Trust_2025.03.17,2026-02-24,2026-03-17,UTC,USD,social media share block,social proof,broad,5.0,1,0,0.0,0,0.0,0.0,0.0,0.0,4.0,1.0,,,,,
Judge.me Product Reviews App,Search_EN_Trust_2025.03.17,2026-02-24,2026-03-17,UTC,USD,social media section,social proof,broad,5.0,1,0,0.0,0,0.0,0.0,0.0,0.0,2.0,1.0,,,,,
Judge.me Product Reviews App,Search_EN_Trust_2025.03.17,2026-02-24,2026-03-17,UTC,USD,social media post',social proof,broad,5.0,1,0,0.0,0,0.0,0.0,0.0,0.0,8.0,0.5,,,,,
Judge.me Product Reviews App,Search_EN_Trust_2025.03.17,2026-02-24,2026-03-17,UTC,USD,social media post,social proof,broad,5.0,1,0,0.0,0,0.0,0.0,0.0,0.0,4.0,0.047619,,,,,
Judge.me Product Reviews App,Search_EN_Trust_2025.03.17,2026-02-24,2026-03-17,UTC,USD,social media link,social proof,broad,5.0,1,0,0.0,0,0.0,0.0,0.0,0.0,2.0,0.5,,,,,
Judge.me Product Reviews App,Search_EN_Trust_2025.03.17,2026-02-24,2026-03-17,UTC,USD,social media lconc,social proof,broad,5.0,1,0,0.0,0,0.0,0.0,0.0,0.0,3.0,1.0,,,,,
Judge.me Product Reviews App,Search_EN_Trust_2025.03.17,2026-02-24,2026-03-17,UTC,USD,social media icons by elfsight,social proof,broad,5.0,1,0,0.0,0,0.0,0.0,0.0,0.0,3.0,1.0,,,,,
Judge.me Product Reviews App,Search_EN_Trust_2025.03.17,2026-02-24,2026-03-17,UTC,USD,social media icon 2026,social proof,broad,5.0,1,0,0.0,0,0.0,0.0,0.0,0.0,3.0,1.0,,,,,
Judge.me Product Reviews App,Search_EN_Trust_2025.03.17,2026-02-24,2026-03-17,UTC,USD,social media ic,social proof,broad,5.0,1,0,0.0,0,0.0,0.0,0.0,0.0,2.0,0.5,,,,,
Judge.me Product Reviews App,Search_EN_Trust_2025.03.17,2026-02-24,2026-03-17,UTC,USD,social media grid,social proof,broad,5.0,1,0,0.0,0,0.0,0.0,0.0,0.0,4.0,1.0,,,,,
Judge.me Product Reviews App,Search_EN_Trust_2025.03.17,2026-02-24,2026-03-17,UTC,USD,social media display,social proof,broad,5.0,1,0,0.0,0,0.0,0.0,0.0,0.0,3.0,1.0,,,,,
Judge.me Product Reviews App,Search_EN_Trust_2025.03.17,2026-02-24,2026-03-17,UTC,USD,social media chat,social proof,broad,5.0,1,0,0.0,0,0.0,0.0,0.0,0.0,4.0,1.0,,,,,
Judge.me Product Reviews App,Search_EN_Trust_2025.03.17,2026-02-24,2026-03-17,UTC,USD,social media buttons,social proof,broad,5.0,1,0,0.0,0,0.0,0.0,0.0,0.0,2.0,1.0,,,,,
Judge.me Product Reviews App,Search_EN_Trust_2025.03.17,2026-02-24,2026-03-17,UTC,USD,social media button,social proof,broad,5.0,1,0,0.0,0,0.0,0.0,0.0,0.0,1.0,0.333333,,,,,
Judge.me Product Reviews App,Search_EN_Trust_2025.03.17,2026-02-24,2026-03-17,UTC,USD,social medi,social proof,broad,5.0,1,0,0.0,0,0.0,0.0,0.0,0.0,3.0,0.333333,,,,,
Judge.me Product Reviews App,Search_EN_Trust_2025.03.17,2026-02-24,2026-03-17,UTC,USD,social marketing,social proof,broad,5.0,1,0,0.0,0,0.0,0.0,0.0,0.0,3.0,0.333333,,,,,
Judge.me Product Reviews App,Search_EN_Trust_2025.03.17,2026-02-24,2026-03-17,UTC,USD,social m,social proof,broad,5.0,1,0,0.0,0,0.0,0.0,0.0,0.0,2.0,0.5,,,,,
Judge.me Product Reviews App,Search_EN_Trust_2025.03.17,2026-02-24,2026-03-17,UTC,USD,social lohin,social proof,broad,5.0,1,0,0.0,0,0.0,0.0,0.0,0.0,4.0,1.0,,,,,
Judge.me Product Reviews App,Search_EN_Trust_2025.03.17,2026-02-24,2026-03-17,UTC,USD,"social login, line",social proof,broad,5.0,1,0,0.0,0,0.0,0.0,0.0,0.0,4.0,0.5,,,,,
Judge.me Product Reviews App,Search_EN_Trust_2025.03.17,2026-02-24,2026-03-17,UTC,USD,social login extensio,social proof,broad,5.0,1,0,0.0,0,0.0,0.0,0.0,0.0,3.0,1.0,,,,,
Judge.me Product Reviews App,Search_EN_Trust_2025.03.17,2026-02-24,2026-03-17,UTC,USD,social login by oneclick,social proof,broad,5.0,1,0,0.0,0,0.0,0.0,0.0,0.0,2.0,0.5,,,,,
Judge.me Product Reviews App,Search_EN_Trust_2025.03.17,2026-02-24,2026-03-17,UTC,USD,social login bt one click,social proof,broad,5.0,1,0,0.0,0,0.0,0.0,0.0,0.0,4.0,1.0,,,,,
Judge.me Product Reviews App,Search_EN_Trust_2025.03.17,2026-02-24,2026-03-17,UTC,USD,social login ? orufy,social proof,broad,5.0,1,0,0.0,0,0.0,0.0,0.0,0.0,3.0,1.0,,,,,
Judge.me Product Reviews App,Search_EN_Trust_2025.03.17,2026-02-24,2026-03-17,UTC,USD,social logib,social proof,broad,5.0,1,0,0.0,0,0.0,0.0,0.0,0.0,3.0,1.0,,,,,
Judge.me Product Reviews App,Search_EN_Trust_2025.03.17,2026-02-24,2026-03-17,UTC,USD,social log in steam,social proof,broad,5.0,1,0,0.0,0,0.0,0.0,0.0,0.0,3.0,1.0,,,,,
Judge.me Product Reviews App,Search_EN_Trust_2025.03.17,2026-02-24,2026-03-17,UTC,USD,social lo,social proof,broad,5.0,1,0,0.0,0,0.0,0.0,0.0,0.0,3.0,1.0,,,,,
Judge.me Product Reviews App,Search_EN_Trust_2025.03.17,2026-02-24,2026-03-17,UTC,USD,social link:discord and more,social proof,broad,5.0,1,0,0.0,0,0.0,0.0,0.0,0.0,3.0,1.0,,,,,
Judge.me Product Reviews App,Search_EN_Trust_2025.03.17,2026-02-24,2026-03-17,UTC,USD,social link: discord and more,social proof,broad,5.0,1,0,0.0,0,0.0,0.0,0.0,0.0,3.0,1.0,,,,,
Judge.me Product Reviews App,Search_EN_Trust_2025.03.17,2026-02-24,2026-03-17,UTC,USD,social link in bio,social proof,broad,5.0,1,0,0.0,0,0.0,0.0,0.0,0.0,3.0,1.0,,,,,
Judge.me Product Reviews App,Search_EN_Trust_2025.03.17,2026-02-24,2026-03-17,UTC,USD,social lgoin,social proof,broad,5.0,1,0,0.0,0,0.0,0.0,0.0,0.0,3.0,1.0,,,,,
Judge.me Product Reviews App,Search_EN_Trust_2025.03.17,2026-02-24,2026-03-17,UTC,USD,social intents,social proof,broad,5.0,1,0,0.0,0,0.0,0.0,0.0,0.0,3.0,0.166666,,,,,
Judge.me Product Reviews App,Search_EN_Trust_2025.03.17,2026-02-24,2026-03-17,UTC,USD,social inbox button,social proof,broad,5.0,1,0,0.0,0,0.0,0.0,0.0,0.0,4.0,1.0,,,,,
Judge.me Product Reviews App,Search_EN_Trust_2025.03.17,2026-02-24,2026-03-17,UTC,USD,social icons by identixweb,social proof,broad,5.0,1,0,0.0,0,0.0,0.0,0.0,0.0,2.0,1.0,,,,,
Judge.me Product Reviews App,Search_EN_Trust_2025.03.17,2026-02-24,2026-03-17,UTC,USD,social hub,social proof,broad,5.0,1,0,0.0,0,0.0,0.0,0.0,0.0,4.0,1.0,,,,,
Judge.me Product Reviews App,Search_EN_Trust_2025.03.17,2026-02-24,2026-03-17,UTC,USD,social commerce,social proof,broad,5.0,1,0,0.0,0,0.0,0.0,0.0,0.0,2.0,0.5,,,,,
Judge.me Product Reviews App,Search_EN_Trust_2025.03.17,2026-02-24,2026-03-17,UTC,USD,social ch,social proof,broad,5.0,1,0,0.0,0,0.0,0.0,0.0,0.0,3.0,1.0,,,,,
Judge.me Product Reviews App,Search_EN_Trust_2025.03.17,2026-02-24,2026-03-17,UTC,USD,social blad,social proof,broad,5.0,1,0,0.0,0,0.0,0.0,0.0,0.0,3.0,1.0,,,,,
Judge.me Product Reviews App,Search_EN_Trust_2025.03.17,2026-02-24,2026-03-17,UTC,USD,social beat,social proof,broad,5.0,1,0,0.0,0,0.0,0.0,0.0,0.0,3.0,1.0,,,,,
Judge.me Product Reviews App,Search_EN_Trust_2025.03.17,2026-02-24,2026-03-17,UTC,USD,socia proof section,social proof,broad,5.0,1,0,0.0,0,0.0,0.0,0.0,0.0,3.0,1.0,,,,,
Judge.me Product Reviews App,Search_EN_Trust_2025.03.17,2026-02-24,2026-03-17,UTC,USD,sleek social sharing,social proof,broad,5.0,1,0,0.0,0,0.0,0.0,0.0,0.0,4.0,0.333333,,,,,
Judge.me Product Reviews App,Search_EN_Trust_2025.03.17,2026-02-24,2026-03-17,UTC,USD,share to social media,social proof,broad,5.0,1,0,0.0,0,0.0,0.0,0.0,0.0,2.0,0.5,,,,,
Judge.me Product Reviews App,Search_EN_Trust_2025.03.17,2026-02-24,2026-03-17,UTC,USD,scarcity urgency proof,social proof,broad,5.0,1,0,0.0,0,0.0,0.0,0.0,0.0,4.0,1.0,,,,,
Judge.me Product Reviews App,Search_EN_Trust_2025.03.17,2026-02-24,2026-03-17,UTC,USD,sc social login,social proof,broad,5.0,1,0,0.0,0,0.0,0.0,0.0,0.0,4.0,1.0,,,,,
Judge.me Product Reviews App,Search_EN_Trust_2025.03.17,2026-02-24,2026-03-17,UTC,USD,sassy social share,social proof,broad,5.0,1,0,0.0,0,0.0,0.0,0.0,0.0,4.0,1.0,,,,,
Judge.me Product Reviews App,Search_EN_Trust_2025.03.17,2026-02-24,2026-03-17,UTC,USD,sales pop-up social proof,social proof,broad,5.0,1,0,0.0,0,0.0,0.0,0.0,0.0,4.0,0.5,,,,,
Judge.me Product Reviews App,Search_EN_Trust_2025.03.17,2026-02-24,2026-03-17,UTC,USD,sales pop up:fomo+social proof,social proof,broad,5.0,1,0,0.0,0,0.0,0.0,0.0,0.0,4.0,0.2,,,,,
Judge.me Product Reviews App,Search_EN_Trust_2025.03.17,2026-02-24,2026-03-17,UTC,USD,sales pop social trust,social proof,broad,5.0,1,0,0.0,0,0.0,0.0,0.0,0.0,3.0,1.0,,,,,
Judge.me Product Reviews App,Search_EN_Trust_2025.03.17,2026-02-24,2026-03-17,UTC,USD,rt social chat,social proof,broad,5.0,1,0,0.0,0,0.0,0.0,0.0,0.0,3.0,0.2,,,,,
Judge.me Product Reviews App,Search_EN_Trust_2025.03.17,2026-02-24,2026-03-17,UTC,USD,rt social ch,social proof,broad,5.0,1,0,0.0,0,0.0,0.0,0.0,0.0,3.0,1.0,,,,,
Judge.me Product Reviews App,Search_EN_Trust_2025.03.17,2026-02-24,2026-03-17,UTC,USD,review + proof,social proof,broad,5.0,1,0,0.0,0,0.0,0.0,0.0,0.0,6.0,1.0,,,,,
Judge.me Product Reviews App,Search_EN_Trust_2025.03.17,2026-02-24,2026-03-17,UTC,USD,redes sociales link,social proof,broad,5.0,1,0,0.0,0,0.0,0.0,0.0,0.0,4.0,0.5,,,,,
Judge.me Product Reviews App,Search_EN_Trust_2025.03.17,2026-02-24,2026-03-17,UTC,USD,red social,social proof,broad,5.0,1,0,0.0,0,0.0,0.0,0.0,0.0,3.0,1.0,,,,,
Judge.me Product Reviews App,Search_EN_Trust_2025.03.17,2026-02-24,2026-03-17,UTC,USD,quick social log in,social proof,broad,5.0,1,0,0.0,0,0.0,0.0,0.0,0.0,3.0,1.0,,,,,
Judge.me Product Reviews App,Search_EN_Trust_2025.03.17,2026-02-24,2026-03-17,UTC,USD,quick social l,social proof,broad,5.0,1,0,0.0,0,0.0,0.0,0.0,0.0,3.0,1.0,,,,,
Judge.me Product Reviews App,Search_EN_Trust_2025.03.17,2026-02-24,2026-03-17,UTC,USD,prueba social gratis,social proof,broad,5.0,1,0,0.0,0,0.0,0.0,0.0,0.0,3.0,1.0,,,,,
Judge.me Product Reviews App,Search_EN_Trust_2025.03.17,2026-02-24,2026-03-17,UTC,USD,provesource social proof,social proof,broad,5.0,1,0,0.0,0,0.0,0.0,0.0,0.0,2.0,0.333333,,,,,
Judge.me Product Reviews App,Search_EN_Trust_2025.03.17,2026-02-24,2026-03-17,UTC,USD,proofer proof,social proof,broad,5.0,1,0,0.0,0,0.0,0.0,0.0,0.0,3.0,1.0,,,,,
Judge.me Product Reviews App,Search_EN_Trust_2025.03.17,2026-02-24,2026-03-17,UTC,USD,proofe bear,social proof,broad,5.0,1,0,0.0,0,0.0,0.0,0.0,0.0,3.0,1.0,,,,,
Judge.me Product Reviews App,Search_EN_Trust_2025.03.17,2026-02-24,2026-03-17,UTC,USD,proof/fomo,social proof,broad,5.0,1,0,0.0,0,0.0,0.0,0.0,0.0,2.0,1.0,,,,,
Judge.me Product Reviews App,Search_EN_Trust_2025.03.17,2026-02-24,2026-03-17,UTC,USD,proof upload,social proof,broad,5.0,1,0,0.0,0,0.0,0.0,0.0,0.0,3.0,1.0,,,,,
Judge.me Product Reviews App,Search_EN_Trust_2025.03.17,2026-02-24,2026-03-17,UTC,USD,proof uplkoad,social proof,broad,5.0,1,0,0.0,0,0.0,0.0,0.0,0.0,3.0,1.0,,,,,
Judge.me Product Reviews App,Search_EN_Trust_2025.03.17,2026-02-24,2026-03-17,UTC,USD,proof source,social proof,broad,5.0,1,0,0.0,0,0.0,0.0,0.0,0.0,2.0,1.0,,,,,
Judge.me Product Reviews App,Search_EN_Trust_2025.03.17,2026-02-24,2026-03-17,UTC,USD,proof reading,social proof,broad,5.0,1,0,0.0,0,0.0,0.0,0.0,0.0,3.0,1.0,,,,,
Judge.me Product Reviews App,Search_EN_Trust_2025.03.17,2026-02-24,2026-03-17,UTC,USD,proof pulse,social proof,broad,5.0,1,0,0.0,0,0.0,0.0,0.0,0.0,3.0,1.0,,,,,
Judge.me Product Reviews App,Search_EN_Trust_2025.03.17,2026-02-24,2026-03-17,UTC,USD,proof of payment,social proof,broad,5.0,1,0,0.0,0,0.0,0.0,0.0,0.0,4.0,0.333333,,,,,
Judge.me Product Reviews App,Search_EN_Trust_2025.03.17,2026-02-24,2026-03-17,UTC,USD,proof it,social proof,broad,5.0,1,0,0.0,0,0.0,0.0,0.0,0.0,3.0,1.0,,,,,
Judge.me Product Reviews App,Search_EN_Trust_2025.03.17,2026-02-24,2026-03-17,UTC,USD,proof fomo,social proof,broad,5.0,1,0,0.0,0,0.0,0.0,0.0,0.0,3.0,1.0,,,,,
Judge.me Product Reviews App,Search_EN_Trust_2025.03.17,2026-02-24,2026-03-17,UTC,USD,proof bea,social proof,broad,5.0,1,0,0.0,0,0.0,0.0,0.0,0.0,3.0,1.0,,,,,
Judge.me Product Reviews App,Search_EN_Trust_2025.03.17,2026-02-24,2026-03-17,UTC,USD,proof approavl,social proof,broad,5.0,1,0,0.0,0,0.0,0.0,0.0,0.0,3.0,1.0,,,,,
Judge.me Product Reviews App,Search_EN_Trust_2025.03.17,2026-02-24,2026-03-17,UTC,USD,promocionar productos en redes sociales,social proof,broad,5.0,1,0,0.0,0,0.0,0.0,0.0,0.0,3.0,1.0,,,,,
Judge.me Product Reviews App,Search_EN_Trust_2025.03.17,2026-02-24,2026-03-17,UTC,USD,products to social media post,social proof,broad,5.0,1,0,0.0,0,0.0,0.0,0.0,0.0,12.0,0.5,,,,,
Judge.me Product Reviews App,Search_EN_Trust_2025.03.17,2026-02-24,2026-03-17,UTC,USD,power: social media icons bar,social proof,broad,5.0,1,0,0.0,0,0.0,0.0,0.0,0.0,4.0,1.0,,,,,
Judge.me Product Reviews App,Search_EN_Trust_2025.03.17,2026-02-24,2026-03-17,UTC,USD,power social media icons bar,social proof,broad,5.0,1,0,0.0,0,0.0,0.0,0.0,0.0,4.0,1.0,,,,,
Judge.me Product Reviews App,Search_EN_Trust_2025.03.17,2026-02-24,2026-03-17,UTC,USD,pop up social proof,social proof,broad,5.0,1,0,0.0,0,0.0,0.0,0.0,0.0,3.0,1.0,,,,,
Judge.me Product Reviews App,Search_EN_Trust_2025.03.17,2026-02-24,2026-03-17,UTC,USD,poducts social share buttons,social proof,broad,5.0,1,0,0.0,0,0.0,0.0,0.0,0.0,3.0,1.0,,,,,
Judge.me Product Reviews App,Search_EN_Trust_2025.03.17,2026-02-24,2026-03-17,UTC,USD,pay proof,social proof,broad,5.0,1,0,0.0,0,0.0,0.0,0.0,0.0,3.0,1.0,,,,,
Judge.me Product Reviews App,Search_EN_Trust_2025.03.17,2026-02-24,2026-03-17,UTC,USD,package proof,social proof,broad,5.0,1,0,0.0,0,0.0,0.0,0.0,0.0,3.0,1.0,,,,,
Judge.me Product Reviews App,Search_EN_Trust_2025.03.17,2026-02-24,2026-03-17,UTC,USD,oxi social login.,social proof,broad,5.0,1,0,0.0,0,0.0,0.0,0.0,0.0,3.0,1.0,,,,,
Judge.me Product Reviews App,Search_EN_Trust_2025.03.17,2026-02-24,2026-03-17,UTC,USD,oxi social log in,social proof,broad,5.0,1,0,0.0,0,0.0,0.0,0.0,0.0,2.0,1.0,,,,,
Judge.me Product Reviews App,Search_EN_Trust_2025.03.17,2026-02-24,2026-03-17,UTC,USD,oxi social,social proof,broad,5.0,1,0,0.0,0,0.0,0.0,0.0,0.0,4.0,0.333333,,,,,
Judge.me Product Reviews App,Search_EN_Trust_2025.03.17,2026-02-24,2026-03-17,UTC,USD,open signin - social login,social proof,broad,5.0,1,0,0.0,0,0.0,0.0,0.0,0.0,4.0,1.0,,,,,
Judge.me Product Reviews App,Search_EN_Trust_2025.03.17,2026-02-24,2026-03-17,UTC,USD,oneclick social,social proof,broad,5.0,1,0,0.0,0,0.0,0.0,0.0,0.0,4.0,1.0,,,,,
Judge.me Product Reviews App,Search_EN_Trust_2025.03.17,2026-02-24,2026-03-17,UTC,USD,one click social login free,social proof,broad,5.0,1,0,0.0,0,0.0,0.0,0.0,0.0,4.0,1.0,,,,,
Judge.me Product Reviews App,Search_EN_Trust_2025.03.17,2026-02-24,2026-03-17,UTC,USD,one click social,social proof,broad,5.0,1,0,0.0,0,0.0,0.0,0.0,0.0,1.0,0.142857,,,,,
Judge.me Product Reviews App,Search_EN_Trust_2025.03.17,2026-02-24,2026-03-17,UTC,USD,omega social share buttons,social proof,broad,5.0,1,0,0.0,0,0.0,0.0,0.0,0.0,3.0,0.2,,,,,
Judge.me Product Reviews App,Search_EN_Trust_2025.03.17,2026-02-24,2026-03-17,UTC,USD,native social,social proof,broad,5.0,1,0,0.0,0,0.0,0.0,0.0,0.0,3.0,1.0,,,,,
Judge.me Product Reviews App,Search_EN_Trust_2025.03.17,2026-02-24,2026-03-17,UTC,USD,minioorange social login,social proof,broad,5.0,1,0,0.0,0,0.0,0.0,0.0,0.0,3.0,1.0,,,,,
Judge.me Product Reviews App,Search_EN_Trust_2025.03.17,2026-02-24,2026-03-17,UTC,USD,mini-orange social login + otp,social proof,broad,5.0,1,0,0.0,0,0.0,0.0,0.0,0.0,2.0,1.0,,,,,
Judge.me Product Reviews App,Search_EN_Trust_2025.03.17,2026-02-24,2026-03-17,UTC,USD,magik social media auto post,social proof,broad,5.0,1,0,0.0,0,0.0,0.0,0.0,0.0,3.0,0.071428,,,,,
Judge.me Product Reviews App,Search_EN_Trust_2025.03.17,2026-02-24,2026-03-17,UTC,USD,login con social,social proof,broad,5.0,1,0,0.0,0,0.0,0.0,0.0,0.0,4.0,0.5,,,,,
Judge.me Product Reviews App,Search_EN_Trust_2025.03.17,2026-02-24,2026-03-17,UTC,USD,loghi social,social proof,broad,5.0,1,0,0.0,0,0.0,0.0,0.0,0.0,4.0,0.25,,,,,
Judge.me Product Reviews App,Search_EN_Trust_2025.03.17,2026-02-24,2026-03-17,UTC,USD,link+in+bio social media,social proof,broad,5.0,1,0,0.0,0,0.0,0.0,0.0,0.0,3.0,1.0,,,,,
Judge.me Product Reviews App,Search_EN_Trust_2025.03.17,2026-02-24,2026-03-17,UTC,USD,later social,social proof,broad,5.0,1,0,0.0,0,0.0,0.0,0.0,0.0,9.0,0.333333,,,,,
Judge.me Product Reviews App,Search_EN_Trust_2025.03.17,2026-02-24,2026-03-17,UTC,USD,lab proof,social proof,broad,5.0,1,0,0.0,0,0.0,0.0,0.0,0.0,2.0,1.0,,,,,
Judge.me Product Reviews App,Search_EN_Trust_2025.03.17,2026-02-24,2026-03-17,UTC,USD,icono redes sociales,social proof,broad,5.0,1,0,0.0,0,0.0,0.0,0.0,0.0,3.0,1.0,,,,,
Judge.me Product Reviews App,Search_EN_Trust_2025.03.17,2026-02-24,2026-03-17,UTC,USD,icon social footer,social proof,broad,5.0,1,0,0.0,0,0.0,0.0,0.0,0.0,6.0,0.25,,,,,
Judge.me Product Reviews App,Search_EN_Trust_2025.03.17,2026-02-24,2026-03-17,UTC,USD,https://apps.shopify.com/connily-social-media-agent,social proof,broad,5.0,1,0,0.0,0,0.0,0.0,0.0,0.0,3.0,1.0,,,,,
Judge.me Product Reviews App,Search_EN_Trust_2025.03.17,2026-02-24,2026-03-17,UTC,USD,hook one tap social login,social proof,broad,5.0,1,0,0.0,0,0.0,0.0,0.0,0.0,3.0,1.0,,,,,
Judge.me Product Reviews App,Search_EN_Trust_2025.03.17,2026-02-24,2026-03-17,UTC,USD,hiko social,social proof,broad,5.0,1,0,0.0,0,0.0,0.0,0.0,0.0,4.0,0.5,,,,,
Judge.me Product Reviews App,Search_EN_Trust_2025.03.17,2026-02-24,2026-03-17,UTC,USD,helpy social share buttons,social proof,broad,5.0,1,0,0.0,0,0.0,0.0,0.0,0.0,4.0,0.5,,,,,
Judge.me Product Reviews App,Search_EN_Trust_2025.03.17,2026-02-24,2026-03-17,UTC,USD,globo ? social login,social proof,broad,5.0,1,0,0.0,0,0.0,0.0,0.0,0.0,4.0,1.0,,,,,
Judge.me Product Reviews App,Search_EN_Trust_2025.03.17,2026-02-24,2026-03-17,UTC,USD,for proof,social proof,broad,5.0,1,0,0.0,0,0.0,0.0,0.0,0.0,3.0,1.0,,,,,
Judge.me Product Reviews App,Search_EN_Trust_2025.03.17,2026-02-24,2026-03-17,UTC,USD,fomo: social proof sales popup,social proof,broad,5.0,1,0,0.0,0,0.0,0.0,0.0,0.0,4.0,0.166666,,,,,
Judge.me Product Reviews App,Search_EN_Trust_2025.03.17,2026-02-24,2026-03-17,UTC,USD,fomo: social proof,social proof,broad,5.0,1,0,0.0,0,0.0,0.0,0.0,0.0,3.0,1.0,,,,,
Judge.me Product Reviews App,Search_EN_Trust_2025.03.17,2026-02-24,2026-03-17,UTC,USD,fomo ? social proof,social proof,broad,5.0,1,0,0.0,0,0.0,0.0,0.0,0.0,4.0,1.0,,,,,
Judge.me Product Reviews App,Search_EN_Trust_2025.03.17,2026-02-24,2026-03-17,UTC,USD,floaty social icons,social proof,broad,5.0,1,0,0.0,0,0.0,0.0,0.0,0.0,4.0,1.0,,,,,
Judge.me Product Reviews App,Search_EN_Trust_2025.03.17,2026-02-24,2026-03-17,UTC,USD,floating social media buttons,social proof,broad,5.0,1,0,0.0,0,0.0,0.0,0.0,0.0,3.0,1.0,,,,,
Judge.me Product Reviews App,Search_EN_Trust_2025.03.17,2026-02-24,2026-03-17,UTC,USD,floatify: social & cta buttons,social proof,broad,5.0,1,0,0.0,0,0.0,0.0,0.0,0.0,3.0,0.5,,,,,
Judge.me Product Reviews App,Search_EN_Trust_2025.03.17,2026-02-24,2026-03-17,UTC,USD,"floatify - cta, social buttons",social proof,broad,5.0,1,0,0.0,0,0.0,0.0,0.0,0.0,3.0,1.0,,,,,
Judge.me Product Reviews App,Search_EN_Trust_2025.03.17,2026-02-24,2026-03-17,UTC,USD,fera social proof & urgency,social proof,broad,5.0,1,0,0.0,0,0.0,0.0,0.0,0.0,4.0,1.0,,,,,
Judge.me Product Reviews App,Search_EN_Trust_2025.03.17,2026-02-24,2026-03-17,UTC,USD,et social ch,social proof,broad,5.0,1,0,0.0,0,0.0,0.0,0.0,0.0,4.0,1.0,,,,,
Judge.me Product Reviews App,Search_EN_Trust_2025.03.17,2026-02-24,2026-03-17,UTC,USD,essential countdown timer + proof,social proof,broad,5.0,1,0,0.0,0,0.0,0.0,0.0,0.0,4.0,1.0,,,,,
Judge.me Product Reviews App,Search_EN_Trust_2025.03.17,2026-02-24,2026-03-17,UTC,USD,embed social,social proof,broad,5.0,1,0,0.0,0,0.0,0.0,0.0,0.0,2.0,0.083333,,,,,
Judge.me Product Reviews App,Search_EN_Trust_2025.03.17,2026-02-24,2026-03-17,UTC,USD,embed any social media,social proof,broad,5.0,1,0,0.0,0,0.0,0.0,0.0,0.0,4.0,1.0,,,,,
Judge.me Product Reviews App,Search_EN_Trust_2025.03.17,2026-02-24,2026-03-17,UTC,USD,elite social login,social proof,broad,5.0,1,0,0.0,0,0.0,0.0,0.0,0.0,4.0,0.076923,,,,,
Judge.me Product Reviews App,Search_EN_Trust_2025.03.17,2026-02-24,2026-03-17,UTC,USD,elite social,social proof,broad,5.0,1,0,0.0,0,0.0,0.0,0.0,0.0,3.0,0.333333,,,,,
Judge.me Product Reviews App,Search_EN_Trust_2025.03.17,2026-02-24,2026-03-17,UTC,USD,dakaas social media icons,social proof,broad,5.0,1,0,0.0,0,0.0,0.0,0.0,0.0,3.0,0.25,,,,,
Judge.me Product Reviews App,Search_EN_Trust_2025.03.17,2026-02-24,2026-03-17,UTC,USD,dakaas social,social proof,broad,5.0,1,0,0.0,0,0.0,0.0,0.0,0.0,4.0,1.0,,,,,
Judge.me Product Reviews App,Search_EN_Trust_2025.03.17,2026-02-24,2026-03-17,UTC,USD,build social media vidoes,social proof,broad,5.0,1,0,0.0,0,0.0,0.0,0.0,0.0,4.0,1.0,,,,,
Judge.me Product Reviews App,Search_EN_Trust_2025.03.17,2026-02-24,2026-03-17,UTC,USD,blog social post,social proof,broad,5.0,1,0,0.0,0,0.0,0.0,0.0,0.0,6.0,1.0,,,,,
Judge.me Product Reviews App,Search_EN_Trust_2025.03.17,2026-02-24,2026-03-17,UTC,USD,bizzy social proof,social proof,broad,5.0,1,0,0.0,0,0.0,0.0,0.0,0.0,3.0,0.5,,,,,
Judge.me Product Reviews App,Search_EN_Trust_2025.03.17,2026-02-24,2026-03-17,UTC,USD,bitlogin social login,social proof,broad,5.0,1,0,0.0,0,0.0,0.0,0.0,0.0,3.0,0.333333,,,,,
Judge.me Product Reviews App,Search_EN_Trust_2025.03.17,2026-02-24,2026-03-17,UTC,USD,bitlogin ? social login,social proof,broad,5.0,1,0,0.0,0,0.0,0.0,0.0,0.0,3.0,1.0,,,,,
Judge.me Product Reviews App,Search_EN_Trust_2025.03.17,2026-02-24,2026-03-17,UTC,USD,bar proof,social proof,broad,5.0,1,0,0.0,0,0.0,0.0,0.0,0.0,3.0,1.0,,,,,
Judge.me Product Reviews App,Search_EN_Trust_2025.03.17,2026-02-24,2026-03-17,UTC,USD,artwork proof,social proof,broad,5.0,1,0,0.0,0,0.0,0.0,0.0,0.0,3.0,1.0,,,,,
Judge.me Product Reviews App,Search_EN_Trust_2025.03.17,2026-02-24,2026-03-17,UTC,USD,0684 baking essential cotton padded heat proof microwave baking oven sale 0684 baking essential cot,social proof,broad,5.0,1,0,0.0,0,0.0,0.0,0.0,0.0,4.0,1.0,,,,,
Judge.me Product Reviews App,Search_EN_Trust_2025.03.17,2026-02-24,2026-03-17,UTC,USD,?social share buttons?,social proof,broad,5.0,1,0,0.0,0,0.0,0.0,0.0,0.0,4.0,1.0,,,,,
Judge.me Product Reviews App,Search_EN_Trust_2025.03.17,2026-02-24,2026-03-17,UTC,USD,skill question,question,broad,8.0,1,0,0.0,0,0.0,0.0,0.0,0.0,1.0,1.0,,,,,
Judge.me Product Reviews App,Search_EN_Trust_2025.03.17,2026-02-24,2026-03-17,UTC,USD,reviews & question,question,broad,8.0,1,0,0.0,0,0.0,0.0,0.0,0.0,1.0,1.0,,,,,
Judge.me Product Reviews App,Search_EN_Trust_2025.03.17,2026-02-24,2026-03-17,UTC,USD,questions we get asked,question,broad,8.0,1,0,0.0,0,0.0,0.0,0.0,0.0,1.0,1.0,,,,,
Judge.me Product Reviews App,Search_EN_Trust_2025.03.17,2026-02-24,2026-03-17,UTC,USD,question table,question,broad,8.0,1,0,0.0,0,0.0,0.0,0.0,0.0,1.0,1.0,,,,,
Judge.me Product Reviews App,Search_EN_Trust_2025.03.17,2026-02-24,2026-03-17,UTC,USD,question lisst,question,broad,8.0,1,0,0.0,0,0.0,0.0,0.0,0.0,1.0,1.0,,,,,
Judge.me Product Reviews App,Search_EN_Trust_2025.03.17,2026-02-24,2026-03-17,UTC,USD,product questions & answers,question,broad,8.0,1,0,0.0,0,0.0,0.0,0.0,0.0,4.0,0.2,,,,,
Judge.me Product Reviews App,Search_EN_Trust_2025.03.17,2026-02-24,2026-03-17,UTC,USD,on page questioner,question,broad,8.0,1,0,0.0,0,0.0,0.0,0.0,0.0,3.0,1.0,,,,,
Judge.me Product Reviews App,Search_EN_Trust_2025.03.17,2026-02-24,2026-03-17,UTC,USD,national examination of s6 mathematic physic and che question and answersmistry,question,broad,8.0,1,0,0.0,0,0.0,0.0,0.0,0.0,1.0,1.0,,,,,
Judge.me Product Reviews App,Search_EN_Trust_2025.03.17,2026-02-24,2026-03-17,UTC,USD,intake question,question,broad,8.0,1,0,0.0,0,0.0,0.0,0.0,0.0,1.0,1.0,,,,,
Judge.me Product Reviews App,Search_EN_Trust_2025.03.17,2026-02-24,2026-03-17,UTC,USD,i have a question,question,broad,8.0,1,0,0.0,0,0.0,0.0,0.0,0.0,2.0,1.0,,,,,
Judge.me Product Reviews App,Search_EN_Trust_2025.03.17,2026-02-24,2026-03-17,UTC,USD,frequrntly asked questions,question,broad,8.0,1,0,0.0,0,0.0,0.0,0.0,0.0,1.0,1.0,,,,,
Judge.me Product Reviews App,Search_EN_Trust_2025.03.17,2026-02-24,2026-03-17,UTC,USD,frequently asked questions,question,broad,8.0,1,0,0.0,0,0.0,0.0,0.0,0.0,4.0,0.2,,,,,
Judge.me Product Reviews App,Search_EN_Trust_2025.03.17,2026-02-24,2026-03-17,UTC,USD,frequently ask questions,question,broad,8.0,1,0,0.0,0,0.0,0.0,0.0,0.0,2.0,1.0,,,,,
Judge.me Product Reviews App,Search_EN_Trust_2025.03.17,2026-02-24,2026-03-17,UTC,USD,fq questions,question,broad,8.0,1,0,0.0,0,0.0,0.0,0.0,0.0,1.0,1.0,,,,,
Judge.me Product Reviews App,Search_EN_Trust_2025.03.17,2026-02-24,2026-03-17,UTC,USD,foire aux questions,question,broad,8.0,1,0,0.0,0,0.0,0.0,0.0,0.0,1.0,1.0,,,,,
Judge.me Product Reviews App,Search_EN_Trust_2025.03.17,2026-02-24,2026-03-17,UTC,USD,drop down questions,question,broad,8.0,1,0,0.0,0,0.0,0.0,0.0,0.0,3.0,1.0,,,,,
Judge.me Product Reviews App,Search_EN_Trust_2025.03.17,2026-02-24,2026-03-17,UTC,USD,consultation sequence of questions,question,broad,8.0,1,0,0.0,0,0.0,0.0,0.0,0.0,1.0,1.0,,,,,
Judge.me Product Reviews App,Search_EN_Trust_2025.03.17,2026-02-24,2026-03-17,UTC,USD,checkout question,question,broad,8.0,1,0,0.0,0,0.0,0.0,0.0,0.0,4.0,0.5,,,,,
Judge.me Product Reviews App,Search_EN_Trust_2025.03.17,2026-02-24,2026-03-17,UTC,USD,attach questions,question,broad,8.0,1,0,0.0,0,0.0,0.0,0.0,0.0,1.0,1.0,,,,,
Judge.me Product Reviews App,Search_EN_Trust_2025.03.17,2026-02-24,2026-03-17,UTC,USD,ask question before cod,question,broad,8.0,1,0,0.0,0,0.0,0.0,0.0,0.0,1.0,1.0,,,,,
Judge.me Product Reviews App,Search_EN_Trust_2025.03.17,2026-02-24,2026-03-17,UTC,USD,answer question,question,broad,8.0,1,0,0.0,0,0.0,0.0,0.0,0.0,2.0,1.0,,,,,
Judge.me Product Reviews App,Search_EN_Trust_2025.03.17,2026-02-24,2026-03-17,UTC,USD,add question in pro,question,broad,8.0,1,0,0.0,0,0.0,0.0,0.0,0.0,4.0,1.0,,,,,
Judge.me Product Reviews App,Search_EN_Trust_2025.03.17,2026-02-24,2026-03-17,UTC,USD,ac questions,question,broad,8.0,1,0,0.0,0,0.0,0.0,0.0,0.0,1.0,1.0,,,,,
Judge.me Product Reviews App,Search_EN_Trust_2025.03.17,2026-02-24,2026-03-17,UTC,USD,ac - questions & answers (askify),question,broad,8.0,1,0,0.0,0,0.0,0.0,0.0,0.0,1.0,1.0,,,,,
Judge.me Product Reviews App,Search_EN_Trust_2025.03.17,2026-02-24,2026-03-17,UTC,USD,staff comment,comments,broad,4.0,1,0,0.0,0,0.0,0.0,0.0,0.0,1.0,1.0,,,,,
Judge.me Product Reviews App,Search_EN_Trust_2025.03.17,2026-02-24,2026-03-17,UTC,USD,commenting,comments,broad,4.0,1,0,0.0,0,0.0,0.0,0.0,0.0,3.0,1.0,,,,,
Judge.me Product Reviews App,Search_EN_Trust_2025.03.17,2026-02-24,2026-03-17,UTC,USD,comment some,comments,broad,4.0,1,0,0.0,0,0.0,0.0,0.0,0.0,3.0,1.0,,,,,
Judge.me Product Reviews App,Search_EN_Trust_2025.03.17,2026-02-24,2026-03-17,UTC,USD,comment gua,comments,broad,4.0,1,0,0.0,0,0.0,0.0,0.0,0.0,2.0,1.0,,,,,
Judge.me Product Reviews App,Search_EN_Trust_2025.03.17,2026-02-24,2026-03-17,UTC,USD,comment creer un sous menu,comments,broad,4.0,1,0,0.0,0,0.0,0.0,0.0,0.0,2.0,1.0,,,,,
Judge.me Product Reviews App,Search_EN_Trust_2025.03.17,2026-02-24,2026-03-17,UTC,USD,comment connecte mon assosier ?,comments,broad,4.0,1,0,0.0,0,0.0,0.0,0.0,0.0,3.0,1.0,,,,,
Judge.me Product Reviews App,Search_EN_Trust_2025.03.17,2026-02-24,2026-03-17,UTC,USD,comment avoir sidekick,comments,broad,4.0,1,0,0.0,0,0.0,0.0,0.0,0.0,2.0,1.0,,,,,
Judge.me Product Reviews App,Search_EN_Trust_2025.03.17,2026-02-24,2026-03-17,UTC,USD,amzon comments,comments,broad,4.0,1,0,0.0,0,0.0,0.0,0.0,0.0,4.0,1.0,,,,,
Judge.me Product Reviews App,Search_EN_Trust_2025.03.17,2026-02-24,2026-03-17,UTC,USD,ytv-service-star-triangle-flag-fire-hose,stars,broad,5.0,0,0,0.0,0,0.0,0.0,0.0,0.0,0.0,0.0,,,,,
Judge.me Product Reviews App,Search_EN_Trust_2025.03.17,2026-02-24,2026-03-17,UTC,USD,white star dental alliance,stars,broad,5.0,0,0,0.0,0,0.0,0.0,0.0,0.0,0.0,0.0,,,,,
Judge.me Product Reviews App,Search_EN_Trust_2025.03.17,2026-02-24,2026-03-17,UTC,USD,view star app,stars,broad,5.0,0,0,0.0,0,0.0,0.0,0.0,0.0,0.0,0.0,,,,,
Judge.me Product Reviews App,Search_EN_Trust_2025.03.17,2026-02-24,2026-03-17,UTC,USD,variant image star apps,stars,broad,5.0,0,0,0.0,0,0.0,0.0,0.0,0.0,0.0,0.0,,,,,
Judge.me Product Reviews App,Search_EN_Trust_2025.03.17,2026-02-24,2026-03-17,UTC,USD,trustpilot stars,stars,broad,5.0,0,0,0.0,0,0.0,0.0,0.0,0.0,0.0,0.0,,,,,
Judge.me Product Reviews App,Search_EN_Trust_2025.03.17,2026-02-24,2026-03-17,UTC,USD,studio stars shop connector,stars,broad,5.0,0,0,0.0,0,0.0,0.0,0.0,0.0,0.0,0.0,,,,,
Judge.me Product Reviews App,Search_EN_Trust_2025.03.17,2026-02-24,2026-03-17,UTC,USD,stars variant,stars,broad,5.0,0,0,0.0,0,0.0,0.0,0.0,0.0,0.0,0.0,,,,,
Judge.me Product Reviews App,Search_EN_Trust_2025.03.17,2026-02-24,2026-03-17,UTC,USD,stars free,stars,broad,5.0,0,0,0.0,0,0.0,0.0,0.0,0.0,0.0,0.0,,,,,
Judge.me Product Reviews App,Search_EN_Trust_2025.03.17,2026-02-24,2026-03-17,UTC,USD,stars block,stars,broad,5.0,0,0,0.0,0,0.0,0.0,0.0,0.0,0.0,0.0,,,,,
Judge.me Product Reviews App,Search_EN_Trust_2025.03.17,2026-02-24,2026-03-17,UTC,USD,star widget,stars,broad,5.0,0,0,0.0,0,0.0,0.0,0.0,0.0,0.0,0.0,,,,,
Judge.me Product Reviews App,Search_EN_Trust_2025.03.17,2026-02-24,2026-03-17,UTC,USD,star varient image,stars,broad,5.0,0,0,0.0,0,0.0,0.0,0.0,0.0,0.0,0.0,,,,,
Judge.me Product Reviews App,Search_EN_Trust_2025.03.17,2026-02-24,2026-03-17,UTC,USD,star variant image,stars,broad,5.0,0,0,0.0,0,0.0,0.0,0.0,0.0,0.0,0.0,,,,,
Judge.me Product Reviews App,Search_EN_Trust_2025.03.17,2026-02-24,2026-03-17,UTC,USD,star variant,stars,broad,5.0,0,0,0.0,0,0.0,0.0,0.0,0.0,0.0,0.0,,,,,
Judge.me Product Reviews App,Search_EN_Trust_2025.03.17,2026-02-24,2026-03-17,UTC,USD,star track,stars,broad,5.0,0,0,0.0,0,0.0,0.0,0.0,0.0,0.0,0.0,,,,,
Judge.me Product Reviews App,Search_EN_Trust_2025.03.17,2026-02-24,2026-03-17,UTC,USD,star ship it,stars,broad,5.0,0,0,0.0,0,0.0,0.0,0.0,0.0,0.0,0.0,,,,,
Judge.me Product Reviews App,Search_EN_Trust_2025.03.17,2026-02-24,2026-03-17,UTC,USD,star ship i,stars,broad,5.0,0,0,0.0,0,0.0,0.0,0.0,0.0,0.0,0.0,,,,,
Judge.me Product Reviews App,Search_EN_Trust_2025.03.17,2026-02-24,2026-03-17,UTC,USD,star ship,stars,broad,5.0,0,0,0.0,0,0.0,0.0,0.0,0.0,0.0,0.0,,,,,
Judge.me Product Reviews App,Search_EN_Trust_2025.03.17,2026-02-24,2026-03-17,UTC,USD,star s,stars,broad,5.0,0,0,0.0,0,0.0,0.0,0.0,0.0,0.0,0.0,,,,,
Judge.me Product Reviews App,Search_EN_Trust_2025.03.17,2026-02-24,2026-03-17,UTC,USD,star review,stars,broad,5.0,0,0,0.0,0,0.0,0.0,0.0,0.0,0.0,0.0,,,,,
Judge.me Product Reviews App,Search_EN_Trust_2025.03.17,2026-02-24,2026-03-17,UTC,USD,star product section,stars,broad,5.0,0,0,0.0,0,0.0,0.0,0.0,0.0,0.0,0.0,,,,,
Judge.me Product Reviews App,Search_EN_Trust_2025.03.17,2026-02-24,2026-03-17,UTC,USD,star product revei,stars,broad,5.0,0,0,0.0,0,0.0,0.0,0.0,0.0,0.0,0.0,,,,,
Judge.me Product Reviews App,Search_EN_Trust_2025.03.17,2026-02-24,2026-03-17,UTC,USD,star product labels,stars,broad,5.0,0,0,0.0,0,0.0,0.0,0.0,0.0,0.0,0.0,,,,,
Judge.me Product Reviews App,Search_EN_Trust_2025.03.17,2026-02-24,2026-03-17,UTC,USD,star product,stars,broad,5.0,0,0,0.0,0,0.0,0.0,0.0,0.0,0.0,0.0,,,,,
Judge.me Product Reviews App,Search_EN_Trust_2025.03.17,2026-02-24,2026-03-17,UTC,USD,star points,stars,broad,5.0,0,0,0.0,0,0.0,0.0,0.0,0.0,0.0,0.0,,,,,
Judge.me Product Reviews App,Search_EN_Trust_2025.03.17,2026-02-24,2026-03-17,UTC,USD,star maps print,stars,broad,5.0,0,0,0.0,0,0.0,0.0,0.0,0.0,0.0,0.0,,,,,
Judge.me Product Reviews App,Search_EN_Trust_2025.03.17,2026-02-24,2026-03-17,UTC,USD,star lamps,stars,broad,5.0,0,0,0.0,0,0.0,0.0,0.0,0.0,0.0,0.0,,,,,
Judge.me Product Reviews App,Search_EN_Trust_2025.03.17,2026-02-24,2026-03-17,UTC,USD,star image,stars,broad,5.0,0,0,0.0,0,0.0,0.0,0.0,0.0,0.0,0.0,,,,,
Judge.me Product Reviews App,Search_EN_Trust_2025.03.17,2026-02-24,2026-03-17,UTC,USD,star hygiene - nsw warehouse,stars,broad,5.0,0,0,0.0,0,0.0,0.0,0.0,0.0,0.0,0.0,,,,,
Judge.me Product Reviews App,Search_EN_Trust_2025.03.17,2026-02-24,2026-03-17,UTC,USD,star estimated delivery date,stars,broad,5.0,0,0,0.0,0,0.0,0.0,0.0,0.0,0.0,0.0,,,,,
Judge.me Product Reviews App,Search_EN_Trust_2025.03.17,2026-02-24,2026-03-17,UTC,USD,star combined,stars,broad,5.0,0,0,0.0,0,0.0,0.0,0.0,0.0,0.0,0.0,,,,,
Judge.me Product Reviews App,Search_EN_Trust_2025.03.17,2026-02-24,2026-03-17,UTC,USD,star colors,stars,broad,5.0,0,0,0.0,0,0.0,0.0,0.0,0.0,0.0,0.0,,,,,
Judge.me Product Reviews App,Search_EN_Trust_2025.03.17,2026-02-24,2026-03-17,UTC,USD,star cloud print,stars,broad,5.0,0,0,0.0,0,0.0,0.0,0.0,0.0,0.0,0.0,,,,,
Judge.me Product Reviews App,Search_EN_Trust_2025.03.17,2026-02-24,2026-03-17,UTC,USD,star badge,stars,broad,5.0,0,0,0.0,0,0.0,0.0,0.0,0.0,0.0,0.0,,,,,
Judge.me Product Reviews App,Search_EN_Trust_2025.03.17,2026-02-24,2026-03-17,UTC,USD,star apps variant image automator,stars,broad,5.0,0,0,0.0,0,0.0,0.0,0.0,0.0,0.0,0.0,,,,,
Judge.me Product Reviews App,Search_EN_Trust_2025.03.17,2026-02-24,2026-03-17,UTC,USD,star apps variant image,stars,broad,5.0,0,0,0.0,0,0.0,0.0,0.0,0.0,0.0,0.0,,,,,
Judge.me Product Reviews App,Search_EN_Trust_2025.03.17,2026-02-24,2026-03-17,UTC,USD,star apps variant iamge,stars,broad,5.0,0,0,0.0,0,0.0,0.0,0.0,0.0,0.0,0.0,,,,,
Judge.me Product Reviews App,Search_EN_Trust_2025.03.17,2026-02-24,2026-03-17,UTC,USD,star apps variant,stars,broad,5.0,0,0,0.0,0,0.0,0.0,0.0,0.0,0.0,0.0,,,,,
Judge.me Product Reviews App,Search_EN_Trust_2025.03.17,2026-02-24,2026-03-17,UTC,USD,star apps,stars,broad,5.0,0,0,0.0,0,0.0,0.0,0.0,0.0,0.0,0.0,,,,,
Judge.me Product Reviews App,Search_EN_Trust_2025.03.17,2026-02-24,2026-03-17,UTC,USD,star app varients,stars,broad,5.0,0,0,0.0,0,0.0,0.0,0.0,0.0,0.0,0.0,,,,,
Judge.me Product Reviews App,Search_EN_Trust_2025.03.17,2026-02-24,2026-03-17,UTC,USD,star app variant image,stars,broad,5.0,0,0,0.0,0,0.0,0.0,0.0,0.0,0.0,0.0,,,,,
Judge.me Product Reviews App,Search_EN_Trust_2025.03.17,2026-02-24,2026-03-17,UTC,USD,star app variant iamge,stars,broad,5.0,0,0,0.0,0,0.0,0.0,0.0,0.0,0.0,0.0,,,,,
Judge.me Product Reviews App,Search_EN_Trust_2025.03.17,2026-02-24,2026-03-17,UTC,USD,star app variant,stars,broad,5.0,0,0,0.0,0,0.0,0.0,0.0,0.0,0.0,0.0,,,,,
Judge.me Product Reviews App,Search_EN_Trust_2025.03.17,2026-02-24,2026-03-17,UTC,USD,star app,stars,broad,5.0,0,0,0.0,0,0.0,0.0,0.0,0.0,0.0,0.0,,,,,
Judge.me Product Reviews App,Search_EN_Trust_2025.03.17,2026-02-24,2026-03-17,UTC,USD,section star ? free theme sections,stars,broad,5.0,0,0,0.0,0,0.0,0.0,0.0,0.0,0.0,0.0,,,,,
Judge.me Product Reviews App,Search_EN_Trust_2025.03.17,2026-02-24,2026-03-17,UTC,USD,rpi-stars google,stars,broad,5.0,0,0,0.0,0,0.0,0.0,0.0,0.0,0.0,0.0,,,,,
Judge.me Product Reviews App,Search_EN_Trust_2025.03.17,2026-02-24,2026-03-17,UTC,USD,rating?widget: 5?star reviews.,stars,broad,5.0,0,0,0.0,0,0.0,0.0,0.0,0.0,0.0,0.0,,,,,
Judge.me Product Reviews App,Search_EN_Trust_2025.03.17,2026-02-24,2026-03-17,UTC,USD,product stars,stars,broad,5.0,0,0,0.0,0,0.0,0.0,0.0,0.0,0.0,0.0,,,,,
Judge.me Product Reviews App,Search_EN_Trust_2025.03.17,2026-02-24,2026-03-17,UTC,USD,product star rating,stars,broad,5.0,0,0,0.0,0,0.0,0.0,0.0,0.0,0.0,0.0,,,,,
Judge.me Product Reviews App,Search_EN_Trust_2025.03.17,2026-02-24,2026-03-17,UTC,USD,product star,stars,broad,5.0,0,0,0.0,0,0.0,0.0,0.0,0.0,0.0,0.0,,,,,
Judge.me Product Reviews App,Search_EN_Trust_2025.03.17,2026-02-24,2026-03-17,UTC,USD,product page reviews stars,stars,broad,5.0,0,0,0.0,0,0.0,0.0,0.0,0.0,0.0,0.0,,,,,
Judge.me Product Reviews App,Search_EN_Trust_2025.03.17,2026-02-24,2026-03-17,UTC,USD,kudosi star rating,stars,broad,5.0,0,0,0.0,0,0.0,0.0,0.0,0.0,0.0,0.0,,,,,
Judge.me Product Reviews App,Search_EN_Trust_2025.03.17,2026-02-24,2026-03-17,UTC,USD,kudosi star r,stars,broad,5.0,0,0,0.0,0,0.0,0.0,0.0,0.0,0.0,0.0,,,,,
Judge.me Product Reviews App,Search_EN_Trust_2025.03.17,2026-02-24,2026-03-17,UTC,USD,judge.me star rating,stars,broad,5.0,0,0,0.0,0,0.0,0.0,0.0,0.0,0.0,0.0,,,,,
Judge.me Product Reviews App,Search_EN_Trust_2025.03.17,2026-02-24,2026-03-17,UTC,USD,judge me star,stars,broad,5.0,0,0,0.0,0,0.0,0.0,0.0,0.0,0.0,0.0,,,,,
Judge.me Product Reviews App,Search_EN_Trust_2025.03.17,2026-02-24,2026-03-17,UTC,USD,drop star,stars,broad,5.0,0,0,0.0,0,0.0,0.0,0.0,0.0,0.0,0.0,,,,,
Judge.me Product Reviews App,Search_EN_Trust_2025.03.17,2026-02-24,2026-03-17,UTC,USD,checkout stars,stars,broad,5.0,0,0,0.0,0,0.0,0.0,0.0,0.0,0.0,0.0,,,,,
Judge.me Product Reviews App,Search_EN_Trust_2025.03.17,2026-02-24,2026-03-17,UTC,USD,checkout star,stars,broad,5.0,0,0,0.0,0,0.0,0.0,0.0,0.0,0.0,0.0,,,,,
Judge.me Product Reviews App,Search_EN_Trust_2025.03.17,2026-02-24,2026-03-17,UTC,USD,bulk star,stars,broad,5.0,0,0,0.0,0,0.0,0.0,0.0,0.0,0.0,0.0,,,,,
Judge.me Product Reviews App,Search_EN_Trust_2025.03.17,2026-02-24,2026-03-17,UTC,USD,built and fulfilled by star editions,stars,broad,5.0,0,0,0.0,0,0.0,0.0,0.0,0.0,0.0,0.0,,,,,
Judge.me Product Reviews App,Search_EN_Trust_2025.03.17,2026-02-24,2026-03-17,UTC,USD,zotabox social sharing buttons,social proof,broad,5.0,0,0,0.0,0,0.0,0.0,0.0,0.0,0.0,0.0,,,,,
Judge.me Product Reviews App,Search_EN_Trust_2025.03.17,2026-02-24,2026-03-17,UTC,USD,xyla al social,social proof,broad,5.0,0,0,0.0,0,0.0,0.0,0.0,0.0,0.0,0.0,,,,,
Judge.me Product Reviews App,Search_EN_Trust_2025.03.17,2026-02-24,2026-03-17,UTC,USD,xyla ai social media autopilot,social proof,broad,5.0,0,0,0.0,0,0.0,0.0,0.0,0.0,0.0,0.0,,,,,
Judge.me Product Reviews App,Search_EN_Trust_2025.03.17,2026-02-24,2026-03-17,UTC,USD,xyla ai social,social proof,broad,5.0,0,0,0.0,0,0.0,0.0,0.0,0.0,0.0,0.0,,,,,
Judge.me Product Reviews App,Search_EN_Trust_2025.03.17,2026-02-24,2026-03-17,UTC,USD,wisernotify social proof popup,social proof,broad,5.0,0,0,0.0,0,0.0,0.0,0.0,0.0,0.0,0.0,,,,,
Judge.me Product Reviews App,Search_EN_Trust_2025.03.17,2026-02-24,2026-03-17,UTC,USD,"whatsapp chat, telegram & more rt: social chat, live chat",social proof,broad,5.0,0,0,0.0,0,0.0,0.0,0.0,0.0,0.0,0.0,,,,,
Judge.me Product Reviews App,Search_EN_Trust_2025.03.17,2026-02-24,2026-03-17,UTC,USD,whatsapp and social button,social proof,broad,5.0,0,0,0.0,0,0.0,0.0,0.0,0.0,0.0,0.0,,,,,
Judge.me Product Reviews App,Search_EN_Trust_2025.03.17,2026-02-24,2026-03-17,UTC,USD,whatsapp & social button,social proof,broad,5.0,0,0,0.0,0,0.0,0.0,0.0,0.0,0.0,0.0,,,,,
Judge.me Product Reviews App,Search_EN_Trust_2025.03.17,2026-02-24,2026-03-17,UTC,USD,visual proof,social proof,broad,5.0,0,0,0.0,0,0.0,0.0,0.0,0.0,0.0,0.0,,,,,
Judge.me Product Reviews App,Search_EN_Trust_2025.03.17,2026-02-24,2026-03-17,UTC,USD,video social,social proof,broad,5.0,0,0,0.0,0,0.0,0.0,0.0,0.0,0.0,0.0,,,,,
Judge.me Product Reviews App,Search_EN_Trust_2025.03.17,2026-02-24,2026-03-17,UTC,USD,video slider social,social proof,broad,5.0,0,0,0.0,0,0.0,0.0,0.0,0.0,0.0,0.0,,,,,
Judge.me Product Reviews App,Search_EN_Trust_2025.03.17,2026-02-24,2026-03-17,UTC,USD,video proof,social proof,broad,5.0,0,0,0.0,0,0.0,0.0,0.0,0.0,0.0,0.0,,,,,
Judge.me Product Reviews App,Search_EN_Trust_2025.03.17,2026-02-24,2026-03-17,UTC,USD,video link from social media,social proof,broad,5.0,0,0,0.0,0,0.0,0.0,0.0,0.0,0.0,0.0,,,,,
Judge.me Product Reviews App,Search_EN_Trust_2025.03.17,2026-02-24,2026-03-17,UTC,USD,vibeflow ? social auto post,social proof,broad,5.0,0,0,0.0,0,0.0,0.0,0.0,0.0,0.0,0.0,,,,,
Judge.me Product Reviews App,Search_EN_Trust_2025.03.17,2026-02-24,2026-03-17,UTC,USD,vf social auto post,social proof,broad,5.0,0,0,0.0,0,0.0,0.0,0.0,0.0,0.0,0.0,,,,,
Judge.me Product Reviews App,Search_EN_Trust_2025.03.17,2026-02-24,2026-03-17,UTC,USD,validacion social,social proof,broad,5.0,0,0,0.0,0,0.0,0.0,0.0,0.0,0.0,0.0,,,,,
Judge.me Product Reviews App,Search_EN_Trust_2025.03.17,2026-02-24,2026-03-17,UTC,USD,urgency social proof,social proof,broad,5.0,0,0,0.0,0,0.0,0.0,0.0,0.0,0.0,0.0,,,,,
Judge.me Product Reviews App,Search_EN_Trust_2025.03.17,2026-02-24,2026-03-17,UTC,USD,upload payment proof - bank transfer,social proof,broad,5.0,0,0,0.0,0,0.0,0.0,0.0,0.0,0.0,0.0,,,,,
Judge.me Product Reviews App,Search_EN_Trust_2025.03.17,2026-02-24,2026-03-17,UTC,USD,trustoo social proof & reviews,social proof,broad,5.0,0,0,0.0,0,0.0,0.0,0.0,0.0,0.0,0.0,,,,,
Judge.me Product Reviews App,Search_EN_Trust_2025.03.17,2026-02-24,2026-03-17,UTC,USD,trustoo sales pop up socail proof,social proof,broad,5.0,0,0,0.0,0,0.0,0.0,0.0,0.0,0.0,0.0,,,,,
Judge.me Product Reviews App,Search_EN_Trust_2025.03.17,2026-02-24,2026-03-17,UTC,USD,trusted social,social proof,broad,5.0,0,0,0.0,0,0.0,0.0,0.0,0.0,0.0,0.0,,,,,
Judge.me Product Reviews App,Search_EN_Trust_2025.03.17,2026-02-24,2026-03-17,UTC,USD,tiktok social proof,social proof,broad,5.0,0,0,0.0,0,0.0,0.0,0.0,0.0,0.0,0.0,,,,,
Judge.me Product Reviews App,Search_EN_Trust_2025.03.17,2026-02-24,2026-03-17,UTC,USD,tiktok social post,social proof,broad,5.0,0,0,0.0,0,0.0,0.0,0.0,0.0,0.0,0.0,,,,,
Judge.me Product Reviews App,Search_EN_Trust_2025.03.17,2026-02-24,2026-03-17,UTC,USD,tiktok social commerce,social proof,broad,5.0,0,0,0.0,0,0.0,0.0,0.0,0.0,0.0,0.0,,,,,
Judge.me Product Reviews App,Search_EN_Trust_2025.03.17,2026-02-24,2026-03-17,UTC,USD,teilen mit social medai,social proof,broad,5.0,0,0,0.0,0,0.0,0.0,0.0,0.0,0.0,0.0,,,,,
Judge.me Product Reviews App,Search_EN_Trust_2025.03.17,2026-02-24,2026-03-17,UTC,USD,taggbox shoppable social ugc,social proof,broad,5.0,0,0,0.0,0,0.0,0.0,0.0,0.0,0.0,0.0,,,,,
Judge.me Product Reviews App,Search_EN_Trust_2025.03.17,2026-02-24,2026-03-17,UTC,USD,tagembed social feed,social proof,broad,5.0,0,0,0.0,0,0.0,0.0,0.0,0.0,0.0,0.0,,,,,
Judge.me Product Reviews App,Search_EN_Trust_2025.03.17,2026-02-24,2026-03-17,UTC,USD,tagembed google reviews & social proof,social proof,broad,5.0,0,0,0.0,0,0.0,0.0,0.0,0.0,0.0,0.0,,,,,
Judge.me Product Reviews App,Search_EN_Trust_2025.03.17,2026-02-24,2026-03-17,UTC,USD,ssm social proof badges labels,social proof,broad,5.0,0,0,0.0,0,0.0,0.0,0.0,0.0,0.0,0.0,,,,,
Judge.me Product Reviews App,Search_EN_Trust_2025.03.17,2026-02-24,2026-03-17,UTC,USD,ss ? social media ai auto post,social proof,broad,5.0,0,0,0.0,0,0.0,0.0,0.0,0.0,0.0,0.0,,,,,
Judge.me Product Reviews App,Search_EN_Trust_2025.03.17,2026-02-24,2026-03-17,UTC,USD,sparks social distancing store,social proof,broad,5.0,0,0,0.0,0,0.0,0.0,0.0,0.0,0.0,0.0,,,,,
Judge.me Product Reviews App,Search_EN_Trust_2025.03.17,2026-02-24,2026-03-17,UTC,USD,sp: sales popup / social proof popup,social proof,broad,5.0,0,0,0.0,0,0.0,0.0,0.0,0.0,0.0,0.0,,,,,
Judge.me Product Reviews App,Search_EN_Trust_2025.03.17,2026-02-24,2026-03-17,UTC,USD,sp sales pop up social proof (qikify),social proof,broad,5.0,0,0,0.0,0,0.0,0.0,0.0,0.0,0.0,0.0,,,,,
Judge.me Product Reviews App,Search_EN_Trust_2025.03.17,2026-02-24,2026-03-17,UTC,USD,sp sales pop up social,social proof,broad,5.0,0,0,0.0,0,0.0,0.0,0.0,0.0,0.0,0.0,,,,,
Judge.me Product Reviews App,Search_EN_Trust_2025.03.17,2026-02-24,2026-03-17,UTC,USD,sp sales pop up ? social proof,social proof,broad,5.0,0,0,0.0,0,0.0,0.0,0.0,0.0,0.0,0.0,,,,,
Judge.me Product Reviews App,Search_EN_Trust_2025.03.17,2026-02-24,2026-03-17,UTC,USD,sp sales pop social proof,social proof,broad,5.0,0,0,0.0,0,0.0,0.0,0.0,0.0,0.0,0.0,,,,,
Judge.me Product Reviews App,Search_EN_Trust_2025.03.17,2026-02-24,2026-03-17,UTC,USD,sold count: product sale proof,social proof,broad,5.0,0,0,0.0,0,0.0,0.0,0.0,0.0,0.0,0.0,,,,,
Judge.me Product Reviews App,Search_EN_Trust_2025.03.17,2026-02-24,2026-03-17,UTC,USD,sold count ? social proof,social proof,broad,5.0,0,0,0.0,0,0.0,0.0,0.0,0.0,0.0,0.0,,,,,
Judge.me Product Reviews App,Search_EN_Trust_2025.03.17,2026-02-24,2026-03-17,UTC,USD,socialv (social network hub),social proof,broad,5.0,0,0,0.0,0,0.0,0.0,0.0,0.0,0.0,0.0,,,,,
Judge.me Product Reviews App,Search_EN_Trust_2025.03.17,2026-02-24,2026-03-17,UTC,USD,socials links,social proof,broad,5.0,0,0,0.0,0,0.0,0.0,0.0,0.0,0.0,0.0,,,,,
Judge.me Product Reviews App,Search_EN_Trust_2025.03.17,2026-02-24,2026-03-17,UTC,USD,socials in hea,social proof,broad,5.0,0,0,0.0,0,0.0,0.0,0.0,0.0,0.0,0.0,,,,,
Judge.me Product Reviews App,Search_EN_Trust_2025.03.17,2026-02-24,2026-03-17,UTC,USD,socials announcement,social proof,broad,5.0,0,0,0.0,0,0.0,0.0,0.0,0.0,0.0,0.0,,,,,
Judge.me Product Reviews App,Search_EN_Trust_2025.03.17,2026-02-24,2026-03-17,UTC,USD,socially restock & auto post,social proof,broad,5.0,0,0,0.0,0,0.0,0.0,0.0,0.0,0.0,0.0,,,,,
Judge.me Product Reviews App,Search_EN_Trust_2025.03.17,2026-02-24,2026-03-17,UTC,USD,social?login,social proof,broad,5.0,0,0,0.0,0,0.0,0.0,0.0,0.0,0.0,0.0,,,,,
Judge.me Product Reviews App,Search_EN_Trust_2025.03.17,2026-02-24,2026-03-17,UTC,USD,social-meta-tags.liquid,social proof,broad,5.0,0,0,0.0,0,0.0,0.0,0.0,0.0,0.0,0.0,,,,,
Judge.me Product Reviews App,Search_EN_Trust_2025.03.17,2026-02-24,2026-03-17,UTC,USD,social-login-extension,social proof,broad,5.0,0,0,0.0,0,0.0,0.0,0.0,0.0,0.0,0.0,,,,,
Judge.me Product Reviews App,Search_EN_Trust_2025.03.17,2026-02-24,2026-03-17,UTC,USD,social work diary,social proof,broad,5.0,0,0,0.0,0,0.0,0.0,0.0,0.0,0.0,0.0,,,,,
Judge.me Product Reviews App,Search_EN_Trust_2025.03.17,2026-02-24,2026-03-17,UTC,USD,social widget meta,social proof,broad,5.0,0,0,0.0,0,0.0,0.0,0.0,0.0,0.0,0.0,,,,,
Judge.me Product Reviews App,Search_EN_Trust_2025.03.17,2026-02-24,2026-03-17,UTC,USD,social widget instagram feed,social proof,broad,5.0,0,0,0.0,0,0.0,0.0,0.0,0.0,0.0,0.0,,,,,
Judge.me Product Reviews App,Search_EN_Trust_2025.03.17,2026-02-24,2026-03-17,UTC,USD,social widget insta feed,social proof,broad,5.0,0,0,0.0,0,0.0,0.0,0.0,0.0,0.0,0.0,,,,,
Judge.me Product Reviews App,Search_EN_Trust_2025.03.17,2026-02-24,2026-03-17,UTC,USD,social widge,social proof,broad,5.0,0,0,0.0,0,0.0,0.0,0.0,0.0,0.0,0.0,,,,,
Judge.me Product Reviews App,Search_EN_Trust_2025.03.17,2026-02-24,2026-03-17,UTC,USD,social wid,social proof,broad,5.0,0,0,0.0,0,0.0,0.0,0.0,0.0,0.0,0.0,,,,,
Judge.me Product Reviews App,Search_EN_Trust_2025.03.17,2026-02-24,2026-03-17,UTC,USD,social walls,social proof,broad,5.0,0,0,0.0,0,0.0,0.0,0.0,0.0,0.0,0.0,,,,,
Judge.me Product Reviews App,Search_EN_Trust_2025.03.17,2026-02-24,2026-03-17,UTC,USD,social wall,social proof,broad,5.0,0,0,0.0,0,0.0,0.0,0.0,0.0,0.0,0.0,,,,,
Judge.me Product Reviews App,Search_EN_Trust_2025.03.17,2026-02-24,2026-03-17,UTC,USD,social videos tiktok,social proof,broad,5.0,0,0,0.0,0,0.0,0.0,0.0,0.0,0.0,0.0,,,,,
Judge.me Product Reviews App,Search_EN_Trust_2025.03.17,2026-02-24,2026-03-17,UTC,USD,social video shopify,social proof,broad,5.0,0,0,0.0,0,0.0,0.0,0.0,0.0,0.0,0.0,,,,,
Judge.me Product Reviews App,Search_EN_Trust_2025.03.17,2026-02-24,2026-03-17,UTC,USD,social video reviws,social proof,broad,5.0,0,0,0.0,0,0.0,0.0,0.0,0.0,0.0,0.0,,,,,
Judge.me Product Reviews App,Search_EN_Trust_2025.03.17,2026-02-24,2026-03-17,UTC,USD,social video instagram,social proof,broad,5.0,0,0,0.0,0,0.0,0.0,0.0,0.0,0.0,0.0,,,,,
Judge.me Product Reviews App,Search_EN_Trust_2025.03.17,2026-02-24,2026-03-17,UTC,USD,social video feed,social proof,broad,5.0,0,0,0.0,0,0.0,0.0,0.0,0.0,0.0,0.0,,,,,
Judge.me Product Reviews App,Search_EN_Trust_2025.03.17,2026-02-24,2026-03-17,UTC,USD,social video,social proof,broad,5.0,0,0,0.0,0,0.0,0.0,0.0,0.0,0.0,0.0,,,,,
Judge.me Product Reviews App,Search_EN_Trust_2025.03.17,2026-02-24,2026-03-17,UTC,USD,social trust,social proof,broad,5.0,0,0,0.0,0,0.0,0.0,0.0,0.0,0.0,0.0,,,,,
Judge.me Product Reviews App,Search_EN_Trust_2025.03.17,2026-02-24,2026-03-17,UTC,USD,social traffic,social proof,broad,5.0,0,0,0.0,0,0.0,0.0,0.0,0.0,0.0,0.0,,,,,
Judge.me Product Reviews App,Search_EN_Trust_2025.03.17,2026-02-24,2026-03-17,UTC,USD,social tip,social proof,broad,5.0,0,0,0.0,0,0.0,0.0,0.0,0.0,0.0,0.0,,,,,
Judge.me Product Reviews App,Search_EN_Trust_2025.03.17,2026-02-24,2026-03-17,UTC,USD,social status,social proof,broad,5.0,0,0,0.0,0,0.0,0.0,0.0,0.0,0.0,0.0,,,,,
Judge.me Product Reviews App,Search_EN_Trust_2025.03.17,2026-02-24,2026-03-17,UTC,USD,social statistics,social proof,broad,5.0,0,0,0.0,0,0.0,0.0,0.0,0.0,0.0,0.0,,,,,
Judge.me Product Reviews App,Search_EN_Trust_2025.03.17,2026-02-24,2026-03-17,UTC,USD,social snowball: affiliate,social proof,broad,5.0,0,0,0.0,0,0.0,0.0,0.0,0.0,0.0,0.0,,,,,
Judge.me Product Reviews App,Search_EN_Trust_2025.03.17,2026-02-24,2026-03-17,UTC,USD,social snowball qa,social proof,broad,5.0,0,0,0.0,0,0.0,0.0,0.0,0.0,0.0,0.0,,,,,
Judge.me Product Reviews App,Search_EN_Trust_2025.03.17,2026-02-24,2026-03-17,UTC,USD,social snowba,social proof,broad,5.0,0,0,0.0,0,0.0,0.0,0.0,0.0,0.0,0.0,,,,,
Judge.me Product Reviews App,Search_EN_Trust_2025.03.17,2026-02-24,2026-03-17,UTC,USD,social snowb,social proof,broad,5.0,0,0,0.0,0,0.0,0.0,0.0,0.0,0.0,0.0,,,,,
Judge.me Product Reviews App,Search_EN_Trust_2025.03.17,2026-02-24,2026-03-17,UTC,USD,social snow,social proof,broad,5.0,0,0,0.0,0,0.0,0.0,0.0,0.0,0.0,0.0,,,,,
Judge.me Product Reviews App,Search_EN_Trust_2025.03.17,2026-02-24,2026-03-17,UTC,USD,social sno,social proof,broad,5.0,0,0,0.0,0,0.0,0.0,0.0,0.0,0.0,0.0,,,,,
Judge.me Product Reviews App,Search_EN_Trust_2025.03.17,2026-02-24,2026-03-17,UTC,USD,social sid,social proof,broad,5.0,0,0,0.0,0,0.0,0.0,0.0,0.0,0.0,0.0,,,,,
Judge.me Product Reviews App,Search_EN_Trust_2025.03.17,2026-02-24,2026-03-17,UTC,USD,social shopping,social proof,broad,5.0,0,0,0.0,0,0.0,0.0,0.0,0.0,0.0,0.0,,,,,
Judge.me Product Reviews App,Search_EN_Trust_2025.03.17,2026-02-24,2026-03-17,UTC,USD,social shop wave,social proof,broad,5.0,0,0,0.0,0,0.0,0.0,0.0,0.0,0.0,0.0,,,,,
Judge.me Product Reviews App,Search_EN_Trust_2025.03.17,2026-02-24,2026-03-17,UTC,USD,social sharing tool,social proof,broad,5.0,0,0,0.0,0,0.0,0.0,0.0,0.0,0.0,0.0,,,,,
Judge.me Product Reviews App,Search_EN_Trust_2025.03.17,2026-02-24,2026-03-17,UTC,USD,social sharing image and seo,social proof,broad,5.0,0,0,0.0,0,0.0,0.0,0.0,0.0,0.0,0.0,,,,,
Judge.me Product Reviews App,Search_EN_Trust_2025.03.17,2026-02-24,2026-03-17,UTC,USD,social sharing image,social proof,broad,5.0,0,0,0.0,0,0.0,0.0,0.0,0.0,0.0,0.0,,,,,
Judge.me Product Reviews App,Search_EN_Trust_2025.03.17,2026-02-24,2026-03-17,UTC,USD,social share product icon,social proof,broad,5.0,0,0,0.0,0,0.0,0.0,0.0,0.0,0.0,0.0,,,,,
Judge.me Product Reviews App,Search_EN_Trust_2025.03.17,2026-02-24,2026-03-17,UTC,USD,social share nofollow,social proof,broad,5.0,0,0,0.0,0,0.0,0.0,0.0,0.0,0.0,0.0,,,,,
Judge.me Product Reviews App,Search_EN_Trust_2025.03.17,2026-02-24,2026-03-17,UTC,USD,social share images,social proof,broad,5.0,0,0,0.0,0,0.0,0.0,0.0,0.0,0.0,0.0,,,,,
Judge.me Product Reviews App,Search_EN_Trust_2025.03.17,2026-02-24,2026-03-17,UTC,USD,social share cart,social proof,broad,5.0,0,0,0.0,0,0.0,0.0,0.0,0.0,0.0,0.0,,,,,
Judge.me Product Reviews App,Search_EN_Trust_2025.03.17,2026-02-24,2026-03-17,UTC,USD,social share buttons product page sharing,social proof,broad,5.0,0,0,0.0,0,0.0,0.0,0.0,0.0,0.0,0.0,,,,,
Judge.me Product Reviews App,Search_EN_Trust_2025.03.17,2026-02-24,2026-03-17,UTC,USD,social share button,social proof,broad,5.0,0,0,0.0,0,0.0,0.0,0.0,0.0,0.0,0.0,,,,,
Judge.me Product Reviews App,Search_EN_Trust_2025.03.17,2026-02-24,2026-03-17,UTC,USD,social scheduling,social proof,broad,5.0,0,0,0.0,0,0.0,0.0,0.0,0.0,0.0,0.0,,,,,
Judge.me Product Reviews App,Search_EN_Trust_2025.03.17,2026-02-24,2026-03-17,UTC,USD,social sales channels,social proof,broad,5.0,0,0,0.0,0,0.0,0.0,0.0,0.0,0.0,0.0,,,,,
Judge.me Product Reviews App,Search_EN_Trust_2025.03.17,2026-02-24,2026-03-17,UTC,USD,social s,social proof,broad,5.0,0,0,0.0,0,0.0,0.0,0.0,0.0,0.0,0.0,,,,,
Judge.me Product Reviews App,Search_EN_Trust_2025.03.17,2026-02-24,2026-03-17,UTC,USD,social roof,social proof,broad,5.0,0,0,0.0,0,0.0,0.0,0.0,0.0,0.0,0.0,,,,,
Judge.me Product Reviews App,Search_EN_Trust_2025.03.17,2026-02-24,2026-03-17,UTC,USD,social review,social proof,broad,5.0,0,0,0.0,0,0.0,0.0,0.0,0.0,0.0,0.0,,,,,
Judge.me Product Reviews App,Search_EN_Trust_2025.03.17,2026-02-24,2026-03-17,UTC,USD,social reel,social proof,broad,5.0,0,0,0.0,0,0.0,0.0,0.0,0.0,0.0,0.0,,,,,
Judge.me Product Reviews App,Search_EN_Trust_2025.03.17,2026-02-24,2026-03-17,UTC,USD,social rabbit,social proof,broad,5.0,0,0,0.0,0,0.0,0.0,0.0,0.0,0.0,0.0,,,,,
Judge.me Product Reviews App,Search_EN_Trust_2025.03.17,2026-02-24,2026-03-17,UTC,USD,social pruf,social proof,broad,5.0,0,0,0.0,0,0.0,0.0,0.0,0.0,0.0,0.0,,,,,
Judge.me Product Reviews App,Search_EN_Trust_2025.03.17,2026-02-24,2026-03-17,UTC,USD,social prove,social proof,broad,5.0,0,0,0.0,0,0.0,0.0,0.0,0.0,0.0,0.0,,,,,
Judge.me Product Reviews App,Search_EN_Trust_2025.03.17,2026-02-24,2026-03-17,UTC,USD,social proofy ? sales popup,social proof,broad,5.0,0,0,0.0,0,0.0,0.0,0.0,0.0,0.0,0.0,,,,,
Judge.me Product Reviews App,Search_EN_Trust_2025.03.17,2026-02-24,2026-03-17,UTC,USD,social proof video,social proof,broad,5.0,0,0,0.0,0,0.0,0.0,0.0,0.0,0.0,0.0,,,,,
Judge.me Product Reviews App,Search_EN_Trust_2025.03.17,2026-02-24,2026-03-17,UTC,USD,social proof tiktok instagram,social proof,broad,5.0,0,0,0.0,0,0.0,0.0,0.0,0.0,0.0,0.0,,,,,
Judge.me Product Reviews App,Search_EN_Trust_2025.03.17,2026-02-24,2026-03-17,UTC,USD,social proof tiktok,social proof,broad,5.0,0,0,0.0,0,0.0,0.0,0.0,0.0,0.0,0.0,,,,,
Judge.me Product Reviews App,Search_EN_Trust_2025.03.17,2026-02-24,2026-03-17,UTC,USD,social proof section,social proof,broad,5.0,0,0,0.0,0,0.0,0.0,0.0,0.0,0.0,0.0,,,,,
Judge.me Product Reviews App,Search_EN_Trust_2025.03.17,2026-02-24,2026-03-17,UTC,USD,social proof sales popup,social proof,broad,5.0,0,0,0.0,0,0.0,0.0,0.0,0.0,0.0,0.0,,,,,
Judge.me Product Reviews App,Search_EN_Trust_2025.03.17,2026-02-24,2026-03-17,UTC,USD,social proof sales pop,social proof,broad,5.0,0,0,0.0,0,0.0,0.0,0.0,0.0,0.0,0.0,,,,,
Judge.me Product Reviews App,Search_EN_Trust_2025.03.17,2026-02-24,2026-03-17,UTC,USD,social proof sales app,social proof,broad,5.0,0,0,0.0,0,0.0,0.0,0.0,0.0,0.0,0.0,,,,,
Judge.me Product Reviews App,Search_EN_Trust_2025.03.17,2026-02-24,2026-03-17,UTC,USD,social proof reviews,social proof,broad,5.0,0,0,0.0,0,0.0,0.0,0.0,0.0,0.0,0.0,,,,,
Judge.me Product Reviews App,Search_EN_Trust_2025.03.17,2026-02-24,2026-03-17,UTC,USD,social proof product,social proof,broad,5.0,0,0,0.0,0,0.0,0.0,0.0,0.0,0.0,0.0,,,,,
Judge.me Product Reviews App,Search_EN_Trust_2025.03.17,2026-02-24,2026-03-17,UTC,USD,social proof popup,social proof,broad,5.0,0,0,0.0,0,0.0,0.0,0.0,0.0,0.0,0.0,,,,,
Judge.me Product Reviews App,Search_EN_Trust_2025.03.17,2026-02-24,2026-03-17,UTC,USD,social proof pop-ups,social proof,broad,5.0,0,0,0.0,0,0.0,0.0,0.0,0.0,0.0,0.0,,,,,
Judge.me Product Reviews App,Search_EN_Trust_2025.03.17,2026-02-24,2026-03-17,UTC,USD,social proof pop up,social proof,broad,5.0,0,0,0.0,0,0.0,0.0,0.0,0.0,0.0,0.0,,,,,
Judge.me Product Reviews App,Search_EN_Trust_2025.03.17,2026-02-24,2026-03-17,UTC,USD,social proof pop,social proof,broad,5.0,0,0,0.0,0,0.0,0.0,0.0,0.0,0.0,0.0,,,,,
Judge.me Product Reviews App,Search_EN_Trust_2025.03.17,2026-02-24,2026-03-17,UTC,USD,social proof photos,social proof,broad,5.0,0,0,0.0,0,0.0,0.0,0.0,0.0,0.0,0.0,,,,,
Judge.me Product Reviews App,Search_EN_Trust_2025.03.17,2026-02-24,2026-03-17,UTC,USD,social proof metrics,social proof,broad,5.0,0,0,0.0,0,0.0,0.0,0.0,0.0,0.0,0.0,,,,,
Judge.me Product Reviews App,Search_EN_Trust_2025.03.17,2026-02-24,2026-03-17,UTC,USD,social proof live,social proof,broad,5.0,0,0,0.0,0,0.0,0.0,0.0,0.0,0.0,0.0,,,,,
Judge.me Product Reviews App,Search_EN_Trust_2025.03.17,2026-02-24,2026-03-17,UTC,USD,social proof free,social proof,broad,5.0,0,0,0.0,0,0.0,0.0,0.0,0.0,0.0,0.0,,,,,
Judge.me Product Reviews App,Search_EN_Trust_2025.03.17,2026-02-24,2026-03-17,UTC,USD,social proof checkout,social proof,broad,5.0,0,0,0.0,0,0.0,0.0,0.0,0.0,0.0,0.0,,,,,
Judge.me Product Reviews App,Search_EN_Trust_2025.03.17,2026-02-24,2026-03-17,UTC,USD,social proof badges,social proof,broad,5.0,0,0,0.0,0,0.0,0.0,0.0,0.0,0.0,0.0,,,,,
Judge.me Product Reviews App,Search_EN_Trust_2025.03.17,2026-02-24,2026-03-17,UTC,USD,social proof b,social proof,broad,5.0,0,0,0.0,0,0.0,0.0,0.0,0.0,0.0,0.0,,,,,
Judge.me Product Reviews App,Search_EN_Trust_2025.03.17,2026-02-24,2026-03-17,UTC,USD,social proof aps,social proof,broad,5.0,0,0,0.0,0,0.0,0.0,0.0,0.0,0.0,0.0,,,,,
Judge.me Product Reviews App,Search_EN_Trust_2025.03.17,2026-02-24,2026-03-17,UTC,USD,social proof ads,social proof,broad,5.0,0,0,0.0,0,0.0,0.0,0.0,0.0,0.0,0.0,,,,,
Judge.me Product Reviews App,Search_EN_Trust_2025.03.17,2026-02-24,2026-03-17,UTC,USD,social proof a/b testing,social proof,broad,5.0,0,0,0.0,0,0.0,0.0,0.0,0.0,0.0,0.0,,,,,
Judge.me Product Reviews App,Search_EN_Trust_2025.03.17,2026-02-24,2026-03-17,UTC,USD,social proof & urgency,social proof,broad,5.0,0,0,0.0,0,0.0,0.0,0.0,0.0,0.0,0.0,,,,,
Judge.me Product Reviews App,Search_EN_Trust_2025.03.17,2026-02-24,2026-03-17,UTC,USD,social proff,social proof,broad,5.0,0,0,0.0,0,0.0,0.0,0.0,0.0,0.0,0.0,,,,,
Judge.me Product Reviews App,Search_EN_Trust_2025.03.17,2026-02-24,2026-03-17,UTC,USD,social prof bear,social proof,broad,5.0,0,0,0.0,0,0.0,0.0,0.0,0.0,0.0,0.0,,,,,
Judge.me Product Reviews App,Search_EN_Trust_2025.03.17,2026-02-24,2026-03-17,UTC,USD,social print studio,social proof,broad,5.0,0,0,0.0,0,0.0,0.0,0.0,0.0,0.0,0.0,,,,,
Judge.me Product Reviews App,Search_EN_Trust_2025.03.17,2026-02-24,2026-03-17,UTC,USD,social pr,social proof,broad,5.0,0,0,0.0,0,0.0,0.0,0.0,0.0,0.0,0.0,,,,,
Judge.me Product Reviews App,Search_EN_Trust_2025.03.17,2026-02-24,2026-03-17,UTC,USD,social posts,social proof,broad,5.0,0,0,0.0,0,0.0,0.0,0.0,0.0,0.0,0.0,,,,,
Judge.me Product Reviews App,Search_EN_Trust_2025.03.17,2026-02-24,2026-03-17,UTC,USD,social posting,social proof,broad,5.0,0,0,0.0,0,0.0,0.0,0.0,0.0,0.0,0.0,,,,,
Judge.me Product Reviews App,Search_EN_Trust_2025.03.17,2026-02-24,2026-03-17,UTC,USD,social postes,social proof,broad,5.0,0,0,0.0,0,0.0,0.0,0.0,0.0,0.0,0.0,,,,,
Judge.me Product Reviews App,Search_EN_Trust_2025.03.17,2026-02-24,2026-03-17,UTC,USD,social poster,social proof,broad,5.0,0,0,0.0,0,0.0,0.0,0.0,0.0,0.0,0.0,,,,,
Judge.me Product Reviews App,Search_EN_Trust_2025.03.17,2026-02-24,2026-03-17,UTC,USD,social post embed,social proof,broad,5.0,0,0,0.0,0,0.0,0.0,0.0,0.0,0.0,0.0,,,,,
Judge.me Product Reviews App,Search_EN_Trust_2025.03.17,2026-02-24,2026-03-17,UTC,USD,social post auto,social proof,broad,5.0,0,0,0.0,0,0.0,0.0,0.0,0.0,0.0,0.0,,,,,
Judge.me Product Reviews App,Search_EN_Trust_2025.03.17,2026-02-24,2026-03-17,UTC,USD,social popup someone purchased,social proof,broad,5.0,0,0,0.0,0,0.0,0.0,0.0,0.0,0.0,0.0,,,,,
Judge.me Product Reviews App,Search_EN_Trust_2025.03.17,2026-02-24,2026-03-17,UTC,USD,social pop-ups,social proof,broad,5.0,0,0,0.0,0,0.0,0.0,0.0,0.0,0.0,0.0,,,,,
Judge.me Product Reviews App,Search_EN_Trust_2025.03.17,2026-02-24,2026-03-17,UTC,USD,social pop up,social proof,broad,5.0,0,0,0.0,0,0.0,0.0,0.0,0.0,0.0,0.0,,,,,
Judge.me Product Reviews App,Search_EN_Trust_2025.03.17,2026-02-24,2026-03-17,UTC,USD,social plus,social proof,broad,5.0,0,0,0.0,0,0.0,0.0,0.0,0.0,0.0,0.0,,,,,
Judge.me Product Reviews App,Search_EN_Trust_2025.03.17,2026-02-24,2026-03-17,UTC,USD,social planner,social proof,broad,5.0,0,0,0.0,0,0.0,0.0,0.0,0.0,0.0,0.0,,,,,
Judge.me Product Reviews App,Search_EN_Trust_2025.03.17,2026-02-24,2026-03-17,UTC,USD,social pilot,social proof,broad,5.0,0,0,0.0,0,0.0,0.0,0.0,0.0,0.0,0.0,,,,,
Judge.me Product Reviews App,Search_EN_Trust_2025.03.17,2026-02-24,2026-03-17,UTC,USD,social piliot,social proof,broad,5.0,0,0,0.0,0,0.0,0.0,0.0,0.0,0.0,0.0,,,,,
Judge.me Product Reviews App,Search_EN_Trust_2025.03.17,2026-02-24,2026-03-17,UTC,USD,social photos / social?photos?style apps,social proof,broad,5.0,0,0,0.0,0,0.0,0.0,0.0,0.0,0.0,0.0,,,,,
Judge.me Product Reviews App,Search_EN_Trust_2025.03.17,2026-02-24,2026-03-17,UTC,USD,social photos,social proof,broad,5.0,0,0,0.0,0,0.0,0.0,0.0,0.0,0.0,0.0,,,,,
Judge.me Product Reviews App,Search_EN_Trust_2025.03.17,2026-02-24,2026-03-17,UTC,USD,social photo,social proof,broad,5.0,0,0,0.0,0,0.0,0.0,0.0,0.0,0.0,0.0,,,,,
Judge.me Product Reviews App,Search_EN_Trust_2025.03.17,2026-02-24,2026-03-17,UTC,USD,social page,social proof,broad,5.0,0,0,0.0,0,0.0,0.0,0.0,0.0,0.0,0.0,,,,,
Judge.me Product Reviews App,Search_EN_Trust_2025.03.17,2026-02-24,2026-03-17,UTC,USD,social network auto poster,social proof,broad,5.0,0,0,0.0,0,0.0,0.0,0.0,0.0,0.0,0.0,,,,,
Judge.me Product Reviews App,Search_EN_Trust_2025.03.17,2026-02-24,2026-03-17,UTC,USD,social network auto post,social proof,broad,5.0,0,0,0.0,0,0.0,0.0,0.0,0.0,0.0,0.0,,,,,
Judge.me Product Reviews App,Search_EN_Trust_2025.03.17,2026-02-24,2026-03-17,UTC,USD,social network auto pos,social proof,broad,5.0,0,0,0.0,0,0.0,0.0,0.0,0.0,0.0,0.0,,,,,
Judge.me Product Reviews App,Search_EN_Trust_2025.03.17,2026-02-24,2026-03-17,UTC,USD,social meida links,social proof,broad,5.0,0,0,0.0,0,0.0,0.0,0.0,0.0,0.0,0.0,,,,,
Judge.me Product Reviews App,Search_EN_Trust_2025.03.17,2026-02-24,2026-03-17,UTC,USD,social meida l,social proof,broad,5.0,0,0,0.0,0,0.0,0.0,0.0,0.0,0.0,0.0,,,,,
Judge.me Product Reviews App,Search_EN_Trust_2025.03.17,2026-02-24,2026-03-17,UTC,USD,social medioa,social proof,broad,5.0,0,0,0.0,0,0.0,0.0,0.0,0.0,0.0,0.0,,,,,
Judge.me Product Reviews App,Search_EN_Trust_2025.03.17,2026-02-24,2026-03-17,UTC,USD,social medio video ai,social proof,broad,5.0,0,0,0.0,0,0.0,0.0,0.0,0.0,0.0,0.0,,,,,
Judge.me Product Reviews App,Search_EN_Trust_2025.03.17,2026-02-24,2026-03-17,UTC,USD,social medial feeds,social proof,broad,5.0,0,0,0.0,0,0.0,0.0,0.0,0.0,0.0,0.0,,,,,
Judge.me Product Reviews App,Search_EN_Trust_2025.03.17,2026-02-24,2026-03-17,UTC,USD,social media widget,social proof,broad,5.0,0,0,0.0,0,0.0,0.0,0.0,0.0,0.0,0.0,,,,,
Judge.me Product Reviews App,Search_EN_Trust_2025.03.17,2026-02-24,2026-03-17,UTC,USD,social media whatsapp,social proof,broad,5.0,0,0,0.0,0,0.0,0.0,0.0,0.0,0.0,0.0,,,,,
Judge.me Product Reviews App,Search_EN_Trust_2025.03.17,2026-02-24,2026-03-17,UTC,USD,social media video posts,social proof,broad,5.0,0,0,0.0,0,0.0,0.0,0.0,0.0,0.0,0.0,,,,,
Judge.me Product Reviews App,Search_EN_Trust_2025.03.17,2026-02-24,2026-03-17,UTC,USD,social media video feed,social proof,broad,5.0,0,0,0.0,0,0.0,0.0,0.0,0.0,0.0,0.0,,,,,
Judge.me Product Reviews App,Search_EN_Trust_2025.03.17,2026-02-24,2026-03-17,UTC,USD,social media top banner bar,social proof,broad,5.0,0,0,0.0,0,0.0,0.0,0.0,0.0,0.0,0.0,,,,,
Judge.me Product Reviews App,Search_EN_Trust_2025.03.17,2026-02-24,2026-03-17,UTC,USD,social media top banner,social proof,broad,5.0,0,0,0.0,0,0.0,0.0,0.0,0.0,0.0,0.0,,,,,
Judge.me Product Reviews App,Search_EN_Trust_2025.03.17,2026-02-24,2026-03-17,UTC,USD,social media stream,social proof,broad,5.0,0,0,0.0,0,0.0,0.0,0.0,0.0,0.0,0.0,,,,,
Judge.me Product Reviews App,Search_EN_Trust_2025.03.17,2026-02-24,2026-03-17,UTC,USD,social media sharing blog,social proof,broad,5.0,0,0,0.0,0,0.0,0.0,0.0,0.0,0.0,0.0,,,,,
Judge.me Product Reviews App,Search_EN_Trust_2025.03.17,2026-02-24,2026-03-17,UTC,USD,social media shared autmation via ai,social proof,broad,5.0,0,0,0.0,0,0.0,0.0,0.0,0.0,0.0,0.0,,,,,
Judge.me Product Reviews App,Search_EN_Trust_2025.03.17,2026-02-24,2026-03-17,UTC,USD,social media shared autmation,social proof,broad,5.0,0,0,0.0,0,0.0,0.0,0.0,0.0,0.0,0.0,,,,,
Judge.me Product Reviews App,Search_EN_Trust_2025.03.17,2026-02-24,2026-03-17,UTC,USD,social media share option for product page,social proof,broad,5.0,0,0,0.0,0,0.0,0.0,0.0,0.0,0.0,0.0,,,,,
Judge.me Product Reviews App,Search_EN_Trust_2025.03.17,2026-02-24,2026-03-17,UTC,USD,social media share buttons,social proof,broad,5.0,0,0,0.0,0,0.0,0.0,0.0,0.0,0.0,0.0,,,,,
Judge.me Product Reviews App,Search_EN_Trust_2025.03.17,2026-02-24,2026-03-17,UTC,USD,social media share,social proof,broad,5.0,0,0,0.0,0,0.0,0.0,0.0,0.0,0.0,0.0,,,,,
Judge.me Product Reviews App,Search_EN_Trust_2025.03.17,2026-02-24,2026-03-17,UTC,USD,social media seo,social proof,broad,5.0,0,0,0.0,0,0.0,0.0,0.0,0.0,0.0,0.0,,,,,
Judge.me Product Reviews App,Search_EN_Trust_2025.03.17,2026-02-24,2026-03-17,UTC,USD,social media scheduler posting,social proof,broad,5.0,0,0,0.0,0,0.0,0.0,0.0,0.0,0.0,0.0,,,,,
Judge.me Product Reviews App,Search_EN_Trust_2025.03.17,2026-02-24,2026-03-17,UTC,USD,social media scheduler,social proof,broad,5.0,0,0,0.0,0,0.0,0.0,0.0,0.0,0.0,0.0,,,,,
Judge.me Product Reviews App,Search_EN_Trust_2025.03.17,2026-02-24,2026-03-17,UTC,USD,social media schedule,social proof,broad,5.0,0,0,0.0,0,0.0,0.0,0.0,0.0,0.0,0.0,,,,,
Judge.me Product Reviews App,Search_EN_Trust_2025.03.17,2026-02-24,2026-03-17,UTC,USD,social media product fee,social proof,broad,5.0,0,0,0.0,0,0.0,0.0,0.0,0.0,0.0,0.0,,,,,
Judge.me Product Reviews App,Search_EN_Trust_2025.03.17,2026-02-24,2026-03-17,UTC,USD,social media product display,social proof,broad,5.0,0,0,0.0,0,0.0,0.0,0.0,0.0,0.0,0.0,,,,,
Judge.me Product Reviews App,Search_EN_Trust_2025.03.17,2026-02-24,2026-03-17,UTC,USD,social media pred,social proof,broad,5.0,0,0,0.0,0,0.0,0.0,0.0,0.0,0.0,0.0,,,,,
Judge.me Product Reviews App,Search_EN_Trust_2025.03.17,2026-02-24,2026-03-17,UTC,USD,social media posts,social proof,broad,5.0,0,0,0.0,0,0.0,0.0,0.0,0.0,0.0,0.0,,,,,
Judge.me Product Reviews App,Search_EN_Trust_2025.03.17,2026-02-24,2026-03-17,UTC,USD,social media posting,social proof,broad,5.0,0,0,0.0,0,0.0,0.0,0.0,0.0,0.0,0.0,,,,,
Judge.me Product Reviews App,Search_EN_Trust_2025.03.17,2026-02-24,2026-03-17,UTC,USD,social media poster gennerator,social proof,broad,5.0,0,0,0.0,0,0.0,0.0,0.0,0.0,0.0,0.0,,,,,
Judge.me Product Reviews App,Search_EN_Trust_2025.03.17,2026-02-24,2026-03-17,UTC,USD,social media posten,social proof,broad,5.0,0,0,0.0,0,0.0,0.0,0.0,0.0,0.0,0.0,,,,,
Judge.me Product Reviews App,Search_EN_Trust_2025.03.17,2026-02-24,2026-03-17,UTC,USD,social media post ugc,social proof,broad,5.0,0,0,0.0,0,0.0,0.0,0.0,0.0,0.0,0.0,,,,,
Judge.me Product Reviews App,Search_EN_Trust_2025.03.17,2026-02-24,2026-03-17,UTC,USD,social media post free app,social proof,broad,5.0,0,0,0.0,0,0.0,0.0,0.0,0.0,0.0,0.0,,,,,
Judge.me Product Reviews App,Search_EN_Trust_2025.03.17,2026-02-24,2026-03-17,UTC,USD,social media post einbetten,social proof,broad,5.0,0,0,0.0,0,0.0,0.0,0.0,0.0,0.0,0.0,,,,,
Judge.me Product Reviews App,Search_EN_Trust_2025.03.17,2026-02-24,2026-03-17,UTC,USD,social media post ai,social proof,broad,5.0,0,0,0.0,0,0.0,0.0,0.0,0.0,0.0,0.0,,,,,
Judge.me Product Reviews App,Search_EN_Trust_2025.03.17,2026-02-24,2026-03-17,UTC,USD,social media pos,social proof,broad,5.0,0,0,0.0,0,0.0,0.0,0.0,0.0,0.0,0.0,,,,,
Judge.me Product Reviews App,Search_EN_Trust_2025.03.17,2026-02-24,2026-03-17,UTC,USD,social media planner,social proof,broad,5.0,0,0,0.0,0,0.0,0.0,0.0,0.0,0.0,0.0,,,,,
Judge.me Product Reviews App,Search_EN_Trust_2025.03.17,2026-02-24,2026-03-17,UTC,USD,social media non profit,social proof,broad,5.0,0,0,0.0,0,0.0,0.0,0.0,0.0,0.0,0.0,,,,,
Judge.me Product Reviews App,Search_EN_Trust_2025.03.17,2026-02-24,2026-03-17,UTC,USD,social media metrics,social proof,broad,5.0,0,0,0.0,0,0.0,0.0,0.0,0.0,0.0,0.0,,,,,
Judge.me Product Reviews App,Search_EN_Trust_2025.03.17,2026-02-24,2026-03-17,UTC,USD,social media marketing apps,social proof,broad,5.0,0,0,0.0,0,0.0,0.0,0.0,0.0,0.0,0.0,,,,,
Judge.me Product Reviews App,Search_EN_Trust_2025.03.17,2026-02-24,2026-03-17,UTC,USD,social media marketing,social proof,broad,5.0,0,0,0.0,0,0.0,0.0,0.0,0.0,0.0,0.0,,,,,
Judge.me Product Reviews App,Search_EN_Trust_2025.03.17,2026-02-24,2026-03-17,UTC,USD,social media manager,social proof,broad,5.0,0,0,0.0,0,0.0,0.0,0.0,0.0,0.0,0.0,,,,,
Judge.me Product Reviews App,Search_EN_Trust_2025.03.17,2026-02-24,2026-03-17,UTC,USD,social media management tools,social proof,broad,5.0,0,0,0.0,0,0.0,0.0,0.0,0.0,0.0,0.0,,,,,
Judge.me Product Reviews App,Search_EN_Trust_2025.03.17,2026-02-24,2026-03-17,UTC,USD,social media management tool,social proof,broad,5.0,0,0,0.0,0,0.0,0.0,0.0,0.0,0.0,0.0,,,,,
Judge.me Product Reviews App,Search_EN_Trust_2025.03.17,2026-02-24,2026-03-17,UTC,USD,social media login\,social proof,broad,5.0,0,0,0.0,0,0.0,0.0,0.0,0.0,0.0,0.0,,,,,
Judge.me Product Reviews App,Search_EN_Trust_2025.03.17,2026-02-24,2026-03-17,UTC,USD,social media login,social proof,broad,5.0,0,0,0.0,0,0.0,0.0,0.0,0.0,0.0,0.0,,,,,
Judge.me Product Reviews App,Search_EN_Trust_2025.03.17,2026-02-24,2026-03-17,UTC,USD,social media list,social proof,broad,5.0,0,0,0.0,0,0.0,0.0,0.0,0.0,0.0,0.0,,,,,
Judge.me Product Reviews App,Search_EN_Trust_2025.03.17,2026-02-24,2026-03-17,UTC,USD,social media links (friends2a),social proof,broad,5.0,0,0,0.0,0,0.0,0.0,0.0,0.0,0.0,0.0,,,,,
Judge.me Product Reviews App,Search_EN_Trust_2025.03.17,2026-02-24,2026-03-17,UTC,USD,social media inventory sync,social proof,broad,5.0,0,0,0.0,0,0.0,0.0,0.0,0.0,0.0,0.0,,,,,
Judge.me Product Reviews App,Search_EN_Trust_2025.03.17,2026-02-24,2026-03-17,UTC,USD,social media intergration,social proof,broad,5.0,0,0,0.0,0,0.0,0.0,0.0,0.0,0.0,0.0,,,,,
Judge.me Product Reviews App,Search_EN_Trust_2025.03.17,2026-02-24,2026-03-17,UTC,USD,social media integration,social proof,broad,5.0,0,0,0.0,0,0.0,0.0,0.0,0.0,0.0,0.0,,,,,
Judge.me Product Reviews App,Search_EN_Trust_2025.03.17,2026-02-24,2026-03-17,UTC,USD,social media instagram tiktok,social proof,broad,5.0,0,0,0.0,0,0.0,0.0,0.0,0.0,0.0,0.0,,,,,
Judge.me Product Reviews App,Search_EN_Trust_2025.03.17,2026-02-24,2026-03-17,UTC,USD,social media image,social proof,broad,5.0,0,0,0.0,0,0.0,0.0,0.0,0.0,0.0,0.0,,,,,
Judge.me Product Reviews App,Search_EN_Trust_2025.03.17,2026-02-24,2026-03-17,UTC,USD,social media ikoner,social proof,broad,5.0,0,0,0.0,0,0.0,0.0,0.0,0.0,0.0,0.0,,,,,
Judge.me Product Reviews App,Search_EN_Trust_2025.03.17,2026-02-24,2026-03-17,UTC,USD,social media icons widget,social proof,broad,5.0,0,0,0.0,0,0.0,0.0,0.0,0.0,0.0,0.0,,,,,
Judge.me Product Reviews App,Search_EN_Trust_2025.03.17,2026-02-24,2026-03-17,UTC,USD,social media icons to products,social proof,broad,5.0,0,0,0.0,0,0.0,0.0,0.0,0.0,0.0,0.0,,,,,
Judge.me Product Reviews App,Search_EN_Trust_2025.03.17,2026-02-24,2026-03-17,UTC,USD,social media icons tik tok,social proof,broad,5.0,0,0,0.0,0,0.0,0.0,0.0,0.0,0.0,0.0,,,,,
Judge.me Product Reviews App,Search_EN_Trust_2025.03.17,2026-02-24,2026-03-17,UTC,USD,social media icons apps,social proof,broad,5.0,0,0,0.0,0,0.0,0.0,0.0,0.0,0.0,0.0,,,,,
Judge.me Product Reviews App,Search_EN_Trust_2025.03.17,2026-02-24,2026-03-17,UTC,USD,social media icon for me,social proof,broad,5.0,0,0,0.0,0,0.0,0.0,0.0,0.0,0.0,0.0,,,,,
Judge.me Product Reviews App,Search_EN_Trust_2025.03.17,2026-02-24,2026-03-17,UTC,USD,social media icon for footer,social proof,broad,5.0,0,0,0.0,0,0.0,0.0,0.0,0.0,0.0,0.0,,,,,
Judge.me Product Reviews App,Search_EN_Trust_2025.03.17,2026-02-24,2026-03-17,UTC,USD,social media ico,social proof,broad,5.0,0,0,0.0,0,0.0,0.0,0.0,0.0,0.0,0.0,,,,,
Judge.me Product Reviews App,Search_EN_Trust_2025.03.17,2026-02-24,2026-03-17,UTC,USD,social media i,social proof,broad,5.0,0,0,0.0,0,0.0,0.0,0.0,0.0,0.0,0.0,,,,,
Judge.me Product Reviews App,Search_EN_Trust_2025.03.17,2026-02-24,2026-03-17,UTC,USD,social media gallery,social proof,broad,5.0,0,0,0.0,0,0.0,0.0,0.0,0.0,0.0,0.0,,,,,
Judge.me Product Reviews App,Search_EN_Trust_2025.03.17,2026-02-24,2026-03-17,UTC,USD,social media footer,social proof,broad,5.0,0,0,0.0,0,0.0,0.0,0.0,0.0,0.0,0.0,,,,,
Judge.me Product Reviews App,Search_EN_Trust_2025.03.17,2026-02-24,2026-03-17,UTC,USD,social media follower counter metrics,social proof,broad,5.0,0,0,0.0,0,0.0,0.0,0.0,0.0,0.0,0.0,,,,,
Judge.me Product Reviews App,Search_EN_Trust_2025.03.17,2026-02-24,2026-03-17,UTC,USD,social media feeed,social proof,broad,5.0,0,0,0.0,0,0.0,0.0,0.0,0.0,0.0,0.0,,,,,
Judge.me Product Reviews App,Search_EN_Trust_2025.03.17,2026-02-24,2026-03-17,UTC,USD,social media feeds,social proof,broad,5.0,0,0,0.0,0,0.0,0.0,0.0,0.0,0.0,0.0,,,,,
Judge.me Product Reviews App,Search_EN_Trust_2025.03.17,2026-02-24,2026-03-17,UTC,USD,social media feed\,social proof,broad,5.0,0,0,0.0,0,0.0,0.0,0.0,0.0,0.0,0.0,,,,,
Judge.me Product Reviews App,Search_EN_Trust_2025.03.17,2026-02-24,2026-03-17,UTC,USD,social media feed widget,social proof,broad,5.0,0,0,0.0,0,0.0,0.0,0.0,0.0,0.0,0.0,,,,,
Judge.me Product Reviews App,Search_EN_Trust_2025.03.17,2026-02-24,2026-03-17,UTC,USD,social media feed to website,social proof,broad,5.0,0,0,0.0,0,0.0,0.0,0.0,0.0,0.0,0.0,,,,,
Judge.me Product Reviews App,Search_EN_Trust_2025.03.17,2026-02-24,2026-03-17,UTC,USD,social media feed on website,social proof,broad,5.0,0,0,0.0,0,0.0,0.0,0.0,0.0,0.0,0.0,,,,,
Judge.me Product Reviews App,Search_EN_Trust_2025.03.17,2026-02-24,2026-03-17,UTC,USD,social media feed free,social proof,broad,5.0,0,0,0.0,0,0.0,0.0,0.0,0.0,0.0,0.0,,,,,
Judge.me Product Reviews App,Search_EN_Trust_2025.03.17,2026-02-24,2026-03-17,UTC,USD,social media fee,social proof,broad,5.0,0,0,0.0,0,0.0,0.0,0.0,0.0,0.0,0.0,,,,,
Judge.me Product Reviews App,Search_EN_Trust_2025.03.17,2026-02-24,2026-03-17,UTC,USD,social media embed,social proof,broad,5.0,0,0,0.0,0,0.0,0.0,0.0,0.0,0.0,0.0,,,,,
Judge.me Product Reviews App,Search_EN_Trust_2025.03.17,2026-02-24,2026-03-17,UTC,USD,social media counter for followers,social proof,broad,5.0,0,0,0.0,0,0.0,0.0,0.0,0.0,0.0,0.0,,,,,
Judge.me Product Reviews App,Search_EN_Trust_2025.03.17,2026-02-24,2026-03-17,UTC,USD,social media count,social proof,broad,5.0,0,0,0.0,0,0.0,0.0,0.0,0.0,0.0,0.0,,,,,
Judge.me Product Reviews App,Search_EN_Trust_2025.03.17,2026-02-24,2026-03-17,UTC,USD,social media competitions,social proof,broad,5.0,0,0,0.0,0,0.0,0.0,0.0,0.0,0.0,0.0,,,,,
Judge.me Product Reviews App,Search_EN_Trust_2025.03.17,2026-02-24,2026-03-17,UTC,USD,social media campaign product,social proof,broad,5.0,0,0,0.0,0,0.0,0.0,0.0,0.0,0.0,0.0,,,,,
Judge.me Product Reviews App,Search_EN_Trust_2025.03.17,2026-02-24,2026-03-17,UTC,USD,social media calender,social proof,broad,5.0,0,0,0.0,0,0.0,0.0,0.0,0.0,0.0,0.0,,,,,
Judge.me Product Reviews App,Search_EN_Trust_2025.03.17,2026-02-24,2026-03-17,UTC,USD,social media brand kit,social proof,broad,5.0,0,0,0.0,0,0.0,0.0,0.0,0.0,0.0,0.0,,,,,
Judge.me Product Reviews App,Search_EN_Trust_2025.03.17,2026-02-24,2026-03-17,UTC,USD,social media block,social proof,broad,5.0,0,0,0.0,0,0.0,0.0,0.0,0.0,0.0,0.0,,,,,
Judge.me Product Reviews App,Search_EN_Trust_2025.03.17,2026-02-24,2026-03-17,UTC,USD,social media bar,social proof,broad,5.0,0,0,0.0,0,0.0,0.0,0.0,0.0,0.0,0.0,,,,,
Judge.me Product Reviews App,Search_EN_Trust_2025.03.17,2026-02-24,2026-03-17,UTC,USD,social media banner,social proof,broad,5.0,0,0,0.0,0,0.0,0.0,0.0,0.0,0.0,0.0,,,,,
Judge.me Product Reviews App,Search_EN_Trust_2025.03.17,2026-02-24,2026-03-17,UTC,USD,social media b,social proof,broad,5.0,0,0,0.0,0,0.0,0.0,0.0,0.0,0.0,0.0,,,,,
Judge.me Product Reviews App,Search_EN_Trust_2025.03.17,2026-02-24,2026-03-17,UTC,USD,social media autopost,social proof,broad,5.0,0,0,0.0,0,0.0,0.0,0.0,0.0,0.0,0.0,,,,,
Judge.me Product Reviews App,Search_EN_Trust_2025.03.17,2026-02-24,2026-03-17,UTC,USD,social media automation,social proof,broad,5.0,0,0,0.0,0,0.0,0.0,0.0,0.0,0.0,0.0,,,,,
Judge.me Product Reviews App,Search_EN_Trust_2025.03.17,2026-02-24,2026-03-17,UTC,USD,social media auto poster,social proof,broad,5.0,0,0,0.0,0,0.0,0.0,0.0,0.0,0.0,0.0,,,,,
Judge.me Product Reviews App,Search_EN_Trust_2025.03.17,2026-02-24,2026-03-17,UTC,USD,social media auto post#,social proof,broad,5.0,0,0,0.0,0,0.0,0.0,0.0,0.0,0.0,0.0,,,,,
Judge.me Product Reviews App,Search_EN_Trust_2025.03.17,2026-02-24,2026-03-17,UTC,USD,social media auto post tik tok,social proof,broad,5.0,0,0,0.0,0,0.0,0.0,0.0,0.0,0.0,0.0,,,,,
Judge.me Product Reviews App,Search_EN_Trust_2025.03.17,2026-02-24,2026-03-17,UTC,USD,social media auto feed,social proof,broad,5.0,0,0,0.0,0,0.0,0.0,0.0,0.0,0.0,0.0,,,,,
Judge.me Product Reviews App,Search_EN_Trust_2025.03.17,2026-02-24,2026-03-17,UTC,USD,social media apps built for shopify,social proof,broad,5.0,0,0,0.0,0,0.0,0.0,0.0,0.0,0.0,0.0,,,,,
Judge.me Product Reviews App,Search_EN_Trust_2025.03.17,2026-02-24,2026-03-17,UTC,USD,social media app,social proof,broad,5.0,0,0,0.0,0,0.0,0.0,0.0,0.0,0.0,0.0,,,,,
Judge.me Product Reviews App,Search_EN_Trust_2025.03.17,2026-02-24,2026-03-17,UTC,USD,social media and contact top bar,social proof,broad,5.0,0,0,0.0,0,0.0,0.0,0.0,0.0,0.0,0.0,,,,,
Judge.me Product Reviews App,Search_EN_Trust_2025.03.17,2026-02-24,2026-03-17,UTC,USD,social media ai auto post,social proof,broad,5.0,0,0,0.0,0,0.0,0.0,0.0,0.0,0.0,0.0,,,,,
Judge.me Product Reviews App,Search_EN_Trust_2025.03.17,2026-02-24,2026-03-17,UTC,USD,social media ai add generation,social proof,broad,5.0,0,0,0.0,0,0.0,0.0,0.0,0.0,0.0,0.0,,,,,
Judge.me Product Reviews App,Search_EN_Trust_2025.03.17,2026-02-24,2026-03-17,UTC,USD,social media ai,social proof,broad,5.0,0,0,0.0,0,0.0,0.0,0.0,0.0,0.0,0.0,,,,,
Judge.me Product Reviews App,Search_EN_Trust_2025.03.17,2026-02-24,2026-03-17,UTC,USD,social media agent,social proof,broad,5.0,0,0,0.0,0,0.0,0.0,0.0,0.0,0.0,0.0,,,,,
Judge.me Product Reviews App,Search_EN_Trust_2025.03.17,2026-02-24,2026-03-17,UTC,USD,social media advertising,social proof,broad,5.0,0,0,0.0,0,0.0,0.0,0.0,0.0,0.0,0.0,,,,,
Judge.me Product Reviews App,Search_EN_Trust_2025.03.17,2026-02-24,2026-03-17,UTC,USD,social medai post,social proof,broad,5.0,0,0,0.0,0,0.0,0.0,0.0,0.0,0.0,0.0,,,,,
Judge.me Product Reviews App,Search_EN_Trust_2025.03.17,2026-02-24,2026-03-17,UTC,USD,social meda,social proof,broad,5.0,0,0,0.0,0,0.0,0.0,0.0,0.0,0.0,0.0,,,,,
Judge.me Product Reviews App,Search_EN_Trust_2025.03.17,2026-02-24,2026-03-17,UTC,USD,social med,social proof,broad,5.0,0,0,0.0,0,0.0,0.0,0.0,0.0,0.0,0.0,,,,,
Judge.me Product Reviews App,Search_EN_Trust_2025.03.17,2026-02-24,2026-03-17,UTC,USD,social me,social proof,broad,5.0,0,0,0.0,0,0.0,0.0,0.0,0.0,0.0,0.0,,,,,
Judge.me Product Reviews App,Search_EN_Trust_2025.03.17,2026-02-24,2026-03-17,UTC,USD,social mdia,social proof,broad,5.0,0,0,0.0,0,0.0,0.0,0.0,0.0,0.0,0.0,,,,,
Judge.me Product Reviews App,Search_EN_Trust_2025.03.17,2026-02-24,2026-03-17,UTC,USD,social mdeia widget,social proof,broad,5.0,0,0,0.0,0,0.0,0.0,0.0,0.0,0.0,0.0,,,,,
Judge.me Product Reviews App,Search_EN_Trust_2025.03.17,2026-02-24,2026-03-17,UTC,USD,social marketing for food brands,social proof,broad,5.0,0,0,0.0,0,0.0,0.0,0.0,0.0,0.0,0.0,,,,,
Judge.me Product Reviews App,Search_EN_Trust_2025.03.17,2026-02-24,2026-03-17,UTC,USD,social lopgin,social proof,broad,5.0,0,0,0.0,0,0.0,0.0,0.0,0.0,0.0,0.0,,,,,
Judge.me Product Reviews App,Search_EN_Trust_2025.03.17,2026-02-24,2026-03-17,UTC,USD,social lol,social proof,broad,5.0,0,0,0.0,0,0.0,0.0,0.0,0.0,0.0,0.0,,,,,
Judge.me Product Reviews App,Search_EN_Trust_2025.03.17,2026-02-24,2026-03-17,UTC,USD,social logins,social proof,broad,5.0,0,0,0.0,0,0.0,0.0,0.0,0.0,0.0,0.0,,,,,
Judge.me Product Reviews App,Search_EN_Trust_2025.03.17,2026-02-24,2026-03-17,UTC,USD,"social login, social sharing",social proof,broad,5.0,0,0,0.0,0,0.0,0.0,0.0,0.0,0.0,0.0,,,,,
Judge.me Product Reviews App,Search_EN_Trust_2025.03.17,2026-02-24,2026-03-17,UTC,USD,social login hulk,social proof,broad,5.0,0,0,0.0,0,0.0,0.0,0.0,0.0,0.0,0.0,,,,,
Judge.me Product Reviews App,Search_EN_Trust_2025.03.17,2026-02-24,2026-03-17,UTC,USD,social login google facebook,social proof,broad,5.0,0,0,0.0,0,0.0,0.0,0.0,0.0,0.0,0.0,,,,,
Judge.me Product Reviews App,Search_EN_Trust_2025.03.17,2026-02-24,2026-03-17,UTC,USD,social login google,social proof,broad,5.0,0,0,0.0,0,0.0,0.0,0.0,0.0,0.0,0.0,,,,,
Judge.me Product Reviews App,Search_EN_Trust_2025.03.17,2026-02-24,2026-03-17,UTC,USD,social login free,social proof,broad,5.0,0,0,0.0,0,0.0,0.0,0.0,0.0,0.0,0.0,,,,,
Judge.me Product Reviews App,Search_EN_Trust_2025.03.17,2026-02-24,2026-03-17,UTC,USD,social login facee,social proof,broad,5.0,0,0,0.0,0,0.0,0.0,0.0,0.0,0.0,0.0,,,,,
Judge.me Product Reviews App,Search_EN_Trust_2025.03.17,2026-02-24,2026-03-17,UTC,USD,social login codu,social proof,broad,5.0,0,0,0.0,0,0.0,0.0,0.0,0.0,0.0,0.0,,,,,
Judge.me Product Reviews App,Search_EN_Trust_2025.03.17,2026-02-24,2026-03-17,UTC,USD,social login co,social proof,broad,5.0,0,0,0.0,0,0.0,0.0,0.0,0.0,0.0,0.0,,,,,
Judge.me Product Reviews App,Search_EN_Trust_2025.03.17,2026-02-24,2026-03-17,UTC,USD,social login by secomapp,social proof,broad,5.0,0,0,0.0,0,0.0,0.0,0.0,0.0,0.0,0.0,,,,,
Judge.me Product Reviews App,Search_EN_Trust_2025.03.17,2026-02-24,2026-03-17,UTC,USD,social login by ndnapps,social proof,broad,5.0,0,0,0.0,0,0.0,0.0,0.0,0.0,0.0,0.0,,,,,
Judge.me Product Reviews App,Search_EN_Trust_2025.03.17,2026-02-24,2026-03-17,UTC,USD,social login by miniorange,social proof,broad,5.0,0,0,0.0,0,0.0,0.0,0.0,0.0,0.0,0.0,,,,,
Judge.me Product Reviews App,Search_EN_Trust_2025.03.17,2026-02-24,2026-03-17,UTC,USD,social login by devcloud,social proof,broad,5.0,0,0,0.0,0,0.0,0.0,0.0,0.0,0.0,0.0,,,,,
Judge.me Product Reviews App,Search_EN_Trust_2025.03.17,2026-02-24,2026-03-17,UTC,USD,social login by coduzion,social proof,broad,5.0,0,0,0.0,0,0.0,0.0,0.0,0.0,0.0,0.0,,,,,
Judge.me Product Reviews App,Search_EN_Trust_2025.03.17,2026-02-24,2026-03-17,UTC,USD,social login by bitbybit,social proof,broad,5.0,0,0,0.0,0,0.0,0.0,0.0,0.0,0.0,0.0,,,,,
Judge.me Product Reviews App,Search_EN_Trust_2025.03.17,2026-02-24,2026-03-17,UTC,USD,social login app,social proof,broad,5.0,0,0,0.0,0,0.0,0.0,0.0,0.0,0.0,0.0,,,,,
Judge.me Product Reviews App,Search_EN_Trust_2025.03.17,2026-02-24,2026-03-17,UTC,USD,social logi,social proof,broad,5.0,0,0,0.0,0,0.0,0.0,0.0,0.0,0.0,0.0,,,,,
Judge.me Product Reviews App,Search_EN_Trust_2025.03.17,2026-02-24,2026-03-17,UTC,USD,social log in,social proof,broad,5.0,0,0,0.0,0,0.0,0.0,0.0,0.0,0.0,0.0,,,,,
Judge.me Product Reviews App,Search_EN_Trust_2025.03.17,2026-02-24,2026-03-17,UTC,USD,social log,social proof,broad,5.0,0,0,0.0,0,0.0,0.0,0.0,0.0,0.0,0.0,,,,,
Judge.me Product Reviews App,Search_EN_Trust_2025.03.17,2026-02-24,2026-03-17,UTC,USD,social listening,social proof,broad,5.0,0,0,0.0,0,0.0,0.0,0.0,0.0,0.0,0.0,,,,,
Judge.me Product Reviews App,Search_EN_Trust_2025.03.17,2026-02-24,2026-03-17,UTC,USD,social links localization,social proof,broad,5.0,0,0,0.0,0,0.0,0.0,0.0,0.0,0.0,0.0,,,,,
Judge.me Product Reviews App,Search_EN_Trust_2025.03.17,2026-02-24,2026-03-17,UTC,USD,social links,social proof,broad,5.0,0,0,0.0,0,0.0,0.0,0.0,0.0,0.0,0.0,,,,,
Judge.me Product Reviews App,Search_EN_Trust_2025.03.17,2026-02-24,2026-03-17,UTC,USD,social linkedin,social proof,broad,5.0,0,0,0.0,0,0.0,0.0,0.0,0.0,0.0,0.0,,,,,
Judge.me Product Reviews App,Search_EN_Trust_2025.03.17,2026-02-24,2026-03-17,UTC,USD,social link,social proof,broad,5.0,0,0,0.0,0,0.0,0.0,0.0,0.0,0.0,0.0,,,,,
Judge.me Product Reviews App,Search_EN_Trust_2025.03.17,2026-02-24,2026-03-17,UTC,USD,social ladder,social proof,broad,5.0,0,0,0.0,0,0.0,0.0,0.0,0.0,0.0,0.0,,,,,
Judge.me Product Reviews App,Search_EN_Trust_2025.03.17,2026-02-24,2026-03-17,UTC,USD,social kit,social proof,broad,5.0,0,0,0.0,0,0.0,0.0,0.0,0.0,0.0,0.0,,,,,
Judge.me Product Reviews App,Search_EN_Trust_2025.03.17,2026-02-24,2026-03-17,UTC,USD,social king,social proof,broad,5.0,0,0,0.0,0,0.0,0.0,0.0,0.0,0.0,0.0,,,,,
Judge.me Product Reviews App,Search_EN_Trust_2025.03.17,2026-02-24,2026-03-17,UTC,USD,social intense,social proof,broad,5.0,0,0,0.0,0,0.0,0.0,0.0,0.0,0.0,0.0,,,,,
Judge.me Product Reviews App,Search_EN_Trust_2025.03.17,2026-02-24,2026-03-17,UTC,USD,social instagram,social proof,broad,5.0,0,0,0.0,0,0.0,0.0,0.0,0.0,0.0,0.0,,,,,
Judge.me Product Reviews App,Search_EN_Trust_2025.03.17,2026-02-24,2026-03-17,UTC,USD,social impact,social proof,broad,5.0,0,0,0.0,0,0.0,0.0,0.0,0.0,0.0,0.0,,,,,
Judge.me Product Reviews App,Search_EN_Trust_2025.03.17,2026-02-24,2026-03-17,UTC,USD,social images,social proof,broad,5.0,0,0,0.0,0,0.0,0.0,0.0,0.0,0.0,0.0,,,,,
Judge.me Product Reviews App,Search_EN_Trust_2025.03.17,2026-02-24,2026-03-17,UTC,USD,social image,social proof,broad,5.0,0,0,0.0,0,0.0,0.0,0.0,0.0,0.0,0.0,,,,,
Judge.me Product Reviews App,Search_EN_Trust_2025.03.17,2026-02-24,2026-03-17,UTC,USD,social icons on footer,social proof,broad,5.0,0,0,0.0,0,0.0,0.0,0.0,0.0,0.0,0.0,,,,,
Judge.me Product Reviews App,Search_EN_Trust_2025.03.17,2026-02-24,2026-03-17,UTC,USD,social icons free,social proof,broad,5.0,0,0,0.0,0,0.0,0.0,0.0,0.0,0.0,0.0,,,,,
Judge.me Product Reviews App,Search_EN_Trust_2025.03.17,2026-02-24,2026-03-17,UTC,USD,social icons footer,social proof,broad,5.0,0,0,0.0,0,0.0,0.0,0.0,0.0,0.0,0.0,,,,,
Judge.me Product Reviews App,Search_EN_Trust_2025.03.17,2026-02-24,2026-03-17,UTC,USD,social icon sections,social proof,broad,5.0,0,0,0.0,0,0.0,0.0,0.0,0.0,0.0,0.0,,,,,
Judge.me Product Reviews App,Search_EN_Trust_2025.03.17,2026-02-24,2026-03-17,UTC,USD,social icon block,social proof,broad,5.0,0,0,0.0,0,0.0,0.0,0.0,0.0,0.0,0.0,,,,,
Judge.me Product Reviews App,Search_EN_Trust_2025.03.17,2026-02-24,2026-03-17,UTC,USD,social ic,social proof,broad,5.0,0,0,0.0,0,0.0,0.0,0.0,0.0,0.0,0.0,,,,,
Judge.me Product Reviews App,Search_EN_Trust_2025.03.17,2026-02-24,2026-03-17,UTC,USD,social head,social proof,broad,5.0,0,0,0.0,0,0.0,0.0,0.0,0.0,0.0,0.0,,,,,
Judge.me Product Reviews App,Search_EN_Trust_2025.03.17,2026-02-24,2026-03-17,UTC,USD,social grid,social proof,broad,5.0,0,0,0.0,0,0.0,0.0,0.0,0.0,0.0,0.0,,,,,
Judge.me Product Reviews App,Search_EN_Trust_2025.03.17,2026-02-24,2026-03-17,UTC,USD,social get,social proof,broad,5.0,0,0,0.0,0,0.0,0.0,0.0,0.0,0.0,0.0,,,,,
Judge.me Product Reviews App,Search_EN_Trust_2025.03.17,2026-02-24,2026-03-17,UTC,USD,social forum,social proof,broad,5.0,0,0,0.0,0,0.0,0.0,0.0,0.0,0.0,0.0,,,,,
Judge.me Product Reviews App,Search_EN_Trust_2025.03.17,2026-02-24,2026-03-17,UTC,USD,social fomo,social proof,broad,5.0,0,0,0.0,0,0.0,0.0,0.0,0.0,0.0,0.0,,,,,
Judge.me Product Reviews App,Search_EN_Trust_2025.03.17,2026-02-24,2026-03-17,UTC,USD,social follow feeds,social proof,broad,5.0,0,0,0.0,0,0.0,0.0,0.0,0.0,0.0,0.0,,,,,
Judge.me Product Reviews App,Search_EN_Trust_2025.03.17,2026-02-24,2026-03-17,UTC,USD,social follow,social proof,broad,5.0,0,0,0.0,0,0.0,0.0,0.0,0.0,0.0,0.0,,,,,
Judge.me Product Reviews App,Search_EN_Trust_2025.03.17,2026-02-24,2026-03-17,UTC,USD,social feeds,social proof,broad,5.0,0,0,0.0,0,0.0,0.0,0.0,0.0,0.0,0.0,,,,,
Judge.me Product Reviews App,Search_EN_Trust_2025.03.17,2026-02-24,2026-03-17,UTC,USD,social feed,social proof,broad,5.0,0,0,0.0,0,0.0,0.0,0.0,0.0,0.0,0.0,,,,,
Judge.me Product Reviews App,Search_EN_Trust_2025.03.17,2026-02-24,2026-03-17,UTC,USD,social fee,social proof,broad,5.0,0,0,0.0,0,0.0,0.0,0.0,0.0,0.0,0.0,,,,,
Judge.me Product Reviews App,Search_EN_Trust_2025.03.17,2026-02-24,2026-03-17,UTC,USD,social f,social proof,broad,5.0,0,0,0.0,0,0.0,0.0,0.0,0.0,0.0,0.0,,,,,
Judge.me Product Reviews App,Search_EN_Trust_2025.03.17,2026-02-24,2026-03-17,UTC,USD,social embed,social proof,broad,5.0,0,0,0.0,0,0.0,0.0,0.0,0.0,0.0,0.0,,,,,
Judge.me Product Reviews App,Search_EN_Trust_2025.03.17,2026-02-24,2026-03-17,UTC,USD,social e-commerce,social proof,broad,5.0,0,0,0.0,0,0.0,0.0,0.0,0.0,0.0,0.0,,,,,
Judge.me Product Reviews App,Search_EN_Trust_2025.03.17,2026-02-24,2026-03-17,UTC,USD,social count,social proof,broad,5.0,0,0,0.0,0,0.0,0.0,0.0,0.0,0.0,0.0,,,,,
Judge.me Product Reviews App,Search_EN_Trust_2025.03.17,2026-02-24,2026-03-17,UTC,USD,social contest,social proof,broad,5.0,0,0,0.0,0,0.0,0.0,0.0,0.0,0.0,0.0,,,,,
Judge.me Product Reviews App,Search_EN_Trust_2025.03.17,2026-02-24,2026-03-17,UTC,USD,social community,social proof,broad,5.0,0,0,0.0,0,0.0,0.0,0.0,0.0,0.0,0.0,,,,,
Judge.me Product Reviews App,Search_EN_Trust_2025.03.17,2026-02-24,2026-03-17,UTC,USD,social co,social proof,broad,5.0,0,0,0.0,0,0.0,0.0,0.0,0.0,0.0,0.0,,,,,
Judge.me Product Reviews App,Search_EN_Trust_2025.03.17,2026-02-24,2026-03-17,UTC,USD,"social chat, live chat",social proof,broad,5.0,0,0,0.0,0,0.0,0.0,0.0,0.0,0.0,0.0,,,,,
Judge.me Product Reviews App,Search_EN_Trust_2025.03.17,2026-02-24,2026-03-17,UTC,USD,social chat by shruya,social proof,broad,5.0,0,0,0.0,0,0.0,0.0,0.0,0.0,0.0,0.0,,,,,
Judge.me Product Reviews App,Search_EN_Trust_2025.03.17,2026-02-24,2026-03-17,UTC,USD,social chat buttons,social proof,broad,5.0,0,0,0.0,0,0.0,0.0,0.0,0.0,0.0,0.0,,,,,
Judge.me Product Reviews App,Search_EN_Trust_2025.03.17,2026-02-24,2026-03-17,UTC,USD,social cat,social proof,broad,5.0,0,0,0.0,0,0.0,0.0,0.0,0.0,0.0,0.0,,,,,
Judge.me Product Reviews App,Search_EN_Trust_2025.03.17,2026-02-24,2026-03-17,UTC,USD,social carousel,social proof,broad,5.0,0,0,0.0,0,0.0,0.0,0.0,0.0,0.0,0.0,,,,,
Judge.me Product Reviews App,Search_EN_Trust_2025.03.17,2026-02-24,2026-03-17,UTC,USD,social care,social proof,broad,5.0,0,0,0.0,0,0.0,0.0,0.0,0.0,0.0,0.0,,,,,
Judge.me Product Reviews App,Search_EN_Trust_2025.03.17,2026-02-24,2026-03-17,UTC,USD,social c,social proof,broad,5.0,0,0,0.0,0,0.0,0.0,0.0,0.0,0.0,0.0,,,,,
Judge.me Product Reviews App,Search_EN_Trust_2025.03.17,2026-02-24,2026-03-17,UTC,USD,social buttons free,social proof,broad,5.0,0,0,0.0,0,0.0,0.0,0.0,0.0,0.0,0.0,,,,,
Judge.me Product Reviews App,Search_EN_Trust_2025.03.17,2026-02-24,2026-03-17,UTC,USD,social boost,social proof,broad,5.0,0,0,0.0,0,0.0,0.0,0.0,0.0,0.0,0.0,,,,,
Judge.me Product Reviews App,Search_EN_Trust_2025.03.17,2026-02-24,2026-03-17,UTC,USD,social bee,social proof,broad,5.0,0,0,0.0,0,0.0,0.0,0.0,0.0,0.0,0.0,,,,,
Judge.me Product Reviews App,Search_EN_Trust_2025.03.17,2026-02-24,2026-03-17,UTC,USD,social bars,social proof,broad,5.0,0,0,0.0,0,0.0,0.0,0.0,0.0,0.0,0.0,,,,,
Judge.me Product Reviews App,Search_EN_Trust_2025.03.17,2026-02-24,2026-03-17,UTC,USD,social bar: social media icons,social proof,broad,5.0,0,0,0.0,0,0.0,0.0,0.0,0.0,0.0,0.0,,,,,
Judge.me Product Reviews App,Search_EN_Trust_2025.03.17,2026-02-24,2026-03-17,UTC,USD,social bar visible et beau design,social proof,broad,5.0,0,0,0.0,0,0.0,0.0,0.0,0.0,0.0,0.0,,,,,
Judge.me Product Reviews App,Search_EN_Trust_2025.03.17,2026-02-24,2026-03-17,UTC,USD,social bar,social proof,broad,5.0,0,0,0.0,0,0.0,0.0,0.0,0.0,0.0,0.0,,,,,
Judge.me Product Reviews App,Search_EN_Trust_2025.03.17,2026-02-24,2026-03-17,UTC,USD,social automitic reels,social proof,broad,5.0,0,0,0.0,0,0.0,0.0,0.0,0.0,0.0,0.0,,,,,
Judge.me Product Reviews App,Search_EN_Trust_2025.03.17,2026-02-24,2026-03-17,UTC,USD,social automation,social proof,broad,5.0,0,0,0.0,0,0.0,0.0,0.0,0.0,0.0,0.0,,,,,
Judge.me Product Reviews App,Search_EN_Trust_2025.03.17,2026-02-24,2026-03-17,UTC,USD,social automate posting,social proof,broad,5.0,0,0,0.0,0,0.0,0.0,0.0,0.0,0.0,0.0,,,,,
Judge.me Product Reviews App,Search_EN_Trust_2025.03.17,2026-02-24,2026-03-17,UTC,USD,social auto post,social proof,broad,5.0,0,0,0.0,0,0.0,0.0,0.0,0.0,0.0,0.0,,,,,
Judge.me Product Reviews App,Search_EN_Trust_2025.03.17,2026-02-24,2026-03-17,UTC,USD,social auto pos,social proof,broad,5.0,0,0,0.0,0,0.0,0.0,0.0,0.0,0.0,0.0,,,,,
Judge.me Product Reviews App,Search_EN_Trust_2025.03.17,2026-02-24,2026-03-17,UTC,USD,social auto,social proof,broad,5.0,0,0,0.0,0,0.0,0.0,0.0,0.0,0.0,0.0,,,,,
Judge.me Product Reviews App,Search_EN_Trust_2025.03.17,2026-02-24,2026-03-17,UTC,USD,social attribution,social proof,broad,5.0,0,0,0.0,0,0.0,0.0,0.0,0.0,0.0,0.0,,,,,
Judge.me Product Reviews App,Search_EN_Trust_2025.03.17,2026-02-24,2026-03-17,UTC,USD,social app login,social proof,broad,5.0,0,0,0.0,0,0.0,0.0,0.0,0.0,0.0,0.0,,,,,
Judge.me Product Reviews App,Search_EN_Trust_2025.03.17,2026-02-24,2026-03-17,UTC,USD,social app bar,social proof,broad,5.0,0,0,0.0,0,0.0,0.0,0.0,0.0,0.0,0.0,,,,,
Judge.me Product Reviews App,Search_EN_Trust_2025.03.17,2026-02-24,2026-03-17,UTC,USD,social app,social proof,broad,5.0,0,0,0.0,0,0.0,0.0,0.0,0.0,0.0,0.0,,,,,
Judge.me Product Reviews App,Search_EN_Trust_2025.03.17,2026-02-24,2026-03-17,UTC,USD,social affiliate,social proof,broad,5.0,0,0,0.0,0,0.0,0.0,0.0,0.0,0.0,0.0,,,,,
Judge.me Product Reviews App,Search_EN_Trust_2025.03.17,2026-02-24,2026-03-17,UTC,USD,social adverts,social proof,broad,5.0,0,0,0.0,0,0.0,0.0,0.0,0.0,0.0,0.0,,,,,
Judge.me Product Reviews App,Search_EN_Trust_2025.03.17,2026-02-24,2026-03-17,UTC,USD,social ads,social proof,broad,5.0,0,0,0.0,0,0.0,0.0,0.0,0.0,0.0,0.0,,,,,
Judge.me Product Reviews App,Search_EN_Trust_2025.03.17,2026-02-24,2026-03-17,UTC,USD,social access,social proof,broad,5.0,0,0,0.0,0,0.0,0.0,0.0,0.0,0.0,0.0,,,,,
Judge.me Product Reviews App,Search_EN_Trust_2025.03.17,2026-02-24,2026-03-17,UTC,USD,socail proof,social proof,broad,5.0,0,0,0.0,0,0.0,0.0,0.0,0.0,0.0,0.0,,,,,
Judge.me Product Reviews App,Search_EN_Trust_2025.03.17,2026-02-24,2026-03-17,UTC,USD,snowball social,social proof,broad,5.0,0,0,0.0,0,0.0,0.0,0.0,0.0,0.0,0.0,,,,,
Judge.me Product Reviews App,Search_EN_Trust_2025.03.17,2026-02-24,2026-03-17,UTC,USD,sms & social login,social proof,broad,5.0,0,0,0.0,0,0.0,0.0,0.0,0.0,0.0,0.0,,,,,
Judge.me Product Reviews App,Search_EN_Trust_2025.03.17,2026-02-24,2026-03-17,UTC,USD,simplified social marketing,social proof,broad,5.0,0,0,0.0,0,0.0,0.0,0.0,0.0,0.0,0.0,,,,,
Judge.me Product Reviews App,Search_EN_Trust_2025.03.17,2026-02-24,2026-03-17,UTC,USD,simple social login,social proof,broad,5.0,0,0,0.0,0,0.0,0.0,0.0,0.0,0.0,0.0,,,,,
Judge.me Product Reviews App,Search_EN_Trust_2025.03.17,2026-02-24,2026-03-17,UTC,USD,signin social login free aviable,social proof,broad,5.0,0,0,0.0,0,0.0,0.0,0.0,0.0,0.0,0.0,,,,,
Judge.me Product Reviews App,Search_EN_Trust_2025.03.17,2026-02-24,2026-03-17,UTC,USD,shop social login,social proof,broad,5.0,0,0,0.0,0,0.0,0.0,0.0,0.0,0.0,0.0,,,,,
Judge.me Product Reviews App,Search_EN_Trust_2025.03.17,2026-02-24,2026-03-17,UTC,USD,shop social,social proof,broad,5.0,0,0,0.0,0,0.0,0.0,0.0,0.0,0.0,0.0,,,,,
Judge.me Product Reviews App,Search_EN_Trust_2025.03.17,2026-02-24,2026-03-17,UTC,USD,share social product,social proof,broad,5.0,0,0,0.0,0,0.0,0.0,0.0,0.0,0.0,0.0,,,,,
Judge.me Product Reviews App,Search_EN_Trust_2025.03.17,2026-02-24,2026-03-17,UTC,USD,share social media button,social proof,broad,5.0,0,0,0.0,0,0.0,0.0,0.0,0.0,0.0,0.0,,,,,
Judge.me Product Reviews App,Search_EN_Trust_2025.03.17,2026-02-24,2026-03-17,UTC,USD,share social media,social proof,broad,5.0,0,0,0.0,0,0.0,0.0,0.0,0.0,0.0,0.0,,,,,
Judge.me Product Reviews App,Search_EN_Trust_2025.03.17,2026-02-24,2026-03-17,UTC,USD,"share cart: link, social, chat",social proof,broad,5.0,0,0,0.0,0,0.0,0.0,0.0,0.0,0.0,0.0,,,,,
Judge.me Product Reviews App,Search_EN_Trust_2025.03.17,2026-02-24,2026-03-17,UTC,USD,share cart free social media,social proof,broad,5.0,0,0,0.0,0,0.0,0.0,0.0,0.0,0.0,0.0,,,,,
Judge.me Product Reviews App,Search_EN_Trust_2025.03.17,2026-02-24,2026-03-17,UTC,USD,seo & social tags,social proof,broad,5.0,0,0,0.0,0,0.0,0.0,0.0,0.0,0.0,0.0,,,,,
Judge.me Product Reviews App,Search_EN_Trust_2025.03.17,2026-02-24,2026-03-17,UTC,USD,send proofs,social proof,broad,5.0,0,0,0.0,0,0.0,0.0,0.0,0.0,0.0,0.0,,,,,
Judge.me Product Reviews App,Search_EN_Trust_2025.03.17,2026-02-24,2026-03-17,UTC,USD,sales proof,social proof,broad,5.0,0,0,0.0,0,0.0,0.0,0.0,0.0,0.0,0.0,,,,,
Judge.me Product Reviews App,Search_EN_Trust_2025.03.17,2026-02-24,2026-03-17,UTC,USD,sales popup social proof,social proof,broad,5.0,0,0,0.0,0,0.0,0.0,0.0,0.0,0.0,0.0,,,,,
Judge.me Product Reviews App,Search_EN_Trust_2025.03.17,2026-02-24,2026-03-17,UTC,USD,sales popup & social proof target inc,social proof,broad,5.0,0,0,0.0,0,0.0,0.0,0.0,0.0,0.0,0.0,,,,,
Judge.me Product Reviews App,Search_EN_Trust_2025.03.17,2026-02-24,2026-03-17,UTC,USD,sales popup & social proof,social proof,broad,5.0,0,0,0.0,0,0.0,0.0,0.0,0.0,0.0,0.0,,,,,
Judge.me Product Reviews App,Search_EN_Trust_2025.03.17,2026-02-24,2026-03-17,UTC,USD,sales pop?up & social proof,social proof,broad,5.0,0,0,0.0,0,0.0,0.0,0.0,0.0,0.0,0.0,,,,,
Judge.me Product Reviews App,Search_EN_Trust_2025.03.17,2026-02-24,2026-03-17,UTC,USD,sales pop?up ? social proof,social proof,broad,5.0,0,0,0.0,0,0.0,0.0,0.0,0.0,0.0,0.0,,,,,
Judge.me Product Reviews App,Search_EN_Trust_2025.03.17,2026-02-24,2026-03-17,UTC,USD,sales pop-ups & social proof,social proof,broad,5.0,0,0,0.0,0,0.0,0.0,0.0,0.0,0.0,0.0,,,,,
Judge.me Product Reviews App,Search_EN_Trust_2025.03.17,2026-02-24,2026-03-17,UTC,USD,sales pop up: fomo + social proof,social proof,broad,5.0,0,0,0.0,0,0.0,0.0,0.0,0.0,0.0,0.0,,,,,
Judge.me Product Reviews App,Search_EN_Trust_2025.03.17,2026-02-24,2026-03-17,UTC,USD,sales pop up social proof by care cart,social proof,broad,5.0,0,0,0.0,0,0.0,0.0,0.0,0.0,0.0,0.0,,,,,
Judge.me Product Reviews App,Search_EN_Trust_2025.03.17,2026-02-24,2026-03-17,UTC,USD,sales pop up social proo,social proof,broad,5.0,0,0,0.0,0,0.0,0.0,0.0,0.0,0.0,0.0,,,,,
Judge.me Product Reviews App,Search_EN_Trust_2025.03.17,2026-02-24,2026-03-17,UTC,USD,sales pop up proof with loox,social proof,broad,5.0,0,0,0.0,0,0.0,0.0,0.0,0.0,0.0,0.0,,,,,
Judge.me Product Reviews App,Search_EN_Trust_2025.03.17,2026-02-24,2026-03-17,UTC,USD,sales pop up proof compatible with loox,social proof,broad,5.0,0,0,0.0,0,0.0,0.0,0.0,0.0,0.0,0.0,,,,,
Judge.me Product Reviews App,Search_EN_Trust_2025.03.17,2026-02-24,2026-03-17,UTC,USD,sales pop up proof bear,social proof,broad,5.0,0,0,0.0,0,0.0,0.0,0.0,0.0,0.0,0.0,,,,,
Judge.me Product Reviews App,Search_EN_Trust_2025.03.17,2026-02-24,2026-03-17,UTC,USD,sales pop up fomo + social proof,social proof,broad,5.0,0,0,0.0,0,0.0,0.0,0.0,0.0,0.0,0.0,,,,,
Judge.me Product Reviews App,Search_EN_Trust_2025.03.17,2026-02-24,2026-03-17,UTC,USD,sales pop up and proof,social proof,broad,5.0,0,0,0.0,0,0.0,0.0,0.0,0.0,0.0,0.0,,,,,
Judge.me Product Reviews App,Search_EN_Trust_2025.03.17,2026-02-24,2026-03-17,UTC,USD,sales pop up & social proof,social proof,broad,5.0,0,0,0.0,0,0.0,0.0,0.0,0.0,0.0,0.0,,,,,
Judge.me Product Reviews App,Search_EN_Trust_2025.03.17,2026-02-24,2026-03-17,UTC,USD,sales pop up ? social proof by care cart,social proof,broad,5.0,0,0,0.0,0,0.0,0.0,0.0,0.0,0.0,0.0,,,,,
Judge.me Product Reviews App,Search_EN_Trust_2025.03.17,2026-02-24,2026-03-17,UTC,USD,sales pop up ? social proof,social proof,broad,5.0,0,0,0.0,0,0.0,0.0,0.0,0.0,0.0,0.0,,,,,
Judge.me Product Reviews App,Search_EN_Trust_2025.03.17,2026-02-24,2026-03-17,UTC,USD,sales pop up ? proof bear,social proof,broad,5.0,0,0,0.0,0,0.0,0.0,0.0,0.0,0.0,0.0,,,,,
Judge.me Product Reviews App,Search_EN_Trust_2025.03.17,2026-02-24,2026-03-17,UTC,USD,sales pop up - social proof,social proof,broad,5.0,0,0,0.0,0,0.0,0.0,0.0,0.0,0.0,0.0,,,,,
Judge.me Product Reviews App,Search_EN_Trust_2025.03.17,2026-02-24,2026-03-17,UTC,USD,sales pop social proof,social proof,broad,5.0,0,0,0.0,0,0.0,0.0,0.0,0.0,0.0,0.0,,,,,
Judge.me Product Reviews App,Search_EN_Trust_2025.03.17,2026-02-24,2026-03-17,UTC,USD,sales pop ? social proof by autoketing,social proof,broad,5.0,0,0,0.0,0,0.0,0.0,0.0,0.0,0.0,0.0,,,,,
Judge.me Product Reviews App,Search_EN_Trust_2025.03.17,2026-02-24,2026-03-17,UTC,USD,sales pop ? social proof,social proof,broad,5.0,0,0,0.0,0,0.0,0.0,0.0,0.0,0.0,0.0,,,,,
Judge.me Product Reviews App,Search_EN_Trust_2025.03.17,2026-02-24,2026-03-17,UTC,USD,sales pop -social proof pop by care cart,social proof,broad,5.0,0,0,0.0,0,0.0,0.0,0.0,0.0,0.0,0.0,,,,,
Judge.me Product Reviews App,Search_EN_Trust_2025.03.17,2026-02-24,2026-03-17,UTC,USD,sales pop - social proof popup,social proof,broad,5.0,0,0,0.0,0,0.0,0.0,0.0,0.0,0.0,0.0,,,,,
Judge.me Product Reviews App,Search_EN_Trust_2025.03.17,2026-02-24,2026-03-17,UTC,USD,sales pop - social proof pop up,social proof,broad,5.0,0,0,0.0,0,0.0,0.0,0.0,0.0,0.0,0.0,,,,,
Judge.me Product Reviews App,Search_EN_Trust_2025.03.17,2026-02-24,2026-03-17,UTC,USD,sales pop - social proof & urgency,social proof,broad,5.0,0,0,0.0,0,0.0,0.0,0.0,0.0,0.0,0.0,,,,,
Judge.me Product Reviews App,Search_EN_Trust_2025.03.17,2026-02-24,2026-03-17,UTC,USD,sales pop - popup & social proof (care cat),social proof,broad,5.0,0,0,0.0,0,0.0,0.0,0.0,0.0,0.0,0.0,,,,,
Judge.me Product Reviews App,Search_EN_Trust_2025.03.17,2026-02-24,2026-03-17,UTC,USD,sales notifications social proof,social proof,broad,5.0,0,0,0.0,0,0.0,0.0,0.0,0.0,0.0,0.0,,,,,
Judge.me Product Reviews App,Search_EN_Trust_2025.03.17,2026-02-24,2026-03-17,UTC,USD,sale proof,social proof,broad,5.0,0,0,0.0,0,0.0,0.0,0.0,0.0,0.0,0.0,,,,,
Judge.me Product Reviews App,Search_EN_Trust_2025.03.17,2026-02-24,2026-03-17,UTC,USD,"rt: social chat, live chat",social proof,broad,5.0,0,0,0.0,0,0.0,0.0,0.0,0.0,0.0,0.0,,,,,
Judge.me Product Reviews App,Search_EN_Trust_2025.03.17,2026-02-24,2026-03-17,UTC,USD,"rt social chat, live chat",social proof,broad,5.0,0,0,0.0,0,0.0,0.0,0.0,0.0,0.0,0.0,,,,,
Judge.me Product Reviews App,Search_EN_Trust_2025.03.17,2026-02-24,2026-03-17,UTC,USD,reviews & social proof apps,social proof,broad,5.0,0,0,0.0,0,0.0,0.0,0.0,0.0,0.0,0.0,,,,,
Judge.me Product Reviews App,Search_EN_Trust_2025.03.17,2026-02-24,2026-03-17,UTC,USD,reputon social proof,social proof,broad,5.0,0,0,0.0,0,0.0,0.0,0.0,0.0,0.0,0.0,,,,,
Judge.me Product Reviews App,Search_EN_Trust_2025.03.17,2026-02-24,2026-03-17,UTC,USD,referral candy uppromote social snowball,social proof,broad,5.0,0,0,0.0,0,0.0,0.0,0.0,0.0,0.0,0.0,,,,,
Judge.me Product Reviews App,Search_EN_Trust_2025.03.17,2026-02-24,2026-03-17,UTC,USD,reevli ? social media & live shopping,social proof,broad,5.0,0,0,0.0,0,0.0,0.0,0.0,0.0,0.0,0.0,,,,,
Judge.me Product Reviews App,Search_EN_Trust_2025.03.17,2026-02-24,2026-03-17,UTC,USD,redes sociales posts,social proof,broad,5.0,0,0,0.0,0,0.0,0.0,0.0,0.0,0.0,0.0,,,,,
Judge.me Product Reviews App,Search_EN_Trust_2025.03.17,2026-02-24,2026-03-17,UTC,USD,redes social,social proof,broad,5.0,0,0,0.0,0,0.0,0.0,0.0,0.0,0.0,0.0,,,,,
Judge.me Product Reviews App,Search_EN_Trust_2025.03.17,2026-02-24,2026-03-17,UTC,USD,recently ? social proof & sales,social proof,broad,5.0,0,0,0.0,0,0.0,0.0,0.0,0.0,0.0,0.0,,,,,
Judge.me Product Reviews App,Search_EN_Trust_2025.03.17,2026-02-24,2026-03-17,UTC,USD,razon social,social proof,broad,5.0,0,0,0.0,0,0.0,0.0,0.0,0.0,0.0,0.0,,,,,
Judge.me Product Reviews App,Search_EN_Trust_2025.03.17,2026-02-24,2026-03-17,UTC,USD,quickorder proof & upload,social proof,broad,5.0,0,0,0.0,0,0.0,0.0,0.0,0.0,0.0,0.0,,,,,
Judge.me Product Reviews App,Search_EN_Trust_2025.03.17,2026-02-24,2026-03-17,UTC,USD,qikify sales pop & social proof,social proof,broad,5.0,0,0,0.0,0,0.0,0.0,0.0,0.0,0.0,0.0,,,,,
Judge.me Product Reviews App,Search_EN_Trust_2025.03.17,2026-02-24,2026-03-17,UTC,USD,qikify sales pop & proof,social proof,broad,5.0,0,0,0.0,0,0.0,0.0,0.0,0.0,0.0,0.0,,,,,
Judge.me Product Reviews App,Search_EN_Trust_2025.03.17,2026-02-24,2026-03-17,UTC,USD,pulse social proof,social proof,broad,5.0,0,0,0.0,0,0.0,0.0,0.0,0.0,0.0,0.0,,,,,
Judge.me Product Reviews App,Search_EN_Trust_2025.03.17,2026-02-24,2026-03-17,UTC,USD,pubblicazione sui social,social proof,broad,5.0,0,0,0.0,0,0.0,0.0,0.0,0.0,0.0,0.0,,,,,
Judge.me Product Reviews App,Search_EN_Trust_2025.03.17,2026-02-24,2026-03-17,UTC,USD,prueba social sales pop up,social proof,broad,5.0,0,0,0.0,0,0.0,0.0,0.0,0.0,0.0,0.0,,,,,
Judge.me Product Reviews App,Search_EN_Trust_2025.03.17,2026-02-24,2026-03-17,UTC,USD,prueba social sales pop,social proof,broad,5.0,0,0,0.0,0,0.0,0.0,0.0,0.0,0.0,0.0,,,,,
Judge.me Product Reviews App,Search_EN_Trust_2025.03.17,2026-02-24,2026-03-17,UTC,USD,prueba social k sales,social proof,broad,5.0,0,0,0.0,0,0.0,0.0,0.0,0.0,0.0,0.0,,,,,
Judge.me Product Reviews App,Search_EN_Trust_2025.03.17,2026-02-24,2026-03-17,UTC,USD,provely social,social proof,broad,5.0,0,0,0.0,0,0.0,0.0,0.0,0.0,0.0,0.0,,,,,
Judge.me Product Reviews App,Search_EN_Trust_2025.03.17,2026-02-24,2026-03-17,UTC,USD,proofs,social proof,broad,5.0,0,0,0.0,0,0.0,0.0,0.0,0.0,0.0,0.0,,,,,
Judge.me Product Reviews App,Search_EN_Trust_2025.03.17,2026-02-24,2026-03-17,UTC,USD,proofing,social proof,broad,5.0,0,0,0.0,0,0.0,0.0,0.0,0.0,0.0,0.0,,,,,
Judge.me Product Reviews App,Search_EN_Trust_2025.03.17,2026-02-24,2026-03-17,UTC,USD,proofer proof management,social proof,broad,5.0,0,0,0.0,0,0.0,0.0,0.0,0.0,0.0,0.0,,,,,
Judge.me Product Reviews App,Search_EN_Trust_2025.03.17,2026-02-24,2026-03-17,UTC,USD,proof sales,social proof,broad,5.0,0,0,0.0,0,0.0,0.0,0.0,0.0,0.0,0.0,,,,,
Judge.me Product Reviews App,Search_EN_Trust_2025.03.17,2026-02-24,2026-03-17,UTC,USD,proof review,social proof,broad,5.0,0,0,0.0,0,0.0,0.0,0.0,0.0,0.0,0.0,,,,,
Judge.me Product Reviews App,Search_EN_Trust_2025.03.17,2026-02-24,2026-03-17,UTC,USD,proof purchase popups,social proof,broad,5.0,0,0,0.0,0,0.0,0.0,0.0,0.0,0.0,0.0,,,,,
Judge.me Product Reviews App,Search_EN_Trust_2025.03.17,2026-02-24,2026-03-17,UTC,USD,proof points,social proof,broad,5.0,0,0,0.0,0,0.0,0.0,0.0,0.0,0.0,0.0,,,,,
Judge.me Product Reviews App,Search_EN_Trust_2025.03.17,2026-02-24,2026-03-17,UTC,USD,proof page product,social proof,broad,5.0,0,0,0.0,0,0.0,0.0,0.0,0.0,0.0,0.0,,,,,
Judge.me Product Reviews App,Search_EN_Trust_2025.03.17,2026-02-24,2026-03-17,UTC,USD,proof of delivery,social proof,broad,5.0,0,0,0.0,0,0.0,0.0,0.0,0.0,0.0,0.0,,,,,
Judge.me Product Reviews App,Search_EN_Trust_2025.03.17,2026-02-24,2026-03-17,UTC,USD,proof managert,social proof,broad,5.0,0,0,0.0,0,0.0,0.0,0.0,0.0,0.0,0.0,,,,,
Judge.me Product Reviews App,Search_EN_Trust_2025.03.17,2026-02-24,2026-03-17,UTC,USD,proof manager,social proof,broad,5.0,0,0,0.0,0,0.0,0.0,0.0,0.0,0.0,0.0,,,,,
Judge.me Product Reviews App,Search_EN_Trust_2025.03.17,2026-02-24,2026-03-17,UTC,USD,proof management,social proof,broad,5.0,0,0,0.0,0,0.0,0.0,0.0,0.0,0.0,0.0,,,,,
Judge.me Product Reviews App,Search_EN_Trust_2025.03.17,2026-02-24,2026-03-17,UTC,USD,proof generator,social proof,broad,5.0,0,0,0.0,0,0.0,0.0,0.0,0.0,0.0,0.0,,,,,
Judge.me Product Reviews App,Search_EN_Trust_2025.03.17,2026-02-24,2026-03-17,UTC,USD,proof factor,social proof,broad,5.0,0,0,0.0,0,0.0,0.0,0.0,0.0,0.0,0.0,,,,,
Judge.me Product Reviews App,Search_EN_Trust_2025.03.17,2026-02-24,2026-03-17,UTC,USD,proof bear sales popup,social proof,broad,5.0,0,0,0.0,0,0.0,0.0,0.0,0.0,0.0,0.0,,,,,
Judge.me Product Reviews App,Search_EN_Trust_2025.03.17,2026-02-24,2026-03-17,UTC,USD,proof bear popup,social proof,broad,5.0,0,0,0.0,0,0.0,0.0,0.0,0.0,0.0,0.0,,,,,
Judge.me Product Reviews App,Search_EN_Trust_2025.03.17,2026-02-24,2026-03-17,UTC,USD,proof bear ? sales popup,social proof,broad,5.0,0,0,0.0,0,0.0,0.0,0.0,0.0,0.0,0.0,,,,,
Judge.me Product Reviews App,Search_EN_Trust_2025.03.17,2026-02-24,2026-03-17,UTC,USD,proof bear - sales popup,social proof,broad,5.0,0,0,0.0,0,0.0,0.0,0.0,0.0,0.0,0.0,,,,,
Judge.me Product Reviews App,Search_EN_Trust_2025.03.17,2026-02-24,2026-03-17,UTC,USD,proof add to cart,social proof,broad,5.0,0,0,0.0,0,0.0,0.0,0.0,0.0,0.0,0.0,,,,,
Judge.me Product Reviews App,Search_EN_Trust_2025.03.17,2026-02-24,2026-03-17,UTC,USD,professional social media posts,social proof,broad,5.0,0,0,0.0,0,0.0,0.0,0.0,0.0,0.0,0.0,,,,,
Judge.me Product Reviews App,Search_EN_Trust_2025.03.17,2026-02-24,2026-03-17,UTC,USD,product social sharing,social proof,broad,5.0,0,0,0.0,0,0.0,0.0,0.0,0.0,0.0,0.0,,,,,
Judge.me Product Reviews App,Search_EN_Trust_2025.03.17,2026-02-24,2026-03-17,UTC,USD,product social share bar,social proof,broad,5.0,0,0,0.0,0,0.0,0.0,0.0,0.0,0.0,0.0,,,,,
Judge.me Product Reviews App,Search_EN_Trust_2025.03.17,2026-02-24,2026-03-17,UTC,USD,product sale proof,social proof,broad,5.0,0,0,0.0,0,0.0,0.0,0.0,0.0,0.0,0.0,,,,,
Judge.me Product Reviews App,Search_EN_Trust_2025.03.17,2026-02-24,2026-03-17,UTC,USD,product reviews & social proof,social proof,broad,5.0,0,0,0.0,0,0.0,0.0,0.0,0.0,0.0,0.0,,,,,
Judge.me Product Reviews App,Search_EN_Trust_2025.03.17,2026-02-24,2026-03-17,UTC,USD,product page social icons,social proof,broad,5.0,0,0,0.0,0,0.0,0.0,0.0,0.0,0.0,0.0,,,,,
Judge.me Product Reviews App,Search_EN_Trust_2025.03.17,2026-02-24,2026-03-17,UTC,USD,product image to slider for social media,social proof,broad,5.0,0,0,0.0,0,0.0,0.0,0.0,0.0,0.0,0.0,,,,,
Judge.me Product Reviews App,Search_EN_Trust_2025.03.17,2026-02-24,2026-03-17,UTC,USD,powr: social media icons bar,social proof,broad,5.0,0,0,0.0,0,0.0,0.0,0.0,0.0,0.0,0.0,,,,,
Judge.me Product Reviews App,Search_EN_Trust_2025.03.17,2026-02-24,2026-03-17,UTC,USD,powr social feed,social proof,broad,5.0,0,0,0.0,0,0.0,0.0,0.0,0.0,0.0,0.0,,,,,
Judge.me Product Reviews App,Search_EN_Trust_2025.03.17,2026-02-24,2026-03-17,UTC,USD,post studio ? social auto post,social proof,broad,5.0,0,0,0.0,0,0.0,0.0,0.0,0.0,0.0,0.0,,,,,
Judge.me Product Reviews App,Search_EN_Trust_2025.03.17,2026-02-24,2026-03-17,UTC,USD,post social ai,social proof,broad,5.0,0,0,0.0,0,0.0,0.0,0.0,0.0,0.0,0.0,,,,,
Judge.me Product Reviews App,Search_EN_Trust_2025.03.17,2026-02-24,2026-03-17,UTC,USD,post social,social proof,broad,5.0,0,0,0.0,0,0.0,0.0,0.0,0.0,0.0,0.0,,,,,
Judge.me Product Reviews App,Search_EN_Trust_2025.03.17,2026-02-24,2026-03-17,UTC,USD,post purchase social follow,social proof,broad,5.0,0,0,0.0,0,0.0,0.0,0.0,0.0,0.0,0.0,,,,,
Judge.me Product Reviews App,Search_EN_Trust_2025.03.17,2026-02-24,2026-03-17,UTC,USD,post blogs to social media,social proof,broad,5.0,0,0,0.0,0,0.0,0.0,0.0,0.0,0.0,0.0,,,,,
Judge.me Product Reviews App,Search_EN_Trust_2025.03.17,2026-02-24,2026-03-17,UTC,USD,post automat social media,social proof,broad,5.0,0,0,0.0,0,0.0,0.0,0.0,0.0,0.0,0.0,,,,,
Judge.me Product Reviews App,Search_EN_Trust_2025.03.17,2026-02-24,2026-03-17,UTC,USD,popup sales fomo proof,social proof,broad,5.0,0,0,0.0,0,0.0,0.0,0.0,0.0,0.0,0.0,,,,,
Judge.me Product Reviews App,Search_EN_Trust_2025.03.17,2026-02-24,2026-03-17,UTC,USD,popman: popups & social proof,social proof,broad,5.0,0,0,0.0,0,0.0,0.0,0.0,0.0,0.0,0.0,,,,,
Judge.me Product Reviews App,Search_EN_Trust_2025.03.17,2026-02-24,2026-03-17,UTC,USD,pop! sales pop & social proof,social proof,broad,5.0,0,0,0.0,0,0.0,0.0,0.0,0.0,0.0,0.0,,,,,
Judge.me Product Reviews App,Search_EN_Trust_2025.03.17,2026-02-24,2026-03-17,UTC,USD,pop-up proof bear,social proof,broad,5.0,0,0,0.0,0,0.0,0.0,0.0,0.0,0.0,0.0,,,,,
Judge.me Product Reviews App,Search_EN_Trust_2025.03.17,2026-02-24,2026-03-17,UTC,USD,pop up sales proof,social proof,broad,5.0,0,0,0.0,0,0.0,0.0,0.0,0.0,0.0,0.0,,,,,
Judge.me Product Reviews App,Search_EN_Trust_2025.03.17,2026-02-24,2026-03-17,UTC,USD,pointify ? social incentive,social proof,broad,5.0,0,0,0.0,0,0.0,0.0,0.0,0.0,0.0,0.0,,,,,
Judge.me Product Reviews App,Search_EN_Trust_2025.03.17,2026-02-24,2026-03-17,UTC,USD,plan my social ? auto planner,social proof,broad,5.0,0,0,0.0,0,0.0,0.0,0.0,0.0,0.0,0.0,,,,,
Judge.me Product Reviews App,Search_EN_Trust_2025.03.17,2026-02-24,2026-03-17,UTC,USD,plan my social,social proof,broad,5.0,0,0,0.0,0,0.0,0.0,0.0,0.0,0.0,0.0,,,,,
Judge.me Product Reviews App,Search_EN_Trust_2025.03.17,2026-02-24,2026-03-17,UTC,USD,photo proof package,social proof,broad,5.0,0,0,0.0,0,0.0,0.0,0.0,0.0,0.0,0.0,,,,,
Judge.me Product Reviews App,Search_EN_Trust_2025.03.17,2026-02-24,2026-03-17,UTC,USD,photo proof,social proof,broad,5.0,0,0,0.0,0,0.0,0.0,0.0,0.0,0.0,0.0,,,,,
Judge.me Product Reviews App,Search_EN_Trust_2025.03.17,2026-02-24,2026-03-17,UTC,USD,payment proof upload,social proof,broad,5.0,0,0,0.0,0,0.0,0.0,0.0,0.0,0.0,0.0,,,,,
Judge.me Product Reviews App,Search_EN_Trust_2025.03.17,2026-02-24,2026-03-17,UTC,USD,payment proof,social proof,broad,5.0,0,0,0.0,0,0.0,0.0,0.0,0.0,0.0,0.0,,,,,
Judge.me Product Reviews App,Search_EN_Trust_2025.03.17,2026-02-24,2026-03-17,UTC,USD,passwordless social login,social proof,broad,5.0,0,0,0.0,0,0.0,0.0,0.0,0.0,0.0,0.0,,,,,
Judge.me Product Reviews App,Search_EN_Trust_2025.03.17,2026-02-24,2026-03-17,UTC,USD,paloma: sell on social,social proof,broad,5.0,0,0,0.0,0,0.0,0.0,0.0,0.0,0.0,0.0,,,,,
Judge.me Product Reviews App,Search_EN_Trust_2025.03.17,2026-02-24,2026-03-17,UTC,USD,outfy social media marketing,social proof,broad,5.0,0,0,0.0,0,0.0,0.0,0.0,0.0,0.0,0.0,,,,,
Judge.me Product Reviews App,Search_EN_Trust_2025.03.17,2026-02-24,2026-03-17,UTC,USD,outfy ? social media promotion,social proof,broad,5.0,0,0,0.0,0,0.0,0.0,0.0,0.0,0.0,0.0,,,,,
Judge.me Product Reviews App,Search_EN_Trust_2025.03.17,2026-02-24,2026-03-17,UTC,USD,outfy ? social media automation,social proof,broad,5.0,0,0,0.0,0,0.0,0.0,0.0,0.0,0.0,0.0,,,,,
Judge.me Product Reviews App,Search_EN_Trust_2025.03.17,2026-02-24,2026-03-17,UTC,USD,outfy ? social media auto post,social proof,broad,5.0,0,0,0.0,0,0.0,0.0,0.0,0.0,0.0,0.0,,,,,
Judge.me Product Reviews App,Search_EN_Trust_2025.03.17,2026-02-24,2026-03-17,UTC,USD,outfy - automate social media,social proof,broad,5.0,0,0,0.0,0,0.0,0.0,0.0,0.0,0.0,0.0,,,,,
Judge.me Product Reviews App,Search_EN_Trust_2025.03.17,2026-02-24,2026-03-17,UTC,USD,otp+: sms and social login,social proof,broad,5.0,0,0,0.0,0,0.0,0.0,0.0,0.0,0.0,0.0,,,,,
Judge.me Product Reviews App,Search_EN_Trust_2025.03.17,2026-02-24,2026-03-17,UTC,USD,"otp+ phone, sms & social login",social proof,broad,5.0,0,0,0.0,0,0.0,0.0,0.0,0.0,0.0,0.0,,,,,
Judge.me Product Reviews App,Search_EN_Trust_2025.03.17,2026-02-24,2026-03-17,UTC,USD,otp+ : sms and social login,social proof,broad,5.0,0,0,0.0,0,0.0,0.0,0.0,0.0,0.0,0.0,,,,,
Judge.me Product Reviews App,Search_EN_Trust_2025.03.17,2026-02-24,2026-03-17,UTC,USD,otp-via-sms or social login,social proof,broad,5.0,0,0,0.0,0,0.0,0.0,0.0,0.0,0.0,0.0,,,,,
Judge.me Product Reviews App,Search_EN_Trust_2025.03.17,2026-02-24,2026-03-17,UTC,USD,otp sms social login,social proof,broad,5.0,0,0,0.0,0,0.0,0.0,0.0,0.0,0.0,0.0,,,,,
Judge.me Product Reviews App,Search_EN_Trust_2025.03.17,2026-02-24,2026-03-17,UTC,USD,orders from social media,social proof,broad,5.0,0,0,0.0,0,0.0,0.0,0.0,0.0,0.0,0.0,,,,,
Judge.me Product Reviews App,Search_EN_Trust_2025.03.17,2026-02-24,2026-03-17,UTC,USD,order proofs,social proof,broad,5.0,0,0,0.0,0,0.0,0.0,0.0,0.0,0.0,0.0,,,,,
Judge.me Product Reviews App,Search_EN_Trust_2025.03.17,2026-02-24,2026-03-17,UTC,USD,order proof,social proof,broad,5.0,0,0,0.0,0,0.0,0.0,0.0,0.0,0.0,0.0,,,,,
Judge.me Product Reviews App,Search_EN_Trust_2025.03.17,2026-02-24,2026-03-17,UTC,USD,oneall social login,social proof,broad,5.0,0,0,0.0,0,0.0,0.0,0.0,0.0,0.0,0.0,,,,,
Judge.me Product Reviews App,Search_EN_Trust_2025.03.17,2026-02-24,2026-03-17,UTC,USD,one tap social login by coduzion,social proof,broad,5.0,0,0,0.0,0,0.0,0.0,0.0,0.0,0.0,0.0,,,,,
Judge.me Product Reviews App,Search_EN_Trust_2025.03.17,2026-02-24,2026-03-17,UTC,USD,one tap social login,social proof,broad,5.0,0,0,0.0,0,0.0,0.0,0.0,0.0,0.0,0.0,,,,,
Judge.me Product Reviews App,Search_EN_Trust_2025.03.17,2026-02-24,2026-03-17,UTC,USD,one click social log in,social proof,broad,5.0,0,0,0.0,0,0.0,0.0,0.0,0.0,0.0,0.0,,,,,
Judge.me Product Reviews App,Search_EN_Trust_2025.03.17,2026-02-24,2026-03-17,UTC,USD,omega social share,social proof,broad,5.0,0,0,0.0,0,0.0,0.0,0.0,0.0,0.0,0.0,,,,,
Judge.me Product Reviews App,Search_EN_Trust_2025.03.17,2026-02-24,2026-03-17,UTC,USD,okta social login,social proof,broad,5.0,0,0,0.0,0,0.0,0.0,0.0,0.0,0.0,0.0,,,,,
Judge.me Product Reviews App,Search_EN_Trust_2025.03.17,2026-02-24,2026-03-17,UTC,USD,nudgify social proof sales pop,social proof,broad,5.0,0,0,0.0,0,0.0,0.0,0.0,0.0,0.0,0.0,,,,,
Judge.me Product Reviews App,Search_EN_Trust_2025.03.17,2026-02-24,2026-03-17,UTC,USD,nudgify social proof & fomo,social proof,broad,5.0,0,0,0.0,0,0.0,0.0,0.0,0.0,0.0,0.0,,,,,
Judge.me Product Reviews App,Search_EN_Trust_2025.03.17,2026-02-24,2026-03-17,UTC,USD,nudgify ? social proof + fomo notifications,social proof,broad,5.0,0,0,0.0,0,0.0,0.0,0.0,0.0,0.0,0.0,,,,,
Judge.me Product Reviews App,Search_EN_Trust_2025.03.17,2026-02-24,2026-03-17,UTC,USD,minttec social login,social proof,broad,5.0,0,0,0.0,0,0.0,0.0,0.0,0.0,0.0,0.0,,,,,
Judge.me Product Reviews App,Search_EN_Trust_2025.03.17,2026-02-24,2026-03-17,UTC,USD,minta social videos auto post,social proof,broad,5.0,0,0,0.0,0,0.0,0.0,0.0,0.0,0.0,0.0,,,,,
Judge.me Product Reviews App,Search_EN_Trust_2025.03.17,2026-02-24,2026-03-17,UTC,USD,minta social media video,social proof,broad,5.0,0,0,0.0,0,0.0,0.0,0.0,0.0,0.0,0.0,,,,,
Judge.me Product Reviews App,Search_EN_Trust_2025.03.17,2026-02-24,2026-03-17,UTC,USD,minta social auto po,social proof,broad,5.0,0,0,0.0,0,0.0,0.0,0.0,0.0,0.0,0.0,,,,,
Judge.me Product Reviews App,Search_EN_Trust_2025.03.17,2026-02-24,2026-03-17,UTC,USD,minta social,social proof,broad,5.0,0,0,0.0,0,0.0,0.0,0.0,0.0,0.0,0.0,,,,,
Judge.me Product Reviews App,Search_EN_Trust_2025.03.17,2026-02-24,2026-03-17,UTC,USD,mini orange social login,social proof,broad,5.0,0,0,0.0,0,0.0,0.0,0.0,0.0,0.0,0.0,,,,,
Judge.me Product Reviews App,Search_EN_Trust_2025.03.17,2026-02-24,2026-03-17,UTC,USD,meta ads & social marketing,social proof,broad,5.0,0,0,0.0,0,0.0,0.0,0.0,0.0,0.0,0.0,,,,,
Judge.me Product Reviews App,Search_EN_Trust_2025.03.17,2026-02-24,2026-03-17,UTC,USD,mega social,social proof,broad,5.0,0,0,0.0,0,0.0,0.0,0.0,0.0,0.0,0.0,,,,,
Judge.me Product Reviews App,Search_EN_Trust_2025.03.17,2026-02-24,2026-03-17,UTC,USD,media proof,social proof,broad,5.0,0,0,0.0,0,0.0,0.0,0.0,0.0,0.0,0.0,,,,,
Judge.me Product Reviews App,Search_EN_Trust_2025.03.17,2026-02-24,2026-03-17,UTC,USD,magik social media auto post tik tok,social proof,broad,5.0,0,0,0.0,0,0.0,0.0,0.0,0.0,0.0,0.0,,,,,
Judge.me Product Reviews App,Search_EN_Trust_2025.03.17,2026-02-24,2026-03-17,UTC,USD,magik social auto poster,social proof,broad,5.0,0,0,0.0,0,0.0,0.0,0.0,0.0,0.0,0.0,,,,,
Judge.me Product Reviews App,Search_EN_Trust_2025.03.17,2026-02-24,2026-03-17,UTC,USD,magic social media autopilot,social proof,broad,5.0,0,0,0.0,0,0.0,0.0,0.0,0.0,0.0,0.0,,,,,
Judge.me Product Reviews App,Search_EN_Trust_2025.03.17,2026-02-24,2026-03-17,UTC,USD,magic social media app,social proof,broad,5.0,0,0,0.0,0,0.0,0.0,0.0,0.0,0.0,0.0,,,,,
Judge.me Product Reviews App,Search_EN_Trust_2025.03.17,2026-02-24,2026-03-17,UTC,USD,magic social media,social proof,broad,5.0,0,0,0.0,0,0.0,0.0,0.0,0.0,0.0,0.0,,,,,
Judge.me Product Reviews App,Search_EN_Trust_2025.03.17,2026-02-24,2026-03-17,UTC,USD,mad social marketing suite,social proof,broad,5.0,0,0,0.0,0,0.0,0.0,0.0,0.0,0.0,0.0,,,,,
Judge.me Product Reviews App,Search_EN_Trust_2025.03.17,2026-02-24,2026-03-17,UTC,USD,mad social marketing,social proof,broad,5.0,0,0,0.0,0,0.0,0.0,0.0,0.0,0.0,0.0,,,,,
Judge.me Product Reviews App,Search_EN_Trust_2025.03.17,2026-02-24,2026-03-17,UTC,USD,m-social,social proof,broad,5.0,0,0,0.0,0,0.0,0.0,0.0,0.0,0.0,0.0,,,,,
Judge.me Product Reviews App,Search_EN_Trust_2025.03.17,2026-02-24,2026-03-17,UTC,USD,loyalty social engagement e social,social proof,broad,5.0,0,0,0.0,0,0.0,0.0,0.0,0.0,0.0,0.0,,,,,
Judge.me Product Reviews App,Search_EN_Trust_2025.03.17,2026-02-24,2026-03-17,UTC,USD,loyalty social engagement,social proof,broad,5.0,0,0,0.0,0,0.0,0.0,0.0,0.0,0.0,0.0,,,,,
Judge.me Product Reviews App,Search_EN_Trust_2025.03.17,2026-02-24,2026-03-17,UTC,USD,login social,social proof,broad,5.0,0,0,0.0,0,0.0,0.0,0.0,0.0,0.0,0.0,,,,,
Judge.me Product Reviews App,Search_EN_Trust_2025.03.17,2026-02-24,2026-03-17,UTC,USD,local delivery proof of delivery,social proof,broad,5.0,0,0,0.0,0,0.0,0.0,0.0,0.0,0.0,0.0,,,,,
Judge.me Product Reviews App,Search_EN_Trust_2025.03.17,2026-02-24,2026-03-17,UTC,USD,local delivery proof delivery,social proof,broad,5.0,0,0,0.0,0,0.0,0.0,0.0,0.0,0.0,0.0,,,,,
Judge.me Product Reviews App,Search_EN_Trust_2025.03.17,2026-02-24,2026-03-17,UTC,USD,live social proof,social proof,broad,5.0,0,0,0.0,0,0.0,0.0,0.0,0.0,0.0,0.0,,,,,
Judge.me Product Reviews App,Search_EN_Trust_2025.03.17,2026-02-24,2026-03-17,UTC,USD,link to social media,social proof,broad,5.0,0,0,0.0,0,0.0,0.0,0.0,0.0,0.0,0.0,,,,,
Judge.me Product Reviews App,Search_EN_Trust_2025.03.17,2026-02-24,2026-03-17,UTC,USD,link social midi,social proof,broad,5.0,0,0,0.0,0,0.0,0.0,0.0,0.0,0.0,0.0,,,,,
Judge.me Product Reviews App,Search_EN_Trust_2025.03.17,2026-02-24,2026-03-17,UTC,USD,later social media manager,social proof,broad,5.0,0,0,0.0,0,0.0,0.0,0.0,0.0,0.0,0.0,,,,,
Judge.me Product Reviews App,Search_EN_Trust_2025.03.17,2026-02-24,2026-03-17,UTC,USD,juicer social media aggregator,social proof,broad,5.0,0,0,0.0,0,0.0,0.0,0.0,0.0,0.0,0.0,,,,,
Judge.me Product Reviews App,Search_EN_Trust_2025.03.17,2026-02-24,2026-03-17,UTC,USD,juicer social feed,social proof,broad,5.0,0,0,0.0,0,0.0,0.0,0.0,0.0,0.0,0.0,,,,,
Judge.me Product Reviews App,Search_EN_Trust_2025.03.17,2026-02-24,2026-03-17,UTC,USD,judge.me social proof,social proof,broad,5.0,0,0,0.0,0,0.0,0.0,0.0,0.0,0.0,0.0,,,,,
Judge.me Product Reviews App,Search_EN_Trust_2025.03.17,2026-02-24,2026-03-17,UTC,USD,jeecl social login,social proof,broad,5.0,0,0,0.0,0,0.0,0.0,0.0,0.0,0.0,0.0,,,,,
Judge.me Product Reviews App,Search_EN_Trust_2025.03.17,2026-02-24,2026-03-17,UTC,USD,install qikify sales pop up & proof,social proof,broad,5.0,0,0,0.0,0,0.0,0.0,0.0,0.0,0.0,0.0,,,,,
Judge.me Product Reviews App,Search_EN_Trust_2025.03.17,2026-02-24,2026-03-17,UTC,USD,instagram feed & social gallery,social proof,broad,5.0,0,0,0.0,0,0.0,0.0,0.0,0.0,0.0,0.0,,,,,
Judge.me Product Reviews App,Search_EN_Trust_2025.03.17,2026-02-24,2026-03-17,UTC,USD,in line social proof,social proof,broad,5.0,0,0,0.0,0,0.0,0.0,0.0,0.0,0.0,0.0,,,,,
Judge.me Product Reviews App,Search_EN_Trust_2025.03.17,2026-02-24,2026-03-17,UTC,USD,immagine di condivisione social,social proof,broad,5.0,0,0,0.0,0,0.0,0.0,0.0,0.0,0.0,0.0,,,,,
Judge.me Product Reviews App,Search_EN_Trust_2025.03.17,2026-02-24,2026-03-17,UTC,USD,iconic product proof manager,social proof,broad,5.0,0,0,0.0,0,0.0,0.0,0.0,0.0,0.0,0.0,,,,,
Judge.me Product Reviews App,Search_EN_Trust_2025.03.17,2026-02-24,2026-03-17,UTC,USD,icee social,social proof,broad,5.0,0,0,0.0,0,0.0,0.0,0.0,0.0,0.0,0.0,,,,,
Judge.me Product Reviews App,Search_EN_Trust_2025.03.17,2026-02-24,2026-03-17,UTC,USD,hubify ? social login,social proof,broad,5.0,0,0,0.0,0,0.0,0.0,0.0,0.0,0.0,0.0,,,,,
Judge.me Product Reviews App,Search_EN_Trust_2025.03.17,2026-02-24,2026-03-17,UTC,USD,how to link socials,social proof,broad,5.0,0,0,0.0,0,0.0,0.0,0.0,0.0,0.0,0.0,,,,,
Judge.me Product Reviews App,Search_EN_Trust_2025.03.17,2026-02-24,2026-03-17,UTC,USD,hoppy social proof,social proof,broad,5.0,0,0,0.0,0,0.0,0.0,0.0,0.0,0.0,0.0,,,,,
Judge.me Product Reviews App,Search_EN_Trust_2025.03.17,2026-02-24,2026-03-17,UTC,USD,hook social login,social proof,broad,5.0,0,0,0.0,0,0.0,0.0,0.0,0.0,0.0,0.0,,,,,
Judge.me Product Reviews App,Search_EN_Trust_2025.03.17,2026-02-24,2026-03-17,UTC,USD,hextom: sales pop & social proof,social proof,broad,5.0,0,0,0.0,0,0.0,0.0,0.0,0.0,0.0,0.0,,,,,
Judge.me Product Reviews App,Search_EN_Trust_2025.03.17,2026-02-24,2026-03-17,UTC,USD,heoq social ai,social proof,broad,5.0,0,0,0.0,0,0.0,0.0,0.0,0.0,0.0,0.0,,,,,
Judge.me Product Reviews App,Search_EN_Trust_2025.03.17,2026-02-24,2026-03-17,UTC,USD,group buy-social e-commerce,social proof,broad,5.0,0,0,0.0,0,0.0,0.0,0.0,0.0,0.0,0.0,,,,,
Judge.me Product Reviews App,Search_EN_Trust_2025.03.17,2026-02-24,2026-03-17,UTC,USD,group buy-social,social proof,broad,5.0,0,0,0.0,0,0.0,0.0,0.0,0.0,0.0,0.0,,,,,
Judge.me Product Reviews App,Search_EN_Trust_2025.03.17,2026-02-24,2026-03-17,UTC,USD,google social login,social proof,broad,5.0,0,0,0.0,0,0.0,0.0,0.0,0.0,0.0,0.0,,,,,
Judge.me Product Reviews App,Search_EN_Trust_2025.03.17,2026-02-24,2026-03-17,UTC,USD,google reviews & social proof,social proof,broad,5.0,0,0,0.0,0,0.0,0.0,0.0,0.0,0.0,0.0,,,,,
Judge.me Product Reviews App,Search_EN_Trust_2025.03.17,2026-02-24,2026-03-17,UTC,USD,"google login social login,",social proof,broad,5.0,0,0,0.0,0,0.0,0.0,0.0,0.0,0.0,0.0,,,,,
Judge.me Product Reviews App,Search_EN_Trust_2025.03.17,2026-02-24,2026-03-17,UTC,USD,google login social login,social proof,broad,5.0,0,0,0.0,0,0.0,0.0,0.0,0.0,0.0,0.0,,,,,
Judge.me Product Reviews App,Search_EN_Trust_2025.03.17,2026-02-24,2026-03-17,UTC,USD,gallery social media,social proof,broad,5.0,0,0,0.0,0,0.0,0.0,0.0,0.0,0.0,0.0,,,,,
Judge.me Product Reviews App,Search_EN_Trust_2025.03.17,2026-02-24,2026-03-17,UTC,USD,free socials feed,social proof,broad,5.0,0,0,0.0,0,0.0,0.0,0.0,0.0,0.0,0.0,,,,,
Judge.me Product Reviews App,Search_EN_Trust_2025.03.17,2026-02-24,2026-03-17,UTC,USD,free socials,social proof,broad,5.0,0,0,0.0,0,0.0,0.0,0.0,0.0,0.0,0.0,,,,,
Judge.me Product Reviews App,Search_EN_Trust_2025.03.17,2026-02-24,2026-03-17,UTC,USD,free social proof / sales popups,social proof,broad,5.0,0,0,0.0,0,0.0,0.0,0.0,0.0,0.0,0.0,,,,,
Judge.me Product Reviews App,Search_EN_Trust_2025.03.17,2026-02-24,2026-03-17,UTC,USD,free social media post maker app,social proof,broad,5.0,0,0,0.0,0,0.0,0.0,0.0,0.0,0.0,0.0,,,,,
Judge.me Product Reviews App,Search_EN_Trust_2025.03.17,2026-02-24,2026-03-17,UTC,USD,free social media icons,social proof,broad,5.0,0,0,0.0,0,0.0,0.0,0.0,0.0,0.0,0.0,,,,,
Judge.me Product Reviews App,Search_EN_Trust_2025.03.17,2026-02-24,2026-03-17,UTC,USD,free social media,social proof,broad,5.0,0,0,0.0,0,0.0,0.0,0.0,0.0,0.0,0.0,,,,,
Judge.me Product Reviews App,Search_EN_Trust_2025.03.17,2026-02-24,2026-03-17,UTC,USD,free social app,social proof,broad,5.0,0,0,0.0,0,0.0,0.0,0.0,0.0,0.0,0.0,,,,,
Judge.me Product Reviews App,Search_EN_Trust_2025.03.17,2026-02-24,2026-03-17,UTC,USD,free plan product social media autopost,social proof,broad,5.0,0,0,0.0,0,0.0,0.0,0.0,0.0,0.0,0.0,,,,,
Judge.me Product Reviews App,Search_EN_Trust_2025.03.17,2026-02-24,2026-03-17,UTC,USD,free apps for social media influencers,social proof,broad,5.0,0,0,0.0,0,0.0,0.0,0.0,0.0,0.0,0.0,,,,,
Judge.me Product Reviews App,Search_EN_Trust_2025.03.17,2026-02-24,2026-03-17,UTC,USD,fraud-proof,social proof,broad,5.0,0,0,0.0,0,0.0,0.0,0.0,0.0,0.0,0.0,,,,,
Judge.me Product Reviews App,Search_EN_Trust_2025.03.17,2026-02-24,2026-03-17,UTC,USD,footer social me,social proof,broad,5.0,0,0,0.0,0,0.0,0.0,0.0,0.0,0.0,0.0,,,,,
Judge.me Product Reviews App,Search_EN_Trust_2025.03.17,2026-02-24,2026-03-17,UTC,USD,fomoify sales popup & proof,social proof,broad,5.0,0,0,0.0,0,0.0,0.0,0.0,0.0,0.0,0.0,,,,,
Judge.me Product Reviews App,Search_EN_Trust_2025.03.17,2026-02-24,2026-03-17,UTC,USD,fomo social proof sales popup,social proof,broad,5.0,0,0,0.0,0,0.0,0.0,0.0,0.0,0.0,0.0,,,,,
Judge.me Product Reviews App,Search_EN_Trust_2025.03.17,2026-02-24,2026-03-17,UTC,USD,fomo social proof sales notifications,social proof,broad,5.0,0,0,0.0,0,0.0,0.0,0.0,0.0,0.0,0.0,,,,,
Judge.me Product Reviews App,Search_EN_Trust_2025.03.17,2026-02-24,2026-03-17,UTC,USD,fomo social proof sale popu,social proof,broad,5.0,0,0,0.0,0,0.0,0.0,0.0,0.0,0.0,0.0,,,,,
Judge.me Product Reviews App,Search_EN_Trust_2025.03.17,2026-02-24,2026-03-17,UTC,USD,fomo social proof app,social proof,broad,5.0,0,0,0.0,0,0.0,0.0,0.0,0.0,0.0,0.0,,,,,
Judge.me Product Reviews App,Search_EN_Trust_2025.03.17,2026-02-24,2026-03-17,UTC,USD,fomo social,social proof,broad,5.0,0,0,0.0,0,0.0,0.0,0.0,0.0,0.0,0.0,,,,,
Judge.me Product Reviews App,Search_EN_Trust_2025.03.17,2026-02-24,2026-03-17,UTC,USD,fomo sales pop up social proof,social proof,broad,5.0,0,0,0.0,0,0.0,0.0,0.0,0.0,0.0,0.0,,,,,
Judge.me Product Reviews App,Search_EN_Trust_2025.03.17,2026-02-24,2026-03-17,UTC,USD,fomo & social proof,social proof,broad,5.0,0,0,0.0,0,0.0,0.0,0.0,0.0,0.0,0.0,,,,,
Judge.me Product Reviews App,Search_EN_Trust_2025.03.17,2026-02-24,2026-03-17,UTC,USD,follow us socials,social proof,broad,5.0,0,0,0.0,0,0.0,0.0,0.0,0.0,0.0,0.0,,,,,
Judge.me Product Reviews App,Search_EN_Trust_2025.03.17,2026-02-24,2026-03-17,UTC,USD,follow and share posts on social media,social proof,broad,5.0,0,0,0.0,0,0.0,0.0,0.0,0.0,0.0,0.0,,,,,
Judge.me Product Reviews App,Search_EN_Trust_2025.03.17,2026-02-24,2026-03-17,UTC,USD,flow-flow social feed,social proof,broad,5.0,0,0,0.0,0,0.0,0.0,0.0,0.0,0.0,0.0,,,,,
Judge.me Product Reviews App,Search_EN_Trust_2025.03.17,2026-02-24,2026-03-17,UTC,USD,flits social login,social proof,broad,5.0,0,0,0.0,0,0.0,0.0,0.0,0.0,0.0,0.0,,,,,
Judge.me Product Reviews App,Search_EN_Trust_2025.03.17,2026-02-24,2026-03-17,UTC,USD,filmklipp social media,social proof,broad,5.0,0,0,0.0,0,0.0,0.0,0.0,0.0,0.0,0.0,,,,,
Judge.me Product Reviews App,Search_EN_Trust_2025.03.17,2026-02-24,2026-03-17,UTC,USD,fera social proof & reviews,social proof,broad,5.0,0,0,0.0,0,0.0,0.0,0.0,0.0,0.0,0.0,,,,,
Judge.me Product Reviews App,Search_EN_Trust_2025.03.17,2026-02-24,2026-03-17,UTC,USD,fera social proof,social proof,broad,5.0,0,0,0.0,0,0.0,0.0,0.0,0.0,0.0,0.0,,,,,
Judge.me Product Reviews App,Search_EN_Trust_2025.03.17,2026-02-24,2026-03-17,UTC,USD,feedx auto social post,social proof,broad,5.0,0,0,0.0,0,0.0,0.0,0.0,0.0,0.0,0.0,,,,,
Judge.me Product Reviews App,Search_EN_Trust_2025.03.17,2026-02-24,2026-03-17,UTC,USD,feed they social,social proof,broad,5.0,0,0,0.0,0,0.0,0.0,0.0,0.0,0.0,0.0,,,,,
Judge.me Product Reviews App,Search_EN_Trust_2025.03.17,2026-02-24,2026-03-17,UTC,USD,facebook social feed,social proof,broad,5.0,0,0,0.0,0,0.0,0.0,0.0,0.0,0.0,0.0,,,,,
Judge.me Product Reviews App,Search_EN_Trust_2025.03.17,2026-02-24,2026-03-17,UTC,USD,facebook instagram social media,social proof,broad,5.0,0,0,0.0,0,0.0,0.0,0.0,0.0,0.0,0.0,,,,,
Judge.me Product Reviews App,Search_EN_Trust_2025.03.17,2026-02-24,2026-03-17,UTC,USD,expandable social chat buttons,social proof,broad,5.0,0,0,0.0,0,0.0,0.0,0.0,0.0,0.0,0.0,,,,,
Judge.me Product Reviews App,Search_EN_Trust_2025.03.17,2026-02-24,2026-03-17,UTC,USD,et social chat,social proof,broad,5.0,0,0,0.0,0,0.0,0.0,0.0,0.0,0.0,0.0,,,,,
Judge.me Product Reviews App,Search_EN_Trust_2025.03.17,2026-02-24,2026-03-17,UTC,USD,estrellas y resenas social proof,social proof,broad,5.0,0,0,0.0,0,0.0,0.0,0.0,0.0,0.0,0.0,,,,,
Judge.me Product Reviews App,Search_EN_Trust_2025.03.17,2026-02-24,2026-03-17,UTC,USD,essential social proof,social proof,broad,5.0,0,0,0.0,0,0.0,0.0,0.0,0.0,0.0,0.0,,,,,
Judge.me Product Reviews App,Search_EN_Trust_2025.03.17,2026-02-24,2026-03-17,UTC,USD,embed social media,social proof,broad,5.0,0,0,0.0,0,0.0,0.0,0.0,0.0,0.0,0.0,,,,,
Judge.me Product Reviews App,Search_EN_Trust_2025.03.17,2026-02-24,2026-03-17,UTC,USD,embed any social media w/li,social proof,broad,5.0,0,0,0.0,0,0.0,0.0,0.0,0.0,0.0,0.0,,,,,
Judge.me Product Reviews App,Search_EN_Trust_2025.03.17,2026-02-24,2026-03-17,UTC,USD,elite-social-login,social proof,broad,5.0,0,0,0.0,0,0.0,0.0,0.0,0.0,0.0,0.0,,,,,
Judge.me Product Reviews App,Search_EN_Trust_2025.03.17,2026-02-24,2026-03-17,UTC,USD,elfsight social media,social proof,broad,5.0,0,0,0.0,0,0.0,0.0,0.0,0.0,0.0,0.0,,,,,
Judge.me Product Reviews App,Search_EN_Trust_2025.03.17,2026-02-24,2026-03-17,UTC,USD,elfsight social icons,social proof,broad,5.0,0,0,0.0,0,0.0,0.0,0.0,0.0,0.0,0.0,,,,,
Judge.me Product Reviews App,Search_EN_Trust_2025.03.17,2026-02-24,2026-03-17,UTC,USD,elfsight social feed & counters,social proof,broad,5.0,0,0,0.0,0,0.0,0.0,0.0,0.0,0.0,0.0,,,,,
Judge.me Product Reviews App,Search_EN_Trust_2025.03.17,2026-02-24,2026-03-17,UTC,USD,elfsight social feed,social proof,broad,5.0,0,0,0.0,0,0.0,0.0,0.0,0.0,0.0,0.0,,,,,
Judge.me Product Reviews App,Search_EN_Trust_2025.03.17,2026-02-24,2026-03-17,UTC,USD,elfsight social,social proof,broad,5.0,0,0,0.0,0,0.0,0.0,0.0,0.0,0.0,0.0,,,,,
Judge.me Product Reviews App,Search_EN_Trust_2025.03.17,2026-02-24,2026-03-17,UTC,USD,dream social login,social proof,broad,5.0,0,0,0.0,0,0.0,0.0,0.0,0.0,0.0,0.0,,,,,
Judge.me Product Reviews App,Search_EN_Trust_2025.03.17,2026-02-24,2026-03-17,UTC,USD,dream social,social proof,broad,5.0,0,0,0.0,0,0.0,0.0,0.0,0.0,0.0,0.0,,,,,
Judge.me Product Reviews App,Search_EN_Trust_2025.03.17,2026-02-24,2026-03-17,UTC,USD,digital photos proofing gallery,social proof,broad,5.0,0,0,0.0,0,0.0,0.0,0.0,0.0,0.0,0.0,,,,,
Judge.me Product Reviews App,Search_EN_Trust_2025.03.17,2026-02-24,2026-03-17,UTC,USD,digital photos proofing,social proof,broad,5.0,0,0,0.0,0,0.0,0.0,0.0,0.0,0.0,0.0,,,,,
Judge.me Product Reviews App,Search_EN_Trust_2025.03.17,2026-02-24,2026-03-17,UTC,USD,devcloud social login,social proof,broad,5.0,0,0,0.0,0,0.0,0.0,0.0,0.0,0.0,0.0,,,,,
Judge.me Product Reviews App,Search_EN_Trust_2025.03.17,2026-02-24,2026-03-17,UTC,USD,design proof,social proof,broad,5.0,0,0,0.0,0,0.0,0.0,0.0,0.0,0.0,0.0,,,,,
Judge.me Product Reviews App,Search_EN_Trust_2025.03.17,2026-02-24,2026-03-17,UTC,USD,delivery photo proof,social proof,broad,5.0,0,0,0.0,0,0.0,0.0,0.0,0.0,0.0,0.0,,,,,
Judge.me Product Reviews App,Search_EN_Trust_2025.03.17,2026-02-24,2026-03-17,UTC,USD,deep link social,social proof,broad,5.0,0,0,0.0,0,0.0,0.0,0.0,0.0,0.0,0.0,,,,,
Judge.me Product Reviews App,Search_EN_Trust_2025.03.17,2026-02-24,2026-03-17,UTC,USD,dash social,social proof,broad,5.0,0,0,0.0,0,0.0,0.0,0.0,0.0,0.0,0.0,,,,,
Judge.me Product Reviews App,Search_EN_Trust_2025.03.17,2026-02-24,2026-03-17,UTC,USD,dakaas social icons,social proof,broad,5.0,0,0,0.0,0,0.0,0.0,0.0,0.0,0.0,0.0,,,,,
Judge.me Product Reviews App,Search_EN_Trust_2025.03.17,2026-02-24,2026-03-17,UTC,USD,create social videos tiktok,social proof,broad,5.0,0,0,0.0,0,0.0,0.0,0.0,0.0,0.0,0.0,,,,,
Judge.me Product Reviews App,Search_EN_Trust_2025.03.17,2026-02-24,2026-03-17,UTC,USD,cos - social share images,social proof,broad,5.0,0,0,0.0,0,0.0,0.0,0.0,0.0,0.0,0.0,,,,,
Judge.me Product Reviews App,Search_EN_Trust_2025.03.17,2026-02-24,2026-03-17,UTC,USD,contact and social,social proof,broad,5.0,0,0,0.0,0,0.0,0.0,0.0,0.0,0.0,0.0,,,,,
Judge.me Product Reviews App,Search_EN_Trust_2025.03.17,2026-02-24,2026-03-17,UTC,USD,connexion sociale hiko,social proof,broad,5.0,0,0,0.0,0,0.0,0.0,0.0,0.0,0.0,0.0,,,,,
Judge.me Product Reviews App,Search_EN_Trust_2025.03.17,2026-02-24,2026-03-17,UTC,USD,coduzion social,social proof,broad,5.0,0,0,0.0,0,0.0,0.0,0.0,0.0,0.0,0.0,,,,,
Judge.me Product Reviews App,Search_EN_Trust_2025.03.17,2026-02-24,2026-03-17,UTC,USD,coduzion one tap social,social proof,broad,5.0,0,0,0.0,0,0.0,0.0,0.0,0.0,0.0,0.0,,,,,
Judge.me Product Reviews App,Search_EN_Trust_2025.03.17,2026-02-24,2026-03-17,UTC,USD,checkout social prove,social proof,broad,5.0,0,0,0.0,0,0.0,0.0,0.0,0.0,0.0,0.0,,,,,
Judge.me Product Reviews App,Search_EN_Trust_2025.03.17,2026-02-24,2026-03-17,UTC,USD,cedcommerce social connector,social proof,broad,5.0,0,0,0.0,0,0.0,0.0,0.0,0.0,0.0,0.0,,,,,
Judge.me Product Reviews App,Search_EN_Trust_2025.03.17,2026-02-24,2026-03-17,UTC,USD,case studies social proof,social proof,broad,5.0,0,0,0.0,0,0.0,0.0,0.0,0.0,0.0,0.0,,,,,
Judge.me Product Reviews App,Search_EN_Trust_2025.03.17,2026-02-24,2026-03-17,UTC,USD,build social media videos,social proof,broad,5.0,0,0,0.0,0,0.0,0.0,0.0,0.0,0.0,0.0,,,,,
Judge.me Product Reviews App,Search_EN_Trust_2025.03.17,2026-02-24,2026-03-17,UTC,USD,build followers social media,social proof,broad,5.0,0,0,0.0,0,0.0,0.0,0.0,0.0,0.0,0.0,,,,,
Judge.me Product Reviews App,Search_EN_Trust_2025.03.17,2026-02-24,2026-03-17,UTC,USD,buffer social media,social proof,broad,5.0,0,0,0.0,0,0.0,0.0,0.0,0.0,0.0,0.0,,,,,
Judge.me Product Reviews App,Search_EN_Trust_2025.03.17,2026-02-24,2026-03-17,UTC,USD,buffer social,social proof,broad,5.0,0,0,0.0,0,0.0,0.0,0.0,0.0,0.0,0.0,,,,,
Judge.me Product Reviews App,Search_EN_Trust_2025.03.17,2026-02-24,2026-03-17,UTC,USD,buddy social norms,social proof,broad,5.0,0,0,0.0,0,0.0,0.0,0.0,0.0,0.0,0.0,,,,,
Judge.me Product Reviews App,Search_EN_Trust_2025.03.17,2026-02-24,2026-03-17,UTC,USD,botao rede social,social proof,broad,5.0,0,0,0.0,0,0.0,0.0,0.0,0.0,0.0,0.0,,,,,
Judge.me Product Reviews App,Search_EN_Trust_2025.03.17,2026-02-24,2026-03-17,UTC,USD,blog posts to social media,social proof,broad,5.0,0,0,0.0,0,0.0,0.0,0.0,0.0,0.0,0.0,,,,,
Judge.me Product Reviews App,Search_EN_Trust_2025.03.17,2026-02-24,2026-03-17,UTC,USD,bitlogin ? social login & forms,social proof,broad,5.0,0,0,0.0,0,0.0,0.0,0.0,0.0,0.0,0.0,,,,,
Judge.me Product Reviews App,Search_EN_Trust_2025.03.17,2026-02-24,2026-03-17,UTC,USD,"bevy share cart ? social link, keep & share your cart",social proof,broad,5.0,0,0,0.0,0,0.0,0.0,0.0,0.0,0.0,0.0,,,,,
Judge.me Product Reviews App,Search_EN_Trust_2025.03.17,2026-02-24,2026-03-17,UTC,USD,best social log in,social proof,broad,5.0,0,0,0.0,0,0.0,0.0,0.0,0.0,0.0,0.0,,,,,
Judge.me Product Reviews App,Search_EN_Trust_2025.03.17,2026-02-24,2026-03-17,UTC,USD,avantify social media icons,social proof,broad,5.0,0,0,0.0,0,0.0,0.0,0.0,0.0,0.0,0.0,,,,,
Judge.me Product Reviews App,Search_EN_Trust_2025.03.17,2026-02-24,2026-03-17,UTC,USD,autopost: ai social media post,social proof,broad,5.0,0,0,0.0,0,0.0,0.0,0.0,0.0,0.0,0.0,,,,,
Judge.me Product Reviews App,Search_EN_Trust_2025.03.17,2026-02-24,2026-03-17,UTC,USD,autopost ai social media post espanol,social proof,broad,5.0,0,0,0.0,0,0.0,0.0,0.0,0.0,0.0,0.0,,,,,
Judge.me Product Reviews App,Search_EN_Trust_2025.03.17,2026-02-24,2026-03-17,UTC,USD,autopost ? social media ai,social proof,broad,5.0,0,0,0.0,0,0.0,0.0,0.0,0.0,0.0,0.0,,,,,
Judge.me Product Reviews App,Search_EN_Trust_2025.03.17,2026-02-24,2026-03-17,UTC,USD,automation social media,social proof,broad,5.0,0,0,0.0,0,0.0,0.0,0.0,0.0,0.0,0.0,,,,,
Judge.me Product Reviews App,Search_EN_Trust_2025.03.17,2026-02-24,2026-03-17,UTC,USD,automation post social,social proof,broad,5.0,0,0,0.0,0,0.0,0.0,0.0,0.0,0.0,0.0,,,,,
Judge.me Product Reviews App,Search_EN_Trust_2025.03.17,2026-02-24,2026-03-17,UTC,USD,automatic post on social,social proof,broad,5.0,0,0,0.0,0,0.0,0.0,0.0,0.0,0.0,0.0,,,,,
Judge.me Product Reviews App,Search_EN_Trust_2025.03.17,2026-02-24,2026-03-17,UTC,USD,automated social media,social proof,broad,5.0,0,0,0.0,0,0.0,0.0,0.0,0.0,0.0,0.0,,,,,
Judge.me Product Reviews App,Search_EN_Trust_2025.03.17,2026-02-24,2026-03-17,UTC,USD,auto social post,social proof,broad,5.0,0,0,0.0,0,0.0,0.0,0.0,0.0,0.0,0.0,,,,,
Judge.me Product Reviews App,Search_EN_Trust_2025.03.17,2026-02-24,2026-03-17,UTC,USD,auto social media posts,social proof,broad,5.0,0,0,0.0,0,0.0,0.0,0.0,0.0,0.0,0.0,,,,,
Judge.me Product Reviews App,Search_EN_Trust_2025.03.17,2026-02-24,2026-03-17,UTC,USD,auto social,social proof,broad,5.0,0,0,0.0,0,0.0,0.0,0.0,0.0,0.0,0.0,,,,,
Judge.me Product Reviews App,Search_EN_Trust_2025.03.17,2026-02-24,2026-03-17,UTC,USD,auto post social,social proof,broad,5.0,0,0,0.0,0,0.0,0.0,0.0,0.0,0.0,0.0,,,,,
Judge.me Product Reviews App,Search_EN_Trust_2025.03.17,2026-02-24,2026-03-17,UTC,USD,auto post ? social media,social proof,broad,5.0,0,0,0.0,0,0.0,0.0,0.0,0.0,0.0,0.0,,,,,
Judge.me Product Reviews App,Search_EN_Trust_2025.03.17,2026-02-24,2026-03-17,UTC,USD,ask proof content,social proof,broad,5.0,0,0,0.0,0,0.0,0.0,0.0,0.0,0.0,0.0,,,,,
Judge.me Product Reviews App,Search_EN_Trust_2025.03.17,2026-02-24,2026-03-17,UTC,USD,as seen on social media,social proof,broad,5.0,0,0,0.0,0,0.0,0.0,0.0,0.0,0.0,0.0,,,,,
Judge.me Product Reviews App,Search_EN_Trust_2025.03.17,2026-02-24,2026-03-17,UTC,USD,artproof ? proofing & approvals,social proof,broad,5.0,0,0,0.0,0,0.0,0.0,0.0,0.0,0.0,0.0,,,,,
Judge.me Product Reviews App,Search_EN_Trust_2025.03.17,2026-02-24,2026-03-17,UTC,USD,art proof approval,social proof,broad,5.0,0,0,0.0,0,0.0,0.0,0.0,0.0,0.0,0.0,,,,,
Judge.me Product Reviews App,Search_EN_Trust_2025.03.17,2026-02-24,2026-03-17,UTC,USD,art proof,social proof,broad,5.0,0,0,0.0,0,0.0,0.0,0.0,0.0,0.0,0.0,,,,,
Judge.me Product Reviews App,Search_EN_Trust_2025.03.17,2026-02-24,2026-03-17,UTC,USD,anti-social,social proof,broad,5.0,0,0,0.0,0,0.0,0.0,0.0,0.0,0.0,0.0,,,,,
Judge.me Product Reviews App,Search_EN_Trust_2025.03.17,2026-02-24,2026-03-17,UTC,USD,announcement bar with social icons free,social proof,broad,5.0,0,0,0.0,0,0.0,0.0,0.0,0.0,0.0,0.0,,,,,
Judge.me Product Reviews App,Search_EN_Trust_2025.03.17,2026-02-24,2026-03-17,UTC,USD,announcement bar socials,social proof,broad,5.0,0,0,0.0,0,0.0,0.0,0.0,0.0,0.0,0.0,,,,,
Judge.me Product Reviews App,Search_EN_Trust_2025.03.17,2026-02-24,2026-03-17,UTC,USD,animated social proof,social proof,broad,5.0,0,0,0.0,0,0.0,0.0,0.0,0.0,0.0,0.0,,,,,
Judge.me Product Reviews App,Search_EN_Trust_2025.03.17,2026-02-24,2026-03-17,UTC,USD,all social media feed,social proof,broad,5.0,0,0,0.0,0,0.0,0.0,0.0,0.0,0.0,0.0,,,,,
Judge.me Product Reviews App,Search_EN_Trust_2025.03.17,2026-02-24,2026-03-17,UTC,USD,all in one sales pop up & social proof,social proof,broad,5.0,0,0,0.0,0,0.0,0.0,0.0,0.0,0.0,0.0,,,,,
Judge.me Product Reviews App,Search_EN_Trust_2025.03.17,2026-02-24,2026-03-17,UTC,USD,ai social videos,social proof,broad,5.0,0,0,0.0,0,0.0,0.0,0.0,0.0,0.0,0.0,,,,,
Judge.me Product Reviews App,Search_EN_Trust_2025.03.17,2026-02-24,2026-03-17,UTC,USD,ai social publisher,social proof,broad,5.0,0,0,0.0,0,0.0,0.0,0.0,0.0,0.0,0.0,,,,,
Judge.me Product Reviews App,Search_EN_Trust_2025.03.17,2026-02-24,2026-03-17,UTC,USD,ai social product recommendation,social proof,broad,5.0,0,0,0.0,0,0.0,0.0,0.0,0.0,0.0,0.0,,,,,
Judge.me Product Reviews App,Search_EN_Trust_2025.03.17,2026-02-24,2026-03-17,UTC,USD,ai social posts tiktok,social proof,broad,5.0,0,0,0.0,0,0.0,0.0,0.0,0.0,0.0,0.0,,,,,
Judge.me Product Reviews App,Search_EN_Trust_2025.03.17,2026-02-24,2026-03-17,UTC,USD,ai social posts,social proof,broad,5.0,0,0,0.0,0,0.0,0.0,0.0,0.0,0.0,0.0,,,,,
Judge.me Product Reviews App,Search_EN_Trust_2025.03.17,2026-02-24,2026-03-17,UTC,USD,ai social organic marketing,social proof,broad,5.0,0,0,0.0,0,0.0,0.0,0.0,0.0,0.0,0.0,,,,,
Judge.me Product Reviews App,Search_EN_Trust_2025.03.17,2026-02-24,2026-03-17,UTC,USD,ai social media posting,social proof,broad,5.0,0,0,0.0,0,0.0,0.0,0.0,0.0,0.0,0.0,,,,,
Judge.me Product Reviews App,Search_EN_Trust_2025.03.17,2026-02-24,2026-03-17,UTC,USD,ai social media post generator,social proof,broad,5.0,0,0,0.0,0,0.0,0.0,0.0,0.0,0.0,0.0,,,,,
Judge.me Product Reviews App,Search_EN_Trust_2025.03.17,2026-02-24,2026-03-17,UTC,USD,ai social media post espanol,social proof,broad,5.0,0,0,0.0,0,0.0,0.0,0.0,0.0,0.0,0.0,,,,,
Judge.me Product Reviews App,Search_EN_Trust_2025.03.17,2026-02-24,2026-03-17,UTC,USD,ai social media post,social proof,broad,5.0,0,0,0.0,0,0.0,0.0,0.0,0.0,0.0,0.0,,,,,
Judge.me Product Reviews App,Search_EN_Trust_2025.03.17,2026-02-24,2026-03-17,UTC,USD,ai social media manager,social proof,broad,5.0,0,0,0.0,0,0.0,0.0,0.0,0.0,0.0,0.0,,,,,
Judge.me Product Reviews App,Search_EN_Trust_2025.03.17,2026-02-24,2026-03-17,UTC,USD,ai social media creation,social proof,broad,5.0,0,0,0.0,0,0.0,0.0,0.0,0.0,0.0,0.0,,,,,
Judge.me Product Reviews App,Search_EN_Trust_2025.03.17,2026-02-24,2026-03-17,UTC,USD,ai social media content repurpose product,social proof,broad,5.0,0,0,0.0,0,0.0,0.0,0.0,0.0,0.0,0.0,,,,,
Judge.me Product Reviews App,Search_EN_Trust_2025.03.17,2026-02-24,2026-03-17,UTC,USD,ai social media autopilot,social proof,broad,5.0,0,0,0.0,0,0.0,0.0,0.0,0.0,0.0,0.0,,,,,
Judge.me Product Reviews App,Search_EN_Trust_2025.03.17,2026-02-24,2026-03-17,UTC,USD,ai social media,social proof,broad,5.0,0,0,0.0,0,0.0,0.0,0.0,0.0,0.0,0.0,,,,,
Judge.me Product Reviews App,Search_EN_Trust_2025.03.17,2026-02-24,2026-03-17,UTC,USD,ai social marketing,social proof,broad,5.0,0,0,0.0,0,0.0,0.0,0.0,0.0,0.0,0.0,,,,,
Judge.me Product Reviews App,Search_EN_Trust_2025.03.17,2026-02-24,2026-03-17,UTC,USD,ai social,social proof,broad,5.0,0,0,0.0,0,0.0,0.0,0.0,0.0,0.0,0.0,,,,,
Judge.me Product Reviews App,Search_EN_Trust_2025.03.17,2026-02-24,2026-03-17,UTC,USD,ai markting voor social media,social proof,broad,5.0,0,0,0.0,0,0.0,0.0,0.0,0.0,0.0,0.0,,,,,
Judge.me Product Reviews App,Search_EN_Trust_2025.03.17,2026-02-24,2026-03-17,UTC,USD,"ai marketing automation social + seo, intelligent sales assistant, ai upsell engines",social proof,broad,5.0,0,0,0.0,0,0.0,0.0,0.0,0.0,0.0,0.0,,,,,
Judge.me Product Reviews App,Search_EN_Trust_2025.03.17,2026-02-24,2026-03-17,UTC,USD,ai generated art proof,social proof,broad,5.0,0,0,0.0,0,0.0,0.0,0.0,0.0,0.0,0.0,,,,,
Judge.me Product Reviews App,Search_EN_Trust_2025.03.17,2026-02-24,2026-03-17,UTC,USD,ai free advertising on social media,social proof,broad,5.0,0,0,0.0,0,0.0,0.0,0.0,0.0,0.0,0.0,,,,,
Judge.me Product Reviews App,Search_EN_Trust_2025.03.17,2026-02-24,2026-03-17,UTC,USD,ai for social media,social proof,broad,5.0,0,0,0.0,0,0.0,0.0,0.0,0.0,0.0,0.0,,,,,
Judge.me Product Reviews App,Search_EN_Trust_2025.03.17,2026-02-24,2026-03-17,UTC,USD,ai auto post social media,social proof,broad,5.0,0,0,0.0,0,0.0,0.0,0.0,0.0,0.0,0.0,,,,,
Judge.me Product Reviews App,Search_EN_Trust_2025.03.17,2026-02-24,2026-03-17,UTC,USD,affiliate app social snowball,social proof,broad,5.0,0,0,0.0,0,0.0,0.0,0.0,0.0,0.0,0.0,,,,,
Judge.me Product Reviews App,Search_EN_Trust_2025.03.17,2026-02-24,2026-03-17,UTC,USD,ads running social media,social proof,broad,5.0,0,0,0.0,0,0.0,0.0,0.0,0.0,0.0,0.0,,,,,
Judge.me Product Reviews App,Search_EN_Trust_2025.03.17,2026-02-24,2026-03-17,UTC,USD,add social media link,social proof,broad,5.0,0,0,0.0,0,0.0,0.0,0.0,0.0,0.0,0.0,,,,,
Judge.me Product Reviews App,Search_EN_Trust_2025.03.17,2026-02-24,2026-03-17,UTC,USD,add social media icons,social proof,broad,5.0,0,0,0.0,0,0.0,0.0,0.0,0.0,0.0,0.0,,,,,
Judge.me Product Reviews App,Search_EN_Trust_2025.03.17,2026-02-24,2026-03-17,UTC,USD,add social feed on website,social proof,broad,5.0,0,0,0.0,0,0.0,0.0,0.0,0.0,0.0,0.0,,,,,
Judge.me Product Reviews App,Search_EN_Trust_2025.03.17,2026-02-24,2026-03-17,UTC,USD,add social feed,social proof,broad,5.0,0,0,0.0,0,0.0,0.0,0.0,0.0,0.0,0.0,,,,,
Judge.me Product Reviews App,Search_EN_Trust_2025.03.17,2026-02-24,2026-03-17,UTC,USD,account cliente social login,social proof,broad,5.0,0,0,0.0,0,0.0,0.0,0.0,0.0,0.0,0.0,,,,,
Judge.me Product Reviews App,Search_EN_Trust_2025.03.17,2026-02-24,2026-03-17,UTC,USD,acceso sociales,social proof,broad,5.0,0,0,0.0,0,0.0,0.0,0.0,0.0,0.0,0.0,,,,,
Judge.me Product Reviews App,Search_EN_Trust_2025.03.17,2026-02-24,2026-03-17,UTC,USD,acceso redes sociales,social proof,broad,5.0,0,0,0.0,0,0.0,0.0,0.0,0.0,0.0,0.0,,,,,
Judge.me Product Reviews App,Search_EN_Trust_2025.03.17,2026-02-24,2026-03-17,UTC,USD,3. sold count: product sale proof,social proof,broad,5.0,0,0,0.0,0,0.0,0.0,0.0,0.0,0.0,0.0,,,,,
Judge.me Product Reviews App,Search_EN_Trust_2025.03.17,2026-02-24,2026-03-17,UTC,USD,1. oxi social login,social proof,broad,5.0,0,0,0.0,0,0.0,0.0,0.0,0.0,0.0,0.0,,,,,
Judge.me Product Reviews App,Search_EN_Trust_2025.03.17,2026-02-24,2026-03-17,UTC,USD,1?? qikify sales pop-up & proof (best),social proof,broad,5.0,0,0,0.0,0,0.0,0.0,0.0,0.0,0.0,0.0,,,,,
Judge.me Product Reviews App,Search_EN_Trust_2025.03.17,2026-02-24,2026-03-17,UTC,USD,"""web developer tag placement complaints"" social media",social proof,broad,5.0,0,0,0.0,0,0.0,0.0,0.0,0.0,0.0,0.0,,,,,
Judge.me Product Reviews App,Search_EN_Trust_2025.03.17,2026-02-24,2026-03-17,UTC,USD,"""social media complaints about lack of on?screen ai support""",social proof,broad,5.0,0,0,0.0,0,0.0,0.0,0.0,0.0,0.0,0.0,,,,,
Judge.me Product Reviews App,Search_EN_Trust_2025.03.17,2026-02-24,2026-03-17,UTC,USD,"""people struggling with multiple productivity apps"" social media thread",social proof,broad,5.0,0,0,0.0,0,0.0,0.0,0.0,0.0,0.0,0.0,,,,,
Judge.me Product Reviews App,Search_EN_Trust_2025.03.17,2026-02-24,2026-03-17,UTC,USD,"""market demand for cross?media metadata extraction"" social media trend",social proof,broad,5.0,0,0,0.0,0,0.0,0.0,0.0,0.0,0.0,0.0,,,,,
Judge.me Product Reviews App,Search_EN_Trust_2025.03.17,2026-02-24,2026-03-17,UTC,USD,"""freelancers"" ""social media hiring posts"" ""monitor""",social proof,broad,5.0,0,0,0.0,0,0.0,0.0,0.0,0.0,0.0,0.0,,,,,
Judge.me Product Reviews App,Search_EN_Trust_2025.03.17,2026-02-24,2026-03-17,UTC,USD,"""freelance job search complaints"" ""social media""",social proof,broad,5.0,0,0,0.0,0,0.0,0.0,0.0,0.0,0.0,0.0,,,,,
Judge.me Product Reviews App,Search_EN_Trust_2025.03.17,2026-02-24,2026-03-17,UTC,USD,"""freelance job hunting tools"" ""social media""",social proof,broad,5.0,0,0,0.0,0,0.0,0.0,0.0,0.0,0.0,0.0,,,,,
Judge.me Product Reviews App,Search_EN_Trust_2025.03.17,2026-02-24,2026-03-17,UTC,USD,"? remarkety - email, sms, social",social proof,broad,5.0,0,0,0.0,0,0.0,0.0,0.0,0.0,0.0,0.0,,,,,
Judge.me Product Reviews App,Search_EN_Trust_2025.03.17,2026-02-24,2026-03-17,UTC,USD,? oxi social login,social proof,broad,5.0,0,0,0.0,0,0.0,0.0,0.0,0.0,0.0,0.0,,,,,
Judge.me Product Reviews App,Search_EN_Trust_2025.03.17,2026-02-24,2026-03-17,UTC,USD,thank you page question,question,broad,8.0,0,0,0.0,0,0.0,0.0,0.0,0.0,0.0,0.0,,,,,
Judge.me Product Reviews App,Search_EN_Trust_2025.03.17,2026-02-24,2026-03-17,UTC,USD,simprosys product questions & answers,question,broad,8.0,0,0,0.0,0,0.0,0.0,0.0,0.0,0.0,0.0,,,,,
Judge.me Product Reviews App,Search_EN_Trust_2025.03.17,2026-02-24,2026-03-17,UTC,USD,question recommend product,question,broad,8.0,0,0,0.0,0,0.0,0.0,0.0,0.0,0.0,0.0,,,,,
Judge.me Product Reviews App,Search_EN_Trust_2025.03.17,2026-02-24,2026-03-17,UTC,USD,question product,question,broad,8.0,0,0,0.0,0,0.0,0.0,0.0,0.0,0.0,0.0,,,,,
Judge.me Product Reviews App,Search_EN_Trust_2025.03.17,2026-02-24,2026-03-17,UTC,USD,question pro,question,broad,8.0,0,0,0.0,0,0.0,0.0,0.0,0.0,0.0,0.0,,,,,
Judge.me Product Reviews App,Search_EN_Trust_2025.03.17,2026-02-24,2026-03-17,UTC,USD,question post achat,question,broad,8.0,0,0,0.0,0,0.0,0.0,0.0,0.0,0.0,0.0,,,,,
Judge.me Product Reviews App,Search_EN_Trust_2025.03.17,2026-02-24,2026-03-17,UTC,USD,question form,question,broad,8.0,0,0,0.0,0,0.0,0.0,0.0,0.0,0.0,0.0,,,,,
Judge.me Product Reviews App,Search_EN_Trust_2025.03.17,2026-02-24,2026-03-17,UTC,USD,question and answers,question,broad,8.0,0,0,0.0,0,0.0,0.0,0.0,0.0,0.0,0.0,,,,,
Judge.me Product Reviews App,Search_EN_Trust_2025.03.17,2026-02-24,2026-03-17,UTC,USD,question and answer,question,broad,8.0,0,0,0.0,0,0.0,0.0,0.0,0.0,0.0,0.0,,,,,
Judge.me Product Reviews App,Search_EN_Trust_2025.03.17,2026-02-24,2026-03-17,UTC,USD,question ai,question,broad,8.0,0,0,0.0,0,0.0,0.0,0.0,0.0,0.0,0.0,,,,,
Judge.me Product Reviews App,Search_EN_Trust_2025.03.17,2026-02-24,2026-03-17,UTC,USD,product questions,question,broad,8.0,0,0,0.0,0,0.0,0.0,0.0,0.0,0.0,0.0,,,,,
Judge.me Product Reviews App,Search_EN_Trust_2025.03.17,2026-02-24,2026-03-17,UTC,USD,product customization in questions,question,broad,8.0,0,0,0.0,0,0.0,0.0,0.0,0.0,0.0,0.0,,,,,
Judge.me Product Reviews App,Search_EN_Trust_2025.03.17,2026-02-24,2026-03-17,UTC,USD,post-purchase survey one question module thank you,question,broad,8.0,0,0,0.0,0,0.0,0.0,0.0,0.0,0.0,0.0,,,,,
Judge.me Product Reviews App,Search_EN_Trust_2025.03.17,2026-02-24,2026-03-17,UTC,USD,post-purchase survey one question module,question,broad,8.0,0,0,0.0,0,0.0,0.0,0.0,0.0,0.0,0.0,,,,,
Judge.me Product Reviews App,Search_EN_Trust_2025.03.17,2026-02-24,2026-03-17,UTC,USD,post purchase questions,question,broad,8.0,0,0,0.0,0,0.0,0.0,0.0,0.0,0.0,0.0,,,,,
Judge.me Product Reviews App,Search_EN_Trust_2025.03.17,2026-02-24,2026-03-17,UTC,USD,pop up question after add to c,question,broad,8.0,0,0,0.0,0,0.0,0.0,0.0,0.0,0.0,0.0,,,,,
Judge.me Product Reviews App,Search_EN_Trust_2025.03.17,2026-02-24,2026-03-17,UTC,USD,mandatory questions cart,question,broad,8.0,0,0,0.0,0,0.0,0.0,0.0,0.0,0.0,0.0,,,,,
Judge.me Product Reviews App,Search_EN_Trust_2025.03.17,2026-02-24,2026-03-17,UTC,USD,inquiris: questions & answers,question,broad,8.0,0,0,0.0,0,0.0,0.0,0.0,0.0,0.0,0.0,,,,,
Judge.me Product Reviews App,Search_EN_Trust_2025.03.17,2026-02-24,2026-03-17,UTC,USD,great question ? you actually do not need to create separate collections for 4oz and 9oz unless you,question,broad,8.0,0,0,0.0,0,0.0,0.0,0.0,0.0,0.0,0.0,,,,,
Judge.me Product Reviews App,Search_EN_Trust_2025.03.17,2026-02-24,2026-03-17,UTC,USD,frequently asked questions widget,question,broad,8.0,0,0,0.0,0,0.0,0.0,0.0,0.0,0.0,0.0,,,,,
Judge.me Product Reviews App,Search_EN_Trust_2025.03.17,2026-02-24,2026-03-17,UTC,USD,frequently asked question,question,broad,8.0,0,0,0.0,0,0.0,0.0,0.0,0.0,0.0,0.0,,,,,
Judge.me Product Reviews App,Search_EN_Trust_2025.03.17,2026-02-24,2026-03-17,UTC,USD,faq & product questions by powr,question,broad,8.0,0,0,0.0,0,0.0,0.0,0.0,0.0,0.0,0.0,,,,,
Judge.me Product Reviews App,Search_EN_Trust_2025.03.17,2026-02-24,2026-03-17,UTC,USD,doran reviews & question,question,broad,8.0,0,0,0.0,0,0.0,0.0,0.0,0.0,0.0,0.0,,,,,
Judge.me Product Reviews App,Search_EN_Trust_2025.03.17,2026-02-24,2026-03-17,UTC,USD,customer questions,question,broad,8.0,0,0,0.0,0,0.0,0.0,0.0,0.0,0.0,0.0,,,,,
Judge.me Product Reviews App,Search_EN_Trust_2025.03.17,2026-02-24,2026-03-17,UTC,USD,customer question form pos,question,broad,8.0,0,0,0.0,0,0.0,0.0,0.0,0.0,0.0,0.0,,,,,
Judge.me Product Reviews App,Search_EN_Trust_2025.03.17,2026-02-24,2026-03-17,UTC,USD,custom questions,question,broad,8.0,0,0,0.0,0,0.0,0.0,0.0,0.0,0.0,0.0,,,,,
Judge.me Product Reviews App,Search_EN_Trust_2025.03.17,2026-02-24,2026-03-17,UTC,USD,custom product questions,question,broad,8.0,0,0,0.0,0,0.0,0.0,0.0,0.0,0.0,0.0,,,,,
Judge.me Product Reviews App,Search_EN_Trust_2025.03.17,2026-02-24,2026-03-17,UTC,USD,chatbot technical questions,question,broad,8.0,0,0,0.0,0,0.0,0.0,0.0,0.0,0.0,0.0,,,,,
Judge.me Product Reviews App,Search_EN_Trust_2025.03.17,2026-02-24,2026-03-17,UTC,USD,cart questions,question,broad,8.0,0,0,0.0,0,0.0,0.0,0.0,0.0,0.0,0.0,,,,,
Judge.me Product Reviews App,Search_EN_Trust_2025.03.17,2026-02-24,2026-03-17,UTC,USD,boooking system with custom questions,question,broad,8.0,0,0,0.0,0,0.0,0.0,0.0,0.0,0.0,0.0,,,,,
Judge.me Product Reviews App,Search_EN_Trust_2025.03.17,2026-02-24,2026-03-17,UTC,USD,booking system with custom questions,question,broad,8.0,0,0,0.0,0,0.0,0.0,0.0,0.0,0.0,0.0,,,,,
Judge.me Product Reviews App,Search_EN_Trust_2025.03.17,2026-02-24,2026-03-17,UTC,USD,askify ? product questions & answers,question,broad,8.0,0,0,0.0,0,0.0,0.0,0.0,0.0,0.0,0.0,,,,,
Judge.me Product Reviews App,Search_EN_Trust_2025.03.17,2026-02-24,2026-03-17,UTC,USD,ask question,question,broad,8.0,0,0,0.0,0,0.0,0.0,0.0,0.0,0.0,0.0,,,,,
Judge.me Product Reviews App,Search_EN_Trust_2025.03.17,2026-02-24,2026-03-17,UTC,USD,ai question,question,broad,8.0,0,0,0.0,0,0.0,0.0,0.0,0.0,0.0,0.0,,,,,
Judge.me Product Reviews App,Search_EN_Trust_2025.03.17,2026-02-24,2026-03-17,UTC,USD,ai product reviev & questions,question,broad,8.0,0,0,0.0,0,0.0,0.0,0.0,0.0,0.0,0.0,,,,,
Judge.me Product Reviews App,Search_EN_Trust_2025.03.17,2026-02-24,2026-03-17,UTC,USD,ac - questions & answers,question,broad,8.0,0,0,0.0,0,0.0,0.0,0.0,0.0,0.0,0.0,,,,,
Judge.me Product Reviews App,Search_EN_Trust_2025.03.17,2026-02-24,2026-03-17,UTC,USD,tiktok comments,comments,broad,4.0,0,0,0.0,0,0.0,0.0,0.0,0.0,0.0,0.0,,,,,
Judge.me Product Reviews App,Search_EN_Trust_2025.03.17,2026-02-24,2026-03-17,UTC,USD,sync to comment,comments,broad,4.0,0,0,0.0,0,0.0,0.0,0.0,0.0,0.0,0.0,,,,,
Judge.me Product Reviews App,Search_EN_Trust_2025.03.17,2026-02-24,2026-03-17,UTC,USD,simple commenter,comments,broad,4.0,0,0,0.0,0,0.0,0.0,0.0,0.0,0.0,0.0,,,,,
Judge.me Product Reviews App,Search_EN_Trust_2025.03.17,2026-02-24,2026-03-17,UTC,USD,simple comment,comments,broad,4.0,0,0,0.0,0,0.0,0.0,0.0,0.0,0.0,0.0,,,,,
Judge.me Product Reviews App,Search_EN_Trust_2025.03.17,2026-02-24,2026-03-17,UTC,USD,reply to comments for free,comments,broad,4.0,0,0,0.0,0,0.0,0.0,0.0,0.0,0.0,0.0,,,,,
Judge.me Product Reviews App,Search_EN_Trust_2025.03.17,2026-02-24,2026-03-17,UTC,USD,order comments,comments,broad,4.0,0,0,0.0,0,0.0,0.0,0.0,0.0,0.0,0.0,,,,,
Judge.me Product Reviews App,Search_EN_Trust_2025.03.17,2026-02-24,2026-03-17,UTC,USD,order comment,comments,broad,4.0,0,0,0.0,0,0.0,0.0,0.0,0.0,0.0,0.0,,,,,
Judge.me Product Reviews App,Search_EN_Trust_2025.03.17,2026-02-24,2026-03-17,UTC,USD,internal comments,comments,broad,4.0,0,0,0.0,0,0.0,0.0,0.0,0.0,0.0,0.0,,,,,
Judge.me Product Reviews App,Search_EN_Trust_2025.03.17,2026-02-24,2026-03-17,UTC,USD,instagram comments,comments,broad,4.0,0,0,0.0,0,0.0,0.0,0.0,0.0,0.0,0.0,,,,,
Judge.me Product Reviews App,Search_EN_Trust_2025.03.17,2026-02-24,2026-03-17,UTC,USD,how can i reply to comments,comments,broad,4.0,0,0,0.0,0,0.0,0.0,0.0,0.0,0.0,0.0,,,,,
Judge.me Product Reviews App,Search_EN_Trust_2025.03.17,2026-02-24,2026-03-17,UTC,USD,google comment,comments,broad,4.0,0,0,0.0,0,0.0,0.0,0.0,0.0,0.0,0.0,,,,,
Judge.me Product Reviews App,Search_EN_Trust_2025.03.17,2026-02-24,2026-03-17,UTC,USD,facebook comments generator,comments,broad,4.0,0,0,0.0,0,0.0,0.0,0.0,0.0,0.0,0.0,,,,,
Judge.me Product Reviews App,Search_EN_Trust_2025.03.17,2026-02-24,2026-03-17,UTC,USD,facebook comment,comments,broad,4.0,0,0,0.0,0,0.0,0.0,0.0,0.0,0.0,0.0,,,,,
Judge.me Product Reviews App,Search_EN_Trust_2025.03.17,2026-02-24,2026-03-17,UTC,USD,elfsight comments widget,comments,broad,4.0,0,0,0.0,0,0.0,0.0,0.0,0.0,0.0,0.0,,,,,
Judge.me Product Reviews App,Search_EN_Trust_2025.03.17,2026-02-24,2026-03-17,UTC,USD,edit comments,comments,broad,4.0,0,0,0.0,0,0.0,0.0,0.0,0.0,0.0,0.0,,,,,
Judge.me Product Reviews App,Search_EN_Trust_2025.03.17,2026-02-24,2026-03-17,UTC,USD,common ninja comments,comments,broad,4.0,0,0,0.0,0,0.0,0.0,0.0,0.0,0.0,0.0,,,,,
Judge.me Product Reviews App,Search_EN_Trust_2025.03.17,2026-02-24,2026-03-17,UTC,USD,comments for checkout,comments,broad,4.0,0,0,0.0,0,0.0,0.0,0.0,0.0,0.0,0.0,,,,,
Judge.me Product Reviews App,Search_EN_Trust_2025.03.17,2026-02-24,2026-03-17,UTC,USD,comment transferer vitals a quickstarter,comments,broad,4.0,0,0,0.0,0,0.0,0.0,0.0,0.0,0.0,0.0,,,,,
Judge.me Product Reviews App,Search_EN_Trust_2025.03.17,2026-02-24,2026-03-17,UTC,USD,comment s,comments,broad,4.0,0,0,0.0,0,0.0,0.0,0.0,0.0,0.0,0.0,,,,,
Judge.me Product Reviews App,Search_EN_Trust_2025.03.17,2026-02-24,2026-03-17,UTC,USD,comment plus,comments,broad,4.0,0,0,0.0,0,0.0,0.0,0.0,0.0,0.0,0.0,,,,,
Judge.me Product Reviews App,Search_EN_Trust_2025.03.17,2026-02-24,2026-03-17,UTC,USD,comment internal,comments,broad,4.0,0,0,0.0,0,0.0,0.0,0.0,0.0,0.0,0.0,,,,,
Judge.me Product Reviews App,Search_EN_Trust_2025.03.17,2026-02-24,2026-03-17,UTC,USD,comment instagram,comments,broad,4.0,0,0,0.0,0,0.0,0.0,0.0,0.0,0.0,0.0,,,,,
Judge.me Product Reviews App,Search_EN_Trust_2025.03.17,2026-02-24,2026-03-17,UTC,USD,comment generator,comments,broad,4.0,0,0,0.0,0,0.0,0.0,0.0,0.0,0.0,0.0,,,,,
Judge.me Product Reviews App,Search_EN_Trust_2025.03.17,2026-02-24,2026-03-17,UTC,USD,comment creer une boutique sur facebook,comments,broad,4.0,0,0,0.0,0,0.0,0.0,0.0,0.0,0.0,0.0,,,,,
Judge.me Product Reviews App,Search_EN_Trust_2025.03.17,2026-02-24,2026-03-17,UTC,USD,comment automation,comments,broad,4.0,0,0,0.0,0,0.0,0.0,0.0,0.0,0.0,0.0,,,,,
Judge.me Product Reviews App,Search_EN_Trust_2025.03.17,2026-02-24,2026-03-17,UTC,USD,comment arreter les abonnements dsers,comments,broad,4.0,0,0,0.0,0,0.0,0.0,0.0,0.0,0.0,0.0,,,,,
Judge.me Product Reviews App,Search_EN_Trust_2025.03.17,2026-02-24,2026-03-17,UTC,USD,comment arreter les abonnements,comments,broad,4.0,0,0,0.0,0,0.0,0.0,0.0,0.0,0.0,0.0,,,,,
Judge.me Product Reviews App,Search_EN_Trust_2025.03.17,2026-02-24,2026-03-17,UTC,USD,checkout comments,comments,broad,4.0,0,0,0.0,0,0.0,0.0,0.0,0.0,0.0,0.0,,,,,
Judge.me Product Reviews App,Search_EN_Trust_2025.03.17,2026-02-24,2026-03-17,UTC,USD,checkout comment box,comments,broad,4.0,0,0,0.0,0,0.0,0.0,0.0,0.0,0.0,0.0,,,,,
Judge.me Product Reviews App,Search_EN_Trust_2025.03.17,2026-02-24,2026-03-17,UTC,USD,checkout comment,comments,broad,4.0,0,0,0.0,0,0.0,0.0,0.0,0.0,0.0,0.0,,,,,
Judge.me Product Reviews App,Search_EN_Trust_2025.03.17,2026-02-24,2026-03-17,UTC,USD,bulk comments,comments,broad,4.0,0,0,0.0,0,0.0,0.0,0.0,0.0,0.0,0.0,,,,,
Judge.me Product Reviews App,Search_EN_Trust_2025.03.17,2026-02-24,2026-03-17,UTC,USD,box comment,comments,broad,4.0,0,0,0.0,0,0.0,0.0,0.0,0.0,0.0,0.0,,,,,
Judge.me Product Reviews App,Search_EN_Trust_2025.03.17,2026-02-24,2026-03-17,UTC,USD,blog comments notifications,comments,broad,4.0,0,0,0.0,0,0.0,0.0,0.0,0.0,0.0,0.0,,,,,
Judge.me Product Reviews App,Search_EN_Trust_2025.03.17,2026-02-24,2026-03-17,UTC,USD,blog comment manager,comments,broad,4.0,0,0,0.0,0,0.0,0.0,0.0,0.0,0.0,0.0,,,,,
Judge.me Product Reviews App,Search_EN_Trust_2025.03.17,2026-02-24,2026-03-17,UTC,USD,blog comment,comments,broad,4.0,0,0,0.0,0,0.0,0.0,0.0,0.0,0.0,0.0,,,,,
Judge.me Product Reviews App,Search_EN_Trust_2025.03.17,2026-02-24,2026-03-17,UTC,USD,better blog comments,comments,broad,4.0,0,0,0.0,0,0.0,0.0,0.0,0.0,0.0,0.0,,,,,
Judge.me Product Reviews App,Search_EN_Trust_2025.03.17,2026-02-24,2026-03-17,UTC,USD,advanced blog comment,comments,broad,4.0,0,0,0.0,0,0.0,0.0,0.0,0.0,0.0,0.0,,,,,
Judge.me Product Reviews App,Search_EN_Trust_2025.03.17,2026-02-24,2026-03-17,UTC,USD,add comment box,comments,broad,4.0,0,0,0.0,0,0.0,0.0,0.0,0.0,0.0,0.0,,,,,
Judge.me Product Reviews App,Search_EN_Trust_2025.03.17,2026-02-24,2026-03-17,UTC,USD,add comment,comments,broad,4.0,0,0,0.0,0,0.0,0.0,0.0,0.0,0.0,0.0,,,,,
Judge.me Product Reviews App,Search_EN_Trust_2025.03.17,2026-02-24,2026-03-17,UTC,USD,"""user comments on file tags"" ""collaboration""",comments,broad,4.0,0,0,0.0,0,0.0,0.0,0.0,0.0,0.0,0.0,,,,,
