App Name,Ad Name,Start Date,End Date,Time Zone,Currency,Search Term,Keyword,Match Type,Bid,Impressions,Clicks,Click Through Rate,Installs,Install Rate,Cost Per Click,Cost Per Install,Spend,Average Position,Visibility,Customers,Revenue,Return On Spend,Cost Per Customer,Conversion Rate
Judge.me Product Reviews App,Search_EN_Features_2024.08.19,2026-02-24,2026-03-17,UTC,USD,reviews importer,reviews importer,exact,4.0,326,58,0.177914,39,0.672413,3.986206,5.928205,231.2,1.266871,0.964497,,,,,
Judge.me Product Reviews App,Search_EN_Features_2024.08.19,2026-02-24,2026-03-17,UTC,USD,ali reviews,amazon reviews importer,broad,5.0,302,11,0.036423,9,0.818181,5.0,6.111111,55.0,2.23841,0.946708,,,,,
Judge.me Product Reviews App,Search_EN_Features_2024.08.19,2026-02-24,2026-03-17,UTC,USD,aliexpress reviews,aliexpress reviews,exact,4.0,233,6,0.025751,5,0.833333,4.0,4.8,24.0,2.845493,0.932,,,,,
Judge.me Product Reviews App,Search_EN_Features_2024.08.19,2026-02-24,2026-03-17,UTC,USD,amazon reviews,amazon reviews,exact,3.0,222,22,0.099099,13,0.590909,3.0,5.076923,66.0,2.0,0.94468,,,,,
Judge.me Product Reviews App,Search_EN_Features_2024.08.19,2026-02-24,2026-03-17,UTC,USD,review importer,review importer,exact,4.5,215,36,0.167441,30,0.833333,4.449999,5.34,160.2,1.097674,0.955555,,,,,
Judge.me Product Reviews App,Search_EN_Features_2024.08.19,2026-02-24,2026-03-17,UTC,USD,carousel,carousel,broad,6.0,201,5,0.024875,3,0.6,6.0,10.0,30.0,1.472636,0.917808,,,,,
Judge.me Product Reviews App,Search_EN_Features_2024.08.19,2026-02-24,2026-03-17,UTC,USD,bk reviews,amazon reviews importer,broad,5.0,171,3,0.017543,2,0.666666,5.0,7.5,15.0,1.584795,0.909574,,,,,
Judge.me Product Reviews App,Search_EN_Features_2024.08.19,2026-02-24,2026-03-17,UTC,USD,ugc,ugc,broad,7.0,158,2,0.012658,2,1.0,7.0,7.0,14.0,2.860759,0.550522,,,,,
Judge.me Product Reviews App,Search_EN_Features_2024.08.19,2026-02-24,2026-03-17,UTC,USD,amazon,amazon reviews importer,broad,5.0,146,1,0.006849,0,0.0,5.0,0.0,5.0,4.828767,0.054928,,,,,
Judge.me Product Reviews App,Search_EN_Features_2024.08.19,2026-02-24,2026-03-17,UTC,USD,product review app,amazon reviews importer,broad,5.0,145,26,0.17931,21,0.807692,5.0,6.190476,130.0,1.593103,0.805555,,,,,
Judge.me Product Reviews App,Search_EN_Features_2024.08.19,2026-02-24,2026-03-17,UTC,USD,etsy reviews,etsy importer,broad,5.0,140,11,0.078571,8,0.727272,5.0,6.875,55.0,1.071428,0.95238,,,,,
Judge.me Product Reviews App,Search_EN_Features_2024.08.19,2026-02-24,2026-03-17,UTC,USD,tydal product reviews,amazon reviews importer,broad,5.0,119,6,0.05042,4,0.666666,5.0,7.5,30.0,2.058823,0.804054,,,,,
Judge.me Product Reviews App,Search_EN_Features_2024.08.19,2026-02-24,2026-03-17,UTC,USD,shopify product review,amazon reviews importer,broad,5.0,115,5,0.043478,3,0.6,5.0,8.333333,25.0,1.469565,0.839416,,,,,
Judge.me Product Reviews App,Search_EN_Features_2024.08.19,2026-02-24,2026-03-17,UTC,USD,reviews product,amazon reviews importer,broad,5.0,111,28,0.252252,22,0.785714,5.0,6.363636,140.0,1.288288,0.965217,,,,,
Judge.me Product Reviews App,Search_EN_Features_2024.08.19,2026-02-24,2026-03-17,UTC,USD,amazon review,amazon reviews importer,broad,5.0,109,9,0.082568,6,0.666666,5.0,7.5,45.0,1.486238,0.931623,,,,,
Judge.me Product Reviews App,Search_EN_Features_2024.08.19,2026-02-24,2026-03-17,UTC,USD,shopify reviews,amazon reviews importer,broad,5.0,108,3,0.027777,2,0.666666,5.0,7.5,15.0,1.333333,0.878048,,,,,
Judge.me Product Reviews App,Search_EN_Features_2024.08.19,2026-02-24,2026-03-17,UTC,USD,import reviews,etsy importer,broad,5.0,104,15,0.14423,9,0.6,5.0,8.333333,75.0,1.51923,0.962962,,,,,
Judge.me Product Reviews App,Search_EN_Features_2024.08.19,2026-02-24,2026-03-17,UTC,USD,etsy,etsy importer,broad,5.0,90,2,0.022222,0,0.0,5.0,0.0,10.0,4.388888,0.04482,,,,,
Judge.me Product Reviews App,Search_EN_Features_2024.08.19,2026-02-24,2026-03-17,UTC,USD,review import,etsy importer,broad,5.0,88,19,0.215909,16,0.842105,5.0,5.9375,95.0,1.125,1.0,,,,,
Judge.me Product Reviews App,Search_EN_Features_2024.08.19,2026-02-24,2026-03-17,UTC,USD,amazon importer,amazon reviews importer,broad,5.0,86,1,0.011627,0,0.0,5.0,0.0,5.0,3.209302,0.28013,,,,,
Judge.me Product Reviews App,Search_EN_Features_2024.08.19,2026-02-24,2026-03-17,UTC,USD,air review,amazon reviews importer,broad,5.0,79,0,0.0,0,0.0,0.0,0.0,0.0,2.405063,0.692982,,,,,
Judge.me Product Reviews App,Search_EN_Features_2024.08.19,2026-02-24,2026-03-17,UTC,USD,google customer reviews,amazon reviews importer,broad,5.0,78,0,0.0,0,0.0,0.0,0.0,0.0,2.217948,0.757281,,,,,
Judge.me Product Reviews App,Search_EN_Features_2024.08.19,2026-02-24,2026-03-17,UTC,USD,amazone,amazon reviews importer,broad,5.0,63,1,0.015873,1,1.0,5.0,5.0,5.0,2.714285,0.759036,,,,,
Judge.me Product Reviews App,Search_EN_Features_2024.08.19,2026-02-24,2026-03-17,UTC,USD,ali review,amazon reviews importer,broad,5.0,61,2,0.032786,1,0.5,5.0,10.0,10.0,3.442622,0.709302,,,,,
Judge.me Product Reviews App,Search_EN_Features_2024.08.19,2026-02-24,2026-03-17,UTC,USD,video carousel,carousel,broad,6.0,60,2,0.033333,1,0.5,6.0,12.0,12.0,3.133333,0.173913,,,,,
Judge.me Product Reviews App,Search_EN_Features_2024.08.19,2026-02-24,2026-03-17,UTC,USD,air reviews,amazon reviews importer,broad,5.0,60,3,0.05,2,0.666666,5.0,7.5,15.0,2.233333,0.722891,,,,,
Judge.me Product Reviews App,Search_EN_Features_2024.08.19,2026-02-24,2026-03-17,UTC,USD,referrly,referrals,broad,4.0,45,2,0.044444,2,1.0,4.0,4.0,8.0,3.0,0.681818,,,,,
Judge.me Product Reviews App,Search_EN_Features_2024.08.19,2026-02-24,2026-03-17,UTC,USD,xml import,etsy importer,broad,5.0,44,1,0.022727,0,0.0,5.0,0.0,5.0,3.045454,0.556962,,,,,
Judge.me Product Reviews App,Search_EN_Features_2024.08.19,2026-02-24,2026-03-17,UTC,USD,bk review,amazon reviews importer,broad,5.0,41,0,0.0,0,0.0,0.0,0.0,0.0,3.365853,0.554054,,,,,
Judge.me Product Reviews App,Search_EN_Features_2024.08.19,2026-02-24,2026-03-17,UTC,USD,wise reviews,amazon reviews importer,broad,5.0,40,0,0.0,0,0.0,0.0,0.0,0.0,2.175,0.754716,,,,,
Judge.me Product Reviews App,Search_EN_Features_2024.08.19,2026-02-24,2026-03-17,UTC,USD,free review,amazon reviews importer,broad,5.0,39,9,0.230769,7,0.777777,5.0,6.428571,45.0,1.871794,0.951219,,,,,
Judge.me Product Reviews App,Search_EN_Features_2024.08.19,2026-02-24,2026-03-17,UTC,USD,elfsight google reviews,amazon reviews importer,broad,5.0,39,0,0.0,0,0.0,0.0,0.0,0.0,2.358974,0.735849,,,,,
Judge.me Product Reviews App,Search_EN_Features_2024.08.19,2026-02-24,2026-03-17,UTC,USD,importer,etsy importer,broad,5.0,36,1,0.027777,0,0.0,5.0,0.0,5.0,2.583333,0.610169,,,,,
Judge.me Product Reviews App,Search_EN_Features_2024.08.19,2026-02-24,2026-03-17,UTC,USD,reviews google,amazon reviews importer,broad,5.0,33,7,0.212121,5,0.714285,5.0,7.0,35.0,2.090909,1.0,,,,,
Judge.me Product Reviews App,Search_EN_Features_2024.08.19,2026-02-24,2026-03-17,UTC,USD,google reviews plus,amazon reviews importer,broad,5.0,33,1,0.030303,1,1.0,5.0,5.0,5.0,2.939393,0.402439,,,,,
Judge.me Product Reviews App,Search_EN_Features_2024.08.19,2026-02-24,2026-03-17,UTC,USD,q,q&a,broad,6.0,25,1,0.04,0,0.0,6.0,0.0,6.0,1.28,0.833333,,,,,
Judge.me Product Reviews App,Search_EN_Features_2024.08.19,2026-02-24,2026-03-17,UTC,USD,ali express reviews,amazon reviews importer,broad,5.0,23,3,0.130434,3,1.0,5.0,5.0,15.0,3.130434,0.741935,,,,,
Judge.me Product Reviews App,Search_EN_Features_2024.08.19,2026-02-24,2026-03-17,UTC,USD,reputon google reviews,amazon reviews importer,broad,5.0,22,0,0.0,0,0.0,0.0,0.0,0.0,2.40909,1.0,,,,,
Judge.me Product Reviews App,Search_EN_Features_2024.08.19,2026-02-24,2026-03-17,UTC,USD,fake review,amazon reviews importer,broad,5.0,22,1,0.045454,1,1.0,5.0,5.0,5.0,2.681818,0.916666,,,,,
Judge.me Product Reviews App,Search_EN_Features_2024.08.19,2026-02-24,2026-03-17,UTC,USD,amazon review importer,amazon reviews importer,broad,5.0,21,1,0.047619,1,1.0,5.0,5.0,5.0,1.619047,0.954545,,,,,
Judge.me Product Reviews App,Search_EN_Features_2024.08.19,2026-02-24,2026-03-17,UTC,USD,ebay reviews,amazon reviews importer,broad,5.0,20,0,0.0,0,0.0,0.0,0.0,0.0,4.3,0.30303,,,,,
Judge.me Product Reviews App,Search_EN_Features_2024.08.19,2026-02-24,2026-03-17,UTC,USD,image carousel,carousel,broad,6.0,19,0,0.0,0,0.0,0.0,0.0,0.0,3.947368,0.267605,,,,,
Judge.me Product Reviews App,Search_EN_Features_2024.08.19,2026-02-24,2026-03-17,UTC,USD,reviews import,etsy importer,broad,5.0,19,0,0.0,0,0.0,0.0,0.0,0.0,4.789473,0.575757,,,,,
Judge.me Product Reviews App,Search_EN_Features_2024.08.19,2026-02-24,2026-03-17,UTC,USD,judge.me importer,etsy importer,broad,5.0,18,2,0.111111,2,1.0,5.0,5.0,10.0,1.222222,0.947368,,,,,
Judge.me Product Reviews App,Search_EN_Features_2024.08.19,2026-02-24,2026-03-17,UTC,USD,amazon import,amazon reviews importer,broad,5.0,17,0,0.0,0,0.0,0.0,0.0,0.0,4.470588,0.13492,,,,,
Judge.me Product Reviews App,Search_EN_Features_2024.08.19,2026-02-24,2026-03-17,UTC,USD,review aliexpress,amazon reviews importer,broad,5.0,16,6,0.375,3,0.5,5.0,10.0,30.0,2.1875,1.0,,,,,
Judge.me Product Reviews App,Search_EN_Features_2024.08.19,2026-02-24,2026-03-17,UTC,USD,amazon affiliate,amazon reviews importer,broad,5.0,15,0,0.0,0,0.0,0.0,0.0,0.0,3.933333,0.098039,,,,,
Judge.me Product Reviews App,Search_EN_Features_2024.08.19,2026-02-24,2026-03-17,UTC,USD,free review importer,etsy importer,broad,5.0,15,0,0.0,0,0.0,0.0,0.0,0.0,1.0,0.9375,,,,,
Judge.me Product Reviews App,Search_EN_Features_2024.08.19,2026-02-24,2026-03-17,UTC,USD,ez amazon,amazon reviews importer,broad,5.0,14,0,0.0,0,0.0,0.0,0.0,0.0,2.214285,1.0,,,,,
Judge.me Product Reviews App,Search_EN_Features_2024.08.19,2026-02-24,2026-03-17,UTC,USD,review free,amazon reviews importer,broad,5.0,13,0,0.0,0,0.0,0.0,0.0,0.0,3.384615,0.866666,,,,,
Judge.me Product Reviews App,Search_EN_Features_2024.08.19,2026-02-24,2026-03-17,UTC,USD,amazon dropshipping,amazon reviews importer,broad,5.0,13,0,0.0,0,0.0,0.0,0.0,0.0,4.384615,0.059633,,,,,
Judge.me Product Reviews App,Search_EN_Features_2024.08.19,2026-02-24,2026-03-17,UTC,USD,aliexpress review,amazon reviews importer,broad,5.0,13,4,0.307692,3,0.75,5.0,6.666666,20.0,2.076923,0.928571,,,,,
Judge.me Product Reviews App,Search_EN_Features_2024.08.19,2026-02-24,2026-03-17,UTC,USD,a2 review,amazon reviews importer,broad,5.0,13,0,0.0,0,0.0,0.0,0.0,0.0,2.230769,0.361111,,,,,
Judge.me Product Reviews App,Search_EN_Features_2024.08.19,2026-02-24,2026-03-17,UTC,USD,question,question,broad,5.0,12,0,0.0,0,0.0,0.0,0.0,0.0,1.666666,0.923076,,,,,
Judge.me Product Reviews App,Search_EN_Features_2024.08.19,2026-02-24,2026-03-17,UTC,USD,aliexpress reviews,amazon reviews importer,broad,5.0,12,1,0.083333,0,0.0,5.0,0.0,5.0,2.333333,1.0,,,,,
Judge.me Product Reviews App,Search_EN_Features_2024.08.19,2026-02-24,2026-03-17,UTC,USD,snippets,rich snippet,broad,5.0,11,0,0.0,0,0.0,0.0,0.0,0.0,1.090909,1.0,,,,,
Judge.me Product Reviews App,Search_EN_Features_2024.08.19,2026-02-24,2026-03-17,UTC,USD,snippet,rich snippet,broad,5.0,11,1,0.090909,0,0.0,5.0,0.0,5.0,1.272727,0.6875,,,,,
Judge.me Product Reviews App,Search_EN_Features_2024.08.19,2026-02-24,2026-03-17,UTC,USD,review carousel,carousel,broad,6.0,11,0,0.0,0,0.0,0.0,0.0,0.0,3.181818,0.846153,,,,,
Judge.me Product Reviews App,Search_EN_Features_2024.08.19,2026-02-24,2026-03-17,UTC,USD,trustoo reviews,amazon reviews importer,broad,5.0,11,1,0.090909,1,1.0,5.0,5.0,5.0,1.727272,1.0,,,,,
Judge.me Product Reviews App,Search_EN_Features_2024.08.19,2026-02-24,2026-03-17,UTC,USD,amazon mcf,amazon reviews importer,broad,5.0,11,0,0.0,0,0.0,0.0,0.0,0.0,3.090909,0.048672,,,,,
Judge.me Product Reviews App,Search_EN_Features_2024.08.19,2026-02-24,2026-03-17,UTC,USD,judge me importer,etsy importer,broad,5.0,11,1,0.090909,0,0.0,5.0,0.0,5.0,1.90909,0.6875,,,,,
Judge.me Product Reviews App,Search_EN_Features_2024.08.19,2026-02-24,2026-03-17,UTC,USD,etsy integration,etsy importer,broad,5.0,11,0,0.0,0,0.0,0.0,0.0,0.0,3.727272,0.032258,,,,,
Judge.me Product Reviews App,Search_EN_Features_2024.08.19,2026-02-24,2026-03-17,UTC,USD,ugc review,ugc,broad,7.0,11,0,0.0,0,0.0,0.0,0.0,0.0,4.0,0.407407,,,,,
Judge.me Product Reviews App,Search_EN_Features_2024.08.19,2026-02-24,2026-03-17,UTC,USD,judge review,amazon reviews importer,broad,5.0,10,6,0.6,3,0.5,5.0,10.0,30.0,1.6,0.833333,1,15.0,0.5,30.0,0.333333
Judge.me Product Reviews App,Search_EN_Features_2024.08.19,2026-02-24,2026-03-17,UTC,USD,coupon,coupons,broad,2.0,10,0,0.0,0,0.0,0.0,0.0,0.0,4.3,0.072992,,,,,
Judge.me Product Reviews App,Search_EN_Features_2024.08.19,2026-02-24,2026-03-17,UTC,USD,review stars,amazon reviews importer,broad,5.0,9,0,0.0,0,0.0,0.0,0.0,0.0,2.555555,0.642857,,,,,
Judge.me Product Reviews App,Search_EN_Features_2024.08.19,2026-02-24,2026-03-17,UTC,USD,amazon reviews importer,amazon reviews importer,broad,5.0,9,0,0.0,0,0.0,0.0,0.0,0.0,2.777777,0.642857,,,,,
Judge.me Product Reviews App,Search_EN_Features_2024.08.19,2026-02-24,2026-03-17,UTC,USD,importly,etsy importer,broad,5.0,9,0,0.0,0,0.0,0.0,0.0,0.0,1.0,1.0,,,,,
Judge.me Product Reviews App,Search_EN_Features_2024.08.19,2026-02-24,2026-03-17,UTC,USD,import,etsy importer,broad,5.0,9,0,0.0,0,0.0,0.0,0.0,0.0,4.0,0.032142,,,,,
Judge.me Product Reviews App,Search_EN_Features_2024.08.19,2026-02-24,2026-03-17,UTC,USD,etsy syn,etsy importer,broad,5.0,9,0,0.0,0,0.0,0.0,0.0,0.0,3.111111,1.0,,,,,
Judge.me Product Reviews App,Search_EN_Features_2024.08.19,2026-02-24,2026-03-17,UTC,USD,logo carousel,carousel,broad,6.0,8,0,0.0,0,0.0,0.0,0.0,0.0,2.5,0.615384,,,,,
Judge.me Product Reviews App,Search_EN_Features_2024.08.19,2026-02-24,2026-03-17,UTC,USD,reviews amazon,amazon reviews importer,broad,5.0,8,0,0.0,0,0.0,0.0,0.0,0.0,2.75,0.8,,,,,
Judge.me Product Reviews App,Search_EN_Features_2024.08.19,2026-02-24,2026-03-17,UTC,USD,importar reviews shopee,amazon reviews importer,broad,5.0,8,0,0.0,0,0.0,0.0,0.0,0.0,3.625,0.888888,,,,,
Judge.me Product Reviews App,Search_EN_Features_2024.08.19,2026-02-24,2026-03-17,UTC,USD,cs amazon,amazon reviews importer,broad,5.0,8,0,0.0,0,0.0,0.0,0.0,0.0,3.375,0.421052,,,,,
Judge.me Product Reviews App,Search_EN_Features_2024.08.19,2026-02-24,2026-03-17,UTC,USD,amazon by codisto,amazon reviews importer,broad,5.0,8,0,0.0,0,0.0,0.0,0.0,0.0,3.875,0.421052,,,,,
Judge.me Product Reviews App,Search_EN_Features_2024.08.19,2026-02-24,2026-03-17,UTC,USD,store importer,etsy importer,broad,5.0,8,0,0.0,0,0.0,0.0,0.0,0.0,2.625,0.049382,,,,,
Judge.me Product Reviews App,Search_EN_Features_2024.08.19,2026-02-24,2026-03-17,UTC,USD,import review,etsy importer,broad,5.0,8,0,0.0,0,0.0,0.0,0.0,0.0,1.75,0.888888,,,,,
Judge.me Product Reviews App,Search_EN_Features_2024.08.19,2026-02-24,2026-03-17,UTC,USD,import blog,etsy importer,broad,5.0,8,0,0.0,0,0.0,0.0,0.0,0.0,2.75,0.571428,,,,,
Judge.me Product Reviews App,Search_EN_Features_2024.08.19,2026-02-24,2026-03-17,UTC,USD,blog importer,etsy importer,broad,5.0,8,0,0.0,0,0.0,0.0,0.0,0.0,2.0,0.470588,,,,,
Judge.me Product Reviews App,Search_EN_Features_2024.08.19,2026-02-24,2026-03-17,UTC,USD,ugc video,ugc,broad,7.0,8,0,0.0,0,0.0,0.0,0.0,0.0,1.75,0.205128,,,,,
Judge.me Product Reviews App,Search_EN_Features_2024.08.19,2026-02-24,2026-03-17,UTC,USD,q&a,q&a,broad,6.0,7,0,0.0,0,0.0,0.0,0.0,0.0,1.142857,0.875,,,,,
Judge.me Product Reviews App,Search_EN_Features_2024.08.19,2026-02-24,2026-03-17,UTC,USD,skape ? slider & carousel,carousel,broad,6.0,7,0,0.0,0,0.0,0.0,0.0,0.0,1.0,1.0,,,,,
Judge.me Product Reviews App,Search_EN_Features_2024.08.19,2026-02-24,2026-03-17,UTC,USD,homepage carousel,carousel,broad,6.0,7,0,0.0,0,0.0,0.0,0.0,0.0,2.0,1.0,,,,,
Judge.me Product Reviews App,Search_EN_Features_2024.08.19,2026-02-24,2026-03-17,UTC,USD,carousel slider,carousel,broad,6.0,7,0,0.0,0,0.0,0.0,0.0,0.0,1.428571,1.0,,,,,
Judge.me Product Reviews App,Search_EN_Features_2024.08.19,2026-02-24,2026-03-17,UTC,USD,trustoo.io importer,etsy importer,broad,5.0,7,0,0.0,0,0.0,0.0,0.0,0.0,1.571428,0.875,,,,,
Judge.me Product Reviews App,Search_EN_Features_2024.08.19,2026-02-24,2026-03-17,UTC,USD,metafields import,etsy importer,broad,5.0,7,0,0.0,0,0.0,0.0,0.0,0.0,4.0,1.0,,,,,
Judge.me Product Reviews App,Search_EN_Features_2024.08.19,2026-02-24,2026-03-17,UTC,USD,magic review import,etsy importer,broad,5.0,7,0,0.0,0,0.0,0.0,0.0,0.0,3.714285,1.0,,,,,
Judge.me Product Reviews App,Search_EN_Features_2024.08.19,2026-02-24,2026-03-17,UTC,USD,json import,etsy importer,broad,5.0,7,0,0.0,0,0.0,0.0,0.0,0.0,2.0,0.875,,,,,
Judge.me Product Reviews App,Search_EN_Features_2024.08.19,2026-02-24,2026-03-17,UTC,USD,import products,etsy importer,broad,5.0,7,0,0.0,0,0.0,0.0,0.0,0.0,2.714285,0.044585,,,,,
Judge.me Product Reviews App,Search_EN_Features_2024.08.19,2026-02-24,2026-03-17,UTC,USD,import product,etsy importer,broad,5.0,7,0,0.0,0,0.0,0.0,0.0,0.0,5.0,0.093333,,,,,
Judge.me Product Reviews App,Search_EN_Features_2024.08.19,2026-02-24,2026-03-17,UTC,USD,etsy marketplace,etsy importer,broad,5.0,7,0,0.0,0,0.0,0.0,0.0,0.0,3.857142,0.318181,,,,,
Judge.me Product Reviews App,Search_EN_Features_2024.08.19,2026-02-24,2026-03-17,UTC,USD,altera ? export and import,etsy importer,broad,5.0,7,0,0.0,0,0.0,0.0,0.0,0.0,2.571428,0.7,,,,,
Judge.me Product Reviews App,Search_EN_Features_2024.08.19,2026-02-24,2026-03-17,UTC,USD,klip coupons,coupons,broad,2.0,7,0,0.0,0,0.0,0.0,0.0,0.0,4.0,0.636363,,,,,
Judge.me Product Reviews App,Search_EN_Features_2024.08.19,2026-02-24,2026-03-17,UTC,USD,referral and affiliate,referrals,broad,4.0,7,0,0.0,0,0.0,0.0,0.0,0.0,1.571428,1.0,,,,,
Judge.me Product Reviews App,Search_EN_Features_2024.08.19,2026-02-24,2026-03-17,UTC,USD,horizontal scroll / carousels,carousel,broad,6.0,6,1,0.166666,0,0.0,6.0,0.0,6.0,1.0,1.0,,,,,
Judge.me Product Reviews App,Search_EN_Features_2024.08.19,2026-02-24,2026-03-17,UTC,USD,video review,amazon reviews importer,broad,5.0,6,0,0.0,0,0.0,0.0,0.0,0.0,1.666666,0.3,,,,,
Judge.me Product Reviews App,Search_EN_Features_2024.08.19,2026-02-24,2026-03-17,UTC,USD,trustoo io reviews,amazon reviews importer,broad,5.0,6,0,0.0,0,0.0,0.0,0.0,0.0,1.833333,0.333333,,,,,
Judge.me Product Reviews App,Search_EN_Features_2024.08.19,2026-02-24,2026-03-17,UTC,USD,reviews widget,amazon reviews importer,broad,5.0,6,1,0.166666,0,0.0,5.0,0.0,5.0,2.0,0.75,,,,,
Judge.me Product Reviews App,Search_EN_Features_2024.08.19,2026-02-24,2026-03-17,UTC,USD,reviews section,amazon reviews importer,broad,5.0,6,0,0.0,0,0.0,0.0,0.0,0.0,2.166666,1.0,,,,,
Judge.me Product Reviews App,Search_EN_Features_2024.08.19,2026-02-24,2026-03-17,UTC,USD,reviews audio,amazon reviews importer,broad,5.0,6,0,0.0,0,0.0,0.0,0.0,0.0,4.0,1.0,,,,,
Judge.me Product Reviews App,Search_EN_Features_2024.08.19,2026-02-24,2026-03-17,UTC,USD,review slider,amazon reviews importer,broad,5.0,6,0,0.0,0,0.0,0.0,0.0,0.0,3.333333,0.666666,,,,,
Judge.me Product Reviews App,Search_EN_Features_2024.08.19,2026-02-24,2026-03-17,UTC,USD,amazon pay,amazon reviews importer,broad,5.0,6,0,0.0,0,0.0,0.0,0.0,0.0,3.0,0.166666,,,,,
Judge.me Product Reviews App,Search_EN_Features_2024.08.19,2026-02-24,2026-03-17,UTC,USD,etsy marketplace integration,etsy importer,broad,5.0,6,0,0.0,0,0.0,0.0,0.0,0.0,4.0,0.031578,,,,,
Judge.me Product Reviews App,Search_EN_Features_2024.08.19,2026-02-24,2026-03-17,UTC,USD,csv import,etsy importer,broad,5.0,6,0,0.0,0,0.0,0.0,0.0,0.0,5.833333,0.089552,,,,,
Judge.me Product Reviews App,Search_EN_Features_2024.08.19,2026-02-24,2026-03-17,UTC,USD,cedcommerce etsy integration,etsy importer,broad,5.0,6,0,0.0,0,0.0,0.0,0.0,0.0,3.0,0.4,,,,,
Judge.me Product Reviews App,Search_EN_Features_2024.08.19,2026-02-24,2026-03-17,UTC,USD,ugc countdown,ugc,broad,7.0,6,0,0.0,0,0.0,0.0,0.0,0.0,2.0,1.0,,,,,
Judge.me Product Reviews App,Search_EN_Features_2024.08.19,2026-02-24,2026-03-17,UTC,USD,referral program,referrals,broad,4.0,6,0,0.0,0,0.0,0.0,0.0,0.0,6.666666,0.052173,,,,,
Judge.me Product Reviews App,Search_EN_Features_2024.08.19,2026-02-24,2026-03-17,UTC,USD,rich panel,rich snippet,broad,5.0,5,0,0.0,0,0.0,0.0,0.0,0.0,2.0,0.714285,,,,,
Judge.me Product Reviews App,Search_EN_Features_2024.08.19,2026-02-24,2026-03-17,UTC,USD,videos carousel,carousel,broad,6.0,5,0,0.0,0,0.0,0.0,0.0,0.0,3.6,1.0,,,,,
Judge.me Product Reviews App,Search_EN_Features_2024.08.19,2026-02-24,2026-03-17,UTC,USD,reviews sections,amazon reviews importer,broad,5.0,5,0,0.0,0,0.0,0.0,0.0,0.0,4.0,1.0,,,,,
Judge.me Product Reviews App,Search_EN_Features_2024.08.19,2026-02-24,2026-03-17,UTC,USD,review esty,amazon reviews importer,broad,5.0,5,0,0.0,0,0.0,0.0,0.0,0.0,7.6,1.0,,,,,
Judge.me Product Reviews App,Search_EN_Features_2024.08.19,2026-02-24,2026-03-17,UTC,USD,jugde me review,amazon reviews importer,broad,5.0,5,4,0.8,3,0.75,5.0,6.666666,20.0,1.2,1.0,,,,,
Judge.me Product Reviews App,Search_EN_Features_2024.08.19,2026-02-24,2026-03-17,UTC,USD,judge. me reviews,amazon reviews importer,broad,5.0,5,1,0.2,0,0.0,5.0,0.0,5.0,4.0,1.0,,,,,
Judge.me Product Reviews App,Search_EN_Features_2024.08.19,2026-02-24,2026-03-17,UTC,USD,judge reviews,amazon reviews importer,broad,5.0,5,4,0.8,2,0.5,5.0,10.0,20.0,1.4,1.0,,,,,
Judge.me Product Reviews App,Search_EN_Features_2024.08.19,2026-02-24,2026-03-17,UTC,USD,elfsight google reviews widget,amazon reviews importer,broad,5.0,5,0,0.0,0,0.0,0.0,0.0,0.0,4.0,0.5,,,,,
Judge.me Product Reviews App,Search_EN_Features_2024.08.19,2026-02-24,2026-03-17,UTC,USD,ali express review,amazon reviews importer,broad,5.0,5,0,0.0,0,0.0,0.0,0.0,0.0,2.4,0.833333,,,,,
Judge.me Product Reviews App,Search_EN_Features_2024.08.19,2026-02-24,2026-03-17,UTC,USD,taobao import,etsy importer,broad,5.0,5,0,0.0,0,0.0,0.0,0.0,0.0,1.0,1.0,,,,,
Judge.me Product Reviews App,Search_EN_Features_2024.08.19,2026-02-24,2026-03-17,UTC,USD,product review importer,etsy importer,broad,5.0,5,0,0.0,0,0.0,0.0,0.0,0.0,7.8,0.357142,,,,,
Judge.me Product Reviews App,Search_EN_Features_2024.08.19,2026-02-24,2026-03-17,UTC,USD,import to loox,etsy importer,broad,5.0,5,0,0.0,0,0.0,0.0,0.0,0.0,1.2,1.0,,,,,
Judge.me Product Reviews App,Search_EN_Features_2024.08.19,2026-02-24,2026-03-17,UTC,USD,excel export import,etsy importer,broad,5.0,5,0,0.0,0,0.0,0.0,0.0,0.0,2.6,1.0,,,,,
Judge.me Product Reviews App,Search_EN_Features_2024.08.19,2026-02-24,2026-03-17,UTC,USD,etsy importer,etsy importer,broad,5.0,5,0,0.0,0,0.0,0.0,0.0,0.0,4.0,0.714285,,,,,
Judge.me Product Reviews App,Search_EN_Features_2024.08.19,2026-02-24,2026-03-17,UTC,USD,duties and import tax,etsy importer,broad,5.0,5,0,0.0,0,0.0,0.0,0.0,0.0,2.6,1.0,,,,,
Judge.me Product Reviews App,Search_EN_Features_2024.08.19,2026-02-24,2026-03-17,UTC,USD,tolstoy shoppable video & ugc,ugc,broad,7.0,5,0,0.0,0,0.0,0.0,0.0,0.0,2.0,1.0,,,,,
Judge.me Product Reviews App,Search_EN_Features_2024.08.19,2026-02-24,2026-03-17,UTC,USD,ai ugc,ugc,broad,7.0,5,0,0.0,0,0.0,0.0,0.0,0.0,2.2,0.25,,,,,
Judge.me Product Reviews App,Search_EN_Features_2024.08.19,2026-02-24,2026-03-17,UTC,USD,affiliate marketing referrly,referrals,broad,4.0,5,0,0.0,0,0.0,0.0,0.0,0.0,2.8,0.055555,,,,,
Judge.me Product Reviews App,Search_EN_Features_2024.08.19,2026-02-24,2026-03-17,UTC,USD,retail-q,q&a,broad,6.0,4,0,0.0,0,0.0,0.0,0.0,0.0,1.0,1.0,,,,,
Judge.me Product Reviews App,Search_EN_Features_2024.08.19,2026-02-24,2026-03-17,UTC,USD,request q,q&a,broad,6.0,4,0,0.0,0,0.0,0.0,0.0,0.0,2.25,1.0,,,,,
Judge.me Product Reviews App,Search_EN_Features_2024.08.19,2026-02-24,2026-03-17,UTC,USD,q-depot,q&a,broad,6.0,4,0,0.0,0,0.0,0.0,0.0,0.0,1.0,1.0,,,,,
Judge.me Product Reviews App,Search_EN_Features_2024.08.19,2026-02-24,2026-03-17,UTC,USD,rich snippets,rich snippet,broad,5.0,4,0,0.0,0,0.0,0.0,0.0,0.0,3.5,0.8,,,,,
Judge.me Product Reviews App,Search_EN_Features_2024.08.19,2026-02-24,2026-03-17,UTC,USD,rich snippet,rich snippet,broad,5.0,4,0,0.0,0,0.0,0.0,0.0,0.0,1.0,1.0,,,,,
Judge.me Product Reviews App,Search_EN_Features_2024.08.19,2026-02-24,2026-03-17,UTC,USD,scrollable carousel,carousel,broad,6.0,4,0,0.0,0,0.0,0.0,0.0,0.0,2.0,1.0,,,,,
Judge.me Product Reviews App,Search_EN_Features_2024.08.19,2026-02-24,2026-03-17,UTC,USD,infinite logo carousel,carousel,broad,6.0,4,0,0.0,0,0.0,0.0,0.0,0.0,1.0,1.0,,,,,
Judge.me Product Reviews App,Search_EN_Features_2024.08.19,2026-02-24,2026-03-17,UTC,USD,"easyboost: carousel, collection",carousel,broad,6.0,4,0,0.0,0,0.0,0.0,0.0,0.0,2.5,1.0,,,,,
Judge.me Product Reviews App,Search_EN_Features_2024.08.19,2026-02-24,2026-03-17,UTC,USD,carousels,carousel,broad,6.0,4,1,0.25,0,0.0,6.0,0.0,6.0,1.75,1.0,,,,,
Judge.me Product Reviews App,Search_EN_Features_2024.08.19,2026-02-24,2026-03-17,UTC,USD,carousel i mage,carousel,broad,6.0,4,0,0.0,0,0.0,0.0,0.0,0.0,2.0,1.0,,,,,
Judge.me Product Reviews App,Search_EN_Features_2024.08.19,2026-02-24,2026-03-17,UTC,USD,advanced carousel,carousel,broad,6.0,4,0,0.0,0,0.0,0.0,0.0,0.0,1.5,1.0,,,,,
Judge.me Product Reviews App,Search_EN_Features_2024.08.19,2026-02-24,2026-03-17,UTC,USD,wise review,amazon reviews importer,broad,5.0,4,0,0.0,0,0.0,0.0,0.0,0.0,2.75,0.444444,,,,,
Judge.me Product Reviews App,Search_EN_Features_2024.08.19,2026-02-24,2026-03-17,UTC,USD,trustwill reviews,amazon reviews importer,broad,5.0,4,0,0.0,0,0.0,0.0,0.0,0.0,2.75,0.5,,,,,
Judge.me Product Reviews App,Search_EN_Features_2024.08.19,2026-02-24,2026-03-17,UTC,USD,trustoo reviews gratis,amazon reviews importer,broad,5.0,4,0,0.0,0,0.0,0.0,0.0,0.0,4.0,1.0,,,,,
Judge.me Product Reviews App,Search_EN_Features_2024.08.19,2026-02-24,2026-03-17,UTC,USD,review product,amazon reviews importer,broad,5.0,4,1,0.25,0,0.0,5.0,0.0,5.0,3.0,0.363636,,,,,
Judge.me Product Reviews App,Search_EN_Features_2024.08.19,2026-02-24,2026-03-17,UTC,USD,review impoter,amazon reviews importer,broad,5.0,4,0,0.0,0,0.0,0.0,0.0,0.0,2.75,0.666666,,,,,
Judge.me Product Reviews App,Search_EN_Features_2024.08.19,2026-02-24,2026-03-17,UTC,USD,review impor,amazon reviews importer,broad,5.0,4,0,0.0,0,0.0,0.0,0.0,0.0,2.0,1.0,,,,,
Judge.me Product Reviews App,Search_EN_Features_2024.08.19,2026-02-24,2026-03-17,UTC,USD,review and rating,amazon reviews importer,broad,5.0,4,0,0.0,0,0.0,0.0,0.0,0.0,1.0,1.0,,,,,
Judge.me Product Reviews App,Search_EN_Features_2024.08.19,2026-02-24,2026-03-17,UTC,USD,lai reviews,amazon reviews importer,broad,5.0,4,0,0.0,0,0.0,0.0,0.0,0.0,2.5,0.166666,,,,,
Judge.me Product Reviews App,Search_EN_Features_2024.08.19,2026-02-24,2026-03-17,UTC,USD,jundge me reviews,amazon reviews importer,broad,5.0,4,0,0.0,0,0.0,0.0,0.0,0.0,4.0,1.0,,,,,
Judge.me Product Reviews App,Search_EN_Features_2024.08.19,2026-02-24,2026-03-17,UTC,USD,judgeme review,amazon reviews importer,broad,5.0,4,1,0.25,0,0.0,5.0,0.0,5.0,1.75,0.8,,,,,
Judge.me Product Reviews App,Search_EN_Features_2024.08.19,2026-02-24,2026-03-17,UTC,USD,easy reviews,amazon reviews importer,broad,5.0,4,0,0.0,0,0.0,0.0,0.0,0.0,3.0,0.235294,,,,,
Judge.me Product Reviews App,Search_EN_Features_2024.08.19,2026-02-24,2026-03-17,UTC,USD,doren review,amazon reviews importer,broad,5.0,4,0,0.0,0,0.0,0.0,0.0,0.0,4.0,0.8,,,,,
Judge.me Product Reviews App,Search_EN_Features_2024.08.19,2026-02-24,2026-03-17,UTC,USD,amazon sync,amazon reviews importer,broad,5.0,4,0,0.0,0,0.0,0.0,0.0,0.0,3.75,0.2,,,,,
Judge.me Product Reviews App,Search_EN_Features_2024.08.19,2026-02-24,2026-03-17,UTC,USD,amazon review impo,amazon reviews importer,broad,5.0,4,1,0.25,1,1.0,5.0,5.0,5.0,6.25,2.0,,,,,
Judge.me Product Reviews App,Search_EN_Features_2024.08.19,2026-02-24,2026-03-17,UTC,USD,amazon mcf by m2e,amazon reviews importer,broad,5.0,4,0,0.0,0,0.0,0.0,0.0,0.0,3.0,1.0,,,,,
Judge.me Product Reviews App,Search_EN_Features_2024.08.19,2026-02-24,2026-03-17,UTC,USD,amazon marketplace connect,amazon reviews importer,broad,5.0,4,0,0.0,0,0.0,0.0,0.0,0.0,3.25,0.5,,,,,
Judge.me Product Reviews App,Search_EN_Features_2024.08.19,2026-02-24,2026-03-17,UTC,USD,amazon integration,amazon reviews importer,broad,5.0,4,0,0.0,0,0.0,0.0,0.0,0.0,2.75,0.058823,,,,,
Judge.me Product Reviews App,Search_EN_Features_2024.08.19,2026-02-24,2026-03-17,UTC,USD,robo importer,etsy importer,broad,5.0,4,0,0.0,0,0.0,0.0,0.0,0.0,1.5,1.0,,,,,
Judge.me Product Reviews App,Search_EN_Features_2024.08.19,2026-02-24,2026-03-17,UTC,USD,push import,etsy importer,broad,5.0,4,0,0.0,0,0.0,0.0,0.0,0.0,3.0,1.0,,,,,
Judge.me Product Reviews App,Search_EN_Features_2024.08.19,2026-02-24,2026-03-17,UTC,USD,php data import,etsy importer,broad,5.0,4,0,0.0,0,0.0,0.0,0.0,0.0,3.0,1.0,,,,,
Judge.me Product Reviews App,Search_EN_Features_2024.08.19,2026-02-24,2026-03-17,UTC,USD,judgme rewies import,etsy importer,broad,5.0,4,1,0.25,0,0.0,5.0,0.0,5.0,2.0,1.0,,,,,
Judge.me Product Reviews App,Search_EN_Features_2024.08.19,2026-02-24,2026-03-17,UTC,USD,import taobao,etsy importer,broad,5.0,4,1,0.25,0,0.0,5.0,0.0,5.0,1.5,1.0,,,,,
Judge.me Product Reviews App,Search_EN_Features_2024.08.19,2026-02-24,2026-03-17,UTC,USD,import pordutos,etsy importer,broad,5.0,4,0,0.0,0,0.0,0.0,0.0,0.0,1.0,1.0,,,,,
Judge.me Product Reviews App,Search_EN_Features_2024.08.19,2026-02-24,2026-03-17,UTC,USD,import export pagers,etsy importer,broad,5.0,4,0,0.0,0,0.0,0.0,0.0,0.0,2.0,1.0,,,,,
Judge.me Product Reviews App,Search_EN_Features_2024.08.19,2026-02-24,2026-03-17,UTC,USD,font import,etsy importer,broad,5.0,4,0,0.0,0,0.0,0.0,0.0,0.0,2.75,1.0,,,,,
Judge.me Product Reviews App,Search_EN_Features_2024.08.19,2026-02-24,2026-03-17,UTC,USD,feedfix | xml import & export,etsy importer,broad,5.0,4,0,0.0,0,0.0,0.0,0.0,0.0,1.75,0.666666,,,,,
Judge.me Product Reviews App,Search_EN_Features_2024.08.19,2026-02-24,2026-03-17,UTC,USD,etsy to,etsy importer,broad,5.0,4,0,0.0,0,0.0,0.0,0.0,0.0,2.75,1.0,,,,,
Judge.me Product Reviews App,Search_EN_Features_2024.08.19,2026-02-24,2026-03-17,UTC,USD,etsy review importer,etsy importer,broad,5.0,4,0,0.0,0,0.0,0.0,0.0,0.0,1.0,1.0,,,,,
Judge.me Product Reviews App,Search_EN_Features_2024.08.19,2026-02-24,2026-03-17,UTC,USD,csv import guardian,etsy importer,broad,5.0,4,1,0.25,0,0.0,5.0,0.0,5.0,3.25,0.8,,,,,
Judge.me Product Reviews App,Search_EN_Features_2024.08.19,2026-02-24,2026-03-17,UTC,USD,connect etsy,etsy importer,broad,5.0,4,0,0.0,0,0.0,0.0,0.0,0.0,1.0,1.0,,,,,
Judge.me Product Reviews App,Search_EN_Features_2024.08.19,2026-02-24,2026-03-17,UTC,USD,ugc videos,ugc,broad,7.0,4,0,0.0,0,0.0,0.0,0.0,0.0,1.75,0.333333,,,,,
Judge.me Product Reviews App,Search_EN_Features_2024.08.19,2026-02-24,2026-03-17,UTC,USD,shoppable ugc,ugc,broad,7.0,4,0,0.0,0,0.0,0.0,0.0,0.0,2.75,0.25,,,,,
Judge.me Product Reviews App,Search_EN_Features_2024.08.19,2026-02-24,2026-03-17,UTC,USD,homepage ugc,ugc,broad,7.0,4,0,0.0,0,0.0,0.0,0.0,0.0,2.0,1.0,,,,,
Judge.me Product Reviews App,Search_EN_Features_2024.08.19,2026-02-24,2026-03-17,UTC,USD,fidelite ugc,ugc,broad,7.0,4,0,0.0,0,0.0,0.0,0.0,0.0,2.0,1.0,,,,,
Judge.me Product Reviews App,Search_EN_Features_2024.08.19,2026-02-24,2026-03-17,UTC,USD,ucg,ucg,broad,4.0,4,0,0.0,0,0.0,0.0,0.0,0.0,1.0,0.571428,,,,,
Judge.me Product Reviews App,Search_EN_Features_2024.08.19,2026-02-24,2026-03-17,UTC,USD,coupons,coupons,broad,2.0,4,0,0.0,0,0.0,0.0,0.0,0.0,4.5,0.057971,,,,,
Judge.me Product Reviews App,Search_EN_Features_2024.08.19,2026-02-24,2026-03-17,UTC,USD,q?a,q&a,broad,6.0,3,1,0.333333,0,0.0,6.0,0.0,6.0,1.0,1.0,,,,,
Judge.me Product Reviews App,Search_EN_Features_2024.08.19,2026-02-24,2026-03-17,UTC,USD,q depot,q&a,broad,6.0,3,0,0.0,0,0.0,0.0,0.0,0.0,1.0,1.0,,,,,
Judge.me Product Reviews App,Search_EN_Features_2024.08.19,2026-02-24,2026-03-17,UTC,USD,rich returns,rich snippet,broad,5.0,3,0,0.0,0,0.0,0.0,0.0,0.0,3.333333,0.25,,,,,
Judge.me Product Reviews App,Search_EN_Features_2024.08.19,2026-02-24,2026-03-17,UTC,USD,hulk code snippets,rich snippet,broad,5.0,3,0,0.0,0,0.0,0.0,0.0,0.0,3.666666,1.0,,,,,
Judge.me Product Reviews App,Search_EN_Features_2024.08.19,2026-02-24,2026-03-17,UTC,USD,code snippet,rich snippet,broad,5.0,3,0,0.0,0,0.0,0.0,0.0,0.0,1.666666,0.5,,,,,
Judge.me Product Reviews App,Search_EN_Features_2024.08.19,2026-02-24,2026-03-17,UTC,USD,whatmore carousel,carousel,broad,6.0,3,0,0.0,0,0.0,0.0,0.0,0.0,1.0,1.0,,,,,
Judge.me Product Reviews App,Search_EN_Features_2024.08.19,2026-02-24,2026-03-17,UTC,USD,slideshow carousel,carousel,broad,6.0,3,0,0.0,0,0.0,0.0,0.0,0.0,2.0,1.0,,,,,
Judge.me Product Reviews App,Search_EN_Features_2024.08.19,2026-02-24,2026-03-17,UTC,USD,logo slider & carousel,carousel,broad,6.0,3,0,0.0,0,0.0,0.0,0.0,0.0,1.0,0.75,,,,,
Judge.me Product Reviews App,Search_EN_Features_2024.08.19,2026-02-24,2026-03-17,UTC,USD,image slider pro (best for pure screenshot carousel),carousel,broad,6.0,3,0,0.0,0,0.0,0.0,0.0,0.0,3.666666,1.0,,,,,
Judge.me Product Reviews App,Search_EN_Features_2024.08.19,2026-02-24,2026-03-17,UTC,USD,carousel reels,carousel,broad,6.0,3,0,0.0,0,0.0,0.0,0.0,0.0,2.0,1.0,,,,,
Judge.me Product Reviews App,Search_EN_Features_2024.08.19,2026-02-24,2026-03-17,UTC,USD,you reviewes,amazon reviews importer,broad,5.0,3,0,0.0,0,0.0,0.0,0.0,0.0,3.0,1.0,,,,,
Judge.me Product Reviews App,Search_EN_Features_2024.08.19,2026-02-24,2026-03-17,UTC,USD,visual product reviews,amazon reviews importer,broad,5.0,3,0,0.0,0,0.0,0.0,0.0,0.0,4.0,0.214285,,,,,
Judge.me Product Reviews App,Search_EN_Features_2024.08.19,2026-02-24,2026-03-17,UTC,USD,video reviews,amazon reviews importer,broad,5.0,3,0,0.0,0,0.0,0.0,0.0,0.0,2.666666,0.75,,,,,
Judge.me Product Reviews App,Search_EN_Features_2024.08.19,2026-02-24,2026-03-17,UTC,USD,tydal product reviews app,amazon reviews importer,broad,5.0,3,0,0.0,0,0.0,0.0,0.0,0.0,3.666666,0.078947,,,,,
Judge.me Product Reviews App,Search_EN_Features_2024.08.19,2026-02-24,2026-03-17,UTC,USD,tt all reviews,amazon reviews importer,broad,5.0,3,0,0.0,0,0.0,0.0,0.0,0.0,4.0,1.0,,,,,
Judge.me Product Reviews App,Search_EN_Features_2024.08.19,2026-02-24,2026-03-17,UTC,USD,trustoo.oi reviews,amazon reviews importer,broad,5.0,3,0,0.0,0,0.0,0.0,0.0,0.0,3.0,0.6,,,,,
Judge.me Product Reviews App,Search_EN_Features_2024.08.19,2026-02-24,2026-03-17,UTC,USD,trustoo ai product reviews app,amazon reviews importer,broad,5.0,3,0,0.0,0,0.0,0.0,0.0,0.0,1.666666,0.272727,,,,,
Judge.me Product Reviews App,Search_EN_Features_2024.08.19,2026-02-24,2026-03-17,UTC,USD,trust io reviews,amazon reviews importer,broad,5.0,3,0,0.0,0,0.0,0.0,0.0,0.0,5.0,1.0,,,,,
Judge.me Product Reviews App,Search_EN_Features_2024.08.19,2026-02-24,2026-03-17,UTC,USD,testimonials reviews,amazon reviews importer,broad,5.0,3,0,0.0,0,0.0,0.0,0.0,0.0,4.0,1.0,,,,,
Judge.me Product Reviews App,Search_EN_Features_2024.08.19,2026-02-24,2026-03-17,UTC,USD,store review,amazon reviews importer,broad,5.0,3,0,0.0,0,0.0,0.0,0.0,0.0,4.0,0.5,,,,,
Judge.me Product Reviews App,Search_EN_Features_2024.08.19,2026-02-24,2026-03-17,UTC,USD,reviews produkt,amazon reviews importer,broad,5.0,3,0,0.0,0,0.0,0.0,0.0,0.0,4.0,1.0,,,,,
Judge.me Product Reviews App,Search_EN_Features_2024.08.19,2026-02-24,2026-03-17,UTC,USD,reviewes,amazon reviews importer,broad,5.0,3,1,0.333333,1,1.0,5.0,5.0,5.0,2.333333,0.5,,,,,
Judge.me Product Reviews App,Search_EN_Features_2024.08.19,2026-02-24,2026-03-17,UTC,USD,review xpo,amazon reviews importer,broad,5.0,3,1,0.333333,1,1.0,5.0,5.0,5.0,1.0,0.75,,,,,
Judge.me Product Reviews App,Search_EN_Features_2024.08.19,2026-02-24,2026-03-17,UTC,USD,review template,amazon reviews importer,broad,5.0,3,0,0.0,0,0.0,0.0,0.0,0.0,3.0,1.0,,,,,
Judge.me Product Reviews App,Search_EN_Features_2024.08.19,2026-02-24,2026-03-17,UTC,USD,review swiper,amazon reviews importer,broad,5.0,3,0,0.0,0,0.0,0.0,0.0,0.0,4.0,1.0,,,,,
Judge.me Product Reviews App,Search_EN_Features_2024.08.19,2026-02-24,2026-03-17,UTC,USD,review section,amazon reviews importer,broad,5.0,3,0,0.0,0,0.0,0.0,0.0,0.0,3.0,0.333333,,,,,
Judge.me Product Reviews App,Search_EN_Features_2024.08.19,2026-02-24,2026-03-17,UTC,USD,review io,amazon reviews importer,broad,5.0,3,0,0.0,0,0.0,0.0,0.0,0.0,2.333333,0.061224,,,,,
Judge.me Product Reviews App,Search_EN_Features_2024.08.19,2026-02-24,2026-03-17,UTC,USD,review crousel,amazon reviews importer,broad,5.0,3,0,0.0,0,0.0,0.0,0.0,0.0,4.0,1.0,,,,,
Judge.me Product Reviews App,Search_EN_Features_2024.08.19,2026-02-24,2026-03-17,UTC,USD,reputon amazon impoter,amazon reviews importer,broad,5.0,3,0,0.0,0,0.0,0.0,0.0,0.0,3.333333,1.0,,,,,
Judge.me Product Reviews App,Search_EN_Features_2024.08.19,2026-02-24,2026-03-17,UTC,USD,rating reviews and testimonials,amazon reviews importer,broad,5.0,3,0,0.0,0,0.0,0.0,0.0,0.0,4.0,1.0,,,,,
Judge.me Product Reviews App,Search_EN_Features_2024.08.19,2026-02-24,2026-03-17,UTC,USD,rate & review,amazon reviews importer,broad,5.0,3,0,0.0,0,0.0,0.0,0.0,0.0,4.0,1.0,,,,,
Judge.me Product Reviews App,Search_EN_Features_2024.08.19,2026-02-24,2026-03-17,UTC,USD,leave a review,amazon reviews importer,broad,5.0,3,0,0.0,0,0.0,0.0,0.0,0.0,1.333333,1.0,,,,,
Judge.me Product Reviews App,Search_EN_Features_2024.08.19,2026-02-24,2026-03-17,UTC,USD,judge me aliexpress reviews,amazon reviews importer,broad,5.0,3,1,0.333333,0,0.0,5.0,0.0,5.0,3.0,1.0,,,,,
Judge.me Product Reviews App,Search_EN_Features_2024.08.19,2026-02-24,2026-03-17,UTC,USD,js reviews,amazon reviews importer,broad,5.0,3,0,0.0,0,0.0,0.0,0.0,0.0,4.0,1.0,,,,,
Judge.me Product Reviews App,Search_EN_Features_2024.08.19,2026-02-24,2026-03-17,UTC,USD,flipkart reviews,amazon reviews importer,broad,5.0,3,0,0.0,0,0.0,0.0,0.0,0.0,4.0,0.75,,,,,
Judge.me Product Reviews App,Search_EN_Features_2024.08.19,2026-02-24,2026-03-17,UTC,USD,"flipkart , amazon , etsy integration",amazon reviews importer,broad,5.0,3,0,0.0,0,0.0,0.0,0.0,0.0,4.0,1.0,,,,,
Judge.me Product Reviews App,Search_EN_Features_2024.08.19,2026-02-24,2026-03-17,UTC,USD,ebay review,amazon reviews importer,broad,5.0,3,0,0.0,0,0.0,0.0,0.0,0.0,2.666666,0.75,,,,,
Judge.me Product Reviews App,Search_EN_Features_2024.08.19,2026-02-24,2026-03-17,UTC,USD,cedcommerce amazon,amazon reviews importer,broad,5.0,3,0,0.0,0,0.0,0.0,0.0,0.0,3.333333,0.428571,,,,,
Judge.me Product Reviews App,Search_EN_Features_2024.08.19,2026-02-24,2026-03-17,UTC,USD,amazon dropshippi,amazon reviews importer,broad,5.0,3,0,0.0,0,0.0,0.0,0.0,0.0,2.666666,0.75,,,,,
Judge.me Product Reviews App,Search_EN_Features_2024.08.19,2026-02-24,2026-03-17,UTC,USD,amazon drop shipper,amazon reviews importer,broad,5.0,3,0,0.0,0,0.0,0.0,0.0,0.0,3.666666,1.0,,,,,
Judge.me Product Reviews App,Search_EN_Features_2024.08.19,2026-02-24,2026-03-17,UTC,USD,amazon ae,amazon reviews importer,broad,5.0,3,0,0.0,0,0.0,0.0,0.0,0.0,3.666666,1.0,,,,,
Judge.me Product Reviews App,Search_EN_Features_2024.08.19,2026-02-24,2026-03-17,UTC,USD,all reviews,amazon reviews importer,broad,5.0,3,0,0.0,0,0.0,0.0,0.0,0.0,3.666666,0.333333,,,,,
Judge.me Product Reviews App,Search_EN_Features_2024.08.19,2026-02-24,2026-03-17,UTC,USD,wocommerce import export,etsy importer,broad,5.0,3,0,0.0,0,0.0,0.0,0.0,0.0,2.333333,1.0,,,,,
Judge.me Product Reviews App,Search_EN_Features_2024.08.19,2026-02-24,2026-03-17,UTC,USD,trustpilot reviews import,etsy importer,broad,5.0,3,0,0.0,0,0.0,0.0,0.0,0.0,8.0,3.0,,,,,
Judge.me Product Reviews App,Search_EN_Features_2024.08.19,2026-02-24,2026-03-17,UTC,USD,temu review importer,etsy importer,broad,5.0,3,0,0.0,0,0.0,0.0,0.0,0.0,1.0,1.0,,,,,
Judge.me Product Reviews App,Search_EN_Features_2024.08.19,2026-02-24,2026-03-17,UTC,USD,shoplift imports,etsy importer,broad,5.0,3,0,0.0,0,0.0,0.0,0.0,0.0,4.0,1.0,,,,,
Judge.me Product Reviews App,Search_EN_Features_2024.08.19,2026-02-24,2026-03-17,UTC,USD,reputon etsy revi,etsy importer,broad,5.0,3,0,0.0,0,0.0,0.0,0.0,0.0,1.0,1.0,,,,,
Judge.me Product Reviews App,Search_EN_Features_2024.08.19,2026-02-24,2026-03-17,UTC,USD,reputon etsy,etsy importer,broad,5.0,3,0,0.0,0,0.0,0.0,0.0,0.0,1.0,1.0,,,,,
Judge.me Product Reviews App,Search_EN_Features_2024.08.19,2026-02-24,2026-03-17,UTC,USD,px aliexpress review importer,etsy importer,broad,5.0,3,0,0.0,0,0.0,0.0,0.0,0.0,4.0,1.0,,,,,
Judge.me Product Reviews App,Search_EN_Features_2024.08.19,2026-02-24,2026-03-17,UTC,USD,odoo import,etsy importer,broad,5.0,3,0,0.0,0,0.0,0.0,0.0,0.0,1.666666,1.0,,,,,
Judge.me Product Reviews App,Search_EN_Features_2024.08.19,2026-02-24,2026-03-17,UTC,USD,import wordpress,etsy importer,broad,5.0,3,0,0.0,0,0.0,0.0,0.0,0.0,2.666666,0.75,,,,,
Judge.me Product Reviews App,Search_EN_Features_2024.08.19,2026-02-24,2026-03-17,UTC,USD,import settings,etsy importer,broad,5.0,3,0,0.0,0,0.0,0.0,0.0,0.0,2.0,1.0,,,,,
Judge.me Product Reviews App,Search_EN_Features_2024.08.19,2026-02-24,2026-03-17,UTC,USD,import orders,etsy importer,broad,5.0,3,0,0.0,0,0.0,0.0,0.0,0.0,1.0,0.166666,,,,,
Judge.me Product Reviews App,Search_EN_Features_2024.08.19,2026-02-24,2026-03-17,UTC,USD,import font ttf otf,etsy importer,broad,5.0,3,0,0.0,0,0.0,0.0,0.0,0.0,3.0,1.0,,,,,
Judge.me Product Reviews App,Search_EN_Features_2024.08.19,2026-02-24,2026-03-17,UTC,USD,import copy product,etsy importer,broad,5.0,3,0,0.0,0,0.0,0.0,0.0,0.0,3.333333,0.75,,,,,
Judge.me Product Reviews App,Search_EN_Features_2024.08.19,2026-02-24,2026-03-17,UTC,USD,etsy sync,etsy importer,broad,5.0,3,0,0.0,0,0.0,0.0,0.0,0.0,2.0,0.018867,,,,,
Judge.me Product Reviews App,Search_EN_Features_2024.08.19,2026-02-24,2026-03-17,UTC,USD,etsy payments,etsy importer,broad,5.0,3,0,0.0,0,0.0,0.0,0.0,0.0,3.0,1.0,,,,,
Judge.me Product Reviews App,Search_EN_Features_2024.08.19,2026-02-24,2026-03-17,UTC,USD,etsy orders,etsy importer,broad,5.0,3,0,0.0,0,0.0,0.0,0.0,0.0,2.666666,1.0,,,,,
Judge.me Product Reviews App,Search_EN_Features_2024.08.19,2026-02-24,2026-03-17,UTC,USD,etsy intgeration,etsy importer,broad,5.0,3,0,0.0,0,0.0,0.0,0.0,0.0,1.0,1.0,,,,,
Judge.me Product Reviews App,Search_EN_Features_2024.08.19,2026-02-24,2026-03-17,UTC,USD,etsy ced,etsy importer,broad,5.0,3,0,0.0,0,0.0,0.0,0.0,0.0,3.0,0.75,,,,,
Judge.me Product Reviews App,Search_EN_Features_2024.08.19,2026-02-24,2026-03-17,UTC,USD,collection import export pro,etsy importer,broad,5.0,3,0,0.0,0,0.0,0.0,0.0,0.0,3.0,1.0,,,,,
Judge.me Product Reviews App,Search_EN_Features_2024.08.19,2026-02-24,2026-03-17,UTC,USD,ced etsy,etsy importer,broad,5.0,3,0,0.0,0,0.0,0.0,0.0,0.0,3.0,0.6,,,,,
Judge.me Product Reviews App,Search_EN_Features_2024.08.19,2026-02-24,2026-03-17,UTC,USD,blog importer free,etsy importer,broad,5.0,3,0,0.0,0,0.0,0.0,0.0,0.0,3.0,0.75,,,,,
Judge.me Product Reviews App,Search_EN_Features_2024.08.19,2026-02-24,2026-03-17,UTC,USD,bilk importer,etsy importer,broad,5.0,3,0,0.0,0,0.0,0.0,0.0,0.0,3.333333,1.0,,,,,
Judge.me Product Reviews App,Search_EN_Features_2024.08.19,2026-02-24,2026-03-17,UTC,USD,avis etsy,etsy importer,broad,5.0,3,0,0.0,0,0.0,0.0,0.0,0.0,2.0,1.0,,,,,
Judge.me Product Reviews App,Search_EN_Features_2024.08.19,2026-02-24,2026-03-17,UTC,USD,aliexpress importer,etsy importer,broad,5.0,3,0,0.0,0,0.0,0.0,0.0,0.0,1.666666,0.333333,,,,,
Judge.me Product Reviews App,Search_EN_Features_2024.08.19,2026-02-24,2026-03-17,UTC,USD,ablestar woo import,etsy importer,broad,5.0,3,0,0.0,0,0.0,0.0,0.0,0.0,1.333333,1.0,,,,,
Judge.me Product Reviews App,Search_EN_Features_2024.08.19,2026-02-24,2026-03-17,UTC,USD,videos ugc,ugc,broad,7.0,3,0,0.0,0,0.0,0.0,0.0,0.0,1.0,1.0,,,,,
Judge.me Product Reviews App,Search_EN_Features_2024.08.19,2026-02-24,2026-03-17,UTC,USD,video ugc,ugc,broad,7.0,3,0,0.0,0,0.0,0.0,0.0,0.0,3.0,0.075,,,,,
Judge.me Product Reviews App,Search_EN_Features_2024.08.19,2026-02-24,2026-03-17,UTC,USD,ugc gallery app.,ugc,broad,7.0,3,0,0.0,0,0.0,0.0,0.0,0.0,3.0,1.0,,,,,
Judge.me Product Reviews App,Search_EN_Features_2024.08.19,2026-02-24,2026-03-17,UTC,USD,ugc embed,ugc,broad,7.0,3,1,0.333333,1,1.0,7.0,7.0,7.0,1.666666,1.0,,,,,
Judge.me Product Reviews App,Search_EN_Features_2024.08.19,2026-02-24,2026-03-17,UTC,USD,ugc creators,ugc,broad,7.0,3,0,0.0,0,0.0,0.0,0.0,0.0,1.0,1.0,,,,,
Judge.me Product Reviews App,Search_EN_Features_2024.08.19,2026-02-24,2026-03-17,UTC,USD,trybe ugc,ugc,broad,7.0,3,0,0.0,0,0.0,0.0,0.0,0.0,2.0,1.0,,,,,
Judge.me Product Reviews App,Search_EN_Features_2024.08.19,2026-02-24,2026-03-17,UTC,USD,spark ugc,ugc,broad,7.0,3,0,0.0,0,0.0,0.0,0.0,0.0,1.0,1.0,,,,,
Judge.me Product Reviews App,Search_EN_Features_2024.08.19,2026-02-24,2026-03-17,UTC,USD,quoli reviews & ugc,ugc,broad,7.0,3,0,0.0,0,0.0,0.0,0.0,0.0,1.0,1.0,,,,,
Judge.me Product Reviews App,Search_EN_Features_2024.08.19,2026-02-24,2026-03-17,UTC,USD,product review app ugc q and a free,ugc,broad,7.0,3,0,0.0,0,0.0,0.0,0.0,0.0,4.0,1.0,,,,,
Judge.me Product Reviews App,Search_EN_Features_2024.08.19,2026-02-24,2026-03-17,UTC,USD,make ugc,ugc,broad,7.0,3,0,0.0,0,0.0,0.0,0.0,0.0,1.0,1.0,,,,,
Judge.me Product Reviews App,Search_EN_Features_2024.08.19,2026-02-24,2026-03-17,UTC,USD,coupon code,coupons,broad,2.0,3,0,0.0,0,0.0,0.0,0.0,0.0,3.666666,0.053571,,,,,
Judge.me Product Reviews App,Search_EN_Features_2024.08.19,2026-02-24,2026-03-17,UTC,USD,referral,referrals,broad,4.0,3,0,0.0,0,0.0,0.0,0.0,0.0,3.666666,0.009708,,,,,
Judge.me Product Reviews App,Search_EN_Features_2024.08.19,2026-02-24,2026-03-17,UTC,USD,taste q,q&a,broad,6.0,2,0,0.0,0,0.0,0.0,0.0,0.0,1.0,1.0,,,,,
Judge.me Product Reviews App,Search_EN_Features_2024.08.19,2026-02-24,2026-03-17,UTC,USD,q&a inquiry,q&a,broad,6.0,2,0,0.0,0,0.0,0.0,0.0,0.0,1.0,1.0,,,,,
Judge.me Product Reviews App,Search_EN_Features_2024.08.19,2026-02-24,2026-03-17,UTC,USD,q&a board,q&a,broad,6.0,2,0,0.0,0,0.0,0.0,0.0,0.0,1.0,1.0,,,,,
Judge.me Product Reviews App,Search_EN_Features_2024.08.19,2026-02-24,2026-03-17,UTC,USD,rich white jacket,rich snippet,broad,5.0,2,0,0.0,0,0.0,0.0,0.0,0.0,2.0,1.0,,,,,
Judge.me Product Reviews App,Search_EN_Features_2024.08.19,2026-02-24,2026-03-17,UTC,USD,rich ret,rich snippet,broad,5.0,2,0,0.0,0,0.0,0.0,0.0,0.0,1.0,1.0,,,,,
Judge.me Product Reviews App,Search_EN_Features_2024.08.19,2026-02-24,2026-03-17,UTC,USD,otp login with phone by extendons (feature rich),rich snippet,broad,5.0,2,0,0.0,0,0.0,0.0,0.0,0.0,1.0,0.666666,,,,,
Judge.me Product Reviews App,Search_EN_Features_2024.08.19,2026-02-24,2026-03-17,UTC,USD,html snippet,rich snippet,broad,5.0,2,0,0.0,0,0.0,0.0,0.0,0.0,1.0,1.0,,,,,
Judge.me Product Reviews App,Search_EN_Features_2024.08.19,2026-02-24,2026-03-17,UTC,USD,ac rich snippets,rich snippet,broad,5.0,2,0,0.0,0,0.0,0.0,0.0,0.0,1.0,1.0,,,,,
Judge.me Product Reviews App,Search_EN_Features_2024.08.19,2026-02-24,2026-03-17,UTC,USD,swiper slider & carousel,carousel,broad,6.0,2,0,0.0,0,0.0,0.0,0.0,0.0,1.0,1.0,,,,,
Judge.me Product Reviews App,Search_EN_Features_2024.08.19,2026-02-24,2026-03-17,UTC,USD,social carousel,carousel,broad,6.0,2,0,0.0,0,0.0,0.0,0.0,0.0,4.0,1.0,,,,,
Judge.me Product Reviews App,Search_EN_Features_2024.08.19,2026-02-24,2026-03-17,UTC,USD,slideshow carousel banner,carousel,broad,6.0,2,0,0.0,0,0.0,0.0,0.0,0.0,2.0,1.0,,,,,
Judge.me Product Reviews App,Search_EN_Features_2024.08.19,2026-02-24,2026-03-17,UTC,USD,slider carousel,carousel,broad,6.0,2,0,0.0,0,0.0,0.0,0.0,0.0,1.0,1.0,,,,,
Judge.me Product Reviews App,Search_EN_Features_2024.08.19,2026-02-24,2026-03-17,UTC,USD,quote carousel,carousel,broad,6.0,2,0,0.0,0,0.0,0.0,0.0,0.0,3.0,1.0,,,,,
Judge.me Product Reviews App,Search_EN_Features_2024.08.19,2026-02-24,2026-03-17,UTC,USD,qeslider ? collection carousel,carousel,broad,6.0,2,0,0.0,0,0.0,0.0,0.0,0.0,2.0,1.0,,,,,
Judge.me Product Reviews App,Search_EN_Features_2024.08.19,2026-02-24,2026-03-17,UTC,USD,image & carousel,carousel,broad,6.0,2,0,0.0,0,0.0,0.0,0.0,0.0,4.0,1.0,,,,,
Judge.me Product Reviews App,Search_EN_Features_2024.08.19,2026-02-24,2026-03-17,UTC,USD,hero carousel,carousel,broad,6.0,2,0,0.0,0,0.0,0.0,0.0,0.0,1.0,1.0,,,,,
Judge.me Product Reviews App,Search_EN_Features_2024.08.19,2026-02-24,2026-03-17,UTC,USD,foxsell slider & carousel,carousel,broad,6.0,2,0,0.0,0,0.0,0.0,0.0,0.0,2.0,0.666666,,,,,
Judge.me Product Reviews App,Search_EN_Features_2024.08.19,2026-02-24,2026-03-17,UTC,USD,collections carousel,carousel,broad,6.0,2,0,0.0,0,0.0,0.0,0.0,0.0,2.0,1.0,,,,,
Judge.me Product Reviews App,Search_EN_Features_2024.08.19,2026-02-24,2026-03-17,UTC,USD,carousel tekst,carousel,broad,6.0,2,0,0.0,0,0.0,0.0,0.0,0.0,1.0,1.0,,,,,
Judge.me Product Reviews App,Search_EN_Features_2024.08.19,2026-02-24,2026-03-17,UTC,USD,carousel metafield,carousel,broad,6.0,2,0,0.0,0,0.0,0.0,0.0,0.0,1.0,1.0,,,,,
Judge.me Product Reviews App,Search_EN_Features_2024.08.19,2026-02-24,2026-03-17,UTC,USD,button carousel,carousel,broad,6.0,2,0,0.0,0,0.0,0.0,0.0,0.0,1.0,1.0,,,,,
Judge.me Product Reviews App,Search_EN_Features_2024.08.19,2026-02-24,2026-03-17,UTC,USD,brands carousel,carousel,broad,6.0,2,0,0.0,0,0.0,0.0,0.0,0.0,1.0,1.0,,,,,
Judge.me Product Reviews App,Search_EN_Features_2024.08.19,2026-02-24,2026-03-17,UTC,USD,zopi amazon,amazon reviews importer,broad,5.0,2,0,0.0,0,0.0,0.0,0.0,0.0,3.5,1.0,,,,,
Judge.me Product Reviews App,Search_EN_Features_2024.08.19,2026-02-24,2026-03-17,UTC,USD,yuko reviews,amazon reviews importer,broad,5.0,2,0,0.0,0,0.0,0.0,0.0,0.0,4.0,1.0,,,,,
Judge.me Product Reviews App,Search_EN_Features_2024.08.19,2026-02-24,2026-03-17,UTC,USD,you net review im,amazon reviews importer,broad,5.0,2,0,0.0,0,0.0,0.0,0.0,0.0,4.0,1.0,,,,,
Judge.me Product Reviews App,Search_EN_Features_2024.08.19,2026-02-24,2026-03-17,UTC,USD,write review,amazon reviews importer,broad,5.0,2,0,0.0,0,0.0,0.0,0.0,0.0,4.0,1.0,,,,,
Judge.me Product Reviews App,Search_EN_Features_2024.08.19,2026-02-24,2026-03-17,UTC,USD,voice reviews,amazon reviews importer,broad,5.0,2,0,0.0,0,0.0,0.0,0.0,0.0,4.0,0.666666,,,,,
Judge.me Product Reviews App,Search_EN_Features_2024.08.19,2026-02-24,2026-03-17,UTC,USD,unlimited reviews,amazon reviews importer,broad,5.0,2,0,0.0,0,0.0,0.0,0.0,0.0,4.5,0.666666,,,,,
Judge.me Product Reviews App,Search_EN_Features_2024.08.19,2026-02-24,2026-03-17,UTC,USD,trusty & reviews,amazon reviews importer,broad,5.0,2,0,0.0,0,0.0,0.0,0.0,0.0,4.0,1.0,,,,,
Judge.me Product Reviews App,Search_EN_Features_2024.08.19,2026-02-24,2026-03-17,UTC,USD,trusttoo reviews,amazon reviews importer,broad,5.0,2,0,0.0,0,0.0,0.0,0.0,0.0,3.5,1.0,,,,,
Judge.me Product Reviews App,Search_EN_Features_2024.08.19,2026-02-24,2026-03-17,UTC,USD,trustto reviews,amazon reviews importer,broad,5.0,2,0,0.0,0,0.0,0.0,0.0,0.0,4.0,1.0,,,,,
Judge.me Product Reviews App,Search_EN_Features_2024.08.19,2026-02-24,2026-03-17,UTC,USD,trustshop - reviews,amazon reviews importer,broad,5.0,2,0,0.0,0,0.0,0.0,0.0,0.0,3.5,1.0,,,,,
Judge.me Product Reviews App,Search_EN_Features_2024.08.19,2026-02-24,2026-03-17,UTC,USD,trustpilot reviews,amazon reviews importer,broad,5.0,2,0,0.0,0,0.0,0.0,0.0,0.0,1.0,0.666666,,,,,
Judge.me Product Reviews App,Search_EN_Features_2024.08.19,2026-02-24,2026-03-17,UTC,USD,trustpilot review,amazon reviews importer,broad,5.0,2,0,0.0,0,0.0,0.0,0.0,0.0,2.5,0.25,,,,,
Judge.me Product Reviews App,Search_EN_Features_2024.08.19,2026-02-24,2026-03-17,UTC,USD,trustoo.ioproduct review,amazon reviews importer,broad,5.0,2,0,0.0,0,0.0,0.0,0.0,0.0,3.0,1.0,,,,,
Judge.me Product Reviews App,Search_EN_Features_2024.08.19,2026-02-24,2026-03-17,UTC,USD,trustoo.io reviews producto,amazon reviews importer,broad,5.0,2,0,0.0,0,0.0,0.0,0.0,0.0,1.0,1.0,,,,,
Judge.me Product Reviews App,Search_EN_Features_2024.08.19,2026-02-24,2026-03-17,UTC,USD,trustoo.io review,amazon reviews importer,broad,5.0,2,0,0.0,0,0.0,0.0,0.0,0.0,3.5,0.285714,,,,,
Judge.me Product Reviews App,Search_EN_Features_2024.08.19,2026-02-24,2026-03-17,UTC,USD,trustoo.io produtc reviews app,amazon reviews importer,broad,5.0,2,0,0.0,0,0.0,0.0,0.0,0.0,10.5,0.25,,,,,
Judge.me Product Reviews App,Search_EN_Features_2024.08.19,2026-02-24,2026-03-17,UTC,USD,trustoo. io reviews,amazon reviews importer,broad,5.0,2,0,0.0,0,0.0,0.0,0.0,0.0,4.0,0.5,,,,,
Judge.me Product Reviews App,Search_EN_Features_2024.08.19,2026-02-24,2026-03-17,UTC,USD,trustoo al product reviews,amazon reviews importer,broad,5.0,2,0,0.0,0,0.0,0.0,0.0,0.0,9.5,2.0,,,,,
Judge.me Product Reviews App,Search_EN_Features_2024.08.19,2026-02-24,2026-03-17,UTC,USD,trusto.io review,amazon reviews importer,broad,5.0,2,0,0.0,0,0.0,0.0,0.0,0.0,3.0,1.0,,,,,
Judge.me Product Reviews App,Search_EN_Features_2024.08.19,2026-02-24,2026-03-17,UTC,USD,trustify reviews,amazon reviews importer,broad,5.0,2,0,0.0,0,0.0,0.0,0.0,0.0,3.5,0.5,,,,,
Judge.me Product Reviews App,Search_EN_Features_2024.08.19,2026-02-24,2026-03-17,UTC,USD,trust.io reviews,amazon reviews importer,broad,5.0,2,0,0.0,0,0.0,0.0,0.0,0.0,3.0,0.5,,,,,
Judge.me Product Reviews App,Search_EN_Features_2024.08.19,2026-02-24,2026-03-17,UTC,USD,trust will review,amazon reviews importer,broad,5.0,2,0,0.0,0,0.0,0.0,0.0,0.0,4.0,1.0,,,,,
Judge.me Product Reviews App,Search_EN_Features_2024.08.19,2026-02-24,2026-03-17,UTC,USD,temu reviews,amazon reviews importer,broad,5.0,2,0,0.0,0,0.0,0.0,0.0,0.0,3.0,0.2,,,,,
Judge.me Product Reviews App,Search_EN_Features_2024.08.19,2026-02-24,2026-03-17,UTC,USD,tarifas de envio amazon,amazon reviews importer,broad,5.0,2,0,0.0,0,0.0,0.0,0.0,0.0,5.0,2.0,,,,,
Judge.me Product Reviews App,Search_EN_Features_2024.08.19,2026-02-24,2026-03-17,UTC,USD,star reviews,amazon reviews importer,broad,5.0,2,0,0.0,0,0.0,0.0,0.0,0.0,2.0,0.4,,,,,
Judge.me Product Reviews App,Search_EN_Features_2024.08.19,2026-02-24,2026-03-17,UTC,USD,stamped review,amazon reviews importer,broad,5.0,2,0,0.0,0,0.0,0.0,0.0,0.0,3.0,1.0,,,,,
Judge.me Product Reviews App,Search_EN_Features_2024.08.19,2026-02-24,2026-03-17,UTC,USD,show your reviews with judge.me,amazon reviews importer,broad,5.0,2,1,0.5,1,1.0,5.0,5.0,5.0,4.0,1.0,,,,,
Judge.me Product Reviews App,Search_EN_Features_2024.08.19,2026-02-24,2026-03-17,UTC,USD,share reviews,amazon reviews importer,broad,5.0,2,0,0.0,0,0.0,0.0,0.0,0.0,4.5,2.0,,,,,
Judge.me Product Reviews App,Search_EN_Features_2024.08.19,2026-02-24,2026-03-17,UTC,USD,section review,amazon reviews importer,broad,5.0,2,0,0.0,0,0.0,0.0,0.0,0.0,4.0,1.0,,,,,
Judge.me Product Reviews App,Search_EN_Features_2024.08.19,2026-02-24,2026-03-17,UTC,USD,section for amazon,amazon reviews importer,broad,5.0,2,0,0.0,0,0.0,0.0,0.0,0.0,3.5,1.0,,,,,
Judge.me Product Reviews App,Search_EN_Features_2024.08.19,2026-02-24,2026-03-17,UTC,USD,rustpilot reviews,amazon reviews importer,broad,5.0,2,0,0.0,0,0.0,0.0,0.0,0.0,4.0,1.0,,,,,
Judge.me Product Reviews App,Search_EN_Features_2024.08.19,2026-02-24,2026-03-17,UTC,USD,roposo clout review,amazon reviews importer,broad,5.0,2,0,0.0,0,0.0,0.0,0.0,0.0,4.0,1.0,,,,,
Judge.me Product Reviews App,Search_EN_Features_2024.08.19,2026-02-24,2026-03-17,UTC,USD,rocekt review,amazon reviews importer,broad,5.0,2,0,0.0,0,0.0,0.0,0.0,0.0,4.0,1.0,,,,,
Judge.me Product Reviews App,Search_EN_Features_2024.08.19,2026-02-24,2026-03-17,UTC,USD,revo review,amazon reviews importer,broad,5.0,2,0,0.0,0,0.0,0.0,0.0,0.0,4.0,1.0,,,,,
Judge.me Product Reviews App,Search_EN_Features_2024.08.19,2026-02-24,2026-03-17,UTC,USD,reviewxpo review,amazon reviews importer,broad,5.0,2,0,0.0,0,0.0,0.0,0.0,0.0,4.0,1.0,,,,,
Judge.me Product Reviews App,Search_EN_Features_2024.08.19,2026-02-24,2026-03-17,UTC,USD,reviews slideshow,amazon reviews importer,broad,5.0,2,0,0.0,0,0.0,0.0,0.0,0.0,4.0,1.0,,,,,
Judge.me Product Reviews App,Search_EN_Features_2024.08.19,2026-02-24,2026-03-17,UTC,USD,reviews shopee,amazon reviews importer,broad,5.0,2,0,0.0,0,0.0,0.0,0.0,0.0,1.0,0.1,,,,,
Judge.me Product Reviews App,Search_EN_Features_2024.08.19,2026-02-24,2026-03-17,UTC,USD,reviews section with photos,amazon reviews importer,broad,5.0,2,1,0.5,1,1.0,5.0,5.0,5.0,3.0,1.0,,,,,
Judge.me Product Reviews App,Search_EN_Features_2024.08.19,2026-02-24,2026-03-17,UTC,USD,reviews sc,amazon reviews importer,broad,5.0,2,0,0.0,0,0.0,0.0,0.0,0.0,4.0,1.0,,,,,
Judge.me Product Reviews App,Search_EN_Features_2024.08.19,2026-02-24,2026-03-17,UTC,USD,reviews m.a.g,amazon reviews importer,broad,5.0,2,0,0.0,0,0.0,0.0,0.0,0.0,6.0,1.0,,,,,
Judge.me Product Reviews App,Search_EN_Features_2024.08.19,2026-02-24,2026-03-17,UTC,USD,reviews junction,amazon reviews importer,broad,5.0,2,0,0.0,0,0.0,0.0,0.0,0.0,4.0,1.0,,,,,
Judge.me Product Reviews App,Search_EN_Features_2024.08.19,2026-02-24,2026-03-17,UTC,USD,reviews imput,amazon reviews importer,broad,5.0,2,1,0.5,1,1.0,5.0,5.0,5.0,4.0,1.0,,,,,
Judge.me Product Reviews App,Search_EN_Features_2024.08.19,2026-02-24,2026-03-17,UTC,USD,reviews free trustpilot,amazon reviews importer,broad,5.0,2,0,0.0,0,0.0,0.0,0.0,0.0,8.5,1.0,,,,,
Judge.me Product Reviews App,Search_EN_Features_2024.08.19,2026-02-24,2026-03-17,UTC,USD,reviews fera,amazon reviews importer,broad,5.0,2,0,0.0,0,0.0,0.0,0.0,0.0,3.0,1.0,,,,,
Judge.me Product Reviews App,Search_EN_Features_2024.08.19,2026-02-24,2026-03-17,UTC,USD,reviews cj,amazon reviews importer,broad,5.0,2,0,0.0,0,0.0,0.0,0.0,0.0,1.0,1.0,,,,,
Judge.me Product Reviews App,Search_EN_Features_2024.08.19,2026-02-24,2026-03-17,UTC,USD,reviews aliexpress,amazon reviews importer,broad,5.0,2,0,0.0,0,0.0,0.0,0.0,0.0,3.0,0.25,,,,,
Judge.me Product Reviews App,Search_EN_Features_2024.08.19,2026-02-24,2026-03-17,UTC,USD,review',amazon reviews importer,broad,5.0,2,0,0.0,0,0.0,0.0,0.0,0.0,4.0,0.666666,,,,,
Judge.me Product Reviews App,Search_EN_Features_2024.08.19,2026-02-24,2026-03-17,UTC,USD,review vide,amazon reviews importer,broad,5.0,2,0,0.0,0,0.0,0.0,0.0,0.0,4.0,1.0,,,,,
Judge.me Product Reviews App,Search_EN_Features_2024.08.19,2026-02-24,2026-03-17,UTC,USD,review stick,amazon reviews importer,broad,5.0,2,0,0.0,0,0.0,0.0,0.0,0.0,4.0,1.0,,,,,
Judge.me Product Reviews App,Search_EN_Features_2024.08.19,2026-02-24,2026-03-17,UTC,USD,review skincare,amazon reviews importer,broad,5.0,2,1,0.5,1,1.0,5.0,5.0,5.0,3.0,1.0,,,,,
Judge.me Product Reviews App,Search_EN_Features_2024.08.19,2026-02-24,2026-03-17,UTC,USD,review produkt,amazon reviews importer,broad,5.0,2,0,0.0,0,0.0,0.0,0.0,0.0,4.0,0.666666,,,,,
Judge.me Product Reviews App,Search_EN_Features_2024.08.19,2026-02-24,2026-03-17,UTC,USD,review me,amazon reviews importer,broad,5.0,2,2,1.0,2,1.0,5.0,5.0,10.0,2.0,0.666666,,,,,
Judge.me Product Reviews App,Search_EN_Features_2024.08.19,2026-02-24,2026-03-17,UTC,USD,review carousal,amazon reviews importer,broad,5.0,2,0,0.0,0,0.0,0.0,0.0,0.0,4.0,1.0,,,,,
Judge.me Product Reviews App,Search_EN_Features_2024.08.19,2026-02-24,2026-03-17,UTC,USD,review aggregator,amazon reviews importer,broad,5.0,2,0,0.0,0,0.0,0.0,0.0,0.0,3.0,1.0,,,,,
Judge.me Product Reviews App,Search_EN_Features_2024.08.19,2026-02-24,2026-03-17,UTC,USD,review a,amazon reviews importer,broad,5.0,2,0,0.0,0,0.0,0.0,0.0,0.0,2.0,0.4,,,,,
Judge.me Product Reviews App,Search_EN_Features_2024.08.19,2026-02-24,2026-03-17,UTC,USD,reputon amazon importer,amazon reviews importer,broad,5.0,2,0,0.0,0,0.0,0.0,0.0,0.0,2.5,0.181818,,,,,
Judge.me Product Reviews App,Search_EN_Features_2024.08.19,2026-02-24,2026-03-17,UTC,USD,reputon amazon,amazon reviews importer,broad,5.0,2,0,0.0,0,0.0,0.0,0.0,0.0,4.0,0.5,,,,,
Judge.me Product Reviews App,Search_EN_Features_2024.08.19,2026-02-24,2026-03-17,UTC,USD,rating review,amazon reviews importer,broad,5.0,2,0,0.0,0,0.0,0.0,0.0,0.0,4.0,0.5,,,,,
Judge.me Product Reviews App,Search_EN_Features_2024.08.19,2026-02-24,2026-03-17,UTC,USD,rating and review,amazon reviews importer,broad,5.0,2,1,0.5,1,1.0,5.0,5.0,5.0,2.0,1.0,,,,,
Judge.me Product Reviews App,Search_EN_Features_2024.08.19,2026-02-24,2026-03-17,UTC,USD,rate & reviews,amazon reviews importer,broad,5.0,2,2,1.0,2,1.0,5.0,5.0,10.0,4.0,1.0,,,,,
Judge.me Product Reviews App,Search_EN_Features_2024.08.19,2026-02-24,2026-03-17,UTC,USD,ra reviews,amazon reviews importer,broad,5.0,2,0,0.0,0,0.0,0.0,0.0,0.0,4.0,1.0,,,,,
Judge.me Product Reviews App,Search_EN_Features_2024.08.19,2026-02-24,2026-03-17,UTC,USD,produit review by shopify,amazon reviews importer,broad,5.0,2,0,0.0,0,0.0,0.0,0.0,0.0,9.0,0.333333,,,,,
Judge.me Product Reviews App,Search_EN_Features_2024.08.19,2026-02-24,2026-03-17,UTC,USD,produit review,amazon reviews importer,broad,5.0,2,0,0.0,0,0.0,0.0,0.0,0.0,4.0,0.666666,,,,,
Judge.me Product Reviews App,Search_EN_Features_2024.08.19,2026-02-24,2026-03-17,UTC,USD,prodect reviews,amazon reviews importer,broad,5.0,2,0,0.0,0,0.0,0.0,0.0,0.0,4.0,0.666666,,,,,
Judge.me Product Reviews App,Search_EN_Features_2024.08.19,2026-02-24,2026-03-17,UTC,USD,prodect review,amazon reviews importer,broad,5.0,2,0,0.0,0,0.0,0.0,0.0,0.0,4.0,1.0,,,,,
Judge.me Product Reviews App,Search_EN_Features_2024.08.19,2026-02-24,2026-03-17,UTC,USD,power review,amazon reviews importer,broad,5.0,2,0,0.0,0,0.0,0.0,0.0,0.0,5.0,0.666666,,,,,
Judge.me Product Reviews App,Search_EN_Features_2024.08.19,2026-02-24,2026-03-17,UTC,USD,pop up reviews,amazon reviews importer,broad,5.0,2,0,0.0,0,0.0,0.0,0.0,0.0,2.0,1.0,,,,,
Judge.me Product Reviews App,Search_EN_Features_2024.08.19,2026-02-24,2026-03-17,UTC,USD,pillot reviews,amazon reviews importer,broad,5.0,2,0,0.0,0,0.0,0.0,0.0,0.0,6.0,1.0,,,,,
Judge.me Product Reviews App,Search_EN_Features_2024.08.19,2026-02-24,2026-03-17,UTC,USD,online reviews,amazon reviews importer,broad,5.0,2,0,0.0,0,0.0,0.0,0.0,0.0,5.0,0.666666,,,,,
Judge.me Product Reviews App,Search_EN_Features_2024.08.19,2026-02-24,2026-03-17,UTC,USD,number of reviews,amazon reviews importer,broad,5.0,2,0,0.0,0,0.0,0.0,0.0,0.0,5.0,0.4,,,,,
Judge.me Product Reviews App,Search_EN_Features_2024.08.19,2026-02-24,2026-03-17,UTC,USD,manual reviews unlimited,amazon reviews importer,broad,5.0,2,0,0.0,0,0.0,0.0,0.0,0.0,3.0,1.0,,,,,
Judge.me Product Reviews App,Search_EN_Features_2024.08.19,2026-02-24,2026-03-17,UTC,USD,loox ? photo reviews,amazon reviews importer,broad,5.0,2,0,0.0,0,0.0,0.0,0.0,0.0,1.0,0.5,,,,,
Judge.me Product Reviews App,Search_EN_Features_2024.08.19,2026-02-24,2026-03-17,UTC,USD,libautech: amazon buy button,amazon reviews importer,broad,5.0,2,0,0.0,0,0.0,0.0,0.0,0.0,5.0,0.5,,,,,
Judge.me Product Reviews App,Search_EN_Features_2024.08.19,2026-02-24,2026-03-17,UTC,USD,lai review,amazon reviews importer,broad,5.0,2,0,0.0,0,0.0,0.0,0.0,0.0,3.0,0.4,,,,,
Judge.me Product Reviews App,Search_EN_Features_2024.08.19,2026-02-24,2026-03-17,UTC,USD,kudosi reviews,amazon reviews importer,broad,5.0,2,0,0.0,0,0.0,0.0,0.0,0.0,2.0,1.0,,,,,
Judge.me Product Reviews App,Search_EN_Features_2024.08.19,2026-02-24,2026-03-17,UTC,USD,kdp amazon,amazon reviews importer,broad,5.0,2,0,0.0,0,0.0,0.0,0.0,0.0,6.5,0.666666,,,,,
Judge.me Product Reviews App,Search_EN_Features_2024.08.19,2026-02-24,2026-03-17,UTC,USD,k:custumer reviews + ratings,amazon reviews importer,broad,5.0,2,0,0.0,0,0.0,0.0,0.0,0.0,4.0,1.0,,,,,
Judge.me Product Reviews App,Search_EN_Features_2024.08.19,2026-02-24,2026-03-17,UTC,USD,just review,amazon reviews importer,broad,5.0,2,0,0.0,0,0.0,0.0,0.0,0.0,1.0,0.666666,,,,,
Judge.me Product Reviews App,Search_EN_Features_2024.08.19,2026-02-24,2026-03-17,UTC,USD,juge me review,amazon reviews importer,broad,5.0,2,1,0.5,1,1.0,5.0,5.0,5.0,4.0,0.666666,,,,,
Judge.me Product Reviews App,Search_EN_Features_2024.08.19,2026-02-24,2026-03-17,UTC,USD,judgme review,amazon reviews importer,broad,5.0,2,1,0.5,1,1.0,5.0,5.0,5.0,2.0,1.0,,,,,
Judge.me Product Reviews App,Search_EN_Features_2024.08.19,2026-02-24,2026-03-17,UTC,USD,judge.me aliexpress reviews x,amazon reviews importer,broad,5.0,2,1,0.5,1,1.0,5.0,5.0,5.0,4.0,1.0,,,,,
Judge.me Product Reviews App,Search_EN_Features_2024.08.19,2026-02-24,2026-03-17,UTC,USD,judge.me ali express reviews,amazon reviews importer,broad,5.0,2,1,0.5,0,0.0,5.0,0.0,5.0,4.0,0.666666,,,,,
Judge.me Product Reviews App,Search_EN_Features_2024.08.19,2026-02-24,2026-03-17,UTC,USD,judge m review,amazon reviews importer,broad,5.0,2,1,0.5,0,0.0,5.0,0.0,5.0,3.0,1.0,,,,,
Judge.me Product Reviews App,Search_EN_Features_2024.08.19,2026-02-24,2026-03-17,UTC,USD,judge and reviews,amazon reviews importer,broad,5.0,2,1,0.5,1,1.0,5.0,5.0,5.0,4.0,1.0,,,,,
Judge.me Product Reviews App,Search_EN_Features_2024.08.19,2026-02-24,2026-03-17,UTC,USD,jubge.me review,amazon reviews importer,broad,5.0,2,1,0.5,1,1.0,5.0,5.0,5.0,3.0,1.0,,,,,
Judge.me Product Reviews App,Search_EN_Features_2024.08.19,2026-02-24,2026-03-17,UTC,USD,importar resenas amazon,amazon reviews importer,broad,5.0,2,0,0.0,0,0.0,0.0,0.0,0.0,3.5,1.0,,,,,
Judge.me Product Reviews App,Search_EN_Features_2024.08.19,2026-02-24,2026-03-17,UTC,USD,import review from amazon,amazon reviews importer,broad,5.0,2,0,0.0,0,0.0,0.0,0.0,0.0,2.5,1.0,,,,,
Judge.me Product Reviews App,Search_EN_Features_2024.08.19,2026-02-24,2026-03-17,UTC,USD,hulk product reviews,amazon reviews importer,broad,5.0,2,0,0.0,0,0.0,0.0,0.0,0.0,4.0,0.222222,,,,,
Judge.me Product Reviews App,Search_EN_Features_2024.08.19,2026-02-24,2026-03-17,UTC,USD,hulk product review,amazon reviews importer,broad,5.0,2,0,0.0,0,0.0,0.0,0.0,0.0,2.0,1.0,,,,,
Judge.me Product Reviews App,Search_EN_Features_2024.08.19,2026-02-24,2026-03-17,UTC,USD,gmc review opt-in connector,amazon reviews importer,broad,5.0,2,0,0.0,0,0.0,0.0,0.0,0.0,4.0,0.666666,,,,,
Judge.me Product Reviews App,Search_EN_Features_2024.08.19,2026-02-24,2026-03-17,UTC,USD,glowroad amazon,amazon reviews importer,broad,5.0,2,0,0.0,0,0.0,0.0,0.0,0.0,3.0,0.666666,,,,,
Judge.me Product Reviews App,Search_EN_Features_2024.08.19,2026-02-24,2026-03-17,UTC,USD,foxkit reviews,amazon reviews importer,broad,5.0,2,0,0.0,0,0.0,0.0,0.0,0.0,4.0,1.0,,,,,
Judge.me Product Reviews App,Search_EN_Features_2024.08.19,2026-02-24,2026-03-17,UTC,USD,floating review tab,amazon reviews importer,broad,5.0,2,0,0.0,0,0.0,0.0,0.0,0.0,4.0,1.0,,,,,
Judge.me Product Reviews App,Search_EN_Features_2024.08.19,2026-02-24,2026-03-17,UTC,USD,ez amazon revi,amazon reviews importer,broad,5.0,2,0,0.0,0,0.0,0.0,0.0,0.0,2.5,1.0,,,,,
Judge.me Product Reviews App,Search_EN_Features_2024.08.19,2026-02-24,2026-03-17,UTC,USD,doran review,amazon reviews importer,broad,5.0,2,0,0.0,0,0.0,0.0,0.0,0.0,3.5,0.25,,,,,
Judge.me Product Reviews App,Search_EN_Features_2024.08.19,2026-02-24,2026-03-17,UTC,USD,dadao review,amazon reviews importer,broad,5.0,2,0,0.0,0,0.0,0.0,0.0,0.0,1.0,1.0,,,,,
Judge.me Product Reviews App,Search_EN_Features_2024.08.19,2026-02-24,2026-03-17,UTC,USD,collect reviews,amazon reviews importer,broad,5.0,2,0,0.0,0,0.0,0.0,0.0,0.0,2.0,0.666666,,,,,
Judge.me Product Reviews App,Search_EN_Features_2024.08.19,2026-02-24,2026-03-17,UTC,USD,collect review,amazon reviews importer,broad,5.0,2,0,0.0,0,0.0,0.0,0.0,0.0,8.5,2.0,,,,,
Judge.me Product Reviews App,Search_EN_Features_2024.08.19,2026-02-24,2026-03-17,UTC,USD,carasoul review,amazon reviews importer,broad,5.0,2,0,0.0,0,0.0,0.0,0.0,0.0,2.0,1.0,,,,,
Judge.me Product Reviews App,Search_EN_Features_2024.08.19,2026-02-24,2026-03-17,UTC,USD,business reviews,amazon reviews importer,broad,5.0,2,0,0.0,0,0.0,0.0,0.0,0.0,2.5,1.0,,,,,
Judge.me Product Reviews App,Search_EN_Features_2024.08.19,2026-02-24,2026-03-17,UTC,USD,az amazon,amazon reviews importer,broad,5.0,2,0,0.0,0,0.0,0.0,0.0,0.0,4.0,0.666666,,,,,
Judge.me Product Reviews App,Search_EN_Features_2024.08.19,2026-02-24,2026-03-17,UTC,USD,are reviews,amazon reviews importer,broad,5.0,2,0,0.0,0,0.0,0.0,0.0,0.0,2.5,0.027397,,,,,
Judge.me Product Reviews App,Search_EN_Features_2024.08.19,2026-02-24,2026-03-17,UTC,USD,animated reviews,amazon reviews importer,broad,5.0,2,0,0.0,0,0.0,0.0,0.0,0.0,3.0,1.0,,,,,
Judge.me Product Reviews App,Search_EN_Features_2024.08.19,2026-02-24,2026-03-17,UTC,USD,amozon reviews,amazon reviews importer,broad,5.0,2,0,0.0,0,0.0,0.0,0.0,0.0,4.0,1.0,,,,,
Judge.me Product Reviews App,Search_EN_Features_2024.08.19,2026-02-24,2026-03-17,UTC,USD,amazon speader,amazon reviews importer,broad,5.0,2,0,0.0,0,0.0,0.0,0.0,0.0,2.5,0.666666,,,,,
Judge.me Product Reviews App,Search_EN_Features_2024.08.19,2026-02-24,2026-03-17,UTC,USD,amazon shipping,amazon reviews importer,broad,5.0,2,0,0.0,0,0.0,0.0,0.0,0.0,5.0,0.181818,,,,,
Judge.me Product Reviews App,Search_EN_Features_2024.08.19,2026-02-24,2026-03-17,UTC,USD,amazon shippin,amazon reviews importer,broad,5.0,2,0,0.0,0,0.0,0.0,0.0,0.0,3.0,1.0,,,,,
Judge.me Product Reviews App,Search_EN_Features_2024.08.19,2026-02-24,2026-03-17,UTC,USD,amazon refund,amazon reviews importer,broad,5.0,2,0,0.0,0,0.0,0.0,0.0,0.0,3.0,1.0,,,,,
Judge.me Product Reviews App,Search_EN_Features_2024.08.19,2026-02-24,2026-03-17,UTC,USD,amazon product importer,amazon reviews importer,broad,5.0,2,0,0.0,0,0.0,0.0,0.0,0.0,3.5,0.222222,,,,,
Judge.me Product Reviews App,Search_EN_Features_2024.08.19,2026-02-24,2026-03-17,UTC,USD,amazon mfc,amazon reviews importer,broad,5.0,2,0,0.0,0,0.0,0.0,0.0,0.0,1.0,0.5,,,,,
Judge.me Product Reviews App,Search_EN_Features_2024.08.19,2026-02-24,2026-03-17,UTC,USD,amazon imprter,amazon reviews importer,broad,5.0,2,0,0.0,0,0.0,0.0,0.0,0.0,4.0,0.666666,,,,,
Judge.me Product Reviews App,Search_EN_Features_2024.08.19,2026-02-24,2026-03-17,UTC,USD,amazon impoerter,amazon reviews importer,broad,5.0,2,0,0.0,0,0.0,0.0,0.0,0.0,3.5,1.0,,,,,
Judge.me Product Reviews App,Search_EN_Features_2024.08.19,2026-02-24,2026-03-17,UTC,USD,amazon i,amazon reviews importer,broad,5.0,2,0,0.0,0,0.0,0.0,0.0,0.0,2.5,0.666666,,,,,
Judge.me Product Reviews App,Search_EN_Features_2024.08.19,2026-02-24,2026-03-17,UTC,USD,amazon espanha,amazon reviews importer,broad,5.0,2,0,0.0,0,0.0,0.0,0.0,0.0,3.5,1.0,,,,,
Judge.me Product Reviews App,Search_EN_Features_2024.08.19,2026-02-24,2026-03-17,UTC,USD,amazon ced,amazon reviews importer,broad,5.0,2,0,0.0,0,0.0,0.0,0.0,0.0,3.5,0.666666,,,,,
Judge.me Product Reviews App,Search_EN_Features_2024.08.19,2026-02-24,2026-03-17,UTC,USD,amazon buy now button,amazon reviews importer,broad,5.0,2,0,0.0,0,0.0,0.0,0.0,0.0,2.0,1.0,,,,,
Judge.me Product Reviews App,Search_EN_Features_2024.08.19,2026-02-24,2026-03-17,UTC,USD,amazon buy button,amazon reviews importer,broad,5.0,2,0,0.0,0,0.0,0.0,0.0,0.0,1.0,0.142857,,,,,
Judge.me Product Reviews App,Search_EN_Features_2024.08.19,2026-02-24,2026-03-17,UTC,USD,amazon bu,amazon reviews importer,broad,5.0,2,0,0.0,0,0.0,0.0,0.0,0.0,3.5,1.0,,,,,
Judge.me Product Reviews App,Search_EN_Features_2024.08.19,2026-02-24,2026-03-17,UTC,USD,amazon books,amazon reviews importer,broad,5.0,2,0,0.0,0,0.0,0.0,0.0,0.0,3.0,1.0,,,,,
Judge.me Product Reviews App,Search_EN_Features_2024.08.19,2026-02-24,2026-03-17,UTC,USD,air product reviews,amazon reviews importer,broad,5.0,2,0,0.0,0,0.0,0.0,0.0,0.0,1.0,0.01923,,,,,
Judge.me Product Reviews App,Search_EN_Features_2024.08.19,2026-02-24,2026-03-17,UTC,USD,affiliate amazon,amazon reviews importer,broad,5.0,2,0,0.0,0,0.0,0.0,0.0,0.0,1.0,0.5,,,,,
Judge.me Product Reviews App,Search_EN_Features_2024.08.19,2026-02-24,2026-03-17,UTC,USD,a2 reviews,amazon reviews importer,broad,5.0,2,0,0.0,0,0.0,0.0,0.0,0.0,3.0,0.5,,,,,
Judge.me Product Reviews App,Search_EN_Features_2024.08.19,2026-02-24,2026-03-17,UTC,USD,2ship reviews,amazon reviews importer,broad,5.0,2,0,0.0,0,0.0,0.0,0.0,0.0,6.0,1.0,,,,,
Judge.me Product Reviews App,Search_EN_Features_2024.08.19,2026-02-24,2026-03-17,UTC,USD,2a review,amazon reviews importer,broad,5.0,2,0,0.0,0,0.0,0.0,0.0,0.0,1.0,1.0,,,,,
Judge.me Product Reviews App,Search_EN_Features_2024.08.19,2026-02-24,2026-03-17,UTC,USD,2 reviews,amazon reviews importer,broad,5.0,2,0,0.0,0,0.0,0.0,0.0,0.0,4.0,1.0,,,,,
Judge.me Product Reviews App,Search_EN_Features_2024.08.19,2026-02-24,2026-03-17,UTC,USD,xml import free,etsy importer,broad,5.0,2,0,0.0,0,0.0,0.0,0.0,0.0,3.5,1.0,,,,,
Judge.me Product Reviews App,Search_EN_Features_2024.08.19,2026-02-24,2026-03-17,UTC,USD,woocommerce importer,etsy importer,broad,5.0,2,0,0.0,0,0.0,0.0,0.0,0.0,2.5,0.054054,,,,,
Judge.me Product Reviews App,Search_EN_Features_2024.08.19,2026-02-24,2026-03-17,UTC,USD,woocomerce importer,etsy importer,broad,5.0,2,0,0.0,0,0.0,0.0,0.0,0.0,1.5,0.666666,,,,,
Judge.me Product Reviews App,Search_EN_Features_2024.08.19,2026-02-24,2026-03-17,UTC,USD,woocoerce import,etsy importer,broad,5.0,2,0,0.0,0,0.0,0.0,0.0,0.0,2.0,1.0,,,,,
Judge.me Product Reviews App,Search_EN_Features_2024.08.19,2026-02-24,2026-03-17,UTC,USD,woo importer,etsy importer,broad,5.0,2,0,0.0,0,0.0,0.0,0.0,0.0,2.5,1.0,,,,,
Judge.me Product Reviews App,Search_EN_Features_2024.08.19,2026-02-24,2026-03-17,UTC,USD,url importer,etsy importer,broad,5.0,2,0,0.0,0,0.0,0.0,0.0,0.0,3.0,1.0,,,,,
Judge.me Product Reviews App,Search_EN_Features_2024.08.19,2026-02-24,2026-03-17,UTC,USD,trustoo.io reviews importer,etsy importer,broad,5.0,2,0,0.0,0,0.0,0.0,0.0,0.0,4.0,1.0,,,,,
Judge.me Product Reviews App,Search_EN_Features_2024.08.19,2026-02-24,2026-03-17,UTC,USD,trusto importer,etsy importer,broad,5.0,2,0,0.0,0,0.0,0.0,0.0,0.0,2.0,1.0,,,,,
Judge.me Product Reviews App,Search_EN_Features_2024.08.19,2026-02-24,2026-03-17,UTC,USD,storerobo import export suite,etsy importer,broad,5.0,2,0,0.0,0,0.0,0.0,0.0,0.0,2.5,1.0,,,,,
Judge.me Product Reviews App,Search_EN_Features_2024.08.19,2026-02-24,2026-03-17,UTC,USD,storerobo import export,etsy importer,broad,5.0,2,0,0.0,0,0.0,0.0,0.0,0.0,1.5,0.5,,,,,
Judge.me Product Reviews App,Search_EN_Features_2024.08.19,2026-02-24,2026-03-17,UTC,USD,store importer wordpress,etsy importer,broad,5.0,2,0,0.0,0,0.0,0.0,0.0,0.0,8.0,2.0,,,,,
Judge.me Product Reviews App,Search_EN_Features_2024.08.19,2026-02-24,2026-03-17,UTC,USD,simple csv import,etsy importer,broad,5.0,2,0,0.0,0,0.0,0.0,0.0,0.0,2.5,0.5,,,,,
Judge.me Product Reviews App,Search_EN_Features_2024.08.19,2026-02-24,2026-03-17,UTC,USD,scanz ? find and import easy,etsy importer,broad,5.0,2,0,0.0,0,0.0,0.0,0.0,0.0,4.0,0.666666,,,,,
Judge.me Product Reviews App,Search_EN_Features_2024.08.19,2026-02-24,2026-03-17,UTC,USD,review importer temu,etsy importer,broad,5.0,2,1,0.5,0,0.0,5.0,0.0,5.0,3.0,1.0,,,,,
Judge.me Product Reviews App,Search_EN_Features_2024.08.19,2026-02-24,2026-03-17,UTC,USD,review import csv,etsy importer,broad,5.0,2,1,0.5,0,0.0,5.0,0.0,5.0,4.0,1.0,,,,,
Judge.me Product Reviews App,Search_EN_Features_2024.08.19,2026-02-24,2026-03-17,UTC,USD,reivew importer,etsy importer,broad,5.0,2,0,0.0,0,0.0,0.0,0.0,0.0,2.0,1.0,,,,,
Judge.me Product Reviews App,Search_EN_Features_2024.08.19,2026-02-24,2026-03-17,UTC,USD,rabatt import,etsy importer,broad,5.0,2,0,0.0,0,0.0,0.0,0.0,0.0,2.5,1.0,,,,,
Judge.me Product Reviews App,Search_EN_Features_2024.08.19,2026-02-24,2026-03-17,UTC,USD,push subscribers import,etsy importer,broad,5.0,2,0,0.0,0,0.0,0.0,0.0,0.0,3.0,1.0,,,,,
Judge.me Product Reviews App,Search_EN_Features_2024.08.19,2026-02-24,2026-03-17,UTC,USD,professional importer for ebay,etsy importer,broad,5.0,2,0,0.0,0,0.0,0.0,0.0,0.0,3.0,0.666666,,,,,
Judge.me Product Reviews App,Search_EN_Features_2024.08.19,2026-02-24,2026-03-17,UTC,USD,print on demand for etsy,etsy importer,broad,5.0,2,0,0.0,0,0.0,0.0,0.0,0.0,4.0,1.0,,,,,
Judge.me Product Reviews App,Search_EN_Features_2024.08.19,2026-02-24,2026-03-17,UTC,USD,one click import,etsy importer,broad,5.0,2,0,0.0,0,0.0,0.0,0.0,0.0,2.5,0.666666,,,,,
Judge.me Product Reviews App,Search_EN_Features_2024.08.19,2026-02-24,2026-03-17,UTC,USD,metaobjects import,etsy importer,broad,5.0,2,0,0.0,0,0.0,0.0,0.0,0.0,3.0,1.0,,,,,
Judge.me Product Reviews App,Search_EN_Features_2024.08.19,2026-02-24,2026-03-17,UTC,USD,menu export and import,etsy importer,broad,5.0,2,0,0.0,0,0.0,0.0,0.0,0.0,3.0,1.0,,,,,
Judge.me Product Reviews App,Search_EN_Features_2024.08.19,2026-02-24,2026-03-17,UTC,USD,media import and export,etsy importer,broad,5.0,2,0,0.0,0,0.0,0.0,0.0,0.0,2.0,1.0,,,,,
Judge.me Product Reviews App,Search_EN_Features_2024.08.19,2026-02-24,2026-03-17,UTC,USD,judgeme importer,etsy importer,broad,5.0,2,1,0.5,1,1.0,5.0,5.0,5.0,3.0,1.0,,,,,
Judge.me Product Reviews App,Search_EN_Features_2024.08.19,2026-02-24,2026-03-17,UTC,USD,judge.me reviews importer,etsy importer,broad,5.0,2,0,0.0,0,0.0,0.0,0.0,0.0,2.5,1.0,,,,,
Judge.me Product Reviews App,Search_EN_Features_2024.08.19,2026-02-24,2026-03-17,UTC,USD,"judge.me aliexpress reviews importer"".",etsy importer,broad,5.0,2,0,0.0,0,0.0,0.0,0.0,0.0,4.0,1.0,,,,,
Judge.me Product Reviews App,Search_EN_Features_2024.08.19,2026-02-24,2026-03-17,UTC,USD,judge.me ali reviews importer,etsy importer,broad,5.0,2,0,0.0,0,0.0,0.0,0.0,0.0,3.0,0.333333,,,,,
Judge.me Product Reviews App,Search_EN_Features_2024.08.19,2026-02-24,2026-03-17,UTC,USD,judge me import,etsy importer,broad,5.0,2,0,0.0,0,0.0,0.0,0.0,0.0,3.0,0.2,,,,,
Judge.me Product Reviews App,Search_EN_Features_2024.08.19,2026-02-24,2026-03-17,UTC,USD,judge importer,etsy importer,broad,5.0,2,0,0.0,0,0.0,0.0,0.0,0.0,3.5,1.0,,,,,
Judge.me Product Reviews App,Search_EN_Features_2024.08.19,2026-02-24,2026-03-17,UTC,USD,importing xml feeds,etsy importer,broad,5.0,2,0,0.0,0,0.0,0.0,0.0,0.0,4.0,0.666666,,,,,
Judge.me Product Reviews App,Search_EN_Features_2024.08.19,2026-02-24,2026-03-17,UTC,USD,importer catalogue shoppingfeed,etsy importer,broad,5.0,2,0,0.0,0,0.0,0.0,0.0,0.0,3.0,1.0,,,,,
Judge.me Product Reviews App,Search_EN_Features_2024.08.19,2026-02-24,2026-03-17,UTC,USD,imported fruits,etsy importer,broad,5.0,2,0,0.0,0,0.0,0.0,0.0,0.0,2.0,1.0,,,,,
Judge.me Product Reviews App,Search_EN_Features_2024.08.19,2026-02-24,2026-03-17,UTC,USD,import your files,etsy importer,broad,5.0,2,0,0.0,0,0.0,0.0,0.0,0.0,1.0,0.666666,,,,,
Judge.me Product Reviews App,Search_EN_Features_2024.08.19,2026-02-24,2026-03-17,UTC,USD,import revews,etsy importer,broad,5.0,2,1,0.5,1,1.0,5.0,5.0,5.0,2.0,1.0,,,,,
Judge.me Product Reviews App,Search_EN_Features_2024.08.19,2026-02-24,2026-03-17,UTC,USD,import produc,etsy importer,broad,5.0,2,0,0.0,0,0.0,0.0,0.0,0.0,2.0,0.666666,,,,,
Judge.me Product Reviews App,Search_EN_Features_2024.08.19,2026-02-24,2026-03-17,UTC,USD,import pages,etsy importer,broad,5.0,2,0,0.0,0,0.0,0.0,0.0,0.0,1.0,0.666666,,,,,
Judge.me Product Reviews App,Search_EN_Features_2024.08.19,2026-02-24,2026-03-17,UTC,USD,import ly,etsy importer,broad,5.0,2,0,0.0,0,0.0,0.0,0.0,0.0,1.0,1.0,,,,,
Judge.me Product Reviews App,Search_EN_Features_2024.08.19,2026-02-24,2026-03-17,UTC,USD,import from woo,etsy importer,broad,5.0,2,0,0.0,0,0.0,0.0,0.0,0.0,3.0,1.0,,,,,
Judge.me Product Reviews App,Search_EN_Features_2024.08.19,2026-02-24,2026-03-17,UTC,USD,import data,etsy importer,broad,5.0,2,0,0.0,0,0.0,0.0,0.0,0.0,4.0,1.0,,,,,
Judge.me Product Reviews App,Search_EN_Features_2024.08.19,2026-02-24,2026-03-17,UTC,USD,import and export orde,etsy importer,broad,5.0,2,0,0.0,0,0.0,0.0,0.0,0.0,3.0,1.0,,,,,
Judge.me Product Reviews App,Search_EN_Features_2024.08.19,2026-02-24,2026-03-17,UTC,USD,ez importer,etsy importer,broad,5.0,2,0,0.0,0,0.0,0.0,0.0,0.0,2.0,0.125,,,,,
Judge.me Product Reviews App,Search_EN_Features_2024.08.19,2026-02-24,2026-03-17,UTC,USD,export import,etsy importer,broad,5.0,2,0,0.0,0,0.0,0.0,0.0,0.0,5.0,0.222222,,,,,
Judge.me Product Reviews App,Search_EN_Features_2024.08.19,2026-02-24,2026-03-17,UTC,USD,export and import,etsy importer,broad,5.0,2,1,0.5,0,0.0,5.0,0.0,5.0,1.0,0.222222,,,,,
Judge.me Product Reviews App,Search_EN_Features_2024.08.19,2026-02-24,2026-03-17,UTC,USD,etsy review,etsy importer,broad,5.0,2,2,1.0,1,0.5,5.0,10.0,10.0,2.5,0.125,,,,,
Judge.me Product Reviews App,Search_EN_Features_2024.08.19,2026-02-24,2026-03-17,UTC,USD,etsy prodyuct,etsy importer,broad,5.0,2,0,0.0,0,0.0,0.0,0.0,0.0,1.0,1.0,,,,,
Judge.me Product Reviews App,Search_EN_Features_2024.08.19,2026-02-24,2026-03-17,UTC,USD,etsy marketplace intergration,etsy importer,broad,5.0,2,0,0.0,0,0.0,0.0,0.0,0.0,1.0,1.0,,,,,
Judge.me Product Reviews App,Search_EN_Features_2024.08.19,2026-02-24,2026-03-17,UTC,USD,etsy marketplace integration by cedcommerce,etsy importer,broad,5.0,2,0,0.0,0,0.0,0.0,0.0,0.0,1.5,1.0,,,,,
Judge.me Product Reviews App,Search_EN_Features_2024.08.19,2026-02-24,2026-03-17,UTC,USD,etsy dropshipping,etsy importer,broad,5.0,2,0,0.0,0,0.0,0.0,0.0,0.0,2.0,1.0,,,,,
Judge.me Product Reviews App,Search_EN_Features_2024.08.19,2026-02-24,2026-03-17,UTC,USD,esty import,etsy importer,broad,5.0,2,0,0.0,0,0.0,0.0,0.0,0.0,4.0,0.5,,,,,
Judge.me Product Reviews App,Search_EN_Features_2024.08.19,2026-02-24,2026-03-17,UTC,USD,ecomrise import,etsy importer,broad,5.0,2,0,0.0,0,0.0,0.0,0.0,0.0,3.0,1.0,,,,,
Judge.me Product Reviews App,Search_EN_Features_2024.08.19,2026-02-24,2026-03-17,UTC,USD,ebay importer,etsy importer,broad,5.0,2,0,0.0,0,0.0,0.0,0.0,0.0,3.5,0.020618,,,,,
Judge.me Product Reviews App,Search_EN_Features_2024.08.19,2026-02-24,2026-03-17,UTC,USD,ebay import,etsy importer,broad,5.0,2,0,0.0,0,0.0,0.0,0.0,0.0,2.0,0.08,,,,,
Judge.me Product Reviews App,Search_EN_Features_2024.08.19,2026-02-24,2026-03-17,UTC,USD,easy importer,etsy importer,broad,5.0,2,0,0.0,0,0.0,0.0,0.0,0.0,2.0,0.5,,,,,
Judge.me Product Reviews App,Search_EN_Features_2024.08.19,2026-02-24,2026-03-17,UTC,USD,easy csv importer,etsy importer,broad,5.0,2,0,0.0,0,0.0,0.0,0.0,0.0,3.0,1.0,,,,,
Judge.me Product Reviews App,Search_EN_Features_2024.08.19,2026-02-24,2026-03-17,UTC,USD,dsers importer,etsy importer,broad,5.0,2,0,0.0,0,0.0,0.0,0.0,0.0,7.0,0.666666,,,,,
Judge.me Product Reviews App,Search_EN_Features_2024.08.19,2026-02-24,2026-03-17,UTC,USD,dropshipping for etsy,etsy importer,broad,5.0,2,0,0.0,0,0.0,0.0,0.0,0.0,2.5,1.0,,,,,
Judge.me Product Reviews App,Search_EN_Features_2024.08.19,2026-02-24,2026-03-17,UTC,USD,demo import,etsy importer,broad,5.0,2,0,0.0,0,0.0,0.0,0.0,0.0,3.0,1.0,,,,,
Judge.me Product Reviews App,Search_EN_Features_2024.08.19,2026-02-24,2026-03-17,UTC,USD,connecting etsy,etsy importer,broad,5.0,2,1,0.5,0,0.0,5.0,0.0,5.0,2.0,1.0,,,,,
Judge.me Product Reviews App,Search_EN_Features_2024.08.19,2026-02-24,2026-03-17,UTC,USD,cedcommerce importer,etsy importer,broad,5.0,2,0,0.0,0,0.0,0.0,0.0,0.0,2.0,1.0,,,,,
Judge.me Product Reviews App,Search_EN_Features_2024.08.19,2026-02-24,2026-03-17,UTC,USD,buy on etsy,etsy importer,broad,5.0,2,0,0.0,0,0.0,0.0,0.0,0.0,4.0,0.5,,,,,
Judge.me Product Reviews App,Search_EN_Features_2024.08.19,2026-02-24,2026-03-17,UTC,USD,bulkflow files import & export,etsy importer,broad,5.0,2,0,0.0,0,0.0,0.0,0.0,0.0,2.0,1.0,,,,,
Judge.me Product Reviews App,Search_EN_Features_2024.08.19,2026-02-24,2026-03-17,UTC,USD,boostify etsy,etsy importer,broad,5.0,2,0,0.0,0,0.0,0.0,0.0,0.0,1.0,1.0,,,,,
Judge.me Product Reviews App,Search_EN_Features_2024.08.19,2026-02-24,2026-03-17,UTC,USD,appsbyb: woocommerce importer,etsy importer,broad,5.0,2,0,0.0,0,0.0,0.0,0.0,0.0,4.5,0.5,,,,,
Judge.me Product Reviews App,Search_EN_Features_2024.08.19,2026-02-24,2026-03-17,UTC,USD,appsbyb woocommerce importer,etsy importer,broad,5.0,2,0,0.0,0,0.0,0.0,0.0,0.0,3.5,1.0,,,,,
Judge.me Product Reviews App,Search_EN_Features_2024.08.19,2026-02-24,2026-03-17,UTC,USD,all import,etsy importer,broad,5.0,2,0,0.0,0,0.0,0.0,0.0,0.0,2.0,1.0,,,,,
Judge.me Product Reviews App,Search_EN_Features_2024.08.19,2026-02-24,2026-03-17,UTC,USD,african import,etsy importer,broad,5.0,2,0,0.0,0,0.0,0.0,0.0,0.0,6.0,1.0,,,,,
Judge.me Product Reviews App,Search_EN_Features_2024.08.19,2026-02-24,2026-03-17,UTC,USD,affiliate importer,etsy importer,broad,5.0,2,0,0.0,0,0.0,0.0,0.0,0.0,3.0,1.0,,,,,
Judge.me Product Reviews App,Search_EN_Features_2024.08.19,2026-02-24,2026-03-17,UTC,USD,1 click import,etsy importer,broad,5.0,2,0,0.0,0,0.0,0.0,0.0,0.0,2.0,1.0,,,,,
Judge.me Product Reviews App,Search_EN_Features_2024.08.19,2026-02-24,2026-03-17,UTC,USD,ugc videos from instagram,ugc,broad,7.0,2,0,0.0,0,0.0,0.0,0.0,0.0,3.5,1.0,,,,,
Judge.me Product Reviews App,Search_EN_Features_2024.08.19,2026-02-24,2026-03-17,UTC,USD,ugc vid,ugc,broad,7.0,2,0,0.0,0,0.0,0.0,0.0,0.0,2.0,1.0,,,,,
Judge.me Product Reviews App,Search_EN_Features_2024.08.19,2026-02-24,2026-03-17,UTC,USD,ugc slide,ugc,broad,7.0,2,0,0.0,0,0.0,0.0,0.0,0.0,2.0,1.0,,,,,
Judge.me Product Reviews App,Search_EN_Features_2024.08.19,2026-02-24,2026-03-17,UTC,USD,ugc shopable videos,ugc,broad,7.0,2,0,0.0,0,0.0,0.0,0.0,0.0,1.0,1.0,,,,,
Judge.me Product Reviews App,Search_EN_Features_2024.08.19,2026-02-24,2026-03-17,UTC,USD,ugc blog,ugc,broad,7.0,2,0,0.0,0,0.0,0.0,0.0,0.0,3.5,1.0,,,,,
Judge.me Product Reviews App,Search_EN_Features_2024.08.19,2026-02-24,2026-03-17,UTC,USD,tolstoy ugc,ugc,broad,7.0,2,0,0.0,0,0.0,0.0,0.0,0.0,1.0,1.0,,,,,
Judge.me Product Reviews App,Search_EN_Features_2024.08.19,2026-02-24,2026-03-17,UTC,USD,tolstoy shoppable ugc videos,ugc,broad,7.0,2,0,0.0,0,0.0,0.0,0.0,0.0,2.0,1.0,,,,,
Judge.me Product Reviews App,Search_EN_Features_2024.08.19,2026-02-24,2026-03-17,UTC,USD,taggbox ugc,ugc,broad,7.0,2,0,0.0,0,0.0,0.0,0.0,0.0,2.0,1.0,,,,,
Judge.me Product Reviews App,Search_EN_Features_2024.08.19,2026-02-24,2026-03-17,UTC,USD,storista shoppable video & ugc,ugc,broad,7.0,2,0,0.0,0,0.0,0.0,0.0,0.0,1.5,1.0,,,,,
Judge.me Product Reviews App,Search_EN_Features_2024.08.19,2026-02-24,2026-03-17,UTC,USD,shopvid shoppable videos & ugc,ugc,broad,7.0,2,0,0.0,0,0.0,0.0,0.0,0.0,3.5,0.4,,,,,
Judge.me Product Reviews App,Search_EN_Features_2024.08.19,2026-02-24,2026-03-17,UTC,USD,shoppable videos & ugc,ugc,broad,7.0,2,0,0.0,0,0.0,0.0,0.0,0.0,1.0,1.0,,,,,
Judge.me Product Reviews App,Search_EN_Features_2024.08.19,2026-02-24,2026-03-17,UTC,USD,rivo product reviews ugc,ugc,broad,7.0,2,0,0.0,0,0.0,0.0,0.0,0.0,1.0,1.0,,,,,
Judge.me Product Reviews App,Search_EN_Features_2024.08.19,2026-02-24,2026-03-17,UTC,USD,rivo product reviews app ugc,ugc,broad,7.0,2,0,0.0,0,0.0,0.0,0.0,0.0,3.0,0.666666,,,,,
Judge.me Product Reviews App,Search_EN_Features_2024.08.19,2026-02-24,2026-03-17,UTC,USD,reviews & ugc,ugc,broad,7.0,2,0,0.0,0,0.0,0.0,0.0,0.0,4.0,1.0,,,,,
Judge.me Product Reviews App,Search_EN_Features_2024.08.19,2026-02-24,2026-03-17,UTC,USD,reelify shoppable video and ugc,ugc,broad,7.0,2,0,0.0,0,0.0,0.0,0.0,0.0,1.5,1.0,,,,,
Judge.me Product Reviews App,Search_EN_Features_2024.08.19,2026-02-24,2026-03-17,UTC,USD,product review app ugc q and a,ugc,broad,7.0,2,0,0.0,0,0.0,0.0,0.0,0.0,4.0,1.0,,,,,
Judge.me Product Reviews App,Search_EN_Features_2024.08.19,2026-02-24,2026-03-17,UTC,USD,make ugc video,ugc,broad,7.0,2,0,0.0,0,0.0,0.0,0.0,0.0,1.0,1.0,,,,,
Judge.me Product Reviews App,Search_EN_Features_2024.08.19,2026-02-24,2026-03-17,UTC,USD,honest ugc,ugc,broad,7.0,2,0,0.0,0,0.0,0.0,0.0,0.0,2.0,1.0,,,,,
Judge.me Product Reviews App,Search_EN_Features_2024.08.19,2026-02-24,2026-03-17,UTC,USD,archive-save ugc,ugc,broad,7.0,2,0,0.0,0,0.0,0.0,0.0,0.0,1.0,1.0,,,,,
Judge.me Product Reviews App,Search_EN_Features_2024.08.19,2026-02-24,2026-03-17,UTC,USD,archive save ugc,ugc,broad,7.0,2,0,0.0,0,0.0,0.0,0.0,0.0,1.0,1.0,,,,,
Judge.me Product Reviews App,Search_EN_Features_2024.08.19,2026-02-24,2026-03-17,UTC,USD,archive instagram & tiktok ugc,ugc,broad,7.0,2,0,0.0,0,0.0,0.0,0.0,0.0,2.0,0.5,,,,,
Judge.me Product Reviews App,Search_EN_Features_2024.08.19,2026-02-24,2026-03-17,UTC,USD,archive detect ugc,ugc,broad,7.0,2,0,0.0,0,0.0,0.0,0.0,0.0,1.0,1.0,,,,,
Judge.me Product Reviews App,Search_EN_Features_2024.08.19,2026-02-24,2026-03-17,UTC,USD,alpha+ instagram ugc,ugc,broad,7.0,2,0,0.0,0,0.0,0.0,0.0,0.0,3.5,1.0,,,,,
Judge.me Product Reviews App,Search_EN_Features_2024.08.19,2026-02-24,2026-03-17,UTC,USD,coupon clip,coupons,broad,2.0,2,0,0.0,0,0.0,0.0,0.0,0.0,4.0,1.0,,,,,
Judge.me Product Reviews App,Search_EN_Features_2024.08.19,2026-02-24,2026-03-17,UTC,USD,banify referral,referrals,broad,4.0,2,0,0.0,0,0.0,0.0,0.0,0.0,3.0,1.0,,,,,
Judge.me Product Reviews App,Search_EN_Features_2024.08.19,2026-02-24,2026-03-17,UTC,USD,affiliate & referral marke,referrals,broad,4.0,2,0,0.0,0,0.0,0.0,0.0,0.0,5.0,2.0,,,,,
Judge.me Product Reviews App,Search_EN_Features_2024.08.19,2026-02-24,2026-03-17,UTC,USD,storify q,q&a,broad,6.0,1,0,0.0,0,0.0,0.0,0.0,0.0,1.0,1.0,,,,,
Judge.me Product Reviews App,Search_EN_Features_2024.08.19,2026-02-24,2026-03-17,UTC,USD,sa: request a q u,q&a,broad,6.0,1,0,0.0,0,0.0,0.0,0.0,0.0,2.0,1.0,,,,,
Judge.me Product Reviews App,Search_EN_Features_2024.08.19,2026-02-24,2026-03-17,UTC,USD,retail q,q&a,broad,6.0,1,0,0.0,0,0.0,0.0,0.0,0.0,1.0,1.0,,,,,
Judge.me Product Reviews App,Search_EN_Features_2024.08.19,2026-02-24,2026-03-17,UTC,USD,request a q,q&a,broad,6.0,1,0,0.0,0,0.0,0.0,0.0,0.0,2.0,0.5,,,,,
Judge.me Product Reviews App,Search_EN_Features_2024.08.19,2026-02-24,2026-03-17,UTC,USD,qikify q,q&a,broad,6.0,1,0,0.0,0,0.0,0.0,0.0,0.0,3.0,1.0,,,,,
Judge.me Product Reviews App,Search_EN_Features_2024.08.19,2026-02-24,2026-03-17,UTC,USD,q& a log,q&a,broad,6.0,1,0,0.0,0,0.0,0.0,0.0,0.0,1.0,1.0,,,,,
Judge.me Product Reviews App,Search_EN_Features_2024.08.19,2026-02-24,2026-03-17,UTC,USD,q& a blog,q&a,broad,6.0,1,0,0.0,0,0.0,0.0,0.0,0.0,2.0,1.0,,,,,
Judge.me Product Reviews App,Search_EN_Features_2024.08.19,2026-02-24,2026-03-17,UTC,USD,q: request a quote,q&a,broad,6.0,1,0,0.0,0,0.0,0.0,0.0,0.0,4.0,0.5,,,,,
Judge.me Product Reviews App,Search_EN_Features_2024.08.19,2026-02-24,2026-03-17,UTC,USD,q link,q&a,broad,6.0,1,0,0.0,0,0.0,0.0,0.0,0.0,1.0,1.0,,,,,
Judge.me Product Reviews App,Search_EN_Features_2024.08.19,2026-02-24,2026-03-17,UTC,USD,q & a,q&a,broad,6.0,1,0,0.0,0,0.0,0.0,0.0,0.0,1.0,1.0,,,,,
Judge.me Product Reviews App,Search_EN_Features_2024.08.19,2026-02-24,2026-03-17,UTC,USD,pod q,q&a,broad,6.0,1,0,0.0,0,0.0,0.0,0.0,0.0,3.0,1.0,,,,,
Judge.me Product Reviews App,Search_EN_Features_2024.08.19,2026-02-24,2026-03-17,UTC,USD,https://wallpanelshub.com/collections/types?q=fence,q&a,broad,6.0,1,0,0.0,0,0.0,0.0,0.0,0.0,3.0,1.0,,,,,
Judge.me Product Reviews App,Search_EN_Features_2024.08.19,2026-02-24,2026-03-17,UTC,USD,go q,q&a,broad,6.0,1,0,0.0,0,0.0,0.0,0.0,0.0,1.0,1.0,,,,,
Judge.me Product Reviews App,Search_EN_Features_2024.08.19,2026-02-24,2026-03-17,UTC,USD,f&q,q&a,broad,6.0,1,0,0.0,0,0.0,0.0,0.0,0.0,1.0,1.0,,,,,
Judge.me Product Reviews App,Search_EN_Features_2024.08.19,2026-02-24,2026-03-17,UTC,USD,cod q,q&a,broad,6.0,1,0,0.0,0,0.0,0.0,0.0,0.0,1.0,1.0,,,,,
Judge.me Product Reviews App,Search_EN_Features_2024.08.19,2026-02-24,2026-03-17,UTC,USD,big q,q&a,broad,6.0,1,0,0.0,0,0.0,0.0,0.0,0.0,1.0,1.0,,,,,
Judge.me Product Reviews App,Search_EN_Features_2024.08.19,2026-02-24,2026-03-17,UTC,USD,appareils electriques pour massages de dod q,q&a,broad,6.0,1,0,0.0,0,0.0,0.0,0.0,0.0,2.0,1.0,,,,,
Judge.me Product Reviews App,Search_EN_Features_2024.08.19,2026-02-24,2026-03-17,UTC,USD,apli?i?q,q&a,broad,6.0,1,0,0.0,0,0.0,0.0,0.0,0.0,1.0,1.0,,,,,
Judge.me Product Reviews App,Search_EN_Features_2024.08.19,2026-02-24,2026-03-17,UTC,USD,ac - q,q&a,broad,6.0,1,0,0.0,0,0.0,0.0,0.0,0.0,1.0,1.0,,,,,
Judge.me Product Reviews App,Search_EN_Features_2024.08.19,2026-02-24,2026-03-17,UTC,USD,xo snippet,rich snippet,broad,5.0,1,0,0.0,0,0.0,0.0,0.0,0.0,1.0,1.0,,,,,
Judge.me Product Reviews App,Search_EN_Features_2024.08.19,2026-02-24,2026-03-17,UTC,USD,sarah rich,rich snippet,broad,5.0,1,0,0.0,0,0.0,0.0,0.0,0.0,1.0,1.0,,,,,
Judge.me Product Reviews App,Search_EN_Features_2024.08.19,2026-02-24,2026-03-17,UTC,USD,rich text read more,rich snippet,broad,5.0,1,0,0.0,0,0.0,0.0,0.0,0.0,5.0,1.0,,,,,
Judge.me Product Reviews App,Search_EN_Features_2024.08.19,2026-02-24,2026-03-17,UTC,USD,rich returs,rich snippet,broad,5.0,1,0,0.0,0,0.0,0.0,0.0,0.0,1.0,1.0,,,,,
Judge.me Product Reviews App,Search_EN_Features_2024.08.19,2026-02-24,2026-03-17,UTC,USD,rich result,rich snippet,broad,5.0,1,0,0.0,0,0.0,0.0,0.0,0.0,1.0,1.0,,,,,
Judge.me Product Reviews App,Search_EN_Features_2024.08.19,2026-02-24,2026-03-17,UTC,USD,rich registration,rich snippet,broad,5.0,1,0,0.0,0,0.0,0.0,0.0,0.0,2.0,1.0,,,,,
Judge.me Product Reviews App,Search_EN_Features_2024.08.19,2026-02-24,2026-03-17,UTC,USD,rich pannel,rich snippet,broad,5.0,1,0,0.0,0,0.0,0.0,0.0,0.0,1.0,1.0,,,,,
Judge.me Product Reviews App,Search_EN_Features_2024.08.19,2026-02-24,2026-03-17,UTC,USD,rich,rich snippet,broad,5.0,1,0,0.0,0,0.0,0.0,0.0,0.0,1.0,0.5,,,,,
Judge.me Product Reviews App,Search_EN_Features_2024.08.19,2026-02-24,2026-03-17,UTC,USD,menu riche,rich snippet,broad,5.0,1,0,0.0,0,0.0,0.0,0.0,0.0,2.0,1.0,,,,,
Judge.me Product Reviews App,Search_EN_Features_2024.08.19,2026-02-24,2026-03-17,UTC,USD,javascript code snippets,rich snippet,broad,5.0,1,0,0.0,0,0.0,0.0,0.0,0.0,1.0,1.0,,,,,
Judge.me Product Reviews App,Search_EN_Features_2024.08.19,2026-02-24,2026-03-17,UTC,USD,html snippet richtext editor,rich snippet,broad,5.0,1,0,0.0,0,0.0,0.0,0.0,0.0,3.0,1.0,,,,,
Judge.me Product Reviews App,Search_EN_Features_2024.08.19,2026-02-24,2026-03-17,UTC,USD,html code snippets,rich snippet,broad,5.0,1,0,0.0,0,0.0,0.0,0.0,0.0,2.0,1.0,,,,,
Judge.me Product Reviews App,Search_EN_Features_2024.08.19,2026-02-24,2026-03-17,UTC,USD,gropulse-rich-snippets,rich snippet,broad,5.0,1,0,0.0,0,0.0,0.0,0.0,0.0,1.0,1.0,,,,,
Judge.me Product Reviews App,Search_EN_Features_2024.08.19,2026-02-24,2026-03-17,UTC,USD,explore the rich world of tea in this comprehensive guide for 2026. from traditional varieties like,rich snippet,broad,5.0,1,0,0.0,0,0.0,0.0,0.0,0.0,1.0,1.0,,,,,
Judge.me Product Reviews App,Search_EN_Features_2024.08.19,2026-02-24,2026-03-17,UTC,USD,cx snippets,rich snippet,broad,5.0,1,0,0.0,0,0.0,0.0,0.0,0.0,1.0,1.0,,,,,
Judge.me Product Reviews App,Search_EN_Features_2024.08.19,2026-02-24,2026-03-17,UTC,USD,core snippet,rich snippet,broad,5.0,1,0,0.0,0,0.0,0.0,0.0,0.0,1.0,1.0,,,,,
Judge.me Product Reviews App,Search_EN_Features_2024.08.19,2026-02-24,2026-03-17,UTC,USD,coffee lovers' corner: exploring the rich world of coffee,rich snippet,broad,5.0,1,0,0.0,0,0.0,0.0,0.0,0.0,2.0,1.0,,,,,
Judge.me Product Reviews App,Search_EN_Features_2024.08.19,2026-02-24,2026-03-17,UTC,USD,audio snippet player,rich snippet,broad,5.0,1,0,0.0,0,0.0,0.0,0.0,0.0,1.0,1.0,,,,,
Judge.me Product Reviews App,Search_EN_Features_2024.08.19,2026-02-24,2026-03-17,UTC,USD,youtube carousel,carousel,broad,6.0,1,0,0.0,0,0.0,0.0,0.0,0.0,2.0,0.2,,,,,
Judge.me Product Reviews App,Search_EN_Features_2024.08.19,2026-02-24,2026-03-17,UTC,USD,xo slider carousel,carousel,broad,6.0,1,0,0.0,0,0.0,0.0,0.0,0.0,1.0,1.0,,,,,
Judge.me Product Reviews App,Search_EN_Features_2024.08.19,2026-02-24,2026-03-17,UTC,USD,wp carousel,carousel,broad,6.0,1,0,0.0,0,0.0,0.0,0.0,0.0,2.0,1.0,,,,,
Judge.me Product Reviews App,Search_EN_Features_2024.08.19,2026-02-24,2026-03-17,UTC,USD,woocommerce-carousel-one,carousel,broad,6.0,1,0,0.0,0,0.0,0.0,0.0,0.0,4.0,1.0,,,,,
Judge.me Product Reviews App,Search_EN_Features_2024.08.19,2026-02-24,2026-03-17,UTC,USD,whatmore events carousel,carousel,broad,6.0,1,0,0.0,0,0.0,0.0,0.0,0.0,1.0,1.0,,,,,
Judge.me Product Reviews App,Search_EN_Features_2024.08.19,2026-02-24,2026-03-17,UTC,USD,video carousels,carousel,broad,6.0,1,0,0.0,0,0.0,0.0,0.0,0.0,2.0,1.0,,,,,
Judge.me Product Reviews App,Search_EN_Features_2024.08.19,2026-02-24,2026-03-17,UTC,USD,video carousel slide,carousel,broad,6.0,1,1,1.0,0,0.0,6.0,0.0,6.0,2.0,1.0,,,,,
Judge.me Product Reviews App,Search_EN_Features_2024.08.19,2026-02-24,2026-03-17,UTC,USD,video carousel gratuit,carousel,broad,6.0,1,1,1.0,0,0.0,6.0,0.0,6.0,6.0,0.2,,,,,
Judge.me Product Reviews App,Search_EN_Features_2024.08.19,2026-02-24,2026-03-17,UTC,USD,video carousel by omega,carousel,broad,6.0,1,0,0.0,0,0.0,0.0,0.0,0.0,2.0,1.0,,,,,
Judge.me Product Reviews App,Search_EN_Features_2024.08.19,2026-02-24,2026-03-17,UTC,USD,trust badge carousel,carousel,broad,6.0,1,0,0.0,0,0.0,0.0,0.0,0.0,3.0,1.0,,,,,
Judge.me Product Reviews App,Search_EN_Features_2024.08.19,2026-02-24,2026-03-17,UTC,USD,tolstoy carousel,carousel,broad,6.0,1,0,0.0,0,0.0,0.0,0.0,0.0,2.0,1.0,,,,,
Judge.me Product Reviews App,Search_EN_Features_2024.08.19,2026-02-24,2026-03-17,UTC,USD,tf video slider video carousel,carousel,broad,6.0,1,0,0.0,0,0.0,0.0,0.0,0.0,2.0,0.333333,,,,,
Judge.me Product Reviews App,Search_EN_Features_2024.08.19,2026-02-24,2026-03-17,UTC,USD,testimonial carousel,carousel,broad,6.0,1,0,0.0,0,0.0,0.0,0.0,0.0,1.0,0.2,,,,,
Judge.me Product Reviews App,Search_EN_Features_2024.08.19,2026-02-24,2026-03-17,UTC,USD,tab with carousel inside,carousel,broad,6.0,1,0,0.0,0,0.0,0.0,0.0,0.0,2.0,1.0,,,,,
Judge.me Product Reviews App,Search_EN_Features_2024.08.19,2026-02-24,2026-03-17,UTC,USD,stacked carousel slider,carousel,broad,6.0,1,0,0.0,0,0.0,0.0,0.0,0.0,2.0,1.0,,,,,
Judge.me Product Reviews App,Search_EN_Features_2024.08.19,2026-02-24,2026-03-17,UTC,USD,snap: before and after carousel,carousel,broad,6.0,1,0,0.0,0,0.0,0.0,0.0,0.0,2.0,1.0,,,,,
Judge.me Product Reviews App,Search_EN_Features_2024.08.19,2026-02-24,2026-03-17,UTC,USD,reviews carousel video,carousel,broad,6.0,1,0,0.0,0,0.0,0.0,0.0,0.0,1.0,0.5,,,,,
Judge.me Product Reviews App,Search_EN_Features_2024.08.19,2026-02-24,2026-03-17,UTC,USD,reel carousel,carousel,broad,6.0,1,0,0.0,0,0.0,0.0,0.0,0.0,1.0,0.25,,,,,
Judge.me Product Reviews App,Search_EN_Features_2024.08.19,2026-02-24,2026-03-17,UTC,USD,qe slider ? carousel slider icon qe slider ? carousel slider,carousel,broad,6.0,1,0,0.0,0,0.0,0.0,0.0,0.0,1.0,1.0,,,,,
Judge.me Product Reviews App,Search_EN_Features_2024.08.19,2026-02-24,2026-03-17,UTC,USD,product carousel,carousel,broad,6.0,1,0,0.0,0,0.0,0.0,0.0,0.0,3.0,0.045454,,,,,
Judge.me Product Reviews App,Search_EN_Features_2024.08.19,2026-02-24,2026-03-17,UTC,USD,powr: image slider / carousel,carousel,broad,6.0,1,0,0.0,0,0.0,0.0,0.0,0.0,1.0,1.0,,,,,
Judge.me Product Reviews App,Search_EN_Features_2024.08.19,2026-02-24,2026-03-17,UTC,USD,picture carousel,carousel,broad,6.0,1,0,0.0,0,0.0,0.0,0.0,0.0,1.0,0.166666,,,,,
Judge.me Product Reviews App,Search_EN_Features_2024.08.19,2026-02-24,2026-03-17,UTC,USD,pickslide: collection carousel,carousel,broad,6.0,1,0,0.0,0,0.0,0.0,0.0,0.0,2.0,1.0,,,,,
Judge.me Product Reviews App,Search_EN_Features_2024.08.19,2026-02-24,2026-03-17,UTC,USD,photo carousel,carousel,broad,6.0,1,0,0.0,0,0.0,0.0,0.0,0.0,1.0,0.142857,,,,,
Judge.me Product Reviews App,Search_EN_Features_2024.08.19,2026-02-24,2026-03-17,UTC,USD,owl carousel js,carousel,broad,6.0,1,0,0.0,0,0.0,0.0,0.0,0.0,2.0,1.0,,,,,
Judge.me Product Reviews App,Search_EN_Features_2024.08.19,2026-02-24,2026-03-17,UTC,USD,owl carousel,carousel,broad,6.0,1,0,0.0,0,0.0,0.0,0.0,0.0,3.0,0.25,,,,,
Judge.me Product Reviews App,Search_EN_Features_2024.08.19,2026-02-24,2026-03-17,UTC,USD,loop video carousel gallery,carousel,broad,6.0,1,0,0.0,0,0.0,0.0,0.0,0.0,3.0,0.5,,,,,
Judge.me Product Reviews App,Search_EN_Features_2024.08.19,2026-02-24,2026-03-17,UTC,USD,instagram carousel marketing,carousel,broad,6.0,1,0,0.0,0,0.0,0.0,0.0,0.0,9.0,1.0,,,,,
Judge.me Product Reviews App,Search_EN_Features_2024.08.19,2026-02-24,2026-03-17,UTC,USD,imfw carousel,carousel,broad,6.0,1,0,0.0,0,0.0,0.0,0.0,0.0,2.0,1.0,,,,,
Judge.me Product Reviews App,Search_EN_Features_2024.08.19,2026-02-24,2026-03-17,UTC,USD,imagge carousel,carousel,broad,6.0,1,0,0.0,0,0.0,0.0,0.0,0.0,1.0,1.0,,,,,
Judge.me Product Reviews App,Search_EN_Features_2024.08.19,2026-02-24,2026-03-17,UTC,USD,image gallery carousel,carousel,broad,6.0,1,0,0.0,0,0.0,0.0,0.0,0.0,3.0,1.0,,,,,
Judge.me Product Reviews App,Search_EN_Features_2024.08.19,2026-02-24,2026-03-17,UTC,USD,image carousels,carousel,broad,6.0,1,0,0.0,0,0.0,0.0,0.0,0.0,3.0,0.333333,,,,,
Judge.me Product Reviews App,Search_EN_Features_2024.08.19,2026-02-24,2026-03-17,UTC,USD,image carousel slider,carousel,broad,6.0,1,0,0.0,0,0.0,0.0,0.0,0.0,4.0,1.0,,,,,
Judge.me Product Reviews App,Search_EN_Features_2024.08.19,2026-02-24,2026-03-17,UTC,USD,hextom: gallery + carousel slider,carousel,broad,6.0,1,0,0.0,0,0.0,0.0,0.0,0.0,2.0,1.0,,,,,
Judge.me Product Reviews App,Search_EN_Features_2024.08.19,2026-02-24,2026-03-17,UTC,USD,gp carousel,carousel,broad,6.0,1,0,0.0,0,0.0,0.0,0.0,0.0,1.0,1.0,,,,,
Judge.me Product Reviews App,Search_EN_Features_2024.08.19,2026-02-24,2026-03-17,UTC,USD,google reviews carousel,carousel,broad,6.0,1,0,0.0,0,0.0,0.0,0.0,0.0,4.0,1.0,,,,,
Judge.me Product Reviews App,Search_EN_Features_2024.08.19,2026-02-24,2026-03-17,UTC,USD,free video carousel,carousel,broad,6.0,1,0,0.0,0,0.0,0.0,0.0,0.0,3.0,1.0,,,,,
Judge.me Product Reviews App,Search_EN_Features_2024.08.19,2026-02-24,2026-03-17,UTC,USD,featured review carousel,carousel,broad,6.0,1,0,0.0,0,0.0,0.0,0.0,0.0,1.0,1.0,,,,,
Judge.me Product Reviews App,Search_EN_Features_2024.08.19,2026-02-24,2026-03-17,UTC,USD,easyslide collection carousel,carousel,broad,6.0,1,0,0.0,0,0.0,0.0,0.0,0.0,1.0,1.0,,,,,
Judge.me Product Reviews App,Search_EN_Features_2024.08.19,2026-02-24,2026-03-17,UTC,USD,easy slide-in-banner + carousel,carousel,broad,6.0,1,0,0.0,0,0.0,0.0,0.0,0.0,4.0,1.0,,,,,
Judge.me Product Reviews App,Search_EN_Features_2024.08.19,2026-02-24,2026-03-17,UTC,USD,collection slider carousel,carousel,broad,6.0,1,0,0.0,0,0.0,0.0,0.0,0.0,2.0,1.0,,,,,
Judge.me Product Reviews App,Search_EN_Features_2024.08.19,2026-02-24,2026-03-17,UTC,USD,carousel/slider,carousel,broad,6.0,1,1,1.0,0,0.0,6.0,0.0,6.0,1.0,1.0,,,,,
Judge.me Product Reviews App,Search_EN_Features_2024.08.19,2026-02-24,2026-03-17,UTC,USD,carousel webtex,carousel,broad,6.0,1,0,0.0,0,0.0,0.0,0.0,0.0,1.0,1.0,,,,,
Judge.me Product Reviews App,Search_EN_Features_2024.08.19,2026-02-24,2026-03-17,UTC,USD,carousel videos,carousel,broad,6.0,1,0,0.0,0,0.0,0.0,0.0,0.0,3.0,0.5,,,,,
Judge.me Product Reviews App,Search_EN_Features_2024.08.19,2026-02-24,2026-03-17,UTC,USD,carousel slides,carousel,broad,6.0,1,0,0.0,0,0.0,0.0,0.0,0.0,1.0,1.0,,,,,
Judge.me Product Reviews App,Search_EN_Features_2024.08.19,2026-02-24,2026-03-17,UTC,USD,carousel photo,carousel,broad,6.0,1,0,0.0,0,0.0,0.0,0.0,0.0,3.0,1.0,,,,,
Judge.me Product Reviews App,Search_EN_Features_2024.08.19,2026-02-24,2026-03-17,UTC,USD,carousel images,carousel,broad,6.0,1,0,0.0,0,0.0,0.0,0.0,0.0,1.0,1.0,,,,,
Judge.me Product Reviews App,Search_EN_Features_2024.08.19,2026-02-24,2026-03-17,UTC,USD,carousel image section like this. is it possible?,carousel,broad,6.0,1,0,0.0,0,0.0,0.0,0.0,0.0,2.0,1.0,,,,,
Judge.me Product Reviews App,Search_EN_Features_2024.08.19,2026-02-24,2026-03-17,UTC,USD,carousel image gallery,carousel,broad,6.0,1,0,0.0,0,0.0,0.0,0.0,0.0,2.0,1.0,,,,,
Judge.me Product Reviews App,Search_EN_Features_2024.08.19,2026-02-24,2026-03-17,UTC,USD,carousel grid,carousel,broad,6.0,1,0,0.0,0,0.0,0.0,0.0,0.0,2.0,1.0,,,,,
Judge.me Product Reviews App,Search_EN_Features_2024.08.19,2026-02-24,2026-03-17,UTC,USD,carousel free,carousel,broad,6.0,1,1,1.0,0,0.0,6.0,0.0,6.0,4.0,0.166666,,,,,
Judge.me Product Reviews App,Search_EN_Features_2024.08.19,2026-02-24,2026-03-17,UTC,USD,card carousel,carousel,broad,6.0,1,0,0.0,0,0.0,0.0,0.0,0.0,1.0,1.0,,,,,
Judge.me Product Reviews App,Search_EN_Features_2024.08.19,2026-02-24,2026-03-17,UTC,USD,bilder carousel,carousel,broad,6.0,1,0,0.0,0,0.0,0.0,0.0,0.0,1.0,1.0,,,,,
Judge.me Product Reviews App,Search_EN_Features_2024.08.19,2026-02-24,2026-03-17,UTC,USD,banner carousel,carousel,broad,6.0,1,0,0.0,0,0.0,0.0,0.0,0.0,4.0,1.0,,,,,
Judge.me Product Reviews App,Search_EN_Features_2024.08.19,2026-02-24,2026-03-17,UTC,USD,"""google reviews carousel""",carousel,broad,6.0,1,0,0.0,0,0.0,0.0,0.0,0.0,5.0,1.0,,,,,
Judge.me Product Reviews App,Search_EN_Features_2024.08.19,2026-02-24,2026-03-17,UTC,USD,? easy slide-in-banner + carousel,carousel,broad,6.0,1,0,0.0,0,0.0,0.0,0.0,0.0,3.0,1.0,,,,,
Judge.me Product Reviews App,Search_EN_Features_2024.08.19,2026-02-24,2026-03-17,UTC,USD,zonify amazon dropshipping,amazon reviews importer,broad,5.0,1,0,0.0,0,0.0,0.0,0.0,0.0,5.0,1.0,,,,,
Judge.me Product Reviews App,Search_EN_Features_2024.08.19,2026-02-24,2026-03-17,UTC,USD,yotpo review,amazon reviews importer,broad,5.0,1,0,0.0,0,0.0,0.0,0.0,0.0,2.0,1.0,,,,,
Judge.me Product Reviews App,Search_EN_Features_2024.08.19,2026-02-24,2026-03-17,UTC,USD,xml feed built on amazon,amazon reviews importer,broad,5.0,1,0,0.0,0,0.0,0.0,0.0,0.0,4.0,1.0,,,,,
Judge.me Product Reviews App,Search_EN_Features_2024.08.19,2026-02-24,2026-03-17,UTC,USD,write a review,amazon reviews importer,broad,5.0,1,0,0.0,0,0.0,0.0,0.0,0.0,1.0,0.166666,,,,,
Judge.me Product Reviews App,Search_EN_Features_2024.08.19,2026-02-24,2026-03-17,UTC,USD,wom reviews,amazon reviews importer,broad,5.0,1,0,0.0,0,0.0,0.0,0.0,0.0,4.0,1.0,,,,,
Judge.me Product Reviews App,Search_EN_Features_2024.08.19,2026-02-24,2026-03-17,UTC,USD,webtex review,amazon reviews importer,broad,5.0,1,0,0.0,0,0.0,0.0,0.0,0.0,7.0,0.5,,,,,
Judge.me Product Reviews App,Search_EN_Features_2024.08.19,2026-02-24,2026-03-17,UTC,USD,webbee mcf amazon,amazon reviews importer,broad,5.0,1,0,0.0,0,0.0,0.0,0.0,0.0,3.0,1.0,,,,,
Judge.me Product Reviews App,Search_EN_Features_2024.08.19,2026-02-24,2026-03-17,UTC,USD,webbee amazon integration,amazon reviews importer,broad,5.0,1,0,0.0,0,0.0,0.0,0.0,0.0,4.0,0.5,,,,,
Judge.me Product Reviews App,Search_EN_Features_2024.08.19,2026-02-24,2026-03-17,UTC,USD,we are reviews,amazon reviews importer,broad,5.0,1,0,0.0,0,0.0,0.0,0.0,0.0,4.0,1.0,,,,,
Judge.me Product Reviews App,Search_EN_Features_2024.08.19,2026-02-24,2026-03-17,UTC,USD,vs ali reviews product reviews,amazon reviews importer,broad,5.0,1,0,0.0,0,0.0,0.0,0.0,0.0,3.0,0.142857,,,,,
Judge.me Product Reviews App,Search_EN_Features_2024.08.19,2026-02-24,2026-03-17,UTC,USD,vs ali reviews product,amazon reviews importer,broad,5.0,1,0,0.0,0,0.0,0.0,0.0,0.0,9.0,0.333333,,,,,
Judge.me Product Reviews App,Search_EN_Features_2024.08.19,2026-02-24,2026-03-17,UTC,USD,vouch reviews,amazon reviews importer,broad,5.0,1,0,0.0,0,0.0,0.0,0.0,0.0,5.0,0.125,,,,,
Judge.me Product Reviews App,Search_EN_Features_2024.08.19,2026-02-24,2026-03-17,UTC,USD,viva review,amazon reviews importer,broad,5.0,1,0,0.0,0,0.0,0.0,0.0,0.0,1.0,0.5,,,,,
Judge.me Product Reviews App,Search_EN_Features_2024.08.19,2026-02-24,2026-03-17,UTC,USD,verified reviews,amazon reviews importer,broad,5.0,1,0,0.0,0,0.0,0.0,0.0,0.0,1.0,0.1,,,,,
Judge.me Product Reviews App,Search_EN_Features_2024.08.19,2026-02-24,2026-03-17,UTC,USD,user reviews,amazon reviews importer,broad,5.0,1,0,0.0,0,0.0,0.0,0.0,0.0,4.0,0.25,,,,,
Judge.me Product Reviews App,Search_EN_Features_2024.08.19,2026-02-24,2026-03-17,UTC,USD,tydol review,amazon reviews importer,broad,5.0,1,0,0.0,0,0.0,0.0,0.0,0.0,4.0,1.0,,,,,
Judge.me Product Reviews App,Search_EN_Features_2024.08.19,2026-02-24,2026-03-17,UTC,USD,tydel review,amazon reviews importer,broad,5.0,1,0,0.0,0,0.0,0.0,0.0,0.0,4.0,1.0,,,,,
Judge.me Product Reviews App,Search_EN_Features_2024.08.19,2026-02-24,2026-03-17,UTC,USD,tydal product reviewer app,amazon reviews importer,broad,5.0,1,0,0.0,0,0.0,0.0,0.0,0.0,8.0,1.0,,,,,
Judge.me Product Reviews App,Search_EN_Features_2024.08.19,2026-02-24,2026-03-17,UTC,USD,tt ali reviewsproduct reviews,amazon reviews importer,broad,5.0,1,0,0.0,0,0.0,0.0,0.0,0.0,3.0,1.0,,,,,
Judge.me Product Reviews App,Search_EN_Features_2024.08.19,2026-02-24,2026-03-17,UTC,USD,tt ali review,amazon reviews importer,broad,5.0,1,0,0.0,0,0.0,0.0,0.0,0.0,4.0,0.5,,,,,
Judge.me Product Reviews App,Search_EN_Features_2024.08.19,2026-02-24,2026-03-17,UTC,USD,trustyyy reviews,amazon reviews importer,broad,5.0,1,0,0.0,0,0.0,0.0,0.0,0.0,4.0,1.0,,,,,
Judge.me Product Reviews App,Search_EN_Features_2024.08.19,2026-02-24,2026-03-17,UTC,USD,trustyy review,amazon reviews importer,broad,5.0,1,0,0.0,0,0.0,0.0,0.0,0.0,4.0,1.0,,,,,
Judge.me Product Reviews App,Search_EN_Features_2024.08.19,2026-02-24,2026-03-17,UTC,USD,trusty& review,amazon reviews importer,broad,5.0,1,0,0.0,0,0.0,0.0,0.0,0.0,4.0,1.0,,,,,
Judge.me Product Reviews App,Search_EN_Features_2024.08.19,2026-02-24,2026-03-17,UTC,USD,trusty review,amazon reviews importer,broad,5.0,1,0,0.0,0,0.0,0.0,0.0,0.0,4.0,1.0,,,,,
Judge.me Product Reviews App,Search_EN_Features_2024.08.19,2026-02-24,2026-03-17,UTC,USD,trustwill review,amazon reviews importer,broad,5.0,1,0,0.0,0,0.0,0.0,0.0,0.0,3.0,1.0,,,,,
Judge.me Product Reviews App,Search_EN_Features_2024.08.19,2026-02-24,2026-03-17,UTC,USD,trusttoo io reviews,amazon reviews importer,broad,5.0,1,0,0.0,0,0.0,0.0,0.0,0.0,3.0,1.0,,,,,
Judge.me Product Reviews App,Search_EN_Features_2024.08.19,2026-02-24,2026-03-17,UTC,USD,trustto.io reviews,amazon reviews importer,broad,5.0,1,0,0.0,0,0.0,0.0,0.0,0.0,1.0,0.055555,,,,,
Judge.me Product Reviews App,Search_EN_Features_2024.08.19,2026-02-24,2026-03-17,UTC,USD,trustto.io review,amazon reviews importer,broad,5.0,1,0,0.0,0,0.0,0.0,0.0,0.0,4.0,1.0,,,,,
Judge.me Product Reviews App,Search_EN_Features_2024.08.19,2026-02-24,2026-03-17,UTC,USD,trustto.io product reviews app,amazon reviews importer,broad,5.0,1,0,0.0,0,0.0,0.0,0.0,0.0,4.0,0.125,,,,,
Judge.me Product Reviews App,Search_EN_Features_2024.08.19,2026-02-24,2026-03-17,UTC,USD,trustshop review,amazon reviews importer,broad,5.0,1,0,0.0,0,0.0,0.0,0.0,0.0,4.0,0.5,,,,,
Judge.me Product Reviews App,Search_EN_Features_2024.08.19,2026-02-24,2026-03-17,UTC,USD,trustroo.io reviews,amazon reviews importer,broad,5.0,1,0,0.0,0,0.0,0.0,0.0,0.0,4.0,1.0,,,,,
Judge.me Product Reviews App,Search_EN_Features_2024.08.19,2026-02-24,2026-03-17,UTC,USD,trustroo.io review,amazon reviews importer,broad,5.0,1,0,0.0,0,0.0,0.0,0.0,0.0,4.0,1.0,,,,,
Judge.me Product Reviews App,Search_EN_Features_2024.08.19,2026-02-24,2026-03-17,UTC,USD,trustoo.io reviews product reviuws,amazon reviews importer,broad,5.0,1,0,0.0,0,0.0,0.0,0.0,0.0,2.0,1.0,,,,,
Judge.me Product Reviews App,Search_EN_Features_2024.08.19,2026-02-24,2026-03-17,UTC,USD,trustoo.io reviews impoter,amazon reviews importer,broad,5.0,1,0,0.0,0,0.0,0.0,0.0,0.0,3.0,1.0,,,,,
Judge.me Product Reviews App,Search_EN_Features_2024.08.19,2026-02-24,2026-03-17,UTC,USD,trustoo.io reviews by chnnelwill,amazon reviews importer,broad,5.0,1,0,0.0,0,0.0,0.0,0.0,0.0,3.0,1.0,,,,,
Judge.me Product Reviews App,Search_EN_Features_2024.08.19,2026-02-24,2026-03-17,UTC,USD,trustoo.io reviews app,amazon reviews importer,broad,5.0,1,0,0.0,0,0.0,0.0,0.0,0.0,7.0,0.5,,,,,
Judge.me Product Reviews App,Search_EN_Features_2024.08.19,2026-02-24,2026-03-17,UTC,USD,trustoo.io products reviews,amazon reviews importer,broad,5.0,1,0,0.0,0,0.0,0.0,0.0,0.0,12.0,0.5,,,,,
Judge.me Product Reviews App,Search_EN_Features_2024.08.19,2026-02-24,2026-03-17,UTC,USD,trustoo.io producto reviews app,amazon reviews importer,broad,5.0,1,0,0.0,0,0.0,0.0,0.0,0.0,10.0,0.5,,,,,
Judge.me Product Reviews App,Search_EN_Features_2024.08.19,2026-02-24,2026-03-17,UTC,USD,trustoo.io product review,amazon reviews importer,broad,5.0,1,0,0.0,0,0.0,0.0,0.0,0.0,8.0,0.166666,,,,,
Judge.me Product Reviews App,Search_EN_Features_2024.08.19,2026-02-24,2026-03-17,UTC,USD,trustoo.io produc reviews,amazon reviews importer,broad,5.0,1,0,0.0,0,0.0,0.0,0.0,0.0,3.0,1.0,,,,,
Judge.me Product Reviews App,Search_EN_Features_2024.08.19,2026-02-24,2026-03-17,UTC,USD,trustoo.ai reviews,amazon reviews importer,broad,5.0,1,0,0.0,0,0.0,0.0,0.0,0.0,3.0,1.0,,,,,
Judge.me Product Reviews App,Search_EN_Features_2024.08.19,2026-02-24,2026-03-17,UTC,USD,trustoo-io review,amazon reviews importer,broad,5.0,1,0,0.0,0,0.0,0.0,0.0,0.0,4.0,1.0,,,,,
Judge.me Product Reviews App,Search_EN_Features_2024.08.19,2026-02-24,2026-03-17,UTC,USD,trustoo reviews app,amazon reviews importer,broad,5.0,1,0,0.0,0,0.0,0.0,0.0,0.0,9.0,0.333333,,,,,
Judge.me Product Reviews App,Search_EN_Features_2024.08.19,2026-02-24,2026-03-17,UTC,USD,trustoo reviews a,amazon reviews importer,broad,5.0,1,0,0.0,0,0.0,0.0,0.0,0.0,4.0,1.0,,,,,
Judge.me Product Reviews App,Search_EN_Features_2024.08.19,2026-02-24,2026-03-17,UTC,USD,trustoo io reviews\,amazon reviews importer,broad,5.0,1,0,0.0,0,0.0,0.0,0.0,0.0,4.0,1.0,,,,,
Judge.me Product Reviews App,Search_EN_Features_2024.08.19,2026-02-24,2026-03-17,UTC,USD,trustoo io review,amazon reviews importer,broad,5.0,1,0,0.0,0,0.0,0.0,0.0,0.0,1.0,0.333333,,,,,
Judge.me Product Reviews App,Search_EN_Features_2024.08.19,2026-02-24,2026-03-17,UTC,USD,trustoo ali product reviews,amazon reviews importer,broad,5.0,1,0,0.0,0,0.0,0.0,0.0,0.0,3.0,1.0,,,,,
Judge.me Product Reviews App,Search_EN_Features_2024.08.19,2026-02-24,2026-03-17,UTC,USD,trustoo al products review app,amazon reviews importer,broad,5.0,1,0,0.0,0,0.0,0.0,0.0,0.0,11.0,0.333333,,,,,
Judge.me Product Reviews App,Search_EN_Features_2024.08.19,2026-02-24,2026-03-17,UTC,USD,trustoo .io reviews,amazon reviews importer,broad,5.0,1,0,0.0,0,0.0,0.0,0.0,0.0,3.0,1.0,,,,,
Judge.me Product Reviews App,Search_EN_Features_2024.08.19,2026-02-24,2026-03-17,UTC,USD,trusto all reviews,amazon reviews importer,broad,5.0,1,0,0.0,0,0.0,0.0,0.0,0.0,4.0,1.0,,,,,
Judge.me Product Reviews App,Search_EN_Features_2024.08.19,2026-02-24,2026-03-17,UTC,USD,trusto .io review,amazon reviews importer,broad,5.0,1,0,0.0,0,0.0,0.0,0.0,0.0,3.0,1.0,,,,,
Judge.me Product Reviews App,Search_EN_Features_2024.08.19,2026-02-24,2026-03-17,UTC,USD,trustify review,amazon reviews importer,broad,5.0,1,0,0.0,0,0.0,0.0,0.0,0.0,4.0,0.5,,,,,
Judge.me Product Reviews App,Search_EN_Features_2024.08.19,2026-02-24,2026-03-17,UTC,USD,trusted to reviews,amazon reviews importer,broad,5.0,1,0,0.0,0,0.0,0.0,0.0,0.0,4.0,1.0,,,,,
Judge.me Product Reviews App,Search_EN_Features_2024.08.19,2026-02-24,2026-03-17,UTC,USD,trusted lo reviews,amazon reviews importer,broad,5.0,1,0,0.0,0,0.0,0.0,0.0,0.0,4.0,1.0,,,,,
Judge.me Product Reviews App,Search_EN_Features_2024.08.19,2026-02-24,2026-03-17,UTC,USD,trusted 10 reviews,amazon reviews importer,broad,5.0,1,0,0.0,0,0.0,0.0,0.0,0.0,4.0,1.0,,,,,
Judge.me Product Reviews App,Search_EN_Features_2024.08.19,2026-02-24,2026-03-17,UTC,USD,trust00 io reviews,amazon reviews importer,broad,5.0,1,0,0.0,0,0.0,0.0,0.0,0.0,4.0,1.0,,,,,
Judge.me Product Reviews App,Search_EN_Features_2024.08.19,2026-02-24,2026-03-17,UTC,USD,trust will reviews,amazon reviews importer,broad,5.0,1,0,0.0,0,0.0,0.0,0.0,0.0,4.0,1.0,,,,,
Judge.me Product Reviews App,Search_EN_Features_2024.08.19,2026-02-24,2026-03-17,UTC,USD,trust ai review,amazon reviews importer,broad,5.0,1,0,0.0,0,0.0,0.0,0.0,0.0,4.0,1.0,,,,,
Judge.me Product Reviews App,Search_EN_Features_2024.08.19,2026-02-24,2026-03-17,UTC,USD,trust ai produt review,amazon reviews importer,broad,5.0,1,0,0.0,0,0.0,0.0,0.0,0.0,2.0,1.0,,,,,
Judge.me Product Reviews App,Search_EN_Features_2024.08.19,2026-02-24,2026-03-17,UTC,USD,trust ai product review,amazon reviews importer,broad,5.0,1,0,0.0,0,0.0,0.0,0.0,0.0,7.0,1.0,,,,,
Judge.me Product Reviews App,Search_EN_Features_2024.08.19,2026-02-24,2026-03-17,UTC,USD,trsutshop review,amazon reviews importer,broad,5.0,1,0,0.0,0,0.0,0.0,0.0,0.0,3.0,1.0,,,,,
Judge.me Product Reviews App,Search_EN_Features_2024.08.19,2026-02-24,2026-03-17,UTC,USD,trasto review,amazon reviews importer,broad,5.0,1,1,1.0,1,1.0,5.0,5.0,5.0,4.0,1.0,,,,,
Judge.me Product Reviews App,Search_EN_Features_2024.08.19,2026-02-24,2026-03-17,UTC,USD,tr review,amazon reviews importer,broad,5.0,1,0,0.0,0,0.0,0.0,0.0,0.0,4.0,1.0,,,,,
Judge.me Product Reviews App,Search_EN_Features_2024.08.19,2026-02-24,2026-03-17,UTC,USD,title product review app,amazon reviews importer,broad,5.0,1,0,0.0,0,0.0,0.0,0.0,0.0,2.0,1.0,,,,,
Judge.me Product Reviews App,Search_EN_Features_2024.08.19,2026-02-24,2026-03-17,UTC,USD,title product review,amazon reviews importer,broad,5.0,1,1,1.0,1,1.0,5.0,5.0,5.0,2.0,1.0,,,,,
Judge.me Product Reviews App,Search_EN_Features_2024.08.19,2026-02-24,2026-03-17,UTC,USD,tiktok reviews,amazon reviews importer,broad,5.0,1,0,0.0,0,0.0,0.0,0.0,0.0,3.0,0.5,,,,,
Judge.me Product Reviews App,Search_EN_Features_2024.08.19,2026-02-24,2026-03-17,UTC,USD,third-party review platforms,amazon reviews importer,broad,5.0,1,0,0.0,0,0.0,0.0,0.0,0.0,3.0,1.0,,,,,
Judge.me Product Reviews App,Search_EN_Features_2024.08.19,2026-02-24,2026-03-17,UTC,USD,third-party review,amazon reviews importer,broad,5.0,1,0,0.0,0,0.0,0.0,0.0,0.0,3.0,1.0,,,,,
Judge.me Product Reviews App,Search_EN_Features_2024.08.19,2026-02-24,2026-03-17,UTC,USD,the reviewer,amazon reviews importer,broad,5.0,1,0,0.0,0,0.0,0.0,0.0,0.0,4.0,1.0,,,,,
Judge.me Product Reviews App,Search_EN_Features_2024.08.19,2026-02-24,2026-03-17,UTC,USD,the review,amazon reviews importer,broad,5.0,1,0,0.0,0,0.0,0.0,0.0,0.0,3.0,1.0,,,,,
Judge.me Product Reviews App,Search_EN_Features_2024.08.19,2026-02-24,2026-03-17,UTC,USD,testimonial-review,amazon reviews importer,broad,5.0,1,0,0.0,0,0.0,0.0,0.0,0.0,4.0,0.5,,,,,
Judge.me Product Reviews App,Search_EN_Features_2024.08.19,2026-02-24,2026-03-17,UTC,USD,testimonial reviews,amazon reviews importer,broad,5.0,1,0,0.0,0,0.0,0.0,0.0,0.0,1.0,1.0,,,,,
Judge.me Product Reviews App,Search_EN_Features_2024.08.19,2026-02-24,2026-03-17,UTC,USD,summarize reviews,amazon reviews importer,broad,5.0,1,0,0.0,0,0.0,0.0,0.0,0.0,4.0,1.0,,,,,
Judge.me Product Reviews App,Search_EN_Features_2024.08.19,2026-02-24,2026-03-17,UTC,USD,store reviews,amazon reviews importer,broad,5.0,1,0,0.0,0,0.0,0.0,0.0,0.0,3.0,1.0,,,,,
Judge.me Product Reviews App,Search_EN_Features_2024.08.19,2026-02-24,2026-03-17,UTC,USD,startstorez reviews,amazon reviews importer,broad,5.0,1,0,0.0,0,0.0,0.0,0.0,0.0,6.0,0.25,,,,,
Judge.me Product Reviews App,Search_EN_Features_2024.08.19,2026-02-24,2026-03-17,UTC,USD,star procuts review,amazon reviews importer,broad,5.0,1,0,0.0,0,0.0,0.0,0.0,0.0,4.0,1.0,,,,,
Judge.me Product Reviews App,Search_EN_Features_2024.08.19,2026-02-24,2026-03-17,UTC,USD,spreadr - amazon importer,amazon reviews importer,broad,5.0,1,0,0.0,0,0.0,0.0,0.0,0.0,5.0,1.0,,,,,
Judge.me Product Reviews App,Search_EN_Features_2024.08.19,2026-02-24,2026-03-17,UTC,USD,smart review highlights extractor,amazon reviews importer,broad,5.0,1,0,0.0,0,0.0,0.0,0.0,0.0,4.0,1.0,,,,,
Judge.me Product Reviews App,Search_EN_Features_2024.08.19,2026-02-24,2026-03-17,UTC,USD,simply reviews,amazon reviews importer,broad,5.0,1,0,0.0,0,0.0,0.0,0.0,0.0,4.0,0.333333,,,,,
Judge.me Product Reviews App,Search_EN_Features_2024.08.19,2026-02-24,2026-03-17,UTC,USD,show google reviews,amazon reviews importer,broad,5.0,1,0,0.0,0,0.0,0.0,0.0,0.0,3.0,0.333333,,,,,
Judge.me Product Reviews App,Search_EN_Features_2024.08.19,2026-02-24,2026-03-17,UTC,USD,section for amazon comparison,amazon reviews importer,broad,5.0,1,0,0.0,0,0.0,0.0,0.0,0.0,4.0,1.0,,,,,
Judge.me Product Reviews App,Search_EN_Features_2024.08.19,2026-02-24,2026-03-17,UTC,USD,scuti reviews,amazon reviews importer,broad,5.0,1,1,1.0,0,0.0,5.0,0.0,5.0,4.0,1.0,,,,,
Judge.me Product Reviews App,Search_EN_Features_2024.08.19,2026-02-24,2026-03-17,UTC,USD,ryviu:reviews & qa,amazon reviews importer,broad,5.0,1,0,0.0,0,0.0,0.0,0.0,0.0,3.0,1.0,,,,,
Judge.me Product Reviews App,Search_EN_Features_2024.08.19,2026-02-24,2026-03-17,UTC,USD,ryviu-reviews,amazon reviews importer,broad,5.0,1,0,0.0,0,0.0,0.0,0.0,0.0,4.0,1.0,,,,,
Judge.me Product Reviews App,Search_EN_Features_2024.08.19,2026-02-24,2026-03-17,UTC,USD,ryviu amazon importer,amazon reviews importer,broad,5.0,1,0,0.0,0,0.0,0.0,0.0,0.0,4.0,1.0,,,,,
Judge.me Product Reviews App,Search_EN_Features_2024.08.19,2026-02-24,2026-03-17,UTC,USD,roposoclout review,amazon reviews importer,broad,5.0,1,0,0.0,0,0.0,0.0,0.0,0.0,4.0,1.0,,,,,
Judge.me Product Reviews App,Search_EN_Features_2024.08.19,2026-02-24,2026-03-17,UTC,USD,rocket review,amazon reviews importer,broad,5.0,1,0,0.0,0,0.0,0.0,0.0,0.0,4.0,0.25,,,,,
Judge.me Product Reviews App,Search_EN_Features_2024.08.19,2026-02-24,2026-03-17,UTC,USD,rivyo: reviews,amazon reviews importer,broad,5.0,1,0,0.0,0,0.0,0.0,0.0,0.0,4.0,1.0,,,,,
Judge.me Product Reviews App,Search_EN_Features_2024.08.19,2026-02-24,2026-03-17,UTC,USD,rivyo product review,amazon reviews importer,broad,5.0,1,0,0.0,0,0.0,0.0,0.0,0.0,9.0,0.125,,,,,
Judge.me Product Reviews App,Search_EN_Features_2024.08.19,2026-02-24,2026-03-17,UTC,USD,rivo review,amazon reviews importer,broad,5.0,1,0,0.0,0,0.0,0.0,0.0,0.0,4.0,0.5,,,,,
Judge.me Product Reviews App,Search_EN_Features_2024.08.19,2026-02-24,2026-03-17,UTC,USD,rivio reviews,amazon reviews importer,broad,5.0,1,0,0.0,0,0.0,0.0,0.0,0.0,3.0,1.0,,,,,
Judge.me Product Reviews App,Search_EN_Features_2024.08.19,2026-02-24,2026-03-17,UTC,USD,rewievs amazon,amazon reviews importer,broad,5.0,1,0,0.0,0,0.0,0.0,0.0,0.0,4.0,1.0,,,,,
Judge.me Product Reviews App,Search_EN_Features_2024.08.19,2026-02-24,2026-03-17,UTC,USD,revio reviews,amazon reviews importer,broad,5.0,1,0,0.0,0,0.0,0.0,0.0,0.0,3.0,1.0,,,,,
Judge.me Product Reviews App,Search_EN_Features_2024.08.19,2026-02-24,2026-03-17,UTC,USD,reviewsion,amazon reviews importer,broad,5.0,1,0,0.0,0,0.0,0.0,0.0,0.0,3.0,1.0,,,,,
Judge.me Product Reviews App,Search_EN_Features_2024.08.19,2026-02-24,2026-03-17,UTC,USD,reviews',amazon reviews importer,broad,5.0,1,0,0.0,0,0.0,0.0,0.0,0.0,1.0,0.5,,,,,
Judge.me Product Reviews App,Search_EN_Features_2024.08.19,2026-02-24,2026-03-17,UTC,USD,"reviews,io",amazon reviews importer,broad,5.0,1,0,0.0,0,0.0,0.0,0.0,0.0,4.0,1.0,,,,,
Judge.me Product Reviews App,Search_EN_Features_2024.08.19,2026-02-24,2026-03-17,UTC,USD,reviews witg,amazon reviews importer,broad,5.0,1,0,0.0,0,0.0,0.0,0.0,0.0,4.0,1.0,,,,,
Judge.me Product Reviews App,Search_EN_Features_2024.08.19,2026-02-24,2026-03-17,UTC,USD,reviews trustoo.io,amazon reviews importer,broad,5.0,1,0,0.0,0,0.0,0.0,0.0,0.0,4.0,1.0,,,,,
Judge.me Product Reviews App,Search_EN_Features_2024.08.19,2026-02-24,2026-03-17,UTC,USD,reviews trustoo,amazon reviews importer,broad,5.0,1,0,0.0,0,0.0,0.0,0.0,0.0,3.0,0.5,,,,,
Judge.me Product Reviews App,Search_EN_Features_2024.08.19,2026-02-24,2026-03-17,UTC,USD,reviews trust,amazon reviews importer,broad,5.0,1,0,0.0,0,0.0,0.0,0.0,0.0,3.0,1.0,,,,,
Judge.me Product Reviews App,Search_EN_Features_2024.08.19,2026-02-24,2026-03-17,UTC,USD,reviews trussty,amazon reviews importer,broad,5.0,1,0,0.0,0,0.0,0.0,0.0,0.0,11.0,0.5,,,,,
Judge.me Product Reviews App,Search_EN_Features_2024.08.19,2026-02-24,2026-03-17,UTC,USD,reviews trostoo,amazon reviews importer,broad,5.0,1,0,0.0,0,0.0,0.0,0.0,0.0,3.0,1.0,,,,,
Judge.me Product Reviews App,Search_EN_Features_2024.08.19,2026-02-24,2026-03-17,UTC,USD,reviews tab,amazon reviews importer,broad,5.0,1,0,0.0,0,0.0,0.0,0.0,0.0,5.0,0.5,,,,,
Judge.me Product Reviews App,Search_EN_Features_2024.08.19,2026-02-24,2026-03-17,UTC,USD,reviews simulator,amazon reviews importer,broad,5.0,1,1,1.0,1,1.0,5.0,5.0,5.0,4.0,1.0,,,,,
Judge.me Product Reviews App,Search_EN_Features_2024.08.19,2026-02-24,2026-03-17,UTC,USD,reviews similator,amazon reviews importer,broad,5.0,1,0,0.0,0,0.0,0.0,0.0,0.0,4.0,1.0,,,,,
Judge.me Product Reviews App,Search_EN_Features_2024.08.19,2026-02-24,2026-03-17,UTC,USD,reviews premium,amazon reviews importer,broad,5.0,1,0,0.0,0,0.0,0.0,0.0,0.0,4.0,1.0,,,,,
Judge.me Product Reviews App,Search_EN_Features_2024.08.19,2026-02-24,2026-03-17,UTC,USD,reviews platform,amazon reviews importer,broad,5.0,1,0,0.0,0,0.0,0.0,0.0,0.0,4.0,1.0,,,,,
Judge.me Product Reviews App,Search_EN_Features_2024.08.19,2026-02-24,2026-03-17,UTC,USD,reviews manual,amazon reviews importer,broad,5.0,1,0,0.0,0,0.0,0.0,0.0,0.0,1.0,1.0,,,,,
Judge.me Product Reviews App,Search_EN_Features_2024.08.19,2026-02-24,2026-03-17,UTC,USD,reviews io,amazon reviews importer,broad,5.0,1,0,0.0,0,0.0,0.0,0.0,0.0,2.0,1.0,,,,,
Judge.me Product Reviews App,Search_EN_Features_2024.08.19,2026-02-24,2026-03-17,UTC,USD,reviews imporer,amazon reviews importer,broad,5.0,1,0,0.0,0,0.0,0.0,0.0,0.0,4.0,1.0,,,,,
Judge.me Product Reviews App,Search_EN_Features_2024.08.19,2026-02-24,2026-03-17,UTC,USD,reviews i,amazon reviews importer,broad,5.0,1,0,0.0,0,0.0,0.0,0.0,0.0,4.0,1.0,,,,,
Judge.me Product Reviews App,Search_EN_Features_2024.08.19,2026-02-24,2026-03-17,UTC,USD,reviews grid,amazon reviews importer,broad,5.0,1,0,0.0,0,0.0,0.0,0.0,0.0,3.0,0.333333,,,,,
Judge.me Product Reviews App,Search_EN_Features_2024.08.19,2026-02-24,2026-03-17,UTC,USD,reviews gratuitas para o brasil,amazon reviews importer,broad,5.0,1,0,0.0,0,0.0,0.0,0.0,0.0,4.0,1.0,,,,,
Judge.me Product Reviews App,Search_EN_Features_2024.08.19,2026-02-24,2026-03-17,UTC,USD,reviews gratuitas,amazon reviews importer,broad,5.0,1,0,0.0,0,0.0,0.0,0.0,0.0,4.0,1.0,,,,,
Judge.me Product Reviews App,Search_EN_Features_2024.08.19,2026-02-24,2026-03-17,UTC,USD,reviews from bazaar voice,amazon reviews importer,broad,5.0,1,0,0.0,0,0.0,0.0,0.0,0.0,4.0,1.0,,,,,
Judge.me Product Reviews App,Search_EN_Features_2024.08.19,2026-02-24,2026-03-17,UTC,USD,reviews comments,amazon reviews importer,broad,5.0,1,0,0.0,0,0.0,0.0,0.0,0.0,7.0,1.0,,,,,
Judge.me Product Reviews App,Search_EN_Features_2024.08.19,2026-02-24,2026-03-17,UTC,USD,reviews bk,amazon reviews importer,broad,5.0,1,0,0.0,0,0.0,0.0,0.0,0.0,4.0,1.0,,,,,
Judge.me Product Reviews App,Search_EN_Features_2024.08.19,2026-02-24,2026-03-17,UTC,USD,reviews bar,amazon reviews importer,broad,5.0,1,0,0.0,0,0.0,0.0,0.0,0.0,4.0,1.0,,,,,
Judge.me Product Reviews App,Search_EN_Features_2024.08.19,2026-02-24,2026-03-17,UTC,USD,reviews aliexpres,amazon reviews importer,broad,5.0,1,0,0.0,0,0.0,0.0,0.0,0.0,4.0,0.5,,,,,
Judge.me Product Reviews App,Search_EN_Features_2024.08.19,2026-02-24,2026-03-17,UTC,USD,reviews ali,amazon reviews importer,broad,5.0,1,0,0.0,0,0.0,0.0,0.0,0.0,2.0,0.5,,,,,
Judge.me Product Reviews App,Search_EN_Features_2024.08.19,2026-02-24,2026-03-17,UTC,USD,reviews ai,amazon reviews importer,broad,5.0,1,0,0.0,0,0.0,0.0,0.0,0.0,4.0,1.0,,,,,
Judge.me Product Reviews App,Search_EN_Features_2024.08.19,2026-02-24,2026-03-17,UTC,USD,review with im,amazon reviews importer,broad,5.0,1,0,0.0,0,0.0,0.0,0.0,0.0,4.0,1.0,,,,,
Judge.me Product Reviews App,Search_EN_Features_2024.08.19,2026-02-24,2026-03-17,UTC,USD,review widgets,amazon reviews importer,broad,5.0,1,0,0.0,0,0.0,0.0,0.0,0.0,1.0,0.166666,,,,,
Judge.me Product Reviews App,Search_EN_Features_2024.08.19,2026-02-24,2026-03-17,UTC,USD,review wid,amazon reviews importer,broad,5.0,1,0,0.0,0,0.0,0.0,0.0,0.0,3.0,0.333333,,,,,
Judge.me Product Reviews App,Search_EN_Features_2024.08.19,2026-02-24,2026-03-17,UTC,USD,review tustopo,amazon reviews importer,broad,5.0,1,0,0.0,0,0.0,0.0,0.0,0.0,4.0,1.0,,,,,
Judge.me Product Reviews App,Search_EN_Features_2024.08.19,2026-02-24,2026-03-17,UTC,USD,review trustpilot,amazon reviews importer,broad,5.0,1,0,0.0,0,0.0,0.0,0.0,0.0,2.0,1.0,,,,,
Judge.me Product Reviews App,Search_EN_Features_2024.08.19,2026-02-24,2026-03-17,UTC,USD,review trust,amazon reviews importer,broad,5.0,1,0,0.0,0,0.0,0.0,0.0,0.0,4.0,1.0,,,,,
Judge.me Product Reviews App,Search_EN_Features_2024.08.19,2026-02-24,2026-03-17,UTC,USD,review topups,amazon reviews importer,broad,5.0,1,0,0.0,0,0.0,0.0,0.0,0.0,3.0,1.0,,,,,
Judge.me Product Reviews App,Search_EN_Features_2024.08.19,2026-02-24,2026-03-17,UTC,USD,review syndication,amazon reviews importer,broad,5.0,1,0,0.0,0,0.0,0.0,0.0,0.0,4.0,1.0,,,,,
Judge.me Product Reviews App,Search_EN_Features_2024.08.19,2026-02-24,2026-03-17,UTC,USD,review shopee,amazon reviews importer,broad,5.0,1,0,0.0,0,0.0,0.0,0.0,0.0,4.0,0.2,,,,,
Judge.me Product Reviews App,Search_EN_Features_2024.08.19,2026-02-24,2026-03-17,UTC,USD,review scroll,amazon reviews importer,broad,5.0,1,0,0.0,0,0.0,0.0,0.0,0.0,3.0,1.0,,,,,
Judge.me Product Reviews App,Search_EN_Features_2024.08.19,2026-02-24,2026-03-17,UTC,USD,review requests,amazon reviews importer,broad,5.0,1,0,0.0,0,0.0,0.0,0.0,0.0,5.0,0.5,,,,,
Judge.me Product Reviews App,Search_EN_Features_2024.08.19,2026-02-24,2026-03-17,UTC,USD,review request,amazon reviews importer,broad,5.0,1,0,0.0,0,0.0,0.0,0.0,0.0,2.0,0.166666,,,,,
Judge.me Product Reviews App,Search_EN_Features_2024.08.19,2026-02-24,2026-03-17,UTC,USD,review product page,amazon reviews importer,broad,5.0,1,0,0.0,0,0.0,0.0,0.0,0.0,4.0,1.0,,,,,
Judge.me Product Reviews App,Search_EN_Features_2024.08.19,2026-02-24,2026-03-17,UTC,USD,review multiplier,amazon reviews importer,broad,5.0,1,0,0.0,0,0.0,0.0,0.0,0.0,4.0,1.0,,,,,
Judge.me Product Reviews App,Search_EN_Features_2024.08.19,2026-02-24,2026-03-17,UTC,USD,review lai,amazon reviews importer,broad,5.0,1,0,0.0,0,0.0,0.0,0.0,0.0,4.0,1.0,,,,,
Judge.me Product Reviews App,Search_EN_Features_2024.08.19,2026-02-24,2026-03-17,UTC,USD,review it,amazon reviews importer,broad,5.0,1,0,0.0,0,0.0,0.0,0.0,0.0,3.0,1.0,,,,,
Judge.me Product Reviews App,Search_EN_Features_2024.08.19,2026-02-24,2026-03-17,UTC,USD,review imprit,amazon reviews importer,broad,5.0,1,0,0.0,0,0.0,0.0,0.0,0.0,4.0,1.0,,,,,
Judge.me Product Reviews App,Search_EN_Features_2024.08.19,2026-02-24,2026-03-17,UTC,USD,review imposter,amazon reviews importer,broad,5.0,1,0,0.0,0,0.0,0.0,0.0,0.0,4.0,1.0,,,,,
Judge.me Product Reviews App,Search_EN_Features_2024.08.19,2026-02-24,2026-03-17,UTC,USD,review importify,amazon reviews importer,broad,5.0,1,1,1.0,1,1.0,5.0,5.0,5.0,4.0,0.333333,,,,,
Judge.me Product Reviews App,Search_EN_Features_2024.08.19,2026-02-24,2026-03-17,UTC,USD,review gratos,amazon reviews importer,broad,5.0,1,0,0.0,0,0.0,0.0,0.0,0.0,4.0,1.0,,,,,
Judge.me Product Reviews App,Search_EN_Features_2024.08.19,2026-02-24,2026-03-17,UTC,USD,review gratis,amazon reviews importer,broad,5.0,1,0,0.0,0,0.0,0.0,0.0,0.0,2.0,1.0,,,,,
Judge.me Product Reviews App,Search_EN_Features_2024.08.19,2026-02-24,2026-03-17,UTC,USD,review gallery,amazon reviews importer,broad,5.0,1,0,0.0,0,0.0,0.0,0.0,0.0,1.0,1.0,,,,,
Judge.me Product Reviews App,Search_EN_Features_2024.08.19,2026-02-24,2026-03-17,UTC,USD,review gala,amazon reviews importer,broad,5.0,1,0,0.0,0,0.0,0.0,0.0,0.0,4.0,1.0,,,,,
Judge.me Product Reviews App,Search_EN_Features_2024.08.19,2026-02-24,2026-03-17,UTC,USD,review form,amazon reviews importer,broad,5.0,1,1,1.0,1,1.0,5.0,5.0,5.0,1.0,1.0,,,,,
Judge.me Product Reviews App,Search_EN_Features_2024.08.19,2026-02-24,2026-03-17,UTC,USD,review f,amazon reviews importer,broad,5.0,1,0,0.0,0,0.0,0.0,0.0,0.0,4.0,1.0,,,,,
Judge.me Product Reviews App,Search_EN_Features_2024.08.19,2026-02-24,2026-03-17,UTC,USD,review email automation,amazon reviews importer,broad,5.0,1,0,0.0,0,0.0,0.0,0.0,0.0,8.0,0.5,,,,,
Judge.me Product Reviews App,Search_EN_Features_2024.08.19,2026-02-24,2026-03-17,UTC,USD,review display,amazon reviews importer,broad,5.0,1,0,0.0,0,0.0,0.0,0.0,0.0,4.0,1.0,,,,,
Judge.me Product Reviews App,Search_EN_Features_2024.08.19,2026-02-24,2026-03-17,UTC,USD,review counter,amazon reviews importer,broad,5.0,1,0,0.0,0,0.0,0.0,0.0,0.0,7.0,1.0,,,,,
Judge.me Product Reviews App,Search_EN_Features_2024.08.19,2026-02-24,2026-03-17,UTC,USD,review collect,amazon reviews importer,broad,5.0,1,0,0.0,0,0.0,0.0,0.0,0.0,4.0,0.333333,,,,,
Judge.me Product Reviews App,Search_EN_Features_2024.08.19,2026-02-24,2026-03-17,UTC,USD,review client,amazon reviews importer,broad,5.0,1,0,0.0,0,0.0,0.0,0.0,0.0,4.0,1.0,,,,,
Judge.me Product Reviews App,Search_EN_Features_2024.08.19,2026-02-24,2026-03-17,UTC,USD,review carousul,amazon reviews importer,broad,5.0,1,0,0.0,0,0.0,0.0,0.0,0.0,4.0,1.0,,,,,
Judge.me Product Reviews App,Search_EN_Features_2024.08.19,2026-02-24,2026-03-17,UTC,USD,review caddy,amazon reviews importer,broad,5.0,1,0,0.0,0,0.0,0.0,0.0,0.0,4.0,1.0,,,,,
Judge.me Product Reviews App,Search_EN_Features_2024.08.19,2026-02-24,2026-03-17,UTC,USD,review bubbles,amazon reviews importer,broad,5.0,1,0,0.0,0,0.0,0.0,0.0,0.0,4.0,1.0,,,,,
Judge.me Product Reviews App,Search_EN_Features_2024.08.19,2026-02-24,2026-03-17,UTC,USD,review app for free,amazon reviews importer,broad,5.0,1,0,0.0,0,0.0,0.0,0.0,0.0,4.0,0.5,,,,,
Judge.me Product Reviews App,Search_EN_Features_2024.08.19,2026-02-24,2026-03-17,UTC,USD,review ap,amazon reviews importer,broad,5.0,1,0,0.0,0,0.0,0.0,0.0,0.0,3.0,1.0,,,,,
Judge.me Product Reviews App,Search_EN_Features_2024.08.19,2026-02-24,2026-03-17,UTC,USD,review analysis,amazon reviews importer,broad,5.0,1,0,0.0,0,0.0,0.0,0.0,0.0,9.0,0.5,,,,,
Judge.me Product Reviews App,Search_EN_Features_2024.08.19,2026-02-24,2026-03-17,UTC,USD,review amazon,amazon reviews importer,broad,5.0,1,0,0.0,0,0.0,0.0,0.0,0.0,4.0,0.125,,,,,
Judge.me Product Reviews App,Search_EN_Features_2024.08.19,2026-02-24,2026-03-17,UTC,USD,review aggretator,amazon reviews importer,broad,5.0,1,0,0.0,0,0.0,0.0,0.0,0.0,3.0,1.0,,,,,
Judge.me Product Reviews App,Search_EN_Features_2024.08.19,2026-02-24,2026-03-17,UTC,USD,review a[[,amazon reviews importer,broad,5.0,1,0,0.0,0,0.0,0.0,0.0,0.0,4.0,1.0,,,,,
Judge.me Product Reviews App,Search_EN_Features_2024.08.19,2026-02-24,2026-03-17,UTC,USD,review & rating,amazon reviews importer,broad,5.0,1,0,0.0,0,0.0,0.0,0.0,0.0,4.0,1.0,,,,,
Judge.me Product Reviews App,Search_EN_Features_2024.08.19,2026-02-24,2026-03-17,UTC,USD,real review,amazon reviews importer,broad,5.0,1,0,0.0,0,0.0,0.0,0.0,0.0,12.0,1.0,,,,,
Judge.me Product Reviews App,Search_EN_Features_2024.08.19,2026-02-24,2026-03-17,UTC,USD,ratings and reviews,amazon reviews importer,broad,5.0,1,0,0.0,0,0.0,0.0,0.0,0.0,4.0,0.25,,,,,
Judge.me Product Reviews App,Search_EN_Features_2024.08.19,2026-02-24,2026-03-17,UTC,USD,rating reviews,amazon reviews importer,broad,5.0,1,0,0.0,0,0.0,0.0,0.0,0.0,4.0,0.5,,,,,
Judge.me Product Reviews App,Search_EN_Features_2024.08.19,2026-02-24,2026-03-17,UTC,USD,rates and review,amazon reviews importer,broad,5.0,1,0,0.0,0,0.0,0.0,0.0,0.0,4.0,1.0,,,,,
Judge.me Product Reviews App,Search_EN_Features_2024.08.19,2026-02-24,2026-03-17,UTC,USD,quick amazon importer,amazon reviews importer,broad,5.0,1,0,0.0,0,0.0,0.0,0.0,0.0,4.0,0.5,,,,,
Judge.me Product Reviews App,Search_EN_Features_2024.08.19,2026-02-24,2026-03-17,UTC,USD,pruduct review,amazon reviews importer,broad,5.0,1,0,0.0,0,0.0,0.0,0.0,0.0,4.0,1.0,,,,,
Judge.me Product Reviews App,Search_EN_Features_2024.08.19,2026-02-24,2026-03-17,UTC,USD,produits amazon,amazon reviews importer,broad,5.0,1,0,0.0,0,0.0,0.0,0.0,0.0,3.0,1.0,,,,,
Judge.me Product Reviews App,Search_EN_Features_2024.08.19,2026-02-24,2026-03-17,UTC,USD,product reviews widget,amazon reviews importer,broad,5.0,1,0,0.0,0,0.0,0.0,0.0,0.0,7.0,0.333333,,,,,
Judge.me Product Reviews App,Search_EN_Features_2024.08.19,2026-02-24,2026-03-17,UTC,USD,product reviews myappgurus,amazon reviews importer,broad,5.0,1,0,0.0,0,0.0,0.0,0.0,0.0,4.0,0.111111,,,,,
Judge.me Product Reviews App,Search_EN_Features_2024.08.19,2026-02-24,2026-03-17,UTC,USD,product reviews gratis,amazon reviews importer,broad,5.0,1,0,0.0,0,0.0,0.0,0.0,0.0,2.0,0.5,,,,,
Judge.me Product Reviews App,Search_EN_Features_2024.08.19,2026-02-24,2026-03-17,UTC,USD,product reviews free,amazon reviews importer,broad,5.0,1,1,1.0,1,1.0,5.0,5.0,5.0,2.0,0.2,,,,,
Judge.me Product Reviews App,Search_EN_Features_2024.08.19,2026-02-24,2026-03-17,UTC,USD,product review and ratings,amazon reviews importer,broad,5.0,1,0,0.0,0,0.0,0.0,0.0,0.0,10.0,1.0,,,,,
Judge.me Product Reviews App,Search_EN_Features_2024.08.19,2026-02-24,2026-03-17,UTC,USD,produc review,amazon reviews importer,broad,5.0,1,0,0.0,0,0.0,0.0,0.0,0.0,3.0,1.0,,,,,
Judge.me Product Reviews App,Search_EN_Features_2024.08.19,2026-02-24,2026-03-17,UTC,USD,prime review,amazon reviews importer,broad,5.0,1,0,0.0,0,0.0,0.0,0.0,0.0,4.0,0.055555,,,,,
Judge.me Product Reviews App,Search_EN_Features_2024.08.19,2026-02-24,2026-03-17,UTC,USD,popup reviews,amazon reviews importer,broad,5.0,1,0,0.0,0,0.0,0.0,0.0,0.0,4.0,1.0,,,,,
Judge.me Product Reviews App,Search_EN_Features_2024.08.19,2026-02-24,2026-03-17,UTC,USD,poduct reviews,amazon reviews importer,broad,5.0,1,0,0.0,0,0.0,0.0,0.0,0.0,4.0,1.0,,,,,
Judge.me Product Reviews App,Search_EN_Features_2024.08.19,2026-02-24,2026-03-17,UTC,USD,panton amazon importer,amazon reviews importer,broad,5.0,1,0,0.0,0,0.0,0.0,0.0,0.0,2.0,0.25,,,,,
Judge.me Product Reviews App,Search_EN_Features_2024.08.19,2026-02-24,2026-03-17,UTC,USD,my reviews on oxavia,amazon reviews importer,broad,5.0,1,0,0.0,0,0.0,0.0,0.0,0.0,10.0,1.0,,,,,
Judge.me Product Reviews App,Search_EN_Features_2024.08.19,2026-02-24,2026-03-17,UTC,USD,monthly scent review,amazon reviews importer,broad,5.0,1,0,0.0,0,0.0,0.0,0.0,0.0,2.0,0.5,,,,,
Judge.me Product Reviews App,Search_EN_Features_2024.08.19,2026-02-24,2026-03-17,UTC,USD,mock reviews,amazon reviews importer,broad,5.0,1,0,0.0,0,0.0,0.0,0.0,0.0,4.0,1.0,,,,,
Judge.me Product Reviews App,Search_EN_Features_2024.08.19,2026-02-24,2026-03-17,UTC,USD,main menu reviews,amazon reviews importer,broad,5.0,1,0,0.0,0,0.0,0.0,0.0,0.0,4.0,1.0,,,,,
Judge.me Product Reviews App,Search_EN_Features_2024.08.19,2026-02-24,2026-03-17,UTC,USD,lox reviews,amazon reviews importer,broad,5.0,1,0,0.0,0,0.0,0.0,0.0,0.0,4.0,1.0,,,,,
Judge.me Product Reviews App,Search_EN_Features_2024.08.19,2026-02-24,2026-03-17,UTC,USD,loox prodcut reviews e photos,amazon reviews importer,broad,5.0,1,0,0.0,0,0.0,0.0,0.0,0.0,10.0,0.333333,,,,,
Judge.me Product Reviews App,Search_EN_Features_2024.08.19,2026-02-24,2026-03-17,UTC,USD,loop reviews,amazon reviews importer,broad,5.0,1,0,0.0,0,0.0,0.0,0.0,0.0,4.0,1.0,,,,,
Judge.me Product Reviews App,Search_EN_Features_2024.08.19,2026-02-24,2026-03-17,UTC,USD,list to amazon,amazon reviews importer,broad,5.0,1,0,0.0,0,0.0,0.0,0.0,0.0,3.0,0.333333,,,,,
Judge.me Product Reviews App,Search_EN_Features_2024.08.19,2026-02-24,2026-03-17,UTC,USD,lily review,amazon reviews importer,broad,5.0,1,0,0.0,0,0.0,0.0,0.0,0.0,4.0,1.0,,,,,
Judge.me Product Reviews App,Search_EN_Features_2024.08.19,2026-02-24,2026-03-17,UTC,USD,lilly review,amazon reviews importer,broad,5.0,1,0,0.0,0,0.0,0.0,0.0,0.0,4.0,1.0,,,,,
Judge.me Product Reviews App,Search_EN_Features_2024.08.19,2026-02-24,2026-03-17,UTC,USD,lia review,amazon reviews importer,broad,5.0,1,0,0.0,0,0.0,0.0,0.0,0.0,3.0,1.0,,,,,
Judge.me Product Reviews App,Search_EN_Features_2024.08.19,2026-02-24,2026-03-17,UTC,USD,lay reviews,amazon reviews importer,broad,5.0,1,0,0.0,0,0.0,0.0,0.0,0.0,4.0,1.0,,,,,
Judge.me Product Reviews App,Search_EN_Features_2024.08.19,2026-02-24,2026-03-17,UTC,USD,la reviews,amazon reviews importer,broad,5.0,1,0,0.0,0,0.0,0.0,0.0,0.0,3.0,0.25,,,,,
Judge.me Product Reviews App,Search_EN_Features_2024.08.19,2026-02-24,2026-03-17,UTC,USD,kudosi ali reviews,amazon reviews importer,broad,5.0,1,0,0.0,0,0.0,0.0,0.0,0.0,2.0,0.333333,,,,,
Judge.me Product Reviews App,Search_EN_Features_2024.08.19,2026-02-24,2026-03-17,UTC,USD,kudosi ali review,amazon reviews importer,broad,5.0,1,0,0.0,0,0.0,0.0,0.0,0.0,3.0,0.5,,,,,
Judge.me Product Reviews App,Search_EN_Features_2024.08.19,2026-02-24,2026-03-17,UTC,USD,klaviyo-reviews,amazon reviews importer,broad,5.0,1,0,0.0,0,0.0,0.0,0.0,0.0,4.0,1.0,,,,,
Judge.me Product Reviews App,Search_EN_Features_2024.08.19,2026-02-24,2026-03-17,UTC,USD,k:reviews,amazon reviews importer,broad,5.0,1,1,1.0,1,1.0,5.0,5.0,5.0,3.0,1.0,,,,,
Judge.me Product Reviews App,Search_EN_Features_2024.08.19,2026-02-24,2026-03-17,UTC,USD,justify reviews,amazon reviews importer,broad,5.0,1,1,1.0,1,1.0,5.0,5.0,5.0,3.0,1.0,,,,,
Judge.me Product Reviews App,Search_EN_Features_2024.08.19,2026-02-24,2026-03-17,UTC,USD,junip review,amazon reviews importer,broad,5.0,1,0,0.0,0,0.0,0.0,0.0,0.0,1.0,0.5,,,,,
Judge.me Product Reviews App,Search_EN_Features_2024.08.19,2026-02-24,2026-03-17,UTC,USD,jujde me review,amazon reviews importer,broad,5.0,1,0,0.0,0,0.0,0.0,0.0,0.0,4.0,1.0,,,,,
Judge.me Product Reviews App,Search_EN_Features_2024.08.19,2026-02-24,2026-03-17,UTC,USD,jugvi review,amazon reviews importer,broad,5.0,1,0,0.0,0,0.0,0.0,0.0,0.0,4.0,1.0,,,,,
Judge.me Product Reviews App,Search_EN_Features_2024.08.19,2026-02-24,2026-03-17,UTC,USD,jugded me reviews,amazon reviews importer,broad,5.0,1,1,1.0,1,1.0,5.0,5.0,5.0,4.0,1.0,,,,,
Judge.me Product Reviews App,Search_EN_Features_2024.08.19,2026-02-24,2026-03-17,UTC,USD,jugde.me review,amazon reviews importer,broad,5.0,1,0,0.0,0,0.0,0.0,0.0,0.0,4.0,1.0,,,,,
Judge.me Product Reviews App,Search_EN_Features_2024.08.19,2026-02-24,2026-03-17,UTC,USD,judgeme reviews,amazon reviews importer,broad,5.0,1,1,1.0,1,1.0,5.0,5.0,5.0,1.0,0.333333,,,,,
Judge.me Product Reviews App,Search_EN_Features_2024.08.19,2026-02-24,2026-03-17,UTC,USD,judge.product reviews,amazon reviews importer,broad,5.0,1,1,1.0,1,1.0,5.0,5.0,5.0,4.0,1.0,,,,,
Judge.me Product Reviews App,Search_EN_Features_2024.08.19,2026-02-24,2026-03-17,UTC,USD,judge.me reviews resena,amazon reviews importer,broad,5.0,1,0,0.0,0,0.0,0.0,0.0,0.0,3.0,1.0,,,,,
Judge.me Product Reviews App,Search_EN_Features_2024.08.19,2026-02-24,2026-03-17,UTC,USD,judge.me reviews logo judge.me review,amazon reviews importer,broad,5.0,1,0,0.0,0,0.0,0.0,0.0,0.0,4.0,1.0,,,,,
Judge.me Product Reviews App,Search_EN_Features_2024.08.19,2026-02-24,2026-03-17,UTC,USD,judge.me review grid,amazon reviews importer,broad,5.0,1,1,1.0,0,0.0,5.0,0.0,5.0,4.0,1.0,,,,,
Judge.me Product Reviews App,Search_EN_Features_2024.08.19,2026-02-24,2026-03-17,UTC,USD,judge.me review,amazon reviews importer,broad,5.0,1,0,0.0,0,0.0,0.0,0.0,0.0,2.0,0.5,,,,,
Judge.me Product Reviews App,Search_EN_Features_2024.08.19,2026-02-24,2026-03-17,UTC,USD,judge.me produch reviews,amazon reviews importer,broad,5.0,1,0,0.0,0,0.0,0.0,0.0,0.0,4.0,1.0,,,,,
Judge.me Product Reviews App,Search_EN_Features_2024.08.19,2026-02-24,2026-03-17,UTC,USD,judge.me aliexpress review,amazon reviews importer,broad,5.0,1,0,0.0,0,0.0,0.0,0.0,0.0,1.0,1.0,,,,,
Judge.me Product Reviews App,Search_EN_Features_2024.08.19,2026-02-24,2026-03-17,UTC,USD,judge. m reviews,amazon reviews importer,broad,5.0,1,0,0.0,0,0.0,0.0,0.0,0.0,3.0,1.0,,,,,
Judge.me Product Reviews App,Search_EN_Features_2024.08.19,2026-02-24,2026-03-17,UTC,USD,judge me reviews im,amazon reviews importer,broad,5.0,1,0,0.0,0,0.0,0.0,0.0,0.0,4.0,1.0,,,,,
Judge.me Product Reviews App,Search_EN_Features_2024.08.19,2026-02-24,2026-03-17,UTC,USD,judge me product reviews,amazon reviews importer,broad,5.0,1,0,0.0,0,0.0,0.0,0.0,0.0,3.0,0.166666,,,,,
Judge.me Product Reviews App,Search_EN_Features_2024.08.19,2026-02-24,2026-03-17,UTC,USD,judge me my review,amazon reviews importer,broad,5.0,1,1,1.0,1,1.0,5.0,5.0,5.0,4.0,1.0,,,,,
Judge.me Product Reviews App,Search_EN_Features_2024.08.19,2026-02-24,2026-03-17,UTC,USD,judge me ali express review,amazon reviews importer,broad,5.0,1,0,0.0,0,0.0,0.0,0.0,0.0,3.0,1.0,,,,,
Judge.me Product Reviews App,Search_EN_Features_2024.08.19,2026-02-24,2026-03-17,UTC,USD,judg me reviews,amazon reviews importer,broad,5.0,1,1,1.0,1,1.0,5.0,5.0,5.0,4.0,1.0,,,,,
Judge.me Product Reviews App,Search_EN_Features_2024.08.19,2026-02-24,2026-03-17,UTC,USD,judege review,amazon reviews importer,broad,5.0,1,1,1.0,1,1.0,5.0,5.0,5.0,3.0,1.0,,,,,
Judge.me Product Reviews App,Search_EN_Features_2024.08.19,2026-02-24,2026-03-17,UTC,USD,jude me reviews,amazon reviews importer,broad,5.0,1,1,1.0,1,1.0,5.0,5.0,5.0,4.0,1.0,,,,,
Judge.me Product Reviews App,Search_EN_Features_2024.08.19,2026-02-24,2026-03-17,UTC,USD,jdgm review,amazon reviews importer,broad,5.0,1,0,0.0,0,0.0,0.0,0.0,0.0,4.0,1.0,,,,,
Judge.me Product Reviews App,Search_EN_Features_2024.08.19,2026-02-24,2026-03-17,UTC,USD,instagram review,amazon reviews importer,broad,5.0,1,0,0.0,0,0.0,0.0,0.0,0.0,4.0,0.5,,,,,
Judge.me Product Reviews App,Search_EN_Features_2024.08.19,2026-02-24,2026-03-17,UTC,USD,importar resenas de amazon,amazon reviews importer,broad,5.0,1,0,0.0,0,0.0,0.0,0.0,0.0,4.0,0.5,,,,,
Judge.me Product Reviews App,Search_EN_Features_2024.08.19,2026-02-24,2026-03-17,UTC,USD,import review amazon,amazon reviews importer,broad,5.0,1,0,0.0,0,0.0,0.0,0.0,0.0,7.0,0.25,,,,,
Judge.me Product Reviews App,Search_EN_Features_2024.08.19,2026-02-24,2026-03-17,UTC,USD,images review,amazon reviews importer,broad,5.0,1,0,0.0,0,0.0,0.0,0.0,0.0,3.0,1.0,,,,,
Judge.me Product Reviews App,Search_EN_Features_2024.08.19,2026-02-24,2026-03-17,UTC,USD,hulk review,amazon reviews importer,broad,5.0,1,0,0.0,0,0.0,0.0,0.0,0.0,12.0,0.111111,,,,,
Judge.me Product Reviews App,Search_EN_Features_2024.08.19,2026-02-24,2026-03-17,UTC,USD,https://apps.shopify.com/testimonial-review,amazon reviews importer,broad,5.0,1,0,0.0,0,0.0,0.0,0.0,0.0,4.0,1.0,,,,,
Judge.me Product Reviews App,Search_EN_Features_2024.08.19,2026-02-24,2026-03-17,UTC,USD,https://apps.shopify.com/reviews/2097130,amazon reviews importer,broad,5.0,1,0,0.0,0,0.0,0.0,0.0,0.0,4.0,1.0,,,,,
Judge.me Product Reviews App,Search_EN_Features_2024.08.19,2026-02-24,2026-03-17,UTC,USD,https://apps.shopify.com/reviews/2075254,amazon reviews importer,broad,5.0,1,0,0.0,0,0.0,0.0,0.0,0.0,4.0,1.0,,,,,
Judge.me Product Reviews App,Search_EN_Features_2024.08.19,2026-02-24,2026-03-17,UTC,USD,homepage reviews,amazon reviews importer,broad,5.0,1,0,0.0,0,0.0,0.0,0.0,0.0,4.0,0.333333,,,,,
Judge.me Product Reviews App,Search_EN_Features_2024.08.19,2026-02-24,2026-03-17,UTC,USD,hextom reviews,amazon reviews importer,broad,5.0,1,0,0.0,0,0.0,0.0,0.0,0.0,4.0,1.0,,,,,
Judge.me Product Reviews App,Search_EN_Features_2024.08.19,2026-02-24,2026-03-17,UTC,USD,grp review,amazon reviews importer,broad,5.0,1,1,1.0,1,1.0,5.0,5.0,5.0,4.0,1.0,,,,,
Judge.me Product Reviews App,Search_EN_Features_2024.08.19,2026-02-24,2026-03-17,UTC,USD,group reviews,amazon reviews importer,broad,5.0,1,0,0.0,0,0.0,0.0,0.0,0.0,1.0,1.0,,,,,
Judge.me Product Reviews App,Search_EN_Features_2024.08.19,2026-02-24,2026-03-17,UTC,USD,google review elfsight,amazon reviews importer,broad,5.0,1,0,0.0,0,0.0,0.0,0.0,0.0,1.0,0.5,,,,,
Judge.me Product Reviews App,Search_EN_Features_2024.08.19,2026-02-24,2026-03-17,UTC,USD,googel reviews,amazon reviews importer,broad,5.0,1,0,0.0,0,0.0,0.0,0.0,0.0,2.0,0.25,,,,,
Judge.me Product Reviews App,Search_EN_Features_2024.08.19,2026-02-24,2026-03-17,UTC,USD,gd amazone importer,amazon reviews importer,broad,5.0,1,0,0.0,0,0.0,0.0,0.0,0.0,4.0,1.0,,,,,
Judge.me Product Reviews App,Search_EN_Features_2024.08.19,2026-02-24,2026-03-17,UTC,USD,fullfillment by amazon,amazon reviews importer,broad,5.0,1,0,0.0,0,0.0,0.0,0.0,0.0,2.0,0.5,,,,,
Judge.me Product Reviews App,Search_EN_Features_2024.08.19,2026-02-24,2026-03-17,UTC,USD,fulfillment by amazon),amazon reviews importer,broad,5.0,1,0,0.0,0,0.0,0.0,0.0,0.0,3.0,1.0,,,,,
Judge.me Product Reviews App,Search_EN_Features_2024.08.19,2026-02-24,2026-03-17,UTC,USD,frequently bought together review,amazon reviews importer,broad,5.0,1,0,0.0,0,0.0,0.0,0.0,0.0,4.0,0.5,,,,,
Judge.me Product Reviews App,Search_EN_Features_2024.08.19,2026-02-24,2026-03-17,UTC,USD,free reviews app,amazon reviews importer,broad,5.0,1,0,0.0,0,0.0,0.0,0.0,0.0,4.0,0.166666,,,,,
Judge.me Product Reviews App,Search_EN_Features_2024.08.19,2026-02-24,2026-03-17,UTC,USD,free review app,amazon reviews importer,broad,5.0,1,0,0.0,0,0.0,0.0,0.0,0.0,1.0,0.333333,,,,,
Judge.me Product Reviews App,Search_EN_Features_2024.08.19,2026-02-24,2026-03-17,UTC,USD,free hulk prooduct reviews,amazon reviews importer,broad,5.0,1,0,0.0,0,0.0,0.0,0.0,0.0,4.0,1.0,,,,,
Judge.me Product Reviews App,Search_EN_Features_2024.08.19,2026-02-24,2026-03-17,UTC,USD,free hulk product review,amazon reviews importer,broad,5.0,1,0,0.0,0,0.0,0.0,0.0,0.0,2.0,1.0,,,,,
Judge.me Product Reviews App,Search_EN_Features_2024.08.19,2026-02-24,2026-03-17,UTC,USD,free amazon importer,amazon reviews importer,broad,5.0,1,0,0.0,0,0.0,0.0,0.0,0.0,6.0,0.5,,,,,
Judge.me Product Reviews App,Search_EN_Features_2024.08.19,2026-02-24,2026-03-17,UTC,USD,floating review,amazon reviews importer,broad,5.0,1,0,0.0,0,0.0,0.0,0.0,0.0,4.0,1.0,,,,,
Judge.me Product Reviews App,Search_EN_Features_2024.08.19,2026-02-24,2026-03-17,UTC,USD,flipkart review fetch,amazon reviews importer,broad,5.0,1,0,0.0,0,0.0,0.0,0.0,0.0,4.0,1.0,,,,,
Judge.me Product Reviews App,Search_EN_Features_2024.08.19,2026-02-24,2026-03-17,UTC,USD,flipkart review,amazon reviews importer,broad,5.0,1,0,0.0,0,0.0,0.0,0.0,0.0,2.0,0.5,,,,,
Judge.me Product Reviews App,Search_EN_Features_2024.08.19,2026-02-24,2026-03-17,UTC,USD,fera review,amazon reviews importer,broad,5.0,1,0,0.0,0,0.0,0.0,0.0,0.0,3.0,0.25,,,,,
Judge.me Product Reviews App,Search_EN_Features_2024.08.19,2026-02-24,2026-03-17,UTC,USD,facebook reviews,amazon reviews importer,broad,5.0,1,0,0.0,0,0.0,0.0,0.0,0.0,4.0,0.0625,,,,,
Judge.me Product Reviews App,Search_EN_Features_2024.08.19,2026-02-24,2026-03-17,UTC,USD,ez review impoter,amazon reviews importer,broad,5.0,1,0,0.0,0,0.0,0.0,0.0,0.0,3.0,1.0,,,,,
Judge.me Product Reviews App,Search_EN_Features_2024.08.19,2026-02-24,2026-03-17,UTC,USD,ez review,amazon reviews importer,broad,5.0,1,0,0.0,0,0.0,0.0,0.0,0.0,1.0,0.071428,,,,,
Judge.me Product Reviews App,Search_EN_Features_2024.08.19,2026-02-24,2026-03-17,UTC,USD,ez amazon reviews importer,amazon reviews importer,broad,5.0,1,0,0.0,0,0.0,0.0,0.0,0.0,3.0,0.25,,,,,
Judge.me Product Reviews App,Search_EN_Features_2024.08.19,2026-02-24,2026-03-17,UTC,USD,ez amazon reviews,amazon reviews importer,broad,5.0,1,0,0.0,0,0.0,0.0,0.0,0.0,1.0,0.5,,,,,
Judge.me Product Reviews App,Search_EN_Features_2024.08.19,2026-02-24,2026-03-17,UTC,USD,ez amazon importer,amazon reviews importer,broad,5.0,1,0,0.0,0,0.0,0.0,0.0,0.0,4.0,0.5,,,,,
Judge.me Product Reviews App,Search_EN_Features_2024.08.19,2026-02-24,2026-03-17,UTC,USD,export review,amazon reviews importer,broad,5.0,1,0,0.0,0,0.0,0.0,0.0,0.0,2.0,1.0,,,,,
Judge.me Product Reviews App,Search_EN_Features_2024.08.19,2026-02-24,2026-03-17,UTC,USD,elfsight googlr review,amazon reviews importer,broad,5.0,1,0,0.0,0,0.0,0.0,0.0,0.0,4.0,1.0,,,,,
Judge.me Product Reviews App,Search_EN_Features_2024.08.19,2026-02-24,2026-03-17,UTC,USD,editorify review,amazon reviews importer,broad,5.0,1,0,0.0,0,0.0,0.0,0.0,0.0,8.0,0.333333,,,,,
Judge.me Product Reviews App,Search_EN_Features_2024.08.19,2026-02-24,2026-03-17,UTC,USD,edge review,amazon reviews importer,broad,5.0,1,0,0.0,0,0.0,0.0,0.0,0.0,4.0,1.0,,,,,
Judge.me Product Reviews App,Search_EN_Features_2024.08.19,2026-02-24,2026-03-17,UTC,USD,easy productt review,amazon reviews importer,broad,5.0,1,0,0.0,0,0.0,0.0,0.0,0.0,4.0,1.0,,,,,
Judge.me Product Reviews App,Search_EN_Features_2024.08.19,2026-02-24,2026-03-17,UTC,USD,dsers ? amazon dropshipping,amazon reviews importer,broad,5.0,1,0,0.0,0,0.0,0.0,0.0,0.0,2.0,1.0,,,,,
Judge.me Product Reviews App,Search_EN_Features_2024.08.19,2026-02-24,2026-03-17,UTC,USD,dropshipping in india ebay amazon,amazon reviews importer,broad,5.0,1,0,0.0,0,0.0,0.0,0.0,0.0,4.0,1.0,,,,,
Judge.me Product Reviews App,Search_EN_Features_2024.08.19,2026-02-24,2026-03-17,UTC,USD,dropshipping home amazon,amazon reviews importer,broad,5.0,1,0,0.0,0,0.0,0.0,0.0,0.0,4.0,0.333333,,,,,
Judge.me Product Reviews App,Search_EN_Features_2024.08.19,2026-02-24,2026-03-17,UTC,USD,doren reviews,amazon reviews importer,broad,5.0,1,0,0.0,0,0.0,0.0,0.0,0.0,1.0,1.0,,,,,
Judge.me Product Reviews App,Search_EN_Features_2024.08.19,2026-02-24,2026-03-17,UTC,USD,dore review,amazon reviews importer,broad,5.0,1,0,0.0,0,0.0,0.0,0.0,0.0,4.0,1.0,,,,,
Judge.me Product Reviews App,Search_EN_Features_2024.08.19,2026-02-24,2026-03-17,UTC,USD,doran reviews,amazon reviews importer,broad,5.0,1,0,0.0,0,0.0,0.0,0.0,0.0,2.0,0.5,,,,,
Judge.me Product Reviews App,Search_EN_Features_2024.08.19,2026-02-24,2026-03-17,UTC,USD,doran review as,amazon reviews importer,broad,5.0,1,0,0.0,0,0.0,0.0,0.0,0.0,4.0,1.0,,,,,
Judge.me Product Reviews App,Search_EN_Features_2024.08.19,2026-02-24,2026-03-17,UTC,USD,doran product reviews,amazon reviews importer,broad,5.0,1,0,0.0,0,0.0,0.0,0.0,0.0,4.0,0.142857,,,,,
Judge.me Product Reviews App,Search_EN_Features_2024.08.19,2026-02-24,2026-03-17,UTC,USD,doran product review,amazon reviews importer,broad,5.0,1,0,0.0,0,0.0,0.0,0.0,0.0,3.0,0.2,,,,,
Judge.me Product Reviews App,Search_EN_Features_2024.08.19,2026-02-24,2026-03-17,UTC,USD,display reviews,amazon reviews importer,broad,5.0,1,0,0.0,0,0.0,0.0,0.0,0.0,1.0,0.5,,,,,
Judge.me Product Reviews App,Search_EN_Features_2024.08.19,2026-02-24,2026-03-17,UTC,USD,debutify reviews,amazon reviews importer,broad,5.0,1,0,0.0,0,0.0,0.0,0.0,0.0,4.0,1.0,,,,,
Judge.me Product Reviews App,Search_EN_Features_2024.08.19,2026-02-24,2026-03-17,UTC,USD,cutome review,amazon reviews importer,broad,5.0,1,0,0.0,0,0.0,0.0,0.0,0.0,4.0,1.0,,,,,
Judge.me Product Reviews App,Search_EN_Features_2024.08.19,2026-02-24,2026-03-17,UTC,USD,create 'reviews,amazon reviews importer,broad,5.0,1,0,0.0,0,0.0,0.0,0.0,0.0,4.0,1.0,,,,,
Judge.me Product Reviews App,Search_EN_Features_2024.08.19,2026-02-24,2026-03-17,UTC,USD,checkout review,amazon reviews importer,broad,5.0,1,0,0.0,0,0.0,0.0,0.0,0.0,2.0,0.5,,,,,
Judge.me Product Reviews App,Search_EN_Features_2024.08.19,2026-02-24,2026-03-17,UTC,USD,cedcommerce amazon integration7,amazon reviews importer,broad,5.0,1,0,0.0,0,0.0,0.0,0.0,0.0,4.0,1.0,,,,,
Judge.me Product Reviews App,Search_EN_Features_2024.08.19,2026-02-24,2026-03-17,UTC,USD,cedcommerce amazon integration,amazon reviews importer,broad,5.0,1,0,0.0,0,0.0,0.0,0.0,0.0,3.0,0.111111,,,,,
Judge.me Product Reviews App,Search_EN_Features_2024.08.19,2026-02-24,2026-03-17,UTC,USD,ced commerce amazon chanel,amazon reviews importer,broad,5.0,1,0,0.0,0,0.0,0.0,0.0,0.0,3.0,1.0,,,,,
Judge.me Product Reviews App,Search_EN_Features_2024.08.19,2026-02-24,2026-03-17,UTC,USD,bytestand amazon fba / mcf connector,amazon reviews importer,broad,5.0,1,0,0.0,0,0.0,0.0,0.0,0.0,4.0,1.0,,,,,
Judge.me Product Reviews App,Search_EN_Features_2024.08.19,2026-02-24,2026-03-17,UTC,USD,buzzervoice review,amazon reviews importer,broad,5.0,1,0,0.0,0,0.0,0.0,0.0,0.0,4.0,1.0,,,,,
Judge.me Product Reviews App,Search_EN_Features_2024.08.19,2026-02-24,2026-03-17,UTC,USD,br review,amazon reviews importer,broad,5.0,1,0,0.0,0,0.0,0.0,0.0,0.0,4.0,1.0,,,,,
Judge.me Product Reviews App,Search_EN_Features_2024.08.19,2026-02-24,2026-03-17,UTC,USD,bk-reviews,amazon reviews importer,broad,5.0,1,0,0.0,0,0.0,0.0,0.0,0.0,4.0,0.5,,,,,
Judge.me Product Reviews App,Search_EN_Features_2024.08.19,2026-02-24,2026-03-17,UTC,USD,bay reviews,amazon reviews importer,broad,5.0,1,0,0.0,0,0.0,0.0,0.0,0.0,4.0,1.0,,,,,
Judge.me Product Reviews App,Search_EN_Features_2024.08.19,2026-02-24,2026-03-17,UTC,USD,basic reviews,amazon reviews importer,broad,5.0,1,0,0.0,0,0.0,0.0,0.0,0.0,8.0,1.0,,,,,
Judge.me Product Reviews App,Search_EN_Features_2024.08.19,2026-02-24,2026-03-17,UTC,USD,b4 reviews,amazon reviews importer,broad,5.0,1,0,0.0,0,0.0,0.0,0.0,0.0,4.0,1.0,,,,,
Judge.me Product Reviews App,Search_EN_Features_2024.08.19,2026-02-24,2026-03-17,UTC,USD,asin code amazon,amazon reviews importer,broad,5.0,1,0,0.0,0,0.0,0.0,0.0,0.0,3.0,1.0,,,,,
Judge.me Product Reviews App,Search_EN_Features_2024.08.19,2026-02-24,2026-03-17,UTC,USD,ari reviews,amazon reviews importer,broad,5.0,1,0,0.0,0,0.0,0.0,0.0,0.0,4.0,1.0,,,,,
Judge.me Product Reviews App,Search_EN_Features_2024.08.19,2026-02-24,2026-03-17,UTC,USD,ar reviews,amazon reviews importer,broad,5.0,1,0,0.0,0,0.0,0.0,0.0,0.0,4.0,1.0,,,,,
Judge.me Product Reviews App,Search_EN_Features_2024.08.19,2026-02-24,2026-03-17,UTC,USD,ar review,amazon reviews importer,broad,5.0,1,0,0.0,0,0.0,0.0,0.0,0.0,2.0,1.0,,,,,
Judge.me Product Reviews App,Search_EN_Features_2024.08.19,2026-02-24,2026-03-17,UTC,USD,appio amazon reeviews,amazon reviews importer,broad,5.0,1,0,0.0,0,0.0,0.0,0.0,0.0,4.0,1.0,,,,,
Judge.me Product Reviews App,Search_EN_Features_2024.08.19,2026-02-24,2026-03-17,UTC,USD,ap2 review,amazon reviews importer,broad,5.0,1,0,0.0,0,0.0,0.0,0.0,0.0,4.0,1.0,,,,,
Judge.me Product Reviews App,Search_EN_Features_2024.08.19,2026-02-24,2026-03-17,UTC,USD,amazons,amazon reviews importer,broad,5.0,1,0,0.0,0,0.0,0.0,0.0,0.0,2.0,1.0,,,,,
Judge.me Product Reviews App,Search_EN_Features_2024.08.19,2026-02-24,2026-03-17,UTC,USD,amazone impoter,amazon reviews importer,broad,5.0,1,0,0.0,0,0.0,0.0,0.0,0.0,3.0,1.0,,,,,
Judge.me Product Reviews App,Search_EN_Features_2024.08.19,2026-02-24,2026-03-17,UTC,USD,amazone flipcart review,amazon reviews importer,broad,5.0,1,0,0.0,0,0.0,0.0,0.0,0.0,7.0,0.25,,,,,
Judge.me Product Reviews App,Search_EN_Features_2024.08.19,2026-02-24,2026-03-17,UTC,USD,amazone dropshipper + walmart,amazon reviews importer,broad,5.0,1,0,0.0,0,0.0,0.0,0.0,0.0,3.0,1.0,,,,,
Judge.me Product Reviews App,Search_EN_Features_2024.08.19,2026-02-24,2026-03-17,UTC,USD,amazon\,amazon reviews importer,broad,5.0,1,0,0.0,0,0.0,0.0,0.0,0.0,3.0,1.0,,,,,
Judge.me Product Reviews App,Search_EN_Features_2024.08.19,2026-02-24,2026-03-17,UTC,USD,amazon-,amazon reviews importer,broad,5.0,1,0,0.0,0,0.0,0.0,0.0,0.0,4.0,1.0,,,,,
Judge.me Product Reviews App,Search_EN_Features_2024.08.19,2026-02-24,2026-03-17,UTC,USD,amazon trust review,amazon reviews importer,broad,5.0,1,0,0.0,0,0.0,0.0,0.0,0.0,4.0,1.0,,,,,
Judge.me Product Reviews App,Search_EN_Features_2024.08.19,2026-02-24,2026-03-17,UTC,USD,amazon shipp,amazon reviews importer,broad,5.0,1,0,0.0,0,0.0,0.0,0.0,0.0,3.0,1.0,,,,,
Judge.me Product Reviews App,Search_EN_Features_2024.08.19,2026-02-24,2026-03-17,UTC,USD,amazon shiping,amazon reviews importer,broad,5.0,1,0,0.0,0,0.0,0.0,0.0,0.0,3.0,1.0,,,,,
Judge.me Product Reviews App,Search_EN_Features_2024.08.19,2026-02-24,2026-03-17,UTC,USD,amazon sheep,amazon reviews importer,broad,5.0,1,0,0.0,0,0.0,0.0,0.0,0.0,2.0,1.0,,,,,
Judge.me Product Reviews App,Search_EN_Features_2024.08.19,2026-02-24,2026-03-17,UTC,USD,amazon seller lit,amazon reviews importer,broad,5.0,1,0,0.0,0,0.0,0.0,0.0,0.0,4.0,0.5,,,,,
Judge.me Product Reviews App,Search_EN_Features_2024.08.19,2026-02-24,2026-03-17,UTC,USD,amazon seller central account,amazon reviews importer,broad,5.0,1,0,0.0,0,0.0,0.0,0.0,0.0,4.0,1.0,,,,,
Judge.me Product Reviews App,Search_EN_Features_2024.08.19,2026-02-24,2026-03-17,UTC,USD,amazon seller center,amazon reviews importer,broad,5.0,1,0,0.0,0,0.0,0.0,0.0,0.0,10.0,0.5,,,,,
Judge.me Product Reviews App,Search_EN_Features_2024.08.19,2026-02-24,2026-03-17,UTC,USD,amazon seller account,amazon reviews importer,broad,5.0,1,0,0.0,0,0.0,0.0,0.0,0.0,2.0,0.5,,,,,
Judge.me Product Reviews App,Search_EN_Features_2024.08.19,2026-02-24,2026-03-17,UTC,USD,amazon s3,amazon reviews importer,broad,5.0,1,0,0.0,0,0.0,0.0,0.0,0.0,12.0,0.5,,,,,
Judge.me Product Reviews App,Search_EN_Features_2024.08.19,2026-02-24,2026-03-17,UTC,USD,amazon riviews,amazon reviews importer,broad,5.0,1,1,1.0,1,1.0,5.0,5.0,5.0,2.0,1.0,,,,,
Judge.me Product Reviews App,Search_EN_Features_2024.08.19,2026-02-24,2026-03-17,UTC,USD,amazon reviews by reputon,amazon reviews importer,broad,5.0,1,0,0.0,0,0.0,0.0,0.0,0.0,4.0,1.0,,,,,
Judge.me Product Reviews App,Search_EN_Features_2024.08.19,2026-02-24,2026-03-17,UTC,USD,amazon reviewq,amazon reviews importer,broad,5.0,1,0,0.0,0,0.0,0.0,0.0,0.0,3.0,1.0,,,,,
Judge.me Product Reviews App,Search_EN_Features_2024.08.19,2026-02-24,2026-03-17,UTC,USD,amazon review sync,amazon reviews importer,broad,5.0,1,0,0.0,0,0.0,0.0,0.0,0.0,10.0,0.333333,,,,,
Judge.me Product Reviews App,Search_EN_Features_2024.08.19,2026-02-24,2026-03-17,UTC,USD,amazon review import,amazon reviews importer,broad,5.0,1,0,0.0,0,0.0,0.0,0.0,0.0,2.0,0.25,,,,,
Judge.me Product Reviews App,Search_EN_Features_2024.08.19,2026-02-24,2026-03-17,UTC,USD,amazon revi,amazon reviews importer,broad,5.0,1,0,0.0,0,0.0,0.0,0.0,0.0,2.0,0.142857,,,,,
Judge.me Product Reviews App,Search_EN_Features_2024.08.19,2026-02-24,2026-03-17,UTC,USD,amazon repricer,amazon reviews importer,broad,5.0,1,0,0.0,0,0.0,0.0,0.0,0.0,4.0,0.5,,,,,
Judge.me Product Reviews App,Search_EN_Features_2024.08.19,2026-02-24,2026-03-17,UTC,USD,amazon prodcut import,amazon reviews importer,broad,5.0,1,0,0.0,0,0.0,0.0,0.0,0.0,4.0,1.0,,,,,
Judge.me Product Reviews App,Search_EN_Features_2024.08.19,2026-02-24,2026-03-17,UTC,USD,amazon prodacts link,amazon reviews importer,broad,5.0,1,0,0.0,0,0.0,0.0,0.0,0.0,4.0,1.0,,,,,
Judge.me Product Reviews App,Search_EN_Features_2024.08.19,2026-02-24,2026-03-17,UTC,USD,amazon multi-channel fulfillment,amazon reviews importer,broad,5.0,1,0,0.0,0,0.0,0.0,0.0,0.0,4.0,0.5,,,,,
Judge.me Product Reviews App,Search_EN_Features_2024.08.19,2026-02-24,2026-03-17,UTC,USD,amazon multi,amazon reviews importer,broad,5.0,1,0,0.0,0,0.0,0.0,0.0,0.0,2.0,0.25,,,,,
Judge.me Product Reviews App,Search_EN_Features_2024.08.19,2026-02-24,2026-03-17,UTC,USD,amazon merch on demand,amazon reviews importer,broad,5.0,1,0,0.0,0,0.0,0.0,0.0,0.0,4.0,0.25,,,,,
Judge.me Product Reviews App,Search_EN_Features_2024.08.19,2026-02-24,2026-03-17,UTC,USD,amazon mcf: us fulfillment,amazon reviews importer,broad,5.0,1,0,0.0,0,0.0,0.0,0.0,0.0,4.0,1.0,,,,,
Judge.me Product Reviews App,Search_EN_Features_2024.08.19,2026-02-24,2026-03-17,UTC,USD,amazon mcf by codisto,amazon reviews importer,broad,5.0,1,0,0.0,0,0.0,0.0,0.0,0.0,11.0,1.0,,,,,
Judge.me Product Reviews App,Search_EN_Features_2024.08.19,2026-02-24,2026-03-17,UTC,USD,amazon m,amazon reviews importer,broad,5.0,1,0,0.0,0,0.0,0.0,0.0,0.0,2.0,0.2,,,,,
Judge.me Product Reviews App,Search_EN_Features_2024.08.19,2026-02-24,2026-03-17,UTC,USD,amazon lisiting impo,amazon reviews importer,broad,5.0,1,0,0.0,0,0.0,0.0,0.0,0.0,4.0,1.0,,,,,
Judge.me Product Reviews App,Search_EN_Features_2024.08.19,2026-02-24,2026-03-17,UTC,USD,amazon link,amazon reviews importer,broad,5.0,1,0,0.0,0,0.0,0.0,0.0,0.0,2.0,0.2,,,,,
Judge.me Product Reviews App,Search_EN_Features_2024.08.19,2026-02-24,2026-03-17,UTC,USD,amazon lin,amazon reviews importer,broad,5.0,1,0,0.0,0,0.0,0.0,0.0,0.0,4.0,1.0,,,,,
Judge.me Product Reviews App,Search_EN_Features_2024.08.19,2026-02-24,2026-03-17,UTC,USD,amazon kindle,amazon reviews importer,broad,5.0,1,0,0.0,0,0.0,0.0,0.0,0.0,6.0,0.333333,,,,,
Judge.me Product Reviews App,Search_EN_Features_2024.08.19,2026-02-24,2026-03-17,UTC,USD,amazon kdp,amazon reviews importer,broad,5.0,1,0,0.0,0,0.0,0.0,0.0,0.0,3.0,0.05,,,,,
Judge.me Product Reviews App,Search_EN_Features_2024.08.19,2026-02-24,2026-03-17,UTC,USD,amazon impporte,amazon reviews importer,broad,5.0,1,0,0.0,0,0.0,0.0,0.0,0.0,3.0,1.0,,,,,
Judge.me Product Reviews App,Search_EN_Features_2024.08.19,2026-02-24,2026-03-17,UTC,USD,amazon impoter,amazon reviews importer,broad,5.0,1,0,0.0,0,0.0,0.0,0.0,0.0,2.0,1.0,,,,,
Judge.me Product Reviews App,Search_EN_Features_2024.08.19,2026-02-24,2026-03-17,UTC,USD,amazon importer spreadr,amazon reviews importer,broad,5.0,1,0,0.0,0,0.0,0.0,0.0,0.0,2.0,0.2,,,,,
Judge.me Product Reviews App,Search_EN_Features_2024.08.19,2026-02-24,2026-03-17,UTC,USD,amazon import copy product,amazon reviews importer,broad,5.0,1,0,0.0,0,0.0,0.0,0.0,0.0,3.0,1.0,,,,,
Judge.me Product Reviews App,Search_EN_Features_2024.08.19,2026-02-24,2026-03-17,UTC,USD,amazon impo,amazon reviews importer,broad,5.0,1,0,0.0,0,0.0,0.0,0.0,0.0,1.0,0.333333,,,,,
Judge.me Product Reviews App,Search_EN_Features_2024.08.19,2026-02-24,2026-03-17,UTC,USD,amazon imp,amazon reviews importer,broad,5.0,1,0,0.0,0,0.0,0.0,0.0,0.0,3.0,0.2,,,,,
Judge.me Product Reviews App,Search_EN_Features_2024.08.19,2026-02-24,2026-03-17,UTC,USD,amazon im,amazon reviews importer,broad,5.0,1,0,0.0,0,0.0,0.0,0.0,0.0,3.0,0.125,,,,,
Judge.me Product Reviews App,Search_EN_Features_2024.08.19,2026-02-24,2026-03-17,UTC,USD,amazon flipkart meesho,amazon reviews importer,broad,5.0,1,0,0.0,0,0.0,0.0,0.0,0.0,4.0,1.0,,,,,
Judge.me Product Reviews App,Search_EN_Features_2024.08.19,2026-02-24,2026-03-17,UTC,USD,amazon fba,amazon reviews importer,broad,5.0,1,0,0.0,0,0.0,0.0,0.0,0.0,3.0,0.028571,,,,,
Judge.me Product Reviews App,Search_EN_Features_2024.08.19,2026-02-24,2026-03-17,UTC,USD,amazon ds,amazon reviews importer,broad,5.0,1,0,0.0,0,0.0,0.0,0.0,0.0,4.0,1.0,,,,,
Judge.me Product Reviews App,Search_EN_Features_2024.08.19,2026-02-24,2026-03-17,UTC,USD,amazon dropshippoing,amazon reviews importer,broad,5.0,1,0,0.0,0,0.0,0.0,0.0,0.0,3.0,1.0,,,,,
Judge.me Product Reviews App,Search_EN_Features_2024.08.19,2026-02-24,2026-03-17,UTC,USD,amazon dropship,amazon reviews importer,broad,5.0,1,0,0.0,0,0.0,0.0,0.0,0.0,3.0,0.055555,,,,,
Judge.me Product Reviews App,Search_EN_Features_2024.08.19,2026-02-24,2026-03-17,UTC,USD,amazon drop shipper walmart,amazon reviews importer,broad,5.0,1,1,1.0,1,1.0,5.0,5.0,5.0,2.0,0.5,,,,,
Judge.me Product Reviews App,Search_EN_Features_2024.08.19,2026-02-24,2026-03-17,UTC,USD,amazon crear cuenta,amazon reviews importer,broad,5.0,1,0,0.0,0,0.0,0.0,0.0,0.0,4.0,1.0,,,,,
Judge.me Product Reviews App,Search_EN_Features_2024.08.19,2026-02-24,2026-03-17,UTC,USD,amazon connect,amazon reviews importer,broad,5.0,1,0,0.0,0,0.0,0.0,0.0,0.0,2.0,0.1,,,,,
Judge.me Product Reviews App,Search_EN_Features_2024.08.19,2026-02-24,2026-03-17,UTC,USD,amazon cart2cart,amazon reviews importer,broad,5.0,1,0,0.0,0,0.0,0.0,0.0,0.0,4.0,1.0,,,,,
Judge.me Product Reviews App,Search_EN_Features_2024.08.19,2026-02-24,2026-03-17,UTC,USD,amazon c,amazon reviews importer,broad,5.0,1,0,0.0,0,0.0,0.0,0.0,0.0,4.0,1.0,,,,,
Judge.me Product Reviews App,Search_EN_Features_2024.08.19,2026-02-24,2026-03-17,UTC,USD,amazon bussner vender gratis,amazon reviews importer,broad,5.0,1,0,0.0,0,0.0,0.0,0.0,0.0,2.0,1.0,,,,,
Judge.me Product Reviews App,Search_EN_Features_2024.08.19,2026-02-24,2026-03-17,UTC,USD,amazon ats,amazon reviews importer,broad,5.0,1,0,0.0,0,0.0,0.0,0.0,0.0,4.0,1.0,,,,,
Judge.me Product Reviews App,Search_EN_Features_2024.08.19,2026-02-24,2026-03-17,UTC,USD,amazon affiliate link,amazon reviews importer,broad,5.0,1,1,1.0,1,1.0,5.0,5.0,5.0,4.0,0.5,,,,,
Judge.me Product Reviews App,Search_EN_Features_2024.08.19,2026-02-24,2026-03-17,UTC,USD,amazon affiliat,amazon reviews importer,broad,5.0,1,0,0.0,0,0.0,0.0,0.0,0.0,3.0,1.0,,,,,
Judge.me Product Reviews App,Search_EN_Features_2024.08.19,2026-02-24,2026-03-17,UTC,USD,alliexpress reviews,amazon reviews importer,broad,5.0,1,0,0.0,0,0.0,0.0,0.0,0.0,4.0,1.0,,,,,
Judge.me Product Reviews App,Search_EN_Features_2024.08.19,2026-02-24,2026-03-17,UTC,USD,all review,amazon reviews importer,broad,5.0,1,0,0.0,0,0.0,0.0,0.0,0.0,6.0,0.066666,,,,,
Judge.me Product Reviews App,Search_EN_Features_2024.08.19,2026-02-24,2026-03-17,UTC,USD,ali reviews extension,amazon reviews importer,broad,5.0,1,0,0.0,0,0.0,0.0,0.0,0.0,4.0,1.0,,,,,
Judge.me Product Reviews App,Search_EN_Features_2024.08.19,2026-02-24,2026-03-17,UTC,USD,ajax reviews,amazon reviews importer,broad,5.0,1,0,0.0,0,0.0,0.0,0.0,0.0,3.0,1.0,,,,,
Judge.me Product Reviews App,Search_EN_Features_2024.08.19,2026-02-24,2026-03-17,UTC,USD,affiliates amazon,amazon reviews importer,broad,5.0,1,0,0.0,0,0.0,0.0,0.0,0.0,4.0,1.0,,,,,
Judge.me Product Reviews App,Search_EN_Features_2024.08.19,2026-02-24,2026-03-17,UTC,USD,a3 reviews,amazon reviews importer,broad,5.0,1,0,0.0,0,0.0,0.0,0.0,0.0,4.0,1.0,,,,,
Judge.me Product Reviews App,Search_EN_Features_2024.08.19,2026-02-24,2026-03-17,UTC,USD,a reviews,amazon reviews importer,broad,5.0,1,0,0.0,0,0.0,0.0,0.0,0.0,4.0,0.125,,,,,
Judge.me Product Reviews App,Search_EN_Features_2024.08.19,2026-02-24,2026-03-17,UTC,USD,8k reviews,amazon reviews importer,broad,5.0,1,0,0.0,0,0.0,0.0,0.0,0.0,4.0,1.0,,,,,
Judge.me Product Reviews App,Search_EN_Features_2024.08.19,2026-02-24,2026-03-17,UTC,USD,5 star reviews,amazon reviews importer,broad,5.0,1,0,0.0,0,0.0,0.0,0.0,0.0,4.0,1.0,,,,,
Judge.me Product Reviews App,Search_EN_Features_2024.08.19,2026-02-24,2026-03-17,UTC,USD,2?? trustoo / trustwill reviews,amazon reviews importer,broad,5.0,1,0,0.0,0,0.0,0.0,0.0,0.0,4.0,1.0,,,,,
Judge.me Product Reviews App,Search_EN_Features_2024.08.19,2026-02-24,2026-03-17,UTC,USD,=rustpilot reviews,amazon reviews importer,broad,5.0,1,0,0.0,0,0.0,0.0,0.0,0.0,4.0,1.0,,,,,
Judge.me Product Reviews App,Search_EN_Features_2024.08.19,2026-02-24,2026-03-17,UTC,USD,* reviews,amazon reviews importer,broad,5.0,1,0,0.0,0,0.0,0.0,0.0,0.0,4.0,1.0,,,,,
Judge.me Product Reviews App,Search_EN_Features_2024.08.19,2026-02-24,2026-03-17,UTC,USD,? ? installer trustwill reviews sur votre boutique,amazon reviews importer,broad,5.0,1,0,0.0,0,0.0,0.0,0.0,0.0,4.0,1.0,,,,,
Judge.me Product Reviews App,Search_EN_Features_2024.08.19,2026-02-24,2026-03-17,UTC,USD,zambeel product importer,etsy importer,broad,5.0,1,0,0.0,0,0.0,0.0,0.0,0.0,2.0,1.0,,,,,
Judge.me Product Reviews App,Search_EN_Features_2024.08.19,2026-02-24,2026-03-17,UTC,USD,yuamazon review importer,etsy importer,broad,5.0,1,0,0.0,0,0.0,0.0,0.0,0.0,4.0,1.0,,,,,
Judge.me Product Reviews App,Search_EN_Features_2024.08.19,2026-02-24,2026-03-17,UTC,USD,xml import fr,etsy importer,broad,5.0,1,0,0.0,0,0.0,0.0,0.0,0.0,1.0,1.0,,,,,
Judge.me Product Reviews App,Search_EN_Features_2024.08.19,2026-02-24,2026-03-17,UTC,USD,x?importer: import from xml,etsy importer,broad,5.0,1,0,0.0,0,0.0,0.0,0.0,0.0,2.0,1.0,,,,,
Judge.me Product Reviews App,Search_EN_Features_2024.08.19,2026-02-24,2026-03-17,UTC,USD,wp all import,etsy importer,broad,5.0,1,0,0.0,0,0.0,0.0,0.0,0.0,4.0,1.0,,,,,
Judge.me Product Reviews App,Search_EN_Features_2024.08.19,2026-02-24,2026-03-17,UTC,USD,worpdress import,etsy importer,broad,5.0,1,0,0.0,0,0.0,0.0,0.0,0.0,2.0,1.0,,,,,
Judge.me Product Reviews App,Search_EN_Features_2024.08.19,2026-02-24,2026-03-17,UTC,USD,wordpress importer,etsy importer,broad,5.0,1,0,0.0,0,0.0,0.0,0.0,0.0,2.0,0.5,,,,,
Judge.me Product Reviews App,Search_EN_Features_2024.08.19,2026-02-24,2026-03-17,UTC,USD,woocommerce import,etsy importer,broad,5.0,1,0,0.0,0,0.0,0.0,0.0,0.0,4.0,0.047619,,,,,
Judge.me Product Reviews App,Search_EN_Features_2024.08.19,2026-02-24,2026-03-17,UTC,USD,woocommecer import,etsy importer,broad,5.0,1,0,0.0,0,0.0,0.0,0.0,0.0,1.0,1.0,,,,,
Judge.me Product Reviews App,Search_EN_Features_2024.08.19,2026-02-24,2026-03-17,UTC,USD,woo commersce importer,etsy importer,broad,5.0,1,0,0.0,0,0.0,0.0,0.0,0.0,2.0,1.0,,,,,
Judge.me Product Reviews App,Search_EN_Features_2024.08.19,2026-02-24,2026-03-17,UTC,USD,woo commerce importer,etsy importer,broad,5.0,1,0,0.0,0,0.0,0.0,0.0,0.0,4.0,0.2,,,,,
Judge.me Product Reviews App,Search_EN_Features_2024.08.19,2026-02-24,2026-03-17,UTC,USD,wix import,etsy importer,broad,5.0,1,0,0.0,0,0.0,0.0,0.0,0.0,4.0,0.111111,,,,,
Judge.me Product Reviews App,Search_EN_Features_2024.08.19,2026-02-24,2026-03-17,UTC,USD,voucher import,etsy importer,broad,5.0,1,0,0.0,0,0.0,0.0,0.0,0.0,3.0,1.0,,,,,
Judge.me Product Reviews App,Search_EN_Features_2024.08.19,2026-02-24,2026-03-17,UTC,USD,verkopen op etsy,etsy importer,broad,5.0,1,0,0.0,0,0.0,0.0,0.0,0.0,2.0,1.0,,,,,
Judge.me Product Reviews App,Search_EN_Features_2024.08.19,2026-02-24,2026-03-17,UTC,USD,usa import tariffs,etsy importer,broad,5.0,1,0,0.0,0,0.0,0.0,0.0,0.0,3.0,1.0,,,,,
Judge.me Product Reviews App,Search_EN_Features_2024.08.19,2026-02-24,2026-03-17,UTC,USD,tt rewiew import,etsy importer,broad,5.0,1,0,0.0,0,0.0,0.0,0.0,0.0,1.0,1.0,,,,,
Judge.me Product Reviews App,Search_EN_Features_2024.08.19,2026-02-24,2026-03-17,UTC,USD,tt importer,etsy importer,broad,5.0,1,0,0.0,0,0.0,0.0,0.0,0.0,1.0,1.0,,,,,
Judge.me Product Reviews App,Search_EN_Features_2024.08.19,2026-02-24,2026-03-17,UTC,USD,tt import,etsy importer,broad,5.0,1,0,0.0,0,0.0,0.0,0.0,0.0,2.0,1.0,,,,,
Judge.me Product Reviews App,Search_EN_Features_2024.08.19,2026-02-24,2026-03-17,UTC,USD,trustwill importer,etsy importer,broad,5.0,1,0,0.0,0,0.0,0.0,0.0,0.0,2.0,1.0,,,,,
Judge.me Product Reviews App,Search_EN_Features_2024.08.19,2026-02-24,2026-03-17,UTC,USD,trustto oi import,etsy importer,broad,5.0,1,0,0.0,0,0.0,0.0,0.0,0.0,1.0,1.0,,,,,
Judge.me Product Reviews App,Search_EN_Features_2024.08.19,2026-02-24,2026-03-17,UTC,USD,trustoo io importer,etsy importer,broad,5.0,1,0,0.0,0,0.0,0.0,0.0,0.0,2.0,1.0,,,,,
Judge.me Product Reviews App,Search_EN_Features_2024.08.19,2026-02-24,2026-03-17,UTC,USD,trostoo importer,etsy importer,broad,5.0,1,0,0.0,0,0.0,0.0,0.0,0.0,1.0,1.0,,,,,
Judge.me Product Reviews App,Search_EN_Features_2024.08.19,2026-02-24,2026-03-17,UTC,USD,trendyol importer,etsy importer,broad,5.0,1,0,0.0,0,0.0,0.0,0.0,0.0,3.0,1.0,,,,,
Judge.me Product Reviews App,Search_EN_Features_2024.08.19,2026-02-24,2026-03-17,UTC,USD,tl import,etsy importer,broad,5.0,1,0,0.0,0,0.0,0.0,0.0,0.0,3.0,1.0,,,,,
Judge.me Product Reviews App,Search_EN_Features_2024.08.19,2026-02-24,2026-03-17,UTC,USD,temu importer,etsy importer,broad,5.0,1,0,0.0,0,0.0,0.0,0.0,0.0,1.0,0.2,,,,,
Judge.me Product Reviews App,Search_EN_Features_2024.08.19,2026-02-24,2026-03-17,UTC,USD,temu import,etsy importer,broad,5.0,1,0,0.0,0,0.0,0.0,0.0,0.0,4.0,0.166666,,,,,
Judge.me Product Reviews App,Search_EN_Features_2024.08.19,2026-02-24,2026-03-17,UTC,USD,template import,etsy importer,broad,5.0,1,0,0.0,0,0.0,0.0,0.0,0.0,3.0,1.0,,,,,
Judge.me Product Reviews App,Search_EN_Features_2024.08.19,2026-02-24,2026-03-17,UTC,USD,tcg importer,etsy importer,broad,5.0,1,0,0.0,0,0.0,0.0,0.0,0.0,1.0,1.0,,,,,
Judge.me Product Reviews App,Search_EN_Features_2024.08.19,2026-02-24,2026-03-17,UTC,USD,syore import,etsy importer,broad,5.0,1,0,0.0,0,0.0,0.0,0.0,0.0,1.0,1.0,,,,,
Judge.me Product Reviews App,Search_EN_Features_2024.08.19,2026-02-24,2026-03-17,UTC,USD,storerobo import export tool,etsy importer,broad,5.0,1,0,0.0,0,0.0,0.0,0.0,0.0,4.0,0.333333,,,,,
Judge.me Product Reviews App,Search_EN_Features_2024.08.19,2026-02-24,2026-03-17,UTC,USD,store importer by shopify,etsy importer,broad,5.0,1,0,0.0,0,0.0,0.0,0.0,0.0,11.0,0.125,,,,,
Judge.me Product Reviews App,Search_EN_Features_2024.08.19,2026-02-24,2026-03-17,UTC,USD,squarespace import,etsy importer,broad,5.0,1,0,0.0,0,0.0,0.0,0.0,0.0,3.0,1.0,,,,,
Judge.me Product Reviews App,Search_EN_Features_2024.08.19,2026-02-24,2026-03-17,UTC,USD,smart import,etsy importer,broad,5.0,1,0,0.0,0,0.0,0.0,0.0,0.0,2.0,1.0,,,,,
Judge.me Product Reviews App,Search_EN_Features_2024.08.19,2026-02-24,2026-03-17,UTC,USD,shuttle etsy,etsy importer,broad,5.0,1,0,0.0,0,0.0,0.0,0.0,0.0,3.0,1.0,,,,,
Judge.me Product Reviews App,Search_EN_Features_2024.08.19,2026-02-24,2026-03-17,UTC,USD,shoppe importer,etsy importer,broad,5.0,1,0,0.0,0,0.0,0.0,0.0,0.0,1.0,1.0,,,,,
Judge.me Product Reviews App,Search_EN_Features_2024.08.19,2026-02-24,2026-03-17,UTC,USD,shopee importer,etsy importer,broad,5.0,1,0,0.0,0,0.0,0.0,0.0,0.0,1.0,1.0,,,,,
Judge.me Product Reviews App,Search_EN_Features_2024.08.19,2026-02-24,2026-03-17,UTC,USD,shion importer,etsy importer,broad,5.0,1,0,0.0,0,0.0,0.0,0.0,0.0,3.0,0.333333,,,,,
Judge.me Product Reviews App,Search_EN_Features_2024.08.19,2026-02-24,2026-03-17,UTC,USD,salestio ? ebay & etsy import,etsy importer,broad,5.0,1,0,0.0,0,0.0,0.0,0.0,0.0,4.0,1.0,,,,,
Judge.me Product Reviews App,Search_EN_Features_2024.08.19,2026-02-24,2026-03-17,UTC,USD,reviews importer free,etsy importer,broad,5.0,1,0,0.0,0,0.0,0.0,0.0,0.0,1.0,1.0,,,,,
Judge.me Product Reviews App,Search_EN_Features_2024.08.19,2026-02-24,2026-03-17,UTC,USD,review importer free,etsy importer,broad,5.0,1,0,0.0,0,0.0,0.0,0.0,0.0,3.0,1.0,,,,,
Judge.me Product Reviews App,Search_EN_Features_2024.08.19,2026-02-24,2026-03-17,UTC,USD,review importer csv,etsy importer,broad,5.0,1,0,0.0,0,0.0,0.0,0.0,0.0,4.0,1.0,,,,,
Judge.me Product Reviews App,Search_EN_Features_2024.08.19,2026-02-24,2026-03-17,UTC,USD,review import l,etsy importer,broad,5.0,1,0,0.0,0,0.0,0.0,0.0,0.0,5.0,1.0,,,,,
Judge.me Product Reviews App,Search_EN_Features_2024.08.19,2026-02-24,2026-03-17,UTC,USD,review csv import,etsy importer,broad,5.0,1,0,0.0,0,0.0,0.0,0.0,0.0,3.0,0.5,,,,,
Judge.me Product Reviews App,Search_EN_Features_2024.08.19,2026-02-24,2026-03-17,UTC,USD,reveiw etsy,etsy importer,broad,5.0,1,1,1.0,1,1.0,5.0,5.0,5.0,1.0,1.0,,,,,
Judge.me Product Reviews App,Search_EN_Features_2024.08.19,2026-02-24,2026-03-17,UTC,USD,reputon resenas etsy,etsy importer,broad,5.0,1,0,0.0,0,0.0,0.0,0.0,0.0,1.0,1.0,,,,,
Judge.me Product Reviews App,Search_EN_Features_2024.08.19,2026-02-24,2026-03-17,UTC,USD,reputon ebay importer,etsy importer,broad,5.0,1,0,0.0,0,0.0,0.0,0.0,0.0,4.0,1.0,,,,,
Judge.me Product Reviews App,Search_EN_Features_2024.08.19,2026-02-24,2026-03-17,UTC,USD,reputation importer,etsy importer,broad,5.0,1,0,0.0,0,0.0,0.0,0.0,0.0,5.0,1.0,,,,,
Judge.me Product Reviews App,Search_EN_Features_2024.08.19,2026-02-24,2026-03-17,UTC,USD,quicksync for etsy,etsy importer,broad,5.0,1,0,0.0,0,0.0,0.0,0.0,0.0,4.0,0.5,,,,,
Judge.me Product Reviews App,Search_EN_Features_2024.08.19,2026-02-24,2026-03-17,UTC,USD,quicksync etsy,etsy importer,broad,5.0,1,0,0.0,0,0.0,0.0,0.0,0.0,2.0,1.0,,,,,
Judge.me Product Reviews App,Search_EN_Features_2024.08.19,2026-02-24,2026-03-17,UTC,USD,produkt import bilder,etsy importer,broad,5.0,1,0,0.0,0,0.0,0.0,0.0,0.0,4.0,1.0,,,,,
Judge.me Product Reviews App,Search_EN_Features_2024.08.19,2026-02-24,2026-03-17,UTC,USD,products url import,etsy importer,broad,5.0,1,0,0.0,0,0.0,0.0,0.0,0.0,4.0,0.5,,,,,
Judge.me Product Reviews App,Search_EN_Features_2024.08.19,2026-02-24,2026-03-17,UTC,USD,product importer,etsy importer,broad,5.0,1,0,0.0,0,0.0,0.0,0.0,0.0,6.0,0.005319,,,,,
Judge.me Product Reviews App,Search_EN_Features_2024.08.19,2026-02-24,2026-03-17,UTC,USD,produc importer,etsy importer,broad,5.0,1,0,0.0,0,0.0,0.0,0.0,0.0,2.0,1.0,,,,,
Judge.me Product Reviews App,Search_EN_Features_2024.08.19,2026-02-24,2026-03-17,UTC,USD,produc import,etsy importer,broad,5.0,1,0,0.0,0,0.0,0.0,0.0,0.0,2.0,1.0,,,,,
Judge.me Product Reviews App,Search_EN_Features_2024.08.19,2026-02-24,2026-03-17,UTC,USD,printerval importer,etsy importer,broad,5.0,1,0,0.0,0,0.0,0.0,0.0,0.0,5.0,1.0,,,,,
Judge.me Product Reviews App,Search_EN_Features_2024.08.19,2026-02-24,2026-03-17,UTC,USD,poky productt importer,etsy importer,broad,5.0,1,0,0.0,0,0.0,0.0,0.0,0.0,2.0,1.0,,,,,
Judge.me Product Reviews App,Search_EN_Features_2024.08.19,2026-02-24,2026-03-17,UTC,USD,poky - product importer,etsy importer,broad,5.0,1,0,0.0,0,0.0,0.0,0.0,0.0,7.0,0.076923,,,,,
Judge.me Product Reviews App,Search_EN_Features_2024.08.19,2026-02-24,2026-03-17,UTC,USD,poki importer,etsy importer,broad,5.0,1,0,0.0,0,0.0,0.0,0.0,0.0,2.0,1.0,,,,,
Judge.me Product Reviews App,Search_EN_Features_2024.08.19,2026-02-24,2026-03-17,UTC,USD,php link data import,etsy importer,broad,5.0,1,0,0.0,0,0.0,0.0,0.0,0.0,3.0,1.0,,,,,
Judge.me Product Reviews App,Search_EN_Features_2024.08.19,2026-02-24,2026-03-17,UTC,USD,one-click demo import,etsy importer,broad,5.0,1,0,0.0,0,0.0,0.0,0.0,0.0,2.0,1.0,,,,,
Judge.me Product Reviews App,Search_EN_Features_2024.08.19,2026-02-24,2026-03-17,UTC,USD,one click demo import,etsy importer,broad,5.0,1,0,0.0,0,0.0,0.0,0.0,0.0,3.0,1.0,,,,,
Judge.me Product Reviews App,Search_EN_Features_2024.08.19,2026-02-24,2026-03-17,UTC,USD,okendo import,etsy importer,broad,5.0,1,0,0.0,0,0.0,0.0,0.0,0.0,1.0,1.0,,,,,
Judge.me Product Reviews App,Search_EN_Features_2024.08.19,2026-02-24,2026-03-17,UTC,USD,noon import,etsy importer,broad,5.0,1,0,0.0,0,0.0,0.0,0.0,0.0,2.0,1.0,,,,,
Judge.me Product Reviews App,Search_EN_Features_2024.08.19,2026-02-24,2026-03-17,UTC,USD,merchant import,etsy importer,broad,5.0,1,0,0.0,0,0.0,0.0,0.0,0.0,1.0,1.0,,,,,
Judge.me Product Reviews App,Search_EN_Features_2024.08.19,2026-02-24,2026-03-17,UTC,USD,menu export and import free,etsy importer,broad,5.0,1,0,0.0,0,0.0,0.0,0.0,0.0,4.0,1.0,,,,,
Judge.me Product Reviews App,Search_EN_Features_2024.08.19,2026-02-24,2026-03-17,UTC,USD,matrixrates import,etsy importer,broad,5.0,1,0,0.0,0,0.0,0.0,0.0,0.0,1.0,1.0,,,,,
Judge.me Product Reviews App,Search_EN_Features_2024.08.19,2026-02-24,2026-03-17,UTC,USD,matrixify bulk import export,etsy importer,broad,5.0,1,0,0.0,0,0.0,0.0,0.0,0.0,7.0,1.0,,,,,
Judge.me Product Reviews App,Search_EN_Features_2024.08.19,2026-02-24,2026-03-17,UTC,USD,marketplaces ebay etsy,etsy importer,broad,5.0,1,0,0.0,0,0.0,0.0,0.0,0.0,2.0,1.0,,,,,
Judge.me Product Reviews App,Search_EN_Features_2024.08.19,2026-02-24,2026-03-17,UTC,USD,litcommerce etsy integration,etsy importer,broad,5.0,1,0,0.0,0,0.0,0.0,0.0,0.0,3.0,0.2,,,,,
Judge.me Product Reviews App,Search_EN_Features_2024.08.19,2026-02-24,2026-03-17,UTC,USD,litcommerce etsy,etsy importer,broad,5.0,1,0,0.0,0,0.0,0.0,0.0,0.0,3.0,1.0,,,,,
Judge.me Product Reviews App,Search_EN_Features_2024.08.19,2026-02-24,2026-03-17,UTC,USD,listing import,etsy importer,broad,5.0,1,0,0.0,0,0.0,0.0,0.0,0.0,4.0,1.0,,,,,
Judge.me Product Reviews App,Search_EN_Features_2024.08.19,2026-02-24,2026-03-17,UTC,USD,jugme review import,etsy importer,broad,5.0,1,1,1.0,1,1.0,5.0,5.0,5.0,3.0,1.0,,,,,
Judge.me Product Reviews App,Search_EN_Features_2024.08.19,2026-02-24,2026-03-17,UTC,USD,juge me import,etsy importer,broad,5.0,1,0,0.0,0,0.0,0.0,0.0,0.0,3.0,1.0,,,,,
Judge.me Product Reviews App,Search_EN_Features_2024.08.19,2026-02-24,2026-03-17,UTC,USD,judgme import,etsy importer,broad,5.0,1,0,0.0,0,0.0,0.0,0.0,0.0,1.0,1.0,,,,,
Judge.me Product Reviews App,Search_EN_Features_2024.08.19,2026-02-24,2026-03-17,UTC,USD,judge.me reviews import,etsy importer,broad,5.0,1,0,0.0,0,0.0,0.0,0.0,0.0,3.0,1.0,,,,,
Judge.me Product Reviews App,Search_EN_Features_2024.08.19,2026-02-24,2026-03-17,UTC,USD,judge.me review importer,etsy importer,broad,5.0,1,0,0.0,0,0.0,0.0,0.0,0.0,4.0,1.0,,,,,
Judge.me Product Reviews App,Search_EN_Features_2024.08.19,2026-02-24,2026-03-17,UTC,USD,judge.me importe,etsy importer,broad,5.0,1,0,0.0,0,0.0,0.0,0.0,0.0,2.0,0.5,,,,,
Judge.me Product Reviews App,Search_EN_Features_2024.08.19,2026-02-24,2026-03-17,UTC,USD,judge.me aliexpress reviews importer,etsy importer,broad,5.0,1,0,0.0,0,0.0,0.0,0.0,0.0,4.0,0.2,,,,,
Judge.me Product Reviews App,Search_EN_Features_2024.08.19,2026-02-24,2026-03-17,UTC,USD,judge.me + aliexpress importer,etsy importer,broad,5.0,1,1,1.0,1,1.0,5.0,5.0,5.0,3.0,1.0,,,,,
Judge.me Product Reviews App,Search_EN_Features_2024.08.19,2026-02-24,2026-03-17,UTC,USD,judge me reviews importer,etsy importer,broad,5.0,1,0,0.0,0,0.0,0.0,0.0,0.0,4.0,1.0,,,,,
Judge.me Product Reviews App,Search_EN_Features_2024.08.19,2026-02-24,2026-03-17,UTC,USD,judge import,etsy importer,broad,5.0,1,0,0.0,0,0.0,0.0,0.0,0.0,2.0,1.0,,,,,
Judge.me Product Reviews App,Search_EN_Features_2024.08.19,2026-02-24,2026-03-17,UTC,USD,imports reviews,etsy importer,broad,5.0,1,1,1.0,1,1.0,5.0,5.0,5.0,2.0,1.0,,,,,
Judge.me Product Reviews App,Search_EN_Features_2024.08.19,2026-02-24,2026-03-17,UTC,USD,imports,etsy importer,broad,5.0,1,0,0.0,0,0.0,0.0,0.0,0.0,3.0,0.2,,,,,
Judge.me Product Reviews App,Search_EN_Features_2024.08.19,2026-02-24,2026-03-17,UTC,USD,importer woocommerc,etsy importer,broad,5.0,1,0,0.0,0,0.0,0.0,0.0,0.0,3.0,1.0,,,,,
Judge.me Product Reviews App,Search_EN_Features_2024.08.19,2026-02-24,2026-03-17,UTC,USD,importer reviews shopee,etsy importer,broad,5.0,1,0,0.0,0,0.0,0.0,0.0,0.0,4.0,1.0,,,,,
Judge.me Product Reviews App,Search_EN_Features_2024.08.19,2026-02-24,2026-03-17,UTC,USD,importer reviews,etsy importer,broad,5.0,1,0,0.0,0,0.0,0.0,0.0,0.0,4.0,0.333333,,,,,
Judge.me Product Reviews App,Search_EN_Features_2024.08.19,2026-02-24,2026-03-17,UTC,USD,importer productos,etsy importer,broad,5.0,1,0,0.0,0,0.0,0.0,0.0,0.0,1.0,1.0,,,,,
Judge.me Product Reviews App,Search_EN_Features_2024.08.19,2026-02-24,2026-03-17,UTC,USD,importer product,etsy importer,broad,5.0,1,0,0.0,0,0.0,0.0,0.0,0.0,8.0,0.25,,,,,
Judge.me Product Reviews App,Search_EN_Features_2024.08.19,2026-02-24,2026-03-17,UTC,USD,importer les produit physique,etsy importer,broad,5.0,1,0,0.0,0,0.0,0.0,0.0,0.0,3.0,1.0,,,,,
Judge.me Product Reviews App,Search_EN_Features_2024.08.19,2026-02-24,2026-03-17,UTC,USD,importer commande,etsy importer,broad,5.0,1,0,0.0,0,0.0,0.0,0.0,0.0,3.0,1.0,,,,,
Judge.me Product Reviews App,Search_EN_Features_2024.08.19,2026-02-24,2026-03-17,UTC,USD,importer catalogue,etsy importer,broad,5.0,1,0,0.0,0,0.0,0.0,0.0,0.0,3.0,1.0,,,,,
Judge.me Product Reviews App,Search_EN_Features_2024.08.19,2026-02-24,2026-03-17,UTC,USD,importar resenas etsy,etsy importer,broad,5.0,1,0,0.0,0,0.0,0.0,0.0,0.0,1.0,1.0,,,,,
Judge.me Product Reviews App,Search_EN_Features_2024.08.19,2026-02-24,2026-03-17,UTC,USD,import wordpress blog,etsy importer,broad,5.0,1,0,0.0,0,0.0,0.0,0.0,0.0,3.0,1.0,,,,,
Judge.me Product Reviews App,Search_EN_Features_2024.08.19,2026-02-24,2026-03-17,UTC,USD,import woocommerce,etsy importer,broad,5.0,1,0,0.0,0,0.0,0.0,0.0,0.0,2.0,0.166666,,,,,
Judge.me Product Reviews App,Search_EN_Features_2024.08.19,2026-02-24,2026-03-17,UTC,USD,import von gutscheinen,etsy importer,broad,5.0,1,0,0.0,0,0.0,0.0,0.0,0.0,2.0,1.0,,,,,
Judge.me Product Reviews App,Search_EN_Features_2024.08.19,2026-02-24,2026-03-17,UTC,USD,import to tally,etsy importer,broad,5.0,1,0,0.0,0,0.0,0.0,0.0,0.0,2.0,1.0,,,,,
Judge.me Product Reviews App,Search_EN_Features_2024.08.19,2026-02-24,2026-03-17,UTC,USD,import temu rewies,etsy importer,broad,5.0,1,0,0.0,0,0.0,0.0,0.0,0.0,1.0,1.0,,,,,
Judge.me Product Reviews App,Search_EN_Features_2024.08.19,2026-02-24,2026-03-17,UTC,USD,import taxes,etsy importer,broad,5.0,1,0,0.0,0,0.0,0.0,0.0,0.0,2.0,1.0,,,,,
Judge.me Product Reviews App,Search_EN_Features_2024.08.19,2026-02-24,2026-03-17,UTC,USD,import tabel,etsy importer,broad,5.0,1,0,0.0,0,0.0,0.0,0.0,0.0,2.0,1.0,,,,,
Judge.me Product Reviews App,Search_EN_Features_2024.08.19,2026-02-24,2026-03-17,UTC,USD,import stock,etsy importer,broad,5.0,1,0,0.0,0,0.0,0.0,0.0,0.0,6.0,1.0,,,,,
Judge.me Product Reviews App,Search_EN_Features_2024.08.19,2026-02-24,2026-03-17,UTC,USD,import squares,etsy importer,broad,5.0,1,0,0.0,0,0.0,0.0,0.0,0.0,4.0,1.0,,,,,
Judge.me Product Reviews App,Search_EN_Features_2024.08.19,2026-02-24,2026-03-17,UTC,USD,import shein,etsy importer,broad,5.0,1,0,0.0,0,0.0,0.0,0.0,0.0,1.0,1.0,,,,,
Judge.me Product Reviews App,Search_EN_Features_2024.08.19,2026-02-24,2026-03-17,UTC,USD,import saga,etsy importer,broad,5.0,1,0,0.0,0,0.0,0.0,0.0,0.0,1.0,1.0,,,,,
Judge.me Product Reviews App,Search_EN_Features_2024.08.19,2026-02-24,2026-03-17,UTC,USD,import reviews wish,etsy importer,broad,5.0,1,0,0.0,0,0.0,0.0,0.0,0.0,4.0,1.0,,,,,
Judge.me Product Reviews App,Search_EN_Features_2024.08.19,2026-02-24,2026-03-17,UTC,USD,import revies,etsy importer,broad,5.0,1,0,0.0,0,0.0,0.0,0.0,0.0,5.0,0.333333,,,,,
Judge.me Product Reviews App,Search_EN_Features_2024.08.19,2026-02-24,2026-03-17,UTC,USD,import produxt,etsy importer,broad,5.0,1,0,0.0,0,0.0,0.0,0.0,0.0,2.0,1.0,,,,,
Judge.me Product Reviews App,Search_EN_Features_2024.08.19,2026-02-24,2026-03-17,UTC,USD,import produts,etsy importer,broad,5.0,1,0,0.0,0,0.0,0.0,0.0,0.0,1.0,1.0,,,,,
Judge.me Product Reviews App,Search_EN_Features_2024.08.19,2026-02-24,2026-03-17,UTC,USD,import produkte,etsy importer,broad,5.0,1,0,0.0,0,0.0,0.0,0.0,0.0,3.0,1.0,,,,,
Judge.me Product Reviews App,Search_EN_Features_2024.08.19,2026-02-24,2026-03-17,UTC,USD,import produc from websitets,etsy importer,broad,5.0,1,0,0.0,0,0.0,0.0,0.0,0.0,4.0,1.0,,,,,
Judge.me Product Reviews App,Search_EN_Features_2024.08.19,2026-02-24,2026-03-17,UTC,USD,import produ,etsy importer,broad,5.0,1,0,0.0,0,0.0,0.0,0.0,0.0,3.0,0.25,,,,,
Judge.me Product Reviews App,Search_EN_Features_2024.08.19,2026-02-24,2026-03-17,UTC,USD,import prod,etsy importer,broad,5.0,1,0,0.0,0,0.0,0.0,0.0,0.0,2.0,1.0,,,,,
Judge.me Product Reviews App,Search_EN_Features_2024.08.19,2026-02-24,2026-03-17,UTC,USD,import pro,etsy importer,broad,5.0,1,0,0.0,0,0.0,0.0,0.0,0.0,2.0,0.5,,,,,
Judge.me Product Reviews App,Search_EN_Features_2024.08.19,2026-02-24,2026-03-17,UTC,USD,import prestashop produits,etsy importer,broad,5.0,1,0,0.0,0,0.0,0.0,0.0,0.0,4.0,1.0,,,,,
Judge.me Product Reviews App,Search_EN_Features_2024.08.19,2026-02-24,2026-03-17,UTC,USD,import prestashop,etsy importer,broad,5.0,1,0,0.0,0,0.0,0.0,0.0,0.0,3.0,0.5,,,,,
Judge.me Product Reviews App,Search_EN_Features_2024.08.19,2026-02-24,2026-03-17,UTC,USD,import police ttf otf,etsy importer,broad,5.0,1,0,0.0,0,0.0,0.0,0.0,0.0,3.0,1.0,,,,,
Judge.me Product Reviews App,Search_EN_Features_2024.08.19,2026-02-24,2026-03-17,UTC,USD,import p,etsy importer,broad,5.0,1,0,0.0,0,0.0,0.0,0.0,0.0,2.0,0.5,,,,,
Judge.me Product Reviews App,Search_EN_Features_2024.08.19,2026-02-24,2026-03-17,UTC,USD,import ordeer,etsy importer,broad,5.0,1,0,0.0,0,0.0,0.0,0.0,0.0,4.0,1.0,,,,,
Judge.me Product Reviews App,Search_EN_Features_2024.08.19,2026-02-24,2026-03-17,UTC,USD,import options based on staff count,etsy importer,broad,5.0,1,0,0.0,0,0.0,0.0,0.0,0.0,4.0,1.0,,,,,
Judge.me Product Reviews App,Search_EN_Features_2024.08.19,2026-02-24,2026-03-17,UTC,USD,import metadata,etsy importer,broad,5.0,1,0,0.0,0,0.0,0.0,0.0,0.0,6.0,1.0,,,,,
Judge.me Product Reviews App,Search_EN_Features_2024.08.19,2026-02-24,2026-03-17,UTC,USD,import merchant feed,etsy importer,broad,5.0,1,0,0.0,0,0.0,0.0,0.0,0.0,4.0,0.5,,,,,
Judge.me Product Reviews App,Search_EN_Features_2024.08.19,2026-02-24,2026-03-17,UTC,USD,import listing,etsy importer,broad,5.0,1,0,0.0,0,0.0,0.0,0.0,0.0,7.0,1.0,,,,,
Judge.me Product Reviews App,Search_EN_Features_2024.08.19,2026-02-24,2026-03-17,UTC,USD,import kopy,etsy importer,broad,5.0,1,0,0.0,0,0.0,0.0,0.0,0.0,2.0,1.0,,,,,
Judge.me Product Reviews App,Search_EN_Features_2024.08.19,2026-02-24,2026-03-17,UTC,USD,import judg.me,etsy importer,broad,5.0,1,0,0.0,0,0.0,0.0,0.0,0.0,2.0,1.0,,,,,
Judge.me Product Reviews App,Search_EN_Features_2024.08.19,2026-02-24,2026-03-17,UTC,USD,import ionos,etsy importer,broad,5.0,1,0,0.0,0,0.0,0.0,0.0,0.0,2.0,1.0,,,,,
Judge.me Product Reviews App,Search_EN_Features_2024.08.19,2026-02-24,2026-03-17,UTC,USD,import fullfilment,etsy importer,broad,5.0,1,0,0.0,0,0.0,0.0,0.0,0.0,2.0,1.0,,,,,
Judge.me Product Reviews App,Search_EN_Features_2024.08.19,2026-02-24,2026-03-17,UTC,USD,import ftp,etsy importer,broad,5.0,1,0,0.0,0,0.0,0.0,0.0,0.0,1.0,1.0,,,,,
Judge.me Product Reviews App,Search_EN_Features_2024.08.19,2026-02-24,2026-03-17,UTC,USD,import from ecwid,etsy importer,broad,5.0,1,0,0.0,0,0.0,0.0,0.0,0.0,2.0,1.0,,,,,
Judge.me Product Reviews App,Search_EN_Features_2024.08.19,2026-02-24,2026-03-17,UTC,USD,import from 1688,etsy importer,broad,5.0,1,0,0.0,0,0.0,0.0,0.0,0.0,1.0,1.0,,,,,
Judge.me Product Reviews App,Search_EN_Features_2024.08.19,2026-02-24,2026-03-17,UTC,USD,import from 16,etsy importer,broad,5.0,1,0,0.0,0,0.0,0.0,0.0,0.0,1.0,1.0,,,,,
Judge.me Product Reviews App,Search_EN_Features_2024.08.19,2026-02-24,2026-03-17,UTC,USD,import free,etsy importer,broad,5.0,1,0,0.0,0,0.0,0.0,0.0,0.0,4.0,0.333333,,,,,
Judge.me Product Reviews App,Search_EN_Features_2024.08.19,2026-02-24,2026-03-17,UTC,USD,import export shipping rates,etsy importer,broad,5.0,1,0,0.0,0,0.0,0.0,0.0,0.0,4.0,0.5,,,,,
Judge.me Product Reviews App,Search_EN_Features_2024.08.19,2026-02-24,2026-03-17,UTC,USD,import export prodcut,etsy importer,broad,5.0,1,0,0.0,0,0.0,0.0,0.0,0.0,3.0,1.0,,,,,
Judge.me Product Reviews App,Search_EN_Features_2024.08.19,2026-02-24,2026-03-17,UTC,USD,import export metafields,etsy importer,broad,5.0,1,0,0.0,0,0.0,0.0,0.0,0.0,7.0,1.0,,,,,
Judge.me Product Reviews App,Search_EN_Features_2024.08.19,2026-02-24,2026-03-17,UTC,USD,import ebay,etsy importer,broad,5.0,1,0,0.0,0,0.0,0.0,0.0,0.0,3.0,0.2,,,,,
Judge.me Product Reviews App,Search_EN_Features_2024.08.19,2026-02-24,2026-03-17,UTC,USD,import easy,etsy importer,broad,5.0,1,0,0.0,0,0.0,0.0,0.0,0.0,4.0,0.5,,,,,
Judge.me Product Reviews App,Search_EN_Features_2024.08.19,2026-02-24,2026-03-17,UTC,USD,import discounts,etsy importer,broad,5.0,1,0,0.0,0,0.0,0.0,0.0,0.0,3.0,0.5,,,,,
Judge.me Product Reviews App,Search_EN_Features_2024.08.19,2026-02-24,2026-03-17,UTC,USD,import demo content,etsy importer,broad,5.0,1,0,0.0,0,0.0,0.0,0.0,0.0,3.0,1.0,,,,,
Judge.me Product Reviews App,Search_EN_Features_2024.08.19,2026-02-24,2026-03-17,UTC,USD,import cust,etsy importer,broad,5.0,1,0,0.0,0,0.0,0.0,0.0,0.0,1.0,1.0,,,,,
Judge.me Product Reviews App,Search_EN_Features_2024.08.19,2026-02-24,2026-03-17,UTC,USD,import co,etsy importer,broad,5.0,1,0,0.0,0,0.0,0.0,0.0,0.0,4.0,1.0,,,,,
Judge.me Product Reviews App,Search_EN_Features_2024.08.19,2026-02-24,2026-03-17,UTC,USD,import assets,etsy importer,broad,5.0,1,0,0.0,0,0.0,0.0,0.0,0.0,6.0,1.0,,,,,
Judge.me Product Reviews App,Search_EN_Features_2024.08.19,2026-02-24,2026-03-17,UTC,USD,import articles,etsy importer,broad,5.0,1,0,0.0,0,0.0,0.0,0.0,0.0,3.0,1.0,,,,,
Judge.me Product Reviews App,Search_EN_Features_2024.08.19,2026-02-24,2026-03-17,UTC,USD,import and expo,etsy importer,broad,5.0,1,0,0.0,0,0.0,0.0,0.0,0.0,2.0,1.0,,,,,
Judge.me Product Reviews App,Search_EN_Features_2024.08.19,2026-02-24,2026-03-17,UTC,USD,import amaozn,etsy importer,broad,5.0,1,0,0.0,0,0.0,0.0,0.0,0.0,2.0,1.0,,,,,
Judge.me Product Reviews App,Search_EN_Features_2024.08.19,2026-02-24,2026-03-17,UTC,USD,import aliexpress,etsy importer,broad,5.0,1,0,0.0,0,0.0,0.0,0.0,0.0,1.0,0.25,,,,,
Judge.me Product Reviews App,Search_EN_Features_2024.08.19,2026-02-24,2026-03-17,UTC,USD,import aliexpr,etsy importer,broad,5.0,1,0,0.0,0,0.0,0.0,0.0,0.0,2.0,1.0,,,,,
Judge.me Product Reviews App,Search_EN_Features_2024.08.19,2026-02-24,2026-03-17,UTC,USD,import alibaba,etsy importer,broad,5.0,1,0,0.0,0,0.0,0.0,0.0,0.0,2.0,0.333333,,,,,
Judge.me Product Reviews App,Search_EN_Features_2024.08.19,2026-02-24,2026-03-17,UTC,USD,import / export,etsy importer,broad,5.0,1,0,0.0,0,0.0,0.0,0.0,0.0,1.0,1.0,,,,,
Judge.me Product Reviews App,Search_EN_Features_2024.08.19,2026-02-24,2026-03-17,UTC,USD,gutschein import,etsy importer,broad,5.0,1,0,0.0,0,0.0,0.0,0.0,0.0,3.0,1.0,,,,,
Judge.me Product Reviews App,Search_EN_Features_2024.08.19,2026-02-24,2026-03-17,UTC,USD,free importer,etsy importer,broad,5.0,1,0,0.0,0,0.0,0.0,0.0,0.0,3.0,1.0,,,,,
Judge.me Product Reviews App,Search_EN_Features_2024.08.19,2026-02-24,2026-03-17,UTC,USD,free etsy,etsy importer,broad,5.0,1,0,0.0,0,0.0,0.0,0.0,0.0,4.0,1.0,,,,,
Judge.me Product Reviews App,Search_EN_Features_2024.08.19,2026-02-24,2026-03-17,UTC,USD,flipkart reviews importer,etsy importer,broad,5.0,1,0,0.0,0,0.0,0.0,0.0,0.0,4.0,1.0,,,,,
Judge.me Product Reviews App,Search_EN_Features_2024.08.19,2026-02-24,2026-03-17,UTC,USD,firebar import and export,etsy importer,broad,5.0,1,0,0.0,0,0.0,0.0,0.0,0.0,2.0,1.0,,,,,
Judge.me Product Reviews App,Search_EN_Features_2024.08.19,2026-02-24,2026-03-17,UTC,USD,feed import xml,etsy importer,broad,5.0,1,0,0.0,0,0.0,0.0,0.0,0.0,4.0,1.0,,,,,
Judge.me Product Reviews App,Search_EN_Features_2024.08.19,2026-02-24,2026-03-17,UTC,USD,f-tone import,etsy importer,broad,5.0,1,0,0.0,0,0.0,0.0,0.0,0.0,2.0,1.0,,,,,
Judge.me Product Reviews App,Search_EN_Features_2024.08.19,2026-02-24,2026-03-17,UTC,USD,eze importer,etsy importer,broad,5.0,1,0,0.0,0,0.0,0.0,0.0,0.0,3.0,1.0,,,,,
Judge.me Product Reviews App,Search_EN_Features_2024.08.19,2026-02-24,2026-03-17,UTC,USD,ez review importer,etsy importer,broad,5.0,1,0,0.0,0,0.0,0.0,0.0,0.0,4.0,0.5,,,,,
Judge.me Product Reviews App,Search_EN_Features_2024.08.19,2026-02-24,2026-03-17,UTC,USD,ez review import,etsy importer,broad,5.0,1,0,0.0,0,0.0,0.0,0.0,0.0,4.0,1.0,,,,,
Judge.me Product Reviews App,Search_EN_Features_2024.08.19,2026-02-24,2026-03-17,UTC,USD,export import pages,etsy importer,broad,5.0,1,0,0.0,0,0.0,0.0,0.0,0.0,6.0,0.166666,,,,,
Judge.me Product Reviews App,Search_EN_Features_2024.08.19,2026-02-24,2026-03-17,UTC,USD,export import collections,etsy importer,broad,5.0,1,0,0.0,0,0.0,0.0,0.0,0.0,4.0,0.25,,,,,
Judge.me Product Reviews App,Search_EN_Features_2024.08.19,2026-02-24,2026-03-17,UTC,USD,etsy#,etsy importer,broad,5.0,1,0,0.0,0,0.0,0.0,0.0,0.0,1.0,1.0,,,,,
Judge.me Product Reviews App,Search_EN_Features_2024.08.19,2026-02-24,2026-03-17,UTC,USD,etsy-connector,etsy importer,broad,5.0,1,0,0.0,0,0.0,0.0,0.0,0.0,3.0,1.0,,,,,
Judge.me Product Reviews App,Search_EN_Features_2024.08.19,2026-02-24,2026-03-17,UTC,USD,etsy と同期,etsy importer,broad,5.0,1,0,0.0,0,0.0,0.0,0.0,0.0,1.0,1.0,,,,,
Judge.me Product Reviews App,Search_EN_Features_2024.08.19,2026-02-24,2026-03-17,UTC,USD,etsy との同期,etsy importer,broad,5.0,1,0,0.0,0,0.0,0.0,0.0,0.0,1.0,1.0,,,,,
Judge.me Product Reviews App,Search_EN_Features_2024.08.19,2026-02-24,2026-03-17,UTC,USD,etsy 동기화,etsy importer,broad,5.0,1,0,0.0,0,0.0,0.0,0.0,0.0,1.0,1.0,,,,,
Judge.me Product Reviews App,Search_EN_Features_2024.08.19,2026-02-24,2026-03-17,UTC,USD,etsy widget,etsy importer,broad,5.0,1,1,1.0,1,1.0,5.0,5.0,5.0,2.0,1.0,,,,,
Judge.me Product Reviews App,Search_EN_Features_2024.08.19,2026-02-24,2026-03-17,UTC,USD,etsy verkaufen,etsy importer,broad,5.0,1,0,0.0,0,0.0,0.0,0.0,0.0,2.0,1.0,,,,,
Judge.me Product Reviews App,Search_EN_Features_2024.08.19,2026-02-24,2026-03-17,UTC,USD,etsy testmonials,etsy importer,broad,5.0,1,0,0.0,0,0.0,0.0,0.0,0.0,3.0,1.0,,,,,
Judge.me Product Reviews App,Search_EN_Features_2024.08.19,2026-02-24,2026-03-17,UTC,USD,etsy style,etsy importer,broad,5.0,1,0,0.0,0,0.0,0.0,0.0,0.0,1.0,1.0,,,,,
Judge.me Product Reviews App,Search_EN_Features_2024.08.19,2026-02-24,2026-03-17,UTC,USD,etsy shuttle,etsy importer,broad,5.0,1,0,0.0,0,0.0,0.0,0.0,0.0,1.0,0.5,,,,,
Judge.me Product Reviews App,Search_EN_Features_2024.08.19,2026-02-24,2026-03-17,UTC,USD,etsy revie,etsy importer,broad,5.0,1,0,0.0,0,0.0,0.0,0.0,0.0,3.0,0.5,,,,,
Judge.me Product Reviews App,Search_EN_Features_2024.08.19,2026-02-24,2026-03-17,UTC,USD,etsy quicksync,etsy importer,broad,5.0,1,0,0.0,0,0.0,0.0,0.0,0.0,1.0,1.0,,,,,
Judge.me Product Reviews App,Search_EN_Features_2024.08.19,2026-02-24,2026-03-17,UTC,USD,etsy prompts,etsy importer,broad,5.0,1,0,0.0,0,0.0,0.0,0.0,0.0,2.0,1.0,,,,,
Judge.me Product Reviews App,Search_EN_Features_2024.08.19,2026-02-24,2026-03-17,UTC,USD,etsy print on demand,etsy importer,broad,5.0,1,0,0.0,0,0.0,0.0,0.0,0.0,4.0,1.0,,,,,
Judge.me Product Reviews App,Search_EN_Features_2024.08.19,2026-02-24,2026-03-17,UTC,USD,etsy payment,etsy importer,broad,5.0,1,0,0.0,0,0.0,0.0,0.0,0.0,1.0,1.0,,,,,
Judge.me Product Reviews App,Search_EN_Features_2024.08.19,2026-02-24,2026-03-17,UTC,USD,etsy migration,etsy importer,broad,5.0,1,0,0.0,0,0.0,0.0,0.0,0.0,4.0,0.25,,,,,
Judge.me Product Reviews App,Search_EN_Features_2024.08.19,2026-02-24,2026-03-17,UTC,USD,etsy migarte,etsy importer,broad,5.0,1,0,0.0,0,0.0,0.0,0.0,0.0,3.0,1.0,,,,,
Judge.me Product Reviews App,Search_EN_Features_2024.08.19,2026-02-24,2026-03-17,UTC,USD,etsy mark,etsy importer,broad,5.0,1,0,0.0,0,0.0,0.0,0.0,0.0,1.0,1.0,,,,,
Judge.me Product Reviews App,Search_EN_Features_2024.08.19,2026-02-24,2026-03-17,UTC,USD,etsy listing import csv,etsy importer,broad,5.0,1,0,0.0,0,0.0,0.0,0.0,0.0,4.0,1.0,,,,,
Judge.me Product Reviews App,Search_EN_Features_2024.08.19,2026-02-24,2026-03-17,UTC,USD,etsy intergration dpl,etsy importer,broad,5.0,1,0,0.0,0,0.0,0.0,0.0,0.0,3.0,1.0,,,,,
Judge.me Product Reviews App,Search_EN_Features_2024.08.19,2026-02-24,2026-03-17,UTC,USD,etsy integration shoplist,etsy importer,broad,5.0,1,0,0.0,0,0.0,0.0,0.0,0.0,4.0,1.0,,,,,
Judge.me Product Reviews App,Search_EN_Features_2024.08.19,2026-02-24,2026-03-17,UTC,USD,etsy integration and sych,etsy importer,broad,5.0,1,0,0.0,0,0.0,0.0,0.0,0.0,2.0,1.0,,,,,
Judge.me Product Reviews App,Search_EN_Features_2024.08.19,2026-02-24,2026-03-17,UTC,USD,etsy integration - ced,etsy importer,broad,5.0,1,0,0.0,0,0.0,0.0,0.0,0.0,2.0,0.5,,,,,
Judge.me Product Reviews App,Search_EN_Features_2024.08.19,2026-02-24,2026-03-17,UTC,USD,etsy integrat,etsy importer,broad,5.0,1,0,0.0,0,0.0,0.0,0.0,0.0,1.0,0.5,,,,,
Judge.me Product Reviews App,Search_EN_Features_2024.08.19,2026-02-24,2026-03-17,UTC,USD,etsy frane',etsy importer,broad,5.0,1,0,0.0,0,0.0,0.0,0.0,0.0,4.0,1.0,,,,,
Judge.me Product Reviews App,Search_EN_Features_2024.08.19,2026-02-24,2026-03-17,UTC,USD,etsy ebay,etsy importer,broad,5.0,1,0,0.0,0,0.0,0.0,0.0,0.0,1.0,0.2,,,,,
Judge.me Product Reviews App,Search_EN_Features_2024.08.19,2026-02-24,2026-03-17,UTC,USD,etsy connector,etsy importer,broad,5.0,1,0,0.0,0,0.0,0.0,0.0,0.0,2.0,1.0,,,,,
Judge.me Product Reviews App,Search_EN_Features_2024.08.19,2026-02-24,2026-03-17,UTC,USD,etsy connect pay as you go,etsy importer,broad,5.0,1,0,0.0,0,0.0,0.0,0.0,0.0,4.0,1.0,,,,,
Judge.me Product Reviews App,Search_EN_Features_2024.08.19,2026-02-24,2026-03-17,UTC,USD,etsy avis,etsy importer,broad,5.0,1,0,0.0,0,0.0,0.0,0.0,0.0,3.0,1.0,,,,,
Judge.me Product Reviews App,Search_EN_Features_2024.08.19,2026-02-24,2026-03-17,UTC,USD,etsi,etsy importer,broad,5.0,1,0,0.0,0,0.0,0.0,0.0,0.0,1.0,1.0,,,,,
Judge.me Product Reviews App,Search_EN_Features_2024.08.19,2026-02-24,2026-03-17,UTC,USD,ecomrise importer,etsy importer,broad,5.0,1,0,0.0,0,0.0,0.0,0.0,0.0,3.0,1.0,,,,,
Judge.me Product Reviews App,Search_EN_Features_2024.08.19,2026-02-24,2026-03-17,UTC,USD,ecom import,etsy importer,broad,5.0,1,0,0.0,0,0.0,0.0,0.0,0.0,3.0,1.0,,,,,
Judge.me Product Reviews App,Search_EN_Features_2024.08.19,2026-02-24,2026-03-17,UTC,USD,ecoby import,etsy importer,broad,5.0,1,0,0.0,0,0.0,0.0,0.0,0.0,3.0,1.0,,,,,
Judge.me Product Reviews App,Search_EN_Features_2024.08.19,2026-02-24,2026-03-17,UTC,USD,ebay importer by infoshore,etsy importer,broad,5.0,1,0,0.0,0,0.0,0.0,0.0,0.0,4.0,0.125,,,,,
Judge.me Product Reviews App,Search_EN_Features_2024.08.19,2026-02-24,2026-03-17,UTC,USD,ebay importe,etsy importer,broad,5.0,1,0,0.0,0,0.0,0.0,0.0,0.0,4.0,1.0,,,,,
Judge.me Product Reviews App,Search_EN_Features_2024.08.19,2026-02-24,2026-03-17,UTC,USD,easyify etsy,etsy importer,broad,5.0,1,0,0.0,0,0.0,0.0,0.0,0.0,2.0,1.0,,,,,
Judge.me Product Reviews App,Search_EN_Features_2024.08.19,2026-02-24,2026-03-17,UTC,USD,dpl etsy,etsy importer,broad,5.0,1,0,0.0,0,0.0,0.0,0.0,0.0,1.0,1.0,,,,,
Judge.me Product Reviews App,Search_EN_Features_2024.08.19,2026-02-24,2026-03-17,UTC,USD,demo importer,etsy importer,broad,5.0,1,0,0.0,0,0.0,0.0,0.0,0.0,2.0,1.0,,,,,
Judge.me Product Reviews App,Search_EN_Features_2024.08.19,2026-02-24,2026-03-17,UTC,USD,data migration import,etsy importer,broad,5.0,1,0,0.0,0,0.0,0.0,0.0,0.0,3.0,1.0,,,,,
Judge.me Product Reviews App,Search_EN_Features_2024.08.19,2026-02-24,2026-03-17,UTC,USD,cvs importer,etsy importer,broad,5.0,1,0,0.0,0,0.0,0.0,0.0,0.0,4.0,1.0,,,,,
Judge.me Product Reviews App,Search_EN_Features_2024.08.19,2026-02-24,2026-03-17,UTC,USD,csv import/export,etsy importer,broad,5.0,1,0,0.0,0,0.0,0.0,0.0,0.0,3.0,1.0,,,,,
Judge.me Product Reviews App,Search_EN_Features_2024.08.19,2026-02-24,2026-03-17,UTC,USD,csv import guard,etsy importer,broad,5.0,1,0,0.0,0,0.0,0.0,0.0,0.0,2.0,1.0,,,,,
Judge.me Product Reviews App,Search_EN_Features_2024.08.19,2026-02-24,2026-03-17,UTC,USD,collection export and import,etsy importer,broad,5.0,1,0,0.0,0,0.0,0.0,0.0,0.0,4.0,1.0,,,,,
Judge.me Product Reviews App,Search_EN_Features_2024.08.19,2026-02-24,2026-03-17,UTC,USD,cedcommerce?s etsy integration,etsy importer,broad,5.0,1,0,0.0,0,0.0,0.0,0.0,0.0,2.0,1.0,,,,,
Judge.me Product Reviews App,Search_EN_Features_2024.08.19,2026-02-24,2026-03-17,UTC,USD,cedcommerce etsy,etsy importer,broad,5.0,1,0,0.0,0,0.0,0.0,0.0,0.0,3.0,0.058823,,,,,
Judge.me Product Reviews App,Search_EN_Features_2024.08.19,2026-02-24,2026-03-17,UTC,USD,ced a=etsy,etsy importer,broad,5.0,1,0,0.0,0,0.0,0.0,0.0,0.0,2.0,1.0,,,,,
Judge.me Product Reviews App,Search_EN_Features_2024.08.19,2026-02-24,2026-03-17,UTC,USD,category import,etsy importer,broad,5.0,1,0,0.0,0,0.0,0.0,0.0,0.0,7.0,0.5,,,,,
Judge.me Product Reviews App,Search_EN_Features_2024.08.19,2026-02-24,2026-03-17,UTC,USD,bulkflow import & export,etsy importer,broad,5.0,1,0,0.0,0,0.0,0.0,0.0,0.0,2.0,1.0,,,,,
Judge.me Product Reviews App,Search_EN_Features_2024.08.19,2026-02-24,2026-03-17,UTC,USD,bulk importer,etsy importer,broad,5.0,1,0,0.0,0,0.0,0.0,0.0,0.0,4.0,0.5,,,,,
Judge.me Product Reviews App,Search_EN_Features_2024.08.19,2026-02-24,2026-03-17,UTC,USD,brand import,etsy importer,broad,5.0,1,0,0.0,0,0.0,0.0,0.0,0.0,2.0,1.0,,,,,
Judge.me Product Reviews App,Search_EN_Features_2024.08.19,2026-02-24,2026-03-17,UTC,USD,batch import,etsy importer,broad,5.0,1,0,0.0,0,0.0,0.0,0.0,0.0,1.0,1.0,,,,,
Judge.me Product Reviews App,Search_EN_Features_2024.08.19,2026-02-24,2026-03-17,UTC,USD,b2b importer,etsy importer,broad,5.0,1,0,0.0,0,0.0,0.0,0.0,0.0,3.0,1.0,,,,,
Judge.me Product Reviews App,Search_EN_Features_2024.08.19,2026-02-24,2026-03-17,UTC,USD,auto import,etsy importer,broad,5.0,1,0,0.0,0,0.0,0.0,0.0,0.0,4.0,1.0,,,,,
Judge.me Product Reviews App,Search_EN_Features_2024.08.19,2026-02-24,2026-03-17,UTC,USD,appsbyb: prestashop importer,etsy importer,broad,5.0,1,0,0.0,0,0.0,0.0,0.0,0.0,3.0,1.0,,,,,
Judge.me Product Reviews App,Search_EN_Features_2024.08.19,2026-02-24,2026-03-17,UTC,USD,appsbyb woo commerce importer,etsy importer,broad,5.0,1,0,0.0,0,0.0,0.0,0.0,0.0,4.0,1.0,,,,,
Judge.me Product Reviews App,Search_EN_Features_2024.08.19,2026-02-24,2026-03-17,UTC,USD,anuncios etsy,etsy importer,broad,5.0,1,0,0.0,0,0.0,0.0,0.0,0.0,1.0,1.0,,,,,
Judge.me Product Reviews App,Search_EN_Features_2024.08.19,2026-02-24,2026-03-17,UTC,USD,amazn importer,etsy importer,broad,5.0,1,0,0.0,0,0.0,0.0,0.0,0.0,3.0,1.0,,,,,
Judge.me Product Reviews App,Search_EN_Features_2024.08.19,2026-02-24,2026-03-17,UTC,USD,altera export and import,etsy importer,broad,5.0,1,0,0.0,0,0.0,0.0,0.0,0.0,3.0,1.0,,,,,
Judge.me Product Reviews App,Search_EN_Features_2024.08.19,2026-02-24,2026-03-17,UTC,USD,aliexpress import freee,etsy importer,broad,5.0,1,0,0.0,0,0.0,0.0,0.0,0.0,4.0,1.0,,,,,
Judge.me Product Reviews App,Search_EN_Features_2024.08.19,2026-02-24,2026-03-17,UTC,USD,aliexpress import dsrt,etsy importer,broad,5.0,1,0,0.0,0,0.0,0.0,0.0,0.0,2.0,1.0,,,,,
Judge.me Product Reviews App,Search_EN_Features_2024.08.19,2026-02-24,2026-03-17,UTC,USD,aliexpress import dsers,etsy importer,broad,5.0,1,0,0.0,0,0.0,0.0,0.0,0.0,3.0,1.0,,,,,
Judge.me Product Reviews App,Search_EN_Features_2024.08.19,2026-02-24,2026-03-17,UTC,USD,aliexpress dropshipping import,etsy importer,broad,5.0,1,0,0.0,0,0.0,0.0,0.0,0.0,4.0,1.0,,,,,
Judge.me Product Reviews App,Search_EN_Features_2024.08.19,2026-02-24,2026-03-17,UTC,USD,alie importer,etsy importer,broad,5.0,1,0,0.0,0,0.0,0.0,0.0,0.0,3.0,1.0,,,,,
Judge.me Product Reviews App,Search_EN_Features_2024.08.19,2026-02-24,2026-03-17,UTC,USD,alibabareview importer,etsy importer,broad,5.0,1,0,0.0,0,0.0,0.0,0.0,0.0,2.0,1.0,,,,,
Judge.me Product Reviews App,Search_EN_Features_2024.08.19,2026-02-24,2026-03-17,UTC,USD,alibaba review importer,etsy importer,broad,5.0,1,0,0.0,0,0.0,0.0,0.0,0.0,4.0,1.0,,,,,
Judge.me Product Reviews App,Search_EN_Features_2024.08.19,2026-02-24,2026-03-17,UTC,USD,ali reviews importer,etsy importer,broad,5.0,1,0,0.0,0,0.0,0.0,0.0,0.0,2.0,1.0,,,,,
Judge.me Product Reviews App,Search_EN_Features_2024.08.19,2026-02-24,2026-03-17,UTC,USD,ali importer,etsy importer,broad,5.0,1,0,0.0,0,0.0,0.0,0.0,0.0,3.0,0.5,,,,,
Judge.me Product Reviews App,Search_EN_Features_2024.08.19,2026-02-24,2026-03-17,UTC,USD,ali express reviews import,etsy importer,broad,5.0,1,0,0.0,0,0.0,0.0,0.0,0.0,3.0,1.0,,,,,
Judge.me Product Reviews App,Search_EN_Features_2024.08.19,2026-02-24,2026-03-17,UTC,USD,adnosaur import,etsy importer,broad,5.0,1,0,0.0,0,0.0,0.0,0.0,0.0,2.0,1.0,,,,,
Judge.me Product Reviews App,Search_EN_Features_2024.08.19,2026-02-24,2026-03-17,UTC,USD,ablestar importer,etsy importer,broad,5.0,1,0,0.0,0,0.0,0.0,0.0,0.0,1.0,0.5,,,,,
Judge.me Product Reviews App,Search_EN_Features_2024.08.19,2026-02-24,2026-03-17,UTC,USD,youtube shoppable videos & ugc,ugc,broad,7.0,1,0,0.0,0,0.0,0.0,0.0,0.0,3.0,1.0,,,,,
Judge.me Product Reviews App,Search_EN_Features_2024.08.19,2026-02-24,2026-03-17,UTC,USD,videoselz shoppable video ugc,ugc,broad,7.0,1,0,0.0,0,0.0,0.0,0.0,0.0,1.0,1.0,,,,,
Judge.me Product Reviews App,Search_EN_Features_2024.08.19,2026-02-24,2026-03-17,UTC,USD,video/reels/ugc slider app.,ugc,broad,7.0,1,0,0.0,0,0.0,0.0,0.0,0.0,1.0,1.0,,,,,
Judge.me Product Reviews App,Search_EN_Features_2024.08.19,2026-02-24,2026-03-17,UTC,USD,video slide ugc free,ugc,broad,7.0,1,0,0.0,0,0.0,0.0,0.0,0.0,4.0,0.5,,,,,
Judge.me Product Reviews App,Search_EN_Features_2024.08.19,2026-02-24,2026-03-17,UTC,USD,video apps ugc,ugc,broad,7.0,1,0,0.0,0,0.0,0.0,0.0,0.0,3.0,1.0,,,,,
Judge.me Product Reviews App,Search_EN_Features_2024.08.19,2026-02-24,2026-03-17,UTC,USD,ugc video slidder,ugc,broad,7.0,1,0,0.0,0,0.0,0.0,0.0,0.0,4.0,1.0,,,,,
Judge.me Product Reviews App,Search_EN_Features_2024.08.19,2026-02-24,2026-03-17,UTC,USD,ugc video sho,ugc,broad,7.0,1,0,0.0,0,0.0,0.0,0.0,0.0,1.0,1.0,,,,,
Judge.me Product Reviews App,Search_EN_Features_2024.08.19,2026-02-24,2026-03-17,UTC,USD,ugc video feed,ugc,broad,7.0,1,0,0.0,0,0.0,0.0,0.0,0.0,2.0,1.0,,,,,
Judge.me Product Reviews App,Search_EN_Features_2024.08.19,2026-02-24,2026-03-17,UTC,USD,ugc video carousel free,ugc,broad,7.0,1,0,0.0,0,0.0,0.0,0.0,0.0,4.0,0.5,,,,,
Judge.me Product Reviews App,Search_EN_Features_2024.08.19,2026-02-24,2026-03-17,UTC,USD,ugc video carousel (user generated content),ugc,broad,7.0,1,0,0.0,0,0.0,0.0,0.0,0.0,4.0,1.0,,,,,
Judge.me Product Reviews App,Search_EN_Features_2024.08.19,2026-02-24,2026-03-17,UTC,USD,ugc timer countdown,ugc,broad,7.0,1,0,0.0,0,0.0,0.0,0.0,0.0,2.0,1.0,,,,,
Judge.me Product Reviews App,Search_EN_Features_2024.08.19,2026-02-24,2026-03-17,UTC,USD,ugc tik tok,ugc,broad,7.0,1,0,0.0,0,0.0,0.0,0.0,0.0,1.0,1.0,,,,,
Judge.me Product Reviews App,Search_EN_Features_2024.08.19,2026-02-24,2026-03-17,UTC,USD,ugc testemo,ugc,broad,7.0,1,0,0.0,0,0.0,0.0,0.0,0.0,1.0,1.0,,,,,
Judge.me Product Reviews App,Search_EN_Features_2024.08.19,2026-02-24,2026-03-17,UTC,USD,ugc tags,ugc,broad,7.0,1,0,0.0,0,0.0,0.0,0.0,0.0,4.0,1.0,,,,,
Judge.me Product Reviews App,Search_EN_Features_2024.08.19,2026-02-24,2026-03-17,UTC,USD,ugc shoppable video,ugc,broad,7.0,1,0,0.0,0,0.0,0.0,0.0,0.0,2.0,1.0,,,,,
Judge.me Product Reviews App,Search_EN_Features_2024.08.19,2026-02-24,2026-03-17,UTC,USD,ugc shopify,ugc,broad,7.0,1,0,0.0,0,0.0,0.0,0.0,0.0,2.0,1.0,,,,,
Judge.me Product Reviews App,Search_EN_Features_2024.08.19,2026-02-24,2026-03-17,UTC,USD,ugc section,ugc,broad,7.0,1,0,0.0,0,0.0,0.0,0.0,0.0,1.0,1.0,,,,,
Judge.me Product Reviews App,Search_EN_Features_2024.08.19,2026-02-24,2026-03-17,UTC,USD,ugc reels,ugc,broad,7.0,1,0,0.0,0,0.0,0.0,0.0,0.0,1.0,0.5,,,,,
Judge.me Product Reviews App,Search_EN_Features_2024.08.19,2026-02-24,2026-03-17,UTC,USD,ugc reel,ugc,broad,7.0,1,0,0.0,0,0.0,0.0,0.0,0.0,1.0,1.0,,,,,
Judge.me Product Reviews App,Search_EN_Features_2024.08.19,2026-02-24,2026-03-17,UTC,USD,ugc platform,ugc,broad,7.0,1,0,0.0,0,0.0,0.0,0.0,0.0,4.0,1.0,,,,,
Judge.me Product Reviews App,Search_EN_Features_2024.08.19,2026-02-24,2026-03-17,UTC,USD,ugc photo,ugc,broad,7.0,1,0,0.0,0,0.0,0.0,0.0,0.0,1.0,1.0,,,,,
Judge.me Product Reviews App,Search_EN_Features_2024.08.19,2026-02-24,2026-03-17,UTC,USD,ugc creator sourcing,ugc,broad,7.0,1,0,0.0,0,0.0,0.0,0.0,0.0,4.0,1.0,,,,,
Judge.me Product Reviews App,Search_EN_Features_2024.08.19,2026-02-24,2026-03-17,UTC,USD,ugc counwtdow,ugc,broad,7.0,1,0,0.0,0,0.0,0.0,0.0,0.0,2.0,1.0,,,,,
Judge.me Product Reviews App,Search_EN_Features_2024.08.19,2026-02-24,2026-03-17,UTC,USD,ugc conwtdown,ugc,broad,7.0,1,0,0.0,0,0.0,0.0,0.0,0.0,2.0,1.0,,,,,
Judge.me Product Reviews App,Search_EN_Features_2024.08.19,2026-02-24,2026-03-17,UTC,USD,ugc and reviews,ugc,broad,7.0,1,1,1.0,1,1.0,7.0,7.0,7.0,4.0,1.0,,,,,
Judge.me Product Reviews App,Search_EN_Features_2024.08.19,2026-02-24,2026-03-17,UTC,USD,ugc ad,ugc,broad,7.0,1,0,0.0,0,0.0,0.0,0.0,0.0,3.0,1.0,,,,,
Judge.me Product Reviews App,Search_EN_Features_2024.08.19,2026-02-24,2026-03-17,UTC,USD,ugc (사용자 제작 콘텐츠),ugc,broad,7.0,1,0,0.0,0,0.0,0.0,0.0,0.0,1.0,1.0,,,,,
Judge.me Product Reviews App,Search_EN_Features_2024.08.19,2026-02-24,2026-03-17,UTC,USD,tydal product reviews & ugc,ugc,broad,7.0,1,0,0.0,0,0.0,0.0,0.0,0.0,2.0,1.0,,,,,
Judge.me Product Reviews App,Search_EN_Features_2024.08.19,2026-02-24,2026-03-17,UTC,USD,super video ugc,ugc,broad,7.0,1,0,0.0,0,0.0,0.0,0.0,0.0,3.0,0.5,,,,,
Judge.me Product Reviews App,Search_EN_Features_2024.08.19,2026-02-24,2026-03-17,UTC,USD,stamped reviews & ugc,ugc,broad,7.0,1,0,0.0,0,0.0,0.0,0.0,0.0,2.0,0.5,,,,,
Judge.me Product Reviews App,Search_EN_Features_2024.08.19,2026-02-24,2026-03-17,UTC,USD,spark video apps ugc,ugc,broad,7.0,1,0,0.0,0,0.0,0.0,0.0,0.0,3.0,1.0,,,,,
Judge.me Product Reviews App,Search_EN_Features_2024.08.19,2026-02-24,2026-03-17,UTC,USD,socialphotos ugc gallery,ugc,broad,7.0,1,0,0.0,0,0.0,0.0,0.0,0.0,2.0,1.0,,,,,
Judge.me Product Reviews App,Search_EN_Features_2024.08.19,2026-02-24,2026-03-17,UTC,USD,shoppable video & ugc,ugc,broad,7.0,1,0,0.0,0,0.0,0.0,0.0,0.0,2.0,0.333333,,,,,
Judge.me Product Reviews App,Search_EN_Features_2024.08.19,2026-02-24,2026-03-17,UTC,USD,shoppable ugc videos,ugc,broad,7.0,1,0,0.0,0,0.0,0.0,0.0,0.0,2.0,1.0,,,,,
Judge.me Product Reviews App,Search_EN_Features_2024.08.19,2026-02-24,2026-03-17,UTC,USD,shoppable ugc video,ugc,broad,7.0,1,0,0.0,0,0.0,0.0,0.0,0.0,2.0,1.0,,,,,
Judge.me Product Reviews App,Search_EN_Features_2024.08.19,2026-02-24,2026-03-17,UTC,USD,shoppable social ugc,ugc,broad,7.0,1,0,0.0,0,0.0,0.0,0.0,0.0,4.0,0.1,,,,,
Judge.me Product Reviews App,Search_EN_Features_2024.08.19,2026-02-24,2026-03-17,UTC,USD,shopable video ugc,ugc,broad,7.0,1,0,0.0,0,0.0,0.0,0.0,0.0,1.0,1.0,,,,,
Judge.me Product Reviews App,Search_EN_Features_2024.08.19,2026-02-24,2026-03-17,UTC,USD,"sauce: instagram, tiktok & ugc",ugc,broad,7.0,1,0,0.0,0,0.0,0.0,0.0,0.0,3.0,1.0,,,,,
Judge.me Product Reviews App,Search_EN_Features_2024.08.19,2026-02-24,2026-03-17,UTC,USD,rivo product reviews app and ugc,ugc,broad,7.0,1,0,0.0,0,0.0,0.0,0.0,0.0,3.0,1.0,,,,,
Judge.me Product Reviews App,Search_EN_Features_2024.08.19,2026-02-24,2026-03-17,UTC,USD,revo product reviews app ugc,ugc,broad,7.0,1,0,0.0,0,0.0,0.0,0.0,0.0,3.0,1.0,,,,,
Judge.me Product Reviews App,Search_EN_Features_2024.08.19,2026-02-24,2026-03-17,UTC,USD,refunnel ugc,ugc,broad,7.0,1,0,0.0,0,0.0,0.0,0.0,0.0,1.0,1.0,,,,,
Judge.me Product Reviews App,Search_EN_Features_2024.08.19,2026-02-24,2026-03-17,UTC,USD,reeltok shoppable videos & ugc,ugc,broad,7.0,1,0,0.0,0,0.0,0.0,0.0,0.0,1.0,1.0,,,,,
Judge.me Product Reviews App,Search_EN_Features_2024.08.19,2026-02-24,2026-03-17,UTC,USD,reelify shoppable video $ ugc,ugc,broad,7.0,1,0,0.0,0,0.0,0.0,0.0,0.0,2.0,1.0,,,,,
Judge.me Product Reviews App,Search_EN_Features_2024.08.19,2026-02-24,2026-03-17,UTC,USD,reeli shoppable video &ugc,ugc,broad,7.0,1,0,0.0,0,0.0,0.0,0.0,0.0,2.0,1.0,,,,,
Judge.me Product Reviews App,Search_EN_Features_2024.08.19,2026-02-24,2026-03-17,UTC,USD,reelfy? shoppable video & ugc,ugc,broad,7.0,1,0,0.0,0,0.0,0.0,0.0,0.0,1.0,1.0,,,,,
Judge.me Product Reviews App,Search_EN_Features_2024.08.19,2026-02-24,2026-03-17,UTC,USD,product reviews app ugc | q&a,ugc,broad,7.0,1,0,0.0,0,0.0,0.0,0.0,0.0,4.0,0.5,,,,,
Judge.me Product Reviews App,Search_EN_Features_2024.08.19,2026-02-24,2026-03-17,UTC,USD,product reviews app ugc & q/a,ugc,broad,7.0,1,0,0.0,0,0.0,0.0,0.0,0.0,4.0,1.0,,,,,
Judge.me Product Reviews App,Search_EN_Features_2024.08.19,2026-02-24,2026-03-17,UTC,USD,product reviews app ugc,ugc,broad,7.0,1,0,0.0,0,0.0,0.0,0.0,0.0,3.0,0.25,,,,,
Judge.me Product Reviews App,Search_EN_Features_2024.08.19,2026-02-24,2026-03-17,UTC,USD,product review app ugc,ugc,broad,7.0,1,0,0.0,0,0.0,0.0,0.0,0.0,1.0,0.5,,,,,
Judge.me Product Reviews App,Search_EN_Features_2024.08.19,2026-02-24,2026-03-17,UTC,USD,porudct reviews app ugc,ugc,broad,7.0,1,0,0.0,0,0.0,0.0,0.0,0.0,3.0,1.0,,,,,
Judge.me Product Reviews App,Search_EN_Features_2024.08.19,2026-02-24,2026-03-17,UTC,USD,opinew product reviews app ugc qand a,ugc,broad,7.0,1,0,0.0,0,0.0,0.0,0.0,0.0,3.0,1.0,,,,,
Judge.me Product Reviews App,Search_EN_Features_2024.08.19,2026-02-24,2026-03-17,UTC,USD,opinew product reviews app ugc q and a,ugc,broad,7.0,1,0,0.0,0,0.0,0.0,0.0,0.0,3.0,1.0,,,,,
Judge.me Product Reviews App,Search_EN_Features_2024.08.19,2026-02-24,2026-03-17,UTC,USD,ns shoppable video reels & ugc,ugc,broad,7.0,1,0,0.0,0,0.0,0.0,0.0,0.0,4.0,1.0,,,,,
Judge.me Product Reviews App,Search_EN_Features_2024.08.19,2026-02-24,2026-03-17,UTC,USD,judge.me recensioni & ugc,ugc,broad,7.0,1,1,1.0,1,1.0,7.0,7.0,7.0,2.0,1.0,,,,,
Judge.me Product Reviews App,Search_EN_Features_2024.08.19,2026-02-24,2026-03-17,UTC,USD,instagram ugc videos,ugc,broad,7.0,1,0,0.0,0,0.0,0.0,0.0,0.0,4.0,1.0,,,,,
Judge.me Product Reviews App,Search_EN_Features_2024.08.19,2026-02-24,2026-03-17,UTC,USD,instagram ugc,ugc,broad,7.0,1,0,0.0,0,0.0,0.0,0.0,0.0,2.0,0.25,,,,,
Judge.me Product Reviews App,Search_EN_Features_2024.08.19,2026-02-24,2026-03-17,UTC,USD,hoppable videos & ugc,ugc,broad,7.0,1,0,0.0,0,0.0,0.0,0.0,0.0,1.0,1.0,,,,,
Judge.me Product Reviews App,Search_EN_Features_2024.08.19,2026-02-24,2026-03-17,UTC,USD,flowbox ugc platform,ugc,broad,7.0,1,0,0.0,0,0.0,0.0,0.0,0.0,2.0,1.0,,,,,
Judge.me Product Reviews App,Search_EN_Features_2024.08.19,2026-02-24,2026-03-17,UTC,USD,floating ugc,ugc,broad,7.0,1,0,0.0,0,0.0,0.0,0.0,0.0,1.0,1.0,,,,,
Judge.me Product Reviews App,Search_EN_Features_2024.08.19,2026-02-24,2026-03-17,UTC,USD,embedsocial: shoppable ugc,ugc,broad,7.0,1,0,0.0,0,0.0,0.0,0.0,0.0,1.0,0.5,,,,,
Judge.me Product Reviews App,Search_EN_Features_2024.08.19,2026-02-24,2026-03-17,UTC,USD,detect ugc,ugc,broad,7.0,1,0,0.0,0,0.0,0.0,0.0,0.0,1.0,1.0,,,,,
Judge.me Product Reviews App,Search_EN_Features_2024.08.19,2026-02-24,2026-03-17,UTC,USD,cr ugc,ugc,broad,7.0,1,0,0.0,0,0.0,0.0,0.0,0.0,3.0,1.0,,,,,
Judge.me Product Reviews App,Search_EN_Features_2024.08.19,2026-02-24,2026-03-17,UTC,USD,archive ugc,ugc,broad,7.0,1,0,0.0,0,0.0,0.0,0.0,0.0,1.0,1.0,,,,,
Judge.me Product Reviews App,Search_EN_Features_2024.08.19,2026-02-24,2026-03-17,UTC,USD,air product reviews app & ugc,ugc,broad,7.0,1,0,0.0,0,0.0,0.0,0.0,0.0,3.0,0.052631,,,,,
Judge.me Product Reviews App,Search_EN_Features_2024.08.19,2026-02-24,2026-03-17,UTC,USD,air product reviews & ugc,ugc,broad,7.0,1,0,0.0,0,0.0,0.0,0.0,0.0,2.0,0.5,,,,,
Judge.me Product Reviews App,Search_EN_Features_2024.08.19,2026-02-24,2026-03-17,UTC,USD,10d shoppable ugc videos,ugc,broad,7.0,1,0,0.0,0,0.0,0.0,0.0,0.0,2.0,1.0,,,,,
Judge.me Product Reviews App,Search_EN_Features_2024.08.19,2026-02-24,2026-03-17,UTC,USD,veeper coupon,coupons,broad,2.0,1,0,0.0,0,0.0,0.0,0.0,0.0,4.0,1.0,,,,,
Judge.me Product Reviews App,Search_EN_Features_2024.08.19,2026-02-24,2026-03-17,UTC,USD,coupon master by rhapsody,coupons,broad,2.0,1,0,0.0,0,0.0,0.0,0.0,0.0,11.0,0.333333,,,,,
Judge.me Product Reviews App,Search_EN_Features_2024.08.19,2026-02-24,2026-03-17,UTC,USD,coupon mail,coupons,broad,2.0,1,0,0.0,0,0.0,0.0,0.0,0.0,4.0,1.0,,,,,
Judge.me Product Reviews App,Search_EN_Features_2024.08.19,2026-02-24,2026-03-17,UTC,USD,coupon icon,coupons,broad,2.0,1,0,0.0,0,0.0,0.0,0.0,0.0,6.0,0.25,,,,,
Judge.me Product Reviews App,Search_EN_Features_2024.08.19,2026-02-24,2026-03-17,UTC,USD,coupon carrier,coupons,broad,2.0,1,0,0.0,0,0.0,0.0,0.0,0.0,4.0,0.111111,,,,,
Judge.me Product Reviews App,Search_EN_Features_2024.08.19,2026-02-24,2026-03-17,UTC,USD,coupon carrie,coupons,broad,2.0,1,0,0.0,0,0.0,0.0,0.0,0.0,4.0,1.0,,,,,
Judge.me Product Reviews App,Search_EN_Features_2024.08.19,2026-02-24,2026-03-17,UTC,USD,coupon abuse,coupons,broad,2.0,1,0,0.0,0,0.0,0.0,0.0,0.0,4.0,1.0,,,,,
Judge.me Product Reviews App,Search_EN_Features_2024.08.19,2026-02-24,2026-03-17,UTC,USD,referrly affilate ma,referrals,broad,4.0,1,0,0.0,0,0.0,0.0,0.0,0.0,4.0,1.0,,,,,
Judge.me Product Reviews App,Search_EN_Features_2024.08.19,2026-02-24,2026-03-17,UTC,USD,referrly affilate,referrals,broad,4.0,1,0,0.0,0,0.0,0.0,0.0,0.0,4.0,1.0,,,,,
Judge.me Product Reviews App,Search_EN_Features_2024.08.19,2026-02-24,2026-03-17,UTC,USD,referral programs,referrals,broad,4.0,1,0,0.0,0,0.0,0.0,0.0,0.0,10.0,0.333333,,,,,
Judge.me Product Reviews App,Search_EN_Features_2024.08.19,2026-02-24,2026-03-17,UTC,USD,referral influencer,referrals,broad,4.0,1,0,0.0,0,0.0,0.0,0.0,0.0,9.0,1.0,,,,,
Judge.me Product Reviews App,Search_EN_Features_2024.08.19,2026-02-24,2026-03-17,UTC,USD,referr,referrals,broad,4.0,1,0,0.0,0,0.0,0.0,0.0,0.0,3.0,0.2,,,,,
Judge.me Product Reviews App,Search_EN_Features_2024.08.19,2026-02-24,2026-03-17,UTC,USD,"loyalty, rewards & referrals",referrals,broad,4.0,1,0,0.0,0,0.0,0.0,0.0,0.0,3.0,1.0,,,,,
Judge.me Product Reviews App,Search_EN_Features_2024.08.19,2026-02-24,2026-03-17,UTC,USD,loyalty & referral,referrals,broad,4.0,1,0,0.0,0,0.0,0.0,0.0,0.0,6.0,0.333333,,,,,
Judge.me Product Reviews App,Search_EN_Features_2024.08.19,2026-02-24,2026-03-17,UTC,USD,banify referral program and rewards,referrals,broad,4.0,1,0,0.0,0,0.0,0.0,0.0,0.0,6.0,0.5,,,,,
Judge.me Product Reviews App,Search_EN_Features_2024.08.19,2026-02-24,2026-03-17,UTC,USD,aftership referral & affiliate,referrals,broad,4.0,1,0,0.0,0,0.0,0.0,0.0,0.0,4.0,0.5,,,,,
Judge.me Product Reviews App,Search_EN_Features_2024.08.19,2026-02-24,2026-03-17,UTC,USD,affiliate & referral marketing,referrals,broad,4.0,1,0,0.0,0,0.0,0.0,0.0,0.0,3.0,0.166666,,,,,
Judge.me Product Reviews App,Search_EN_Features_2024.08.19,2026-02-24,2026-03-17,UTC,USD,ebay reviews importer,ebay reviews importer,exact,4.0,0,0,0.0,0,0.0,0.0,0.0,0.0,0.0,0.0,,,,,
Judge.me Product Reviews App,Search_EN_Features_2024.08.19,2026-02-24,2026-03-17,UTC,USD,google shopping reviews,google shopping reviews,exact,4.0,0,0,0.0,0,0.0,0.0,0.0,0.0,0.0,0.0,,,,,
Judge.me Product Reviews App,Search_EN_Features_2024.08.19,2026-02-24,2026-03-17,UTC,USD,review request email,review request email,exact,3.5,0,0,0.0,0,0.0,0.0,0.0,0.0,0.0,0.0,,,,,
Judge.me Product Reviews App,Search_EN_Features_2024.08.19,2026-02-24,2026-03-17,UTC,USD,support ticket faq extractpdp q&a syncion,q&a,broad,6.0,0,0,0.0,0,0.0,0.0,0.0,0.0,0.0,0.0,,,,,
Judge.me Product Reviews App,Search_EN_Features_2024.08.19,2026-02-24,2026-03-17,UTC,USD,store q,q&a,broad,6.0,0,0,0.0,0,0.0,0.0,0.0,0.0,0.0,0.0,,,,,
Judge.me Product Reviews App,Search_EN_Features_2024.08.19,2026-02-24,2026-03-17,UTC,USD,shopify product q&a,q&a,broad,6.0,0,0,0.0,0,0.0,0.0,0.0,0.0,0.0,0.0,,,,,
Judge.me Product Reviews App,Search_EN_Features_2024.08.19,2026-02-24,2026-03-17,UTC,USD,q&a for products,q&a,broad,6.0,0,0,0.0,0,0.0,0.0,0.0,0.0,0.0,0.0,,,,,
Judge.me Product Reviews App,Search_EN_Features_2024.08.19,2026-02-24,2026-03-17,UTC,USD,q&,q&a,broad,6.0,0,0,0.0,0,0.0,0.0,0.0,0.0,0.0,0.0,,,,,
Judge.me Product Reviews App,Search_EN_Features_2024.08.19,2026-02-24,2026-03-17,UTC,USD,q:request a quote & hide price and form,q&a,broad,6.0,0,0,0.0,0,0.0,0.0,0.0,0.0,0.0,0.0,,,,,
Judge.me Product Reviews App,Search_EN_Features_2024.08.19,2026-02-24,2026-03-17,UTC,USD,q:request a quote & hide price,q&a,broad,6.0,0,0,0.0,0,0.0,0.0,0.0,0.0,0.0,0.0,,,,,
Judge.me Product Reviews App,Search_EN_Features_2024.08.19,2026-02-24,2026-03-17,UTC,USD,q: request a quote & hide price,q&a,broad,6.0,0,0,0.0,0,0.0,0.0,0.0,0.0,0.0,0.0,,,,,
Judge.me Product Reviews App,Search_EN_Features_2024.08.19,2026-02-24,2026-03-17,UTC,USD,q live gold,q&a,broad,6.0,0,0,0.0,0,0.0,0.0,0.0,0.0,0.0,0.0,,,,,
Judge.me Product Reviews App,Search_EN_Features_2024.08.19,2026-02-24,2026-03-17,UTC,USD,q card,q&a,broad,6.0,0,0,0.0,0,0.0,0.0,0.0,0.0,0.0,0.0,,,,,
Judge.me Product Reviews App,Search_EN_Features_2024.08.19,2026-02-24,2026-03-17,UTC,USD,q breaks,q&a,broad,6.0,0,0,0.0,0,0.0,0.0,0.0,0.0,0.0,0.0,,,,,
Judge.me Product Reviews App,Search_EN_Features_2024.08.19,2026-02-24,2026-03-17,UTC,USD,proviews product reviews q&a,q&a,broad,6.0,0,0,0.0,0,0.0,0.0,0.0,0.0,0.0,0.0,,,,,
Judge.me Product Reviews App,Search_EN_Features_2024.08.19,2026-02-24,2026-03-17,UTC,USD,proviews - product reviews q&a,q&a,broad,6.0,0,0,0.0,0,0.0,0.0,0.0,0.0,0.0,0.0,,,,,
Judge.me Product Reviews App,Search_EN_Features_2024.08.19,2026-02-24,2026-03-17,UTC,USD,product reviews q&a,q&a,broad,6.0,0,0,0.0,0,0.0,0.0,0.0,0.0,0.0,0.0,,,,,
Judge.me Product Reviews App,Search_EN_Features_2024.08.19,2026-02-24,2026-03-17,UTC,USD,product q,q&a,broad,6.0,0,0,0.0,0,0.0,0.0,0.0,0.0,0.0,0.0,,,,,
Judge.me Product Reviews App,Search_EN_Features_2024.08.19,2026-02-24,2026-03-17,UTC,USD,marketplace connect b&q,q&a,broad,6.0,0,0,0.0,0,0.0,0.0,0.0,0.0,0.0,0.0,,,,,
Judge.me Product Reviews App,Search_EN_Features_2024.08.19,2026-02-24,2026-03-17,UTC,USD,https://www.my-accessories.co.uk/search?type=product&options%5bprefix%5d=last&q=magfram,q&a,broad,6.0,0,0,0.0,0,0.0,0.0,0.0,0.0,0.0,0.0,,,,,
Judge.me Product Reviews App,Search_EN_Features_2024.08.19,2026-02-24,2026-03-17,UTC,USD,https://shop.kids2.com/collections/vendors?q=ingenuity,q&a,broad,6.0,0,0,0.0,0,0.0,0.0,0.0,0.0,0.0,0.0,,,,,
Judge.me Product Reviews App,Search_EN_Features_2024.08.19,2026-02-24,2026-03-17,UTC,USD,https://apps.shopify.com/search?locale=tr&q=store+builder&st_source=autocomplete,q&a,broad,6.0,0,0,0.0,0,0.0,0.0,0.0,0.0,0.0,0.0,,,,,
Judge.me Product Reviews App,Search_EN_Features_2024.08.19,2026-02-24,2026-03-17,UTC,USD,get a q,q&a,broad,6.0,0,0,0.0,0,0.0,0.0,0.0,0.0,0.0,0.0,,,,,
Judge.me Product Reviews App,Search_EN_Features_2024.08.19,2026-02-24,2026-03-17,UTC,USD,frequently asked q,q&a,broad,6.0,0,0,0.0,0,0.0,0.0,0.0,0.0,0.0,0.0,,,,,
Judge.me Product Reviews App,Search_EN_Features_2024.08.19,2026-02-24,2026-03-17,UTC,USD,faq extraction pdp q&a sync,q&a,broad,6.0,0,0,0.0,0,0.0,0.0,0.0,0.0,0.0,0.0,,,,,
Judge.me Product Reviews App,Search_EN_Features_2024.08.19,2026-02-24,2026-03-17,UTC,USD,evri q,q&a,broad,6.0,0,0,0.0,0,0.0,0.0,0.0,0.0,0.0,0.0,,,,,
Judge.me Product Reviews App,Search_EN_Features_2024.08.19,2026-02-24,2026-03-17,UTC,USD,easy f&q,q&a,broad,6.0,0,0,0.0,0,0.0,0.0,0.0,0.0,0.0,0.0,,,,,
Judge.me Product Reviews App,Search_EN_Features_2024.08.19,2026-02-24,2026-03-17,UTC,USD,discount bundle q,q&a,broad,6.0,0,0,0.0,0,0.0,0.0,0.0,0.0,0.0,0.0,,,,,
Judge.me Product Reviews App,Search_EN_Features_2024.08.19,2026-02-24,2026-03-17,UTC,USD,bf-b-jena-q-wh-abc,q&a,broad,6.0,0,0,0.0,0,0.0,0.0,0.0,0.0,0.0,0.0,,,,,
Judge.me Product Reviews App,Search_EN_Features_2024.08.19,2026-02-24,2026-03-17,UTC,USD,b&q marketplace,q&a,broad,6.0,0,0,0.0,0,0.0,0.0,0.0,0.0,0.0,0.0,,,,,
Judge.me Product Reviews App,Search_EN_Features_2024.08.19,2026-02-24,2026-03-17,UTC,USD,b&q,q&a,broad,6.0,0,0,0.0,0,0.0,0.0,0.0,0.0,0.0,0.0,,,,,
Judge.me Product Reviews App,Search_EN_Features_2024.08.19,2026-02-24,2026-03-17,UTC,USD,advance q,q&a,broad,6.0,0,0,0.0,0,0.0,0.0,0.0,0.0,0.0,0.0,,,,,
Judge.me Product Reviews App,Search_EN_Features_2024.08.19,2026-02-24,2026-03-17,UTC,USD,? product q&a management,q&a,broad,6.0,0,0,0.0,0,0.0,0.0,0.0,0.0,0.0,0.0,,,,,
Judge.me Product Reviews App,Search_EN_Features_2024.08.19,2026-02-24,2026-03-17,UTC,USD,texte riche,rich snippet,broad,5.0,0,0,0.0,0,0.0,0.0,0.0,0.0,0.0,0.0,,,,,
Judge.me Product Reviews App,Search_EN_Features_2024.08.19,2026-02-24,2026-03-17,UTC,USD,shopify rich text editor,rich snippet,broad,5.0,0,0,0.0,0,0.0,0.0,0.0,0.0,0.0,0.0,,,,,
Judge.me Product Reviews App,Search_EN_Features_2024.08.19,2026-02-24,2026-03-17,UTC,USD,shopify rich text e,rich snippet,broad,5.0,0,0,0.0,0,0.0,0.0,0.0,0.0,0.0,0.0,,,,,
Judge.me Product Reviews App,Search_EN_Features_2024.08.19,2026-02-24,2026-03-17,UTC,USD,seo rich snipet maker,rich snippet,broad,5.0,0,0,0.0,0,0.0,0.0,0.0,0.0,0.0,0.0,,,,,
Judge.me Product Reviews App,Search_EN_Features_2024.08.19,2026-02-24,2026-03-17,UTC,USD,rich text section,rich snippet,broad,5.0,0,0,0.0,0,0.0,0.0,0.0,0.0,0.0,0.0,,,,,
Judge.me Product Reviews App,Search_EN_Features_2024.08.19,2026-02-24,2026-03-17,UTC,USD,rich text editor,rich snippet,broad,5.0,0,0,0.0,0,0.0,0.0,0.0,0.0,0.0,0.0,,,,,
Judge.me Product Reviews App,Search_EN_Features_2024.08.19,2026-02-24,2026-03-17,UTC,USD,rich text,rich snippet,broad,5.0,0,0,0.0,0,0.0,0.0,0.0,0.0,0.0,0.0,,,,,
Judge.me Product Reviews App,Search_EN_Features_2024.08.19,2026-02-24,2026-03-17,UTC,USD,rich snippets google,rich snippet,broad,5.0,0,0,0.0,0,0.0,0.0,0.0,0.0,0.0,0.0,,,,,
Judge.me Product Reviews App,Search_EN_Features_2024.08.19,2026-02-24,2026-03-17,UTC,USD,rich return,rich snippet,broad,5.0,0,0,0.0,0,0.0,0.0,0.0,0.0,0.0,0.0,,,,,
Judge.me Product Reviews App,Search_EN_Features_2024.08.19,2026-02-24,2026-03-17,UTC,USD,rich commerce,rich snippet,broad,5.0,0,0,0.0,0,0.0,0.0,0.0,0.0,0.0,0.0,,,,,
Judge.me Product Reviews App,Search_EN_Features_2024.08.19,2026-02-24,2026-03-17,UTC,USD,product snippets,rich snippet,broad,5.0,0,0,0.0,0,0.0,0.0,0.0,0.0,0.0,0.0,,,,,
Judge.me Product Reviews App,Search_EN_Features_2024.08.19,2026-02-24,2026-03-17,UTC,USD,product snippet,rich snippet,broad,5.0,0,0,0.0,0,0.0,0.0,0.0,0.0,0.0,0.0,,,,,
Judge.me Product Reviews App,Search_EN_Features_2024.08.19,2026-02-24,2026-03-17,UTC,USD,product description snippet,rich snippet,broad,5.0,0,0,0.0,0,0.0,0.0,0.0,0.0,0.0,0.0,,,,,
Judge.me Product Reviews App,Search_EN_Features_2024.08.19,2026-02-24,2026-03-17,UTC,USD,power facebook ads with a data-rich product feed built to drive more sales.,rich snippet,broad,5.0,0,0,0.0,0,0.0,0.0,0.0,0.0,0.0,0.0,,,,,
Judge.me Product Reviews App,Search_EN_Features_2024.08.19,2026-02-24,2026-03-17,UTC,USD,loyalty rewards cx snippets,rich snippet,broad,5.0,0,0,0.0,0,0.0,0.0,0.0,0.0,0.0,0.0,,,,,
Judge.me Product Reviews App,Search_EN_Features_2024.08.19,2026-02-24,2026-03-17,UTC,USD,klaviyo analytics snippet,rich snippet,broad,5.0,0,0,0.0,0,0.0,0.0,0.0,0.0,0.0,0.0,,,,,
Judge.me Product Reviews App,Search_EN_Features_2024.08.19,2026-02-24,2026-03-17,UTC,USD,google snippets,rich snippet,broad,5.0,0,0,0.0,0,0.0,0.0,0.0,0.0,0.0,0.0,,,,,
Judge.me Product Reviews App,Search_EN_Features_2024.08.19,2026-02-24,2026-03-17,UTC,USD,google rich snippet,rich snippet,broad,5.0,0,0,0.0,0,0.0,0.0,0.0,0.0,0.0,0.0,,,,,
Judge.me Product Reviews App,Search_EN_Features_2024.08.19,2026-02-24,2026-03-17,UTC,USD,google rich results,rich snippet,broad,5.0,0,0,0.0,0,0.0,0.0,0.0,0.0,0.0,0.0,,,,,
Judge.me Product Reviews App,Search_EN_Features_2024.08.19,2026-02-24,2026-03-17,UTC,USD,essential sections & snippets,rich snippet,broad,5.0,0,0,0.0,0,0.0,0.0,0.0,0.0,0.0,0.0,,,,,
Judge.me Product Reviews App,Search_EN_Features_2024.08.19,2026-02-24,2026-03-17,UTC,USD,code snippets,rich snippet,broad,5.0,0,0,0.0,0,0.0,0.0,0.0,0.0,0.0,0.0,,,,,
Judge.me Product Reviews App,Search_EN_Features_2024.08.19,2026-02-24,2026-03-17,UTC,USD,"antioxidant-rich skincare, powered by green rooibos maysama?s green rooibos skincare is clinically",rich snippet,broad,5.0,0,0,0.0,0,0.0,0.0,0.0,0.0,0.0,0.0,,,,,
Judge.me Product Reviews App,Search_EN_Features_2024.08.19,2026-02-24,2026-03-17,UTC,USD,youtube video carousel,carousel,broad,6.0,0,0,0.0,0,0.0,0.0,0.0,0.0,0.0,0.0,,,,,
Judge.me Product Reviews App,Search_EN_Features_2024.08.19,2026-02-24,2026-03-17,UTC,USD,widget carousel,carousel,broad,6.0,0,0,0.0,0,0.0,0.0,0.0,0.0,0.0,0.0,,,,,
Judge.me Product Reviews App,Search_EN_Features_2024.08.19,2026-02-24,2026-03-17,UTC,USD,vizup shoppable video carousel,carousel,broad,6.0,0,0,0.0,0,0.0,0.0,0.0,0.0,0.0,0.0,,,,,
Judge.me Product Reviews App,Search_EN_Features_2024.08.19,2026-02-24,2026-03-17,UTC,USD,video testimonial carousel,carousel,broad,6.0,0,0,0.0,0,0.0,0.0,0.0,0.0,0.0,0.0,,,,,
Judge.me Product Reviews App,Search_EN_Features_2024.08.19,2026-02-24,2026-03-17,UTC,USD,video streaming carousel,carousel,broad,6.0,0,0,0.0,0,0.0,0.0,0.0,0.0,0.0,0.0,,,,,
Judge.me Product Reviews App,Search_EN_Features_2024.08.19,2026-02-24,2026-03-17,UTC,USD,video carousel youtube,carousel,broad,6.0,0,0,0.0,0,0.0,0.0,0.0,0.0,0.0,0.0,,,,,
Judge.me Product Reviews App,Search_EN_Features_2024.08.19,2026-02-24,2026-03-17,UTC,USD,video carousel with product link,carousel,broad,6.0,0,0,0.0,0,0.0,0.0,0.0,0.0,0.0,0.0,,,,,
Judge.me Product Reviews App,Search_EN_Features_2024.08.19,2026-02-24,2026-03-17,UTC,USD,video carousel tolstoy,carousel,broad,6.0,0,0,0.0,0,0.0,0.0,0.0,0.0,0.0,0.0,,,,,
Judge.me Product Reviews App,Search_EN_Features_2024.08.19,2026-02-24,2026-03-17,UTC,USD,video carousel slider,carousel,broad,6.0,0,0,0.0,0,0.0,0.0,0.0,0.0,0.0,0.0,,,,,
Judge.me Product Reviews App,Search_EN_Features_2024.08.19,2026-02-24,2026-03-17,UTC,USD,video carousel shopify,carousel,broad,6.0,0,0,0.0,0,0.0,0.0,0.0,0.0,0.0,0.0,,,,,
Judge.me Product Reviews App,Search_EN_Features_2024.08.19,2026-02-24,2026-03-17,UTC,USD,video carousel section,carousel,broad,6.0,0,0,0.0,0,0.0,0.0,0.0,0.0,0.0,0.0,,,,,
Judge.me Product Reviews App,Search_EN_Features_2024.08.19,2026-02-24,2026-03-17,UTC,USD,video carousel product page,carousel,broad,6.0,0,0,0.0,0,0.0,0.0,0.0,0.0,0.0,0.0,,,,,
Judge.me Product Reviews App,Search_EN_Features_2024.08.19,2026-02-24,2026-03-17,UTC,USD,video carousel gallery,carousel,broad,6.0,0,0,0.0,0,0.0,0.0,0.0,0.0,0.0,0.0,,,,,
Judge.me Product Reviews App,Search_EN_Features_2024.08.19,2026-02-24,2026-03-17,UTC,USD,video carousel and text,carousel,broad,6.0,0,0,0.0,0,0.0,0.0,0.0,0.0,0.0,0.0,,,,,
Judge.me Product Reviews App,Search_EN_Features_2024.08.19,2026-02-24,2026-03-17,UTC,USD,upsell carousel,carousel,broad,6.0,0,0,0.0,0,0.0,0.0,0.0,0.0,0.0,0.0,,,,,
Judge.me Product Reviews App,Search_EN_Features_2024.08.19,2026-02-24,2026-03-17,UTC,USD,upsell & cross-sell bundles + carousel,carousel,broad,6.0,0,0,0.0,0,0.0,0.0,0.0,0.0,0.0,0.0,,,,,
Judge.me Product Reviews App,Search_EN_Features_2024.08.19,2026-02-24,2026-03-17,UTC,USD,ugh video carousel,carousel,broad,6.0,0,0,0.0,0,0.0,0.0,0.0,0.0,0.0,0.0,,,,,
Judge.me Product Reviews App,Search_EN_Features_2024.08.19,2026-02-24,2026-03-17,UTC,USD,tubeshow carousel,carousel,broad,6.0,0,0,0.0,0,0.0,0.0,0.0,0.0,0.0,0.0,,,,,
Judge.me Product Reviews App,Search_EN_Features_2024.08.19,2026-02-24,2026-03-17,UTC,USD,testimonials review app carousel,carousel,broad,6.0,0,0,0.0,0,0.0,0.0,0.0,0.0,0.0,0.0,,,,,
Judge.me Product Reviews App,Search_EN_Features_2024.08.19,2026-02-24,2026-03-17,UTC,USD,swipper product image carousel,carousel,broad,6.0,0,0,0.0,0,0.0,0.0,0.0,0.0,0.0,0.0,,,,,
Judge.me Product Reviews App,Search_EN_Features_2024.08.19,2026-02-24,2026-03-17,UTC,USD,slider & carousel,carousel,broad,6.0,0,0,0.0,0,0.0,0.0,0.0,0.0,0.0,0.0,,,,,
Judge.me Product Reviews App,Search_EN_Features_2024.08.19,2026-02-24,2026-03-17,UTC,USD,shopify carousell,carousel,broad,6.0,0,0,0.0,0,0.0,0.0,0.0,0.0,0.0,0.0,,,,,
Judge.me Product Reviews App,Search_EN_Features_2024.08.19,2026-02-24,2026-03-17,UTC,USD,reviews carousel,carousel,broad,6.0,0,0,0.0,0,0.0,0.0,0.0,0.0,0.0,0.0,,,,,
Judge.me Product Reviews App,Search_EN_Features_2024.08.19,2026-02-24,2026-03-17,UTC,USD,review image carousel,carousel,broad,6.0,0,0,0.0,0,0.0,0.0,0.0,0.0,0.0,0.0,,,,,
Judge.me Product Reviews App,Search_EN_Features_2024.08.19,2026-02-24,2026-03-17,UTC,USD,review app carousel,carousel,broad,6.0,0,0,0.0,0,0.0,0.0,0.0,0.0,0.0,0.0,,,,,
Judge.me Product Reviews App,Search_EN_Features_2024.08.19,2026-02-24,2026-03-17,UTC,USD,qe slider ? carousel slider,carousel,broad,6.0,0,0,0.0,0,0.0,0.0,0.0,0.0,0.0,0.0,,,,,
Judge.me Product Reviews App,Search_EN_Features_2024.08.19,2026-02-24,2026-03-17,UTC,USD,product slider and carousel,carousel,broad,6.0,0,0,0.0,0,0.0,0.0,0.0,0.0,0.0,0.0,,,,,
Judge.me Product Reviews App,Search_EN_Features_2024.08.19,2026-02-24,2026-03-17,UTC,USD,product slider & carousel by heateor,carousel,broad,6.0,0,0,0.0,0,0.0,0.0,0.0,0.0,0.0,0.0,,,,,
Judge.me Product Reviews App,Search_EN_Features_2024.08.19,2026-02-24,2026-03-17,UTC,USD,product slider & carousel by globo,carousel,broad,6.0,0,0,0.0,0,0.0,0.0,0.0,0.0,0.0,0.0,,,,,
Judge.me Product Reviews App,Search_EN_Features_2024.08.19,2026-02-24,2026-03-17,UTC,USD,product slider & carousel,carousel,broad,6.0,0,0,0.0,0,0.0,0.0,0.0,0.0,0.0,0.0,,,,,
Judge.me Product Reviews App,Search_EN_Features_2024.08.19,2026-02-24,2026-03-17,UTC,USD,product media carousel,carousel,broad,6.0,0,0,0.0,0,0.0,0.0,0.0,0.0,0.0,0.0,,,,,
Judge.me Product Reviews App,Search_EN_Features_2024.08.19,2026-02-24,2026-03-17,UTC,USD,product images carousel,carousel,broad,6.0,0,0,0.0,0,0.0,0.0,0.0,0.0,0.0,0.0,,,,,
Judge.me Product Reviews App,Search_EN_Features_2024.08.19,2026-02-24,2026-03-17,UTC,USD,product image carousel thumbnails,carousel,broad,6.0,0,0,0.0,0,0.0,0.0,0.0,0.0,0.0,0.0,,,,,
Judge.me Product Reviews App,Search_EN_Features_2024.08.19,2026-02-24,2026-03-17,UTC,USD,product image carousel,carousel,broad,6.0,0,0,0.0,0,0.0,0.0,0.0,0.0,0.0,0.0,,,,,
Judge.me Product Reviews App,Search_EN_Features_2024.08.19,2026-02-24,2026-03-17,UTC,USD,product gallery carousel,carousel,broad,6.0,0,0,0.0,0,0.0,0.0,0.0,0.0,0.0,0.0,,,,,
Judge.me Product Reviews App,Search_EN_Features_2024.08.19,2026-02-24,2026-03-17,UTC,USD,product deal carousel,carousel,broad,6.0,0,0,0.0,0,0.0,0.0,0.0,0.0,0.0,0.0,,,,,
Judge.me Product Reviews App,Search_EN_Features_2024.08.19,2026-02-24,2026-03-17,UTC,USD,product carousel quick buy,carousel,broad,6.0,0,0,0.0,0,0.0,0.0,0.0,0.0,0.0,0.0,,,,,
Judge.me Product Reviews App,Search_EN_Features_2024.08.19,2026-02-24,2026-03-17,UTC,USD,product carousel metafield,carousel,broad,6.0,0,0,0.0,0,0.0,0.0,0.0,0.0,0.0,0.0,,,,,
Judge.me Product Reviews App,Search_EN_Features_2024.08.19,2026-02-24,2026-03-17,UTC,USD,powr: video slider & carousel,carousel,broad,6.0,0,0,0.0,0,0.0,0.0,0.0,0.0,0.0,0.0,,,,,
Judge.me Product Reviews App,Search_EN_Features_2024.08.19,2026-02-24,2026-03-17,UTC,USD,powr image slider + carousel,carousel,broad,6.0,0,0,0.0,0,0.0,0.0,0.0,0.0,0.0,0.0,,,,,
Judge.me Product Reviews App,Search_EN_Features_2024.08.19,2026-02-24,2026-03-17,UTC,USD,powr image slider & carousel,carousel,broad,6.0,0,0,0.0,0,0.0,0.0,0.0,0.0,0.0,0.0,,,,,
Judge.me Product Reviews App,Search_EN_Features_2024.08.19,2026-02-24,2026-03-17,UTC,USD,novel video section & carousel,carousel,broad,6.0,0,0,0.0,0,0.0,0.0,0.0,0.0,0.0,0.0,,,,,
Judge.me Product Reviews App,Search_EN_Features_2024.08.19,2026-02-24,2026-03-17,UTC,USD,logo list & carousel,carousel,broad,6.0,0,0,0.0,0,0.0,0.0,0.0,0.0,0.0,0.0,,,,,
Judge.me Product Reviews App,Search_EN_Features_2024.08.19,2026-02-24,2026-03-17,UTC,USD,instagram carousel,carousel,broad,6.0,0,0,0.0,0,0.0,0.0,0.0,0.0,0.0,0.0,,,,,
Judge.me Product Reviews App,Search_EN_Features_2024.08.19,2026-02-24,2026-03-17,UTC,USD,instagram ai carousel marketing,carousel,broad,6.0,0,0,0.0,0,0.0,0.0,0.0,0.0,0.0,0.0,,,,,
Judge.me Product Reviews App,Search_EN_Features_2024.08.19,2026-02-24,2026-03-17,UTC,USD,instagram ai carousel marker,carousel,broad,6.0,0,0,0.0,0,0.0,0.0,0.0,0.0,0.0,0.0,,,,,
Judge.me Product Reviews App,Search_EN_Features_2024.08.19,2026-02-24,2026-03-17,UTC,USD,in-cart carousel,carousel,broad,6.0,0,0,0.0,0,0.0,0.0,0.0,0.0,0.0,0.0,,,,,
Judge.me Product Reviews App,Search_EN_Features_2024.08.19,2026-02-24,2026-03-17,UTC,USD,image slider carousel,carousel,broad,6.0,0,0,0.0,0,0.0,0.0,0.0,0.0,0.0,0.0,,,,,
Judge.me Product Reviews App,Search_EN_Features_2024.08.19,2026-02-24,2026-03-17,UTC,USD,image slider and carousel block,carousel,broad,6.0,0,0,0.0,0,0.0,0.0,0.0,0.0,0.0,0.0,,,,,
Judge.me Product Reviews App,Search_EN_Features_2024.08.19,2026-02-24,2026-03-17,UTC,USD,image rotation carousel,carousel,broad,6.0,0,0,0.0,0,0.0,0.0,0.0,0.0,0.0,0.0,,,,,
Judge.me Product Reviews App,Search_EN_Features_2024.08.19,2026-02-24,2026-03-17,UTC,USD,google review carousel widget,carousel,broad,6.0,0,0,0.0,0,0.0,0.0,0.0,0.0,0.0,0.0,,,,,
Judge.me Product Reviews App,Search_EN_Features_2024.08.19,2026-02-24,2026-03-17,UTC,USD,globo product slider & carousel,carousel,broad,6.0,0,0,0.0,0,0.0,0.0,0.0,0.0,0.0,0.0,,,,,
Judge.me Product Reviews App,Search_EN_Features_2024.08.19,2026-02-24,2026-03-17,UTC,USD,globo product carousel,carousel,broad,6.0,0,0,0.0,0,0.0,0.0,0.0,0.0,0.0,0.0,,,,,
Judge.me Product Reviews App,Search_EN_Features_2024.08.19,2026-02-24,2026-03-17,UTC,USD,floho product carousel,carousel,broad,6.0,0,0,0.0,0,0.0,0.0,0.0,0.0,0.0,0.0,,,,,
Judge.me Product Reviews App,Search_EN_Features_2024.08.19,2026-02-24,2026-03-17,UTC,USD,featured product carousel,carousel,broad,6.0,0,0,0.0,0,0.0,0.0,0.0,0.0,0.0,0.0,,,,,
Judge.me Product Reviews App,Search_EN_Features_2024.08.19,2026-02-24,2026-03-17,UTC,USD,feature collection carousel,carousel,broad,6.0,0,0,0.0,0,0.0,0.0,0.0,0.0,0.0,0.0,,,,,
Judge.me Product Reviews App,Search_EN_Features_2024.08.19,2026-02-24,2026-03-17,UTC,USD,essential product slider & carousel,carousel,broad,6.0,0,0,0.0,0,0.0,0.0,0.0,0.0,0.0,0.0,,,,,
Judge.me Product Reviews App,Search_EN_Features_2024.08.19,2026-02-24,2026-03-17,UTC,USD,essential product carousel,carousel,broad,6.0,0,0,0.0,0,0.0,0.0,0.0,0.0,0.0,0.0,,,,,
Judge.me Product Reviews App,Search_EN_Features_2024.08.19,2026-02-24,2026-03-17,UTC,USD,elfsight carousel / slider apps,carousel,broad,6.0,0,0,0.0,0,0.0,0.0,0.0,0.0,0.0,0.0,,,,,
Judge.me Product Reviews App,Search_EN_Features_2024.08.19,2026-02-24,2026-03-17,UTC,USD,custom carousel section,carousel,broad,6.0,0,0,0.0,0,0.0,0.0,0.0,0.0,0.0,0.0,,,,,
Judge.me Product Reviews App,Search_EN_Features_2024.08.19,2026-02-24,2026-03-17,UTC,USD,collection list carousel,carousel,broad,6.0,0,0,0.0,0,0.0,0.0,0.0,0.0,0.0,0.0,,,,,
Judge.me Product Reviews App,Search_EN_Features_2024.08.19,2026-02-24,2026-03-17,UTC,USD,collection carousel,carousel,broad,6.0,0,0,0.0,0,0.0,0.0,0.0,0.0,0.0,0.0,,,,,
Judge.me Product Reviews App,Search_EN_Features_2024.08.19,2026-02-24,2026-03-17,UTC,USD,carouselify ? product carousel,carousel,broad,6.0,0,0,0.0,0,0.0,0.0,0.0,0.0,0.0,0.0,,,,,
Judge.me Product Reviews App,Search_EN_Features_2024.08.19,2026-02-24,2026-03-17,UTC,USD,carousel video,carousel,broad,6.0,0,0,0.0,0,0.0,0.0,0.0,0.0,0.0,0.0,,,,,
Judge.me Product Reviews App,Search_EN_Features_2024.08.19,2026-02-24,2026-03-17,UTC,USD,carousel testimonial video,carousel,broad,6.0,0,0,0.0,0,0.0,0.0,0.0,0.0,0.0,0.0,,,,,
Judge.me Product Reviews App,Search_EN_Features_2024.08.19,2026-02-24,2026-03-17,UTC,USD,carousel review,carousel,broad,6.0,0,0,0.0,0,0.0,0.0,0.0,0.0,0.0,0.0,,,,,
Judge.me Product Reviews App,Search_EN_Features_2024.08.19,2026-02-24,2026-03-17,UTC,USD,carousel products,carousel,broad,6.0,0,0,0.0,0,0.0,0.0,0.0,0.0,0.0,0.0,,,,,
Judge.me Product Reviews App,Search_EN_Features_2024.08.19,2026-02-24,2026-03-17,UTC,USD,carousel product media,carousel,broad,6.0,0,0,0.0,0,0.0,0.0,0.0,0.0,0.0,0.0,,,,,
Judge.me Product Reviews App,Search_EN_Features_2024.08.19,2026-02-24,2026-03-17,UTC,USD,carousel product iam,carousel,broad,6.0,0,0,0.0,0,0.0,0.0,0.0,0.0,0.0,0.0,,,,,
Judge.me Product Reviews App,Search_EN_Features_2024.08.19,2026-02-24,2026-03-17,UTC,USD,carousel product,carousel,broad,6.0,0,0,0.0,0,0.0,0.0,0.0,0.0,0.0,0.0,,,,,
Judge.me Product Reviews App,Search_EN_Features_2024.08.19,2026-02-24,2026-03-17,UTC,USD,carousel featured products,carousel,broad,6.0,0,0,0.0,0,0.0,0.0,0.0,0.0,0.0,0.0,,,,,
Judge.me Product Reviews App,Search_EN_Features_2024.08.19,2026-02-24,2026-03-17,UTC,USD,carousel collection,carousel,broad,6.0,0,0,0.0,0,0.0,0.0,0.0,0.0,0.0,0.0,,,,,
Judge.me Product Reviews App,Search_EN_Features_2024.08.19,2026-02-24,2026-03-17,UTC,USD,carousel before and after,carousel,broad,6.0,0,0,0.0,0,0.0,0.0,0.0,0.0,0.0,0.0,,,,,
Judge.me Product Reviews App,Search_EN_Features_2024.08.19,2026-02-24,2026-03-17,UTC,USD,carousel banner,carousel,broad,6.0,0,0,0.0,0,0.0,0.0,0.0,0.0,0.0,0.0,,,,,
Judge.me Product Reviews App,Search_EN_Features_2024.08.19,2026-02-24,2026-03-17,UTC,USD,carousel auto scroll product,carousel,broad,6.0,0,0,0.0,0,0.0,0.0,0.0,0.0,0.0,0.0,,,,,
Judge.me Product Reviews App,Search_EN_Features_2024.08.19,2026-02-24,2026-03-17,UTC,USD,carousel app,carousel,broad,6.0,0,0,0.0,0,0.0,0.0,0.0,0.0,0.0,0.0,,,,,
Judge.me Product Reviews App,Search_EN_Features_2024.08.19,2026-02-24,2026-03-17,UTC,USD,before and after carousel,carousel,broad,6.0,0,0,0.0,0,0.0,0.0,0.0,0.0,0.0,0.0,,,,,
Judge.me Product Reviews App,Search_EN_Features_2024.08.19,2026-02-24,2026-03-17,UTC,USD,add video carousel slider,carousel,broad,6.0,0,0,0.0,0,0.0,0.0,0.0,0.0,0.0,0.0,,,,,
Judge.me Product Reviews App,Search_EN_Features_2024.08.19,2026-02-24,2026-03-17,UTC,USD,zonify - amazon dropshiping,amazon reviews importer,broad,5.0,0,0,0.0,0,0.0,0.0,0.0,0.0,0.0,0.0,,,,,
Judge.me Product Reviews App,Search_EN_Features_2024.08.19,2026-02-24,2026-03-17,UTC,USD,zonify - amazon dropship,amazon reviews importer,broad,5.0,0,0,0.0,0,0.0,0.0,0.0,0.0,0.0,0.0,,,,,
Judge.me Product Reviews App,Search_EN_Features_2024.08.19,2026-02-24,2026-03-17,UTC,USD,zegsu ali reviews,amazon reviews importer,broad,5.0,0,0,0.0,0,0.0,0.0,0.0,0.0,0.0,0.0,,,,,
Judge.me Product Reviews App,Search_EN_Features_2024.08.19,2026-02-24,2026-03-17,UTC,USD,yuko loyalty & review,amazon reviews importer,broad,5.0,0,0,0.0,0,0.0,0.0,0.0,0.0,0.0,0.0,,,,,
Judge.me Product Reviews App,Search_EN_Features_2024.08.19,2026-02-24,2026-03-17,UTC,USD,youtube video reviews,amazon reviews importer,broad,5.0,0,0,0.0,0,0.0,0.0,0.0,0.0,0.0,0.0,,,,,
Judge.me Product Reviews App,Search_EN_Features_2024.08.19,2026-02-24,2026-03-17,UTC,USD,younet review im,amazon reviews importer,broad,5.0,0,0,0.0,0,0.0,0.0,0.0,0.0,0.0,0.0,,,,,
Judge.me Product Reviews App,Search_EN_Features_2024.08.19,2026-02-24,2026-03-17,UTC,USD,you've successfully uninstalled trustio trustpilot reviews,amazon reviews importer,broad,5.0,0,0,0.0,0,0.0,0.0,0.0,0.0,0.0,0.0,,,,,
Judge.me Product Reviews App,Search_EN_Features_2024.08.19,2026-02-24,2026-03-17,UTC,USD,yotpo: product reviews app,amazon reviews importer,broad,5.0,0,0,0.0,0,0.0,0.0,0.0,0.0,0.0,0.0,,,,,
Judge.me Product Reviews App,Search_EN_Features_2024.08.19,2026-02-24,2026-03-17,UTC,USD,yotpo: product reviews & ratings,amazon reviews importer,broad,5.0,0,0,0.0,0,0.0,0.0,0.0,0.0,0.0,0.0,,,,,
Judge.me Product Reviews App,Search_EN_Features_2024.08.19,2026-02-24,2026-03-17,UTC,USD,yotpo-social-reviews-photos,amazon reviews importer,broad,5.0,0,0,0.0,0,0.0,0.0,0.0,0.0,0.0,0.0,,,,,
Judge.me Product Reviews App,Search_EN_Features_2024.08.19,2026-02-24,2026-03-17,UTC,USD,yotpo-product-reviews,amazon reviews importer,broad,5.0,0,0,0.0,0,0.0,0.0,0.0,0.0,0.0,0.0,,,,,
Judge.me Product Reviews App,Search_EN_Features_2024.08.19,2026-02-24,2026-03-17,UTC,USD,yotpo reviews / photos,amazon reviews importer,broad,5.0,0,0,0.0,0,0.0,0.0,0.0,0.0,0.0,0.0,,,,,
Judge.me Product Reviews App,Search_EN_Features_2024.08.19,2026-02-24,2026-03-17,UTC,USD,yotpo product review,amazon reviews importer,broad,5.0,0,0,0.0,0,0.0,0.0,0.0,0.0,0.0,0.0,,,,,
Judge.me Product Reviews App,Search_EN_Features_2024.08.19,2026-02-24,2026-03-17,UTC,USD,yotpo photos and product reviews,amazon reviews importer,broad,5.0,0,0,0.0,0,0.0,0.0,0.0,0.0,0.0,0.0,,,,,
Judge.me Product Reviews App,Search_EN_Features_2024.08.19,2026-02-24,2026-03-17,UTC,USD,yotopo product reviews,amazon reviews importer,broad,5.0,0,0,0.0,0,0.0,0.0,0.0,0.0,0.0,0.0,,,,,
Judge.me Product Reviews App,Search_EN_Features_2024.08.19,2026-02-24,2026-03-17,UTC,USD,yelp reviews,amazon reviews importer,broad,5.0,0,0,0.0,0,0.0,0.0,0.0,0.0,0.0,0.0,,,,,
Judge.me Product Reviews App,Search_EN_Features_2024.08.19,2026-02-24,2026-03-17,UTC,USD,xpert importer for amazon,amazon reviews importer,broad,5.0,0,0,0.0,0,0.0,0.0,0.0,0.0,0.0,0.0,,,,,
Judge.me Product Reviews App,Search_EN_Features_2024.08.19,2026-02-24,2026-03-17,UTC,USD,write review on product page,amazon reviews importer,broad,5.0,0,0,0.0,0,0.0,0.0,0.0,0.0,0.0,0.0,,,,,
Judge.me Product Reviews App,Search_EN_Features_2024.08.19,2026-02-24,2026-03-17,UTC,USD,wish reviews,amazon reviews importer,broad,5.0,0,0,0.0,0,0.0,0.0,0.0,0.0,0.0,0.0,,,,,
Judge.me Product Reviews App,Search_EN_Features_2024.08.19,2026-02-24,2026-03-17,UTC,USD,wiser review,amazon reviews importer,broad,5.0,0,0,0.0,0,0.0,0.0,0.0,0.0,0.0,0.0,,,,,
Judge.me Product Reviews App,Search_EN_Features_2024.08.19,2026-02-24,2026-03-17,UTC,USD,wise reviews app,amazon reviews importer,broad,5.0,0,0,0.0,0,0.0,0.0,0.0,0.0,0.0,0.0,,,,,
Judge.me Product Reviews App,Search_EN_Features_2024.08.19,2026-02-24,2026-03-17,UTC,USD,widgets trustpilot reviews,amazon reviews importer,broad,5.0,0,0,0.0,0,0.0,0.0,0.0,0.0,0.0,0.0,,,,,
Judge.me Product Reviews App,Search_EN_Features_2024.08.19,2026-02-24,2026-03-17,UTC,USD,widgets for google reviews,amazon reviews importer,broad,5.0,0,0,0.0,0,0.0,0.0,0.0,0.0,0.0,0.0,,,,,
Judge.me Product Reviews App,Search_EN_Features_2024.08.19,2026-02-24,2026-03-17,UTC,USD,widgets for google business reviews and ratings,amazon reviews importer,broad,5.0,0,0,0.0,0,0.0,0.0,0.0,0.0,0.0,0.0,,,,,
Judge.me Product Reviews App,Search_EN_Features_2024.08.19,2026-02-24,2026-03-17,UTC,USD,widgetic google reviews,amazon reviews importer,broad,5.0,0,0,0.0,0,0.0,0.0,0.0,0.0,0.0,0.0,,,,,
Judge.me Product Reviews App,Search_EN_Features_2024.08.19,2026-02-24,2026-03-17,UTC,USD,widereview reviews,amazon reviews importer,broad,5.0,0,0,0.0,0,0.0,0.0,0.0,0.0,0.0,0.0,,,,,
Judge.me Product Reviews App,Search_EN_Features_2024.08.19,2026-02-24,2026-03-17,UTC,USD,wide reviews,amazon reviews importer,broad,5.0,0,0,0.0,0,0.0,0.0,0.0,0.0,0.0,0.0,,,,,
Judge.me Product Reviews App,Search_EN_Features_2024.08.19,2026-02-24,2026-03-17,UTC,USD,whatsapp review request,amazon reviews importer,broad,5.0,0,0,0.0,0,0.0,0.0,0.0,0.0,0.0,0.0,,,,,
Judge.me Product Reviews App,Search_EN_Features_2024.08.19,2026-02-24,2026-03-17,UTC,USD,whatsapp review,amazon reviews importer,broad,5.0,0,0,0.0,0,0.0,0.0,0.0,0.0,0.0,0.0,,,,,
Judge.me Product Reviews App,Search_EN_Features_2024.08.19,2026-02-24,2026-03-17,UTC,USD,whats app review massage,amazon reviews importer,broad,5.0,0,0,0.0,0,0.0,0.0,0.0,0.0,0.0,0.0,,,,,
Judge.me Product Reviews App,Search_EN_Features_2024.08.19,2026-02-24,2026-03-17,UTC,USD,whatapp message for review,amazon reviews importer,broad,5.0,0,0,0.0,0,0.0,0.0,0.0,0.0,0.0,0.0,,,,,
Judge.me Product Reviews App,Search_EN_Features_2024.08.19,2026-02-24,2026-03-17,UTC,USD,weglot reviews,amazon reviews importer,broad,5.0,0,0,0.0,0,0.0,0.0,0.0,0.0,0.0,0.0,,,,,
Judge.me Product Reviews App,Search_EN_Features_2024.08.19,2026-02-24,2026-03-17,UTC,USD,weglot review,amazon reviews importer,broad,5.0,0,0,0.0,0,0.0,0.0,0.0,0.0,0.0,0.0,,,,,
Judge.me Product Reviews App,Search_EN_Features_2024.08.19,2026-02-24,2026-03-17,UTC,USD,webtex reviews,amazon reviews importer,broad,5.0,0,0,0.0,0,0.0,0.0,0.0,0.0,0.0,0.0,,,,,
Judge.me Product Reviews App,Search_EN_Features_2024.08.19,2026-02-24,2026-03-17,UTC,USD,webtex products reviews,amazon reviews importer,broad,5.0,0,0,0.0,0,0.0,0.0,0.0,0.0,0.0,0.0,,,,,
Judge.me Product Reviews App,Search_EN_Features_2024.08.19,2026-02-24,2026-03-17,UTC,USD,webtex product reviews,amazon reviews importer,broad,5.0,0,0,0.0,0,0.0,0.0,0.0,0.0,0.0,0.0,,,,,
Judge.me Product Reviews App,Search_EN_Features_2024.08.19,2026-02-24,2026-03-17,UTC,USD,webtex product review app,amazon reviews importer,broad,5.0,0,0,0.0,0,0.0,0.0,0.0,0.0,0.0,0.0,,,,,
Judge.me Product Reviews App,Search_EN_Features_2024.08.19,2026-02-24,2026-03-17,UTC,USD,webtex product review,amazon reviews importer,broad,5.0,0,0,0.0,0,0.0,0.0,0.0,0.0,0.0,0.0,,,,,
Judge.me Product Reviews App,Search_EN_Features_2024.08.19,2026-02-24,2026-03-17,UTC,USD,website reviews free,amazon reviews importer,broad,5.0,0,0,0.0,0,0.0,0.0,0.0,0.0,0.0,0.0,,,,,
Judge.me Product Reviews App,Search_EN_Features_2024.08.19,2026-02-24,2026-03-17,UTC,USD,website reviews,amazon reviews importer,broad,5.0,0,0,0.0,0,0.0,0.0,0.0,0.0,0.0,0.0,,,,,
Judge.me Product Reviews App,Search_EN_Features_2024.08.19,2026-02-24,2026-03-17,UTC,USD,website review,amazon reviews importer,broad,5.0,0,0,0.0,0,0.0,0.0,0.0,0.0,0.0,0.0,,,,,
Judge.me Product Reviews App,Search_EN_Features_2024.08.19,2026-02-24,2026-03-17,UTC,USD,webbee amazon mcf,amazon reviews importer,broad,5.0,0,0,0.0,0,0.0,0.0,0.0,0.0,0.0,0.0,,,,,
Judge.me Product Reviews App,Search_EN_Features_2024.08.19,2026-02-24,2026-03-17,UTC,USD,walmart reviews,amazon reviews importer,broad,5.0,0,0,0.0,0,0.0,0.0,0.0,0.0,0.0,0.0,,,,,
Judge.me Product Reviews App,Search_EN_Features_2024.08.19,2026-02-24,2026-03-17,UTC,USD,walmart amazon,amazon reviews importer,broad,5.0,0,0,0.0,0,0.0,0.0,0.0,0.0,0.0,0.0,,,,,
Judge.me Product Reviews App,Search_EN_Features_2024.08.19,2026-02-24,2026-03-17,UTC,USD,vvouch reviews,amazon reviews importer,broad,5.0,0,0,0.0,0,0.0,0.0,0.0,0.0,0.0,0.0,,,,,
Judge.me Product Reviews App,Search_EN_Features_2024.08.19,2026-02-24,2026-03-17,UTC,USD,vouch review,amazon reviews importer,broad,5.0,0,0,0.0,0,0.0,0.0,0.0,0.0,0.0,0.0,,,,,
Judge.me Product Reviews App,Search_EN_Features_2024.08.19,2026-02-24,2026-03-17,UTC,USD,"vitals: reviews, packs, ai",amazon reviews importer,broad,5.0,0,0,0.0,0,0.0,0.0,0.0,0.0,0.0,0.0,,,,,
Judge.me Product Reviews App,Search_EN_Features_2024.08.19,2026-02-24,2026-03-17,UTC,USD,"vitals: reviews, packs, a",amazon reviews importer,broad,5.0,0,0,0.0,0,0.0,0.0,0.0,0.0,0.0,0.0,,,,,
Judge.me Product Reviews App,Search_EN_Features_2024.08.19,2026-02-24,2026-03-17,UTC,USD,"vitals: reviews, bundles, ai",amazon reviews importer,broad,5.0,0,0,0.0,0,0.0,0.0,0.0,0.0,0.0,0.0,,,,,
Judge.me Product Reviews App,Search_EN_Features_2024.08.19,2026-02-24,2026-03-17,UTC,USD,"vitals: reviews, bundles & more",amazon reviews importer,broad,5.0,0,0,0.0,0,0.0,0.0,0.0,0.0,0.0,0.0,,,,,
Judge.me Product Reviews App,Search_EN_Features_2024.08.19,2026-02-24,2026-03-17,UTC,USD,"vitals: reviews, bundles & ai chat",amazon reviews importer,broad,5.0,0,0,0.0,0,0.0,0.0,0.0,0.0,0.0,0.0,,,,,
Judge.me Product Reviews App,Search_EN_Features_2024.08.19,2026-02-24,2026-03-17,UTC,USD,"vitals: reviews, bundles & 40+",amazon reviews importer,broad,5.0,0,0,0.0,0,0.0,0.0,0.0,0.0,0.0,0.0,,,,,
Judge.me Product Reviews App,Search_EN_Features_2024.08.19,2026-02-24,2026-03-17,UTC,USD,"vitals: reviews, bundles (40+)",amazon reviews importer,broad,5.0,0,0,0.0,0,0.0,0.0,0.0,0.0,0.0,0.0,,,,,
Judge.me Product Reviews App,Search_EN_Features_2024.08.19,2026-02-24,2026-03-17,UTC,USD,vitals review,amazon reviews importer,broad,5.0,0,0,0.0,0,0.0,0.0,0.0,0.0,0.0,0.0,,,,,
Judge.me Product Reviews App,Search_EN_Features_2024.08.19,2026-02-24,2026-03-17,UTC,USD,"vitals ? reviews, bundles & 40+",amazon reviews importer,broad,5.0,0,0,0.0,0,0.0,0.0,0.0,0.0,0.0,0.0,,,,,
Judge.me Product Reviews App,Search_EN_Features_2024.08.19,2026-02-24,2026-03-17,UTC,USD,visual reviews,amazon reviews importer,broad,5.0,0,0,0.0,0,0.0,0.0,0.0,0.0,0.0,0.0,,,,,
Judge.me Product Reviews App,Search_EN_Features_2024.08.19,2026-02-24,2026-03-17,UTC,USD,visual product review,amazon reviews importer,broad,5.0,0,0,0.0,0,0.0,0.0,0.0,0.0,0.0,0.0,,,,,
Judge.me Product Reviews App,Search_EN_Features_2024.08.19,2026-02-24,2026-03-17,UTC,USD,viralsweep video reviews widget,amazon reviews importer,broad,5.0,0,0,0.0,0,0.0,0.0,0.0,0.0,0.0,0.0,,,,,
Judge.me Product Reviews App,Search_EN_Features_2024.08.19,2026-02-24,2026-03-17,UTC,USD,vinted reviews,amazon reviews importer,broad,5.0,0,0,0.0,0,0.0,0.0,0.0,0.0,0.0,0.0,,,,,
Judge.me Product Reviews App,Search_EN_Features_2024.08.19,2026-02-24,2026-03-17,UTC,USD,vify product reviews,amazon reviews importer,broad,5.0,0,0,0.0,0,0.0,0.0,0.0,0.0,0.0,0.0,,,,,
Judge.me Product Reviews App,Search_EN_Features_2024.08.19,2026-02-24,2026-03-17,UTC,USD,video with review,amazon reviews importer,broad,5.0,0,0,0.0,0,0.0,0.0,0.0,0.0,0.0,0.0,,,,,
Judge.me Product Reviews App,Search_EN_Features_2024.08.19,2026-02-24,2026-03-17,UTC,USD,video reviews slider,amazon reviews importer,broad,5.0,0,0,0.0,0,0.0,0.0,0.0,0.0,0.0,0.0,,,,,
Judge.me Product Reviews App,Search_EN_Features_2024.08.19,2026-02-24,2026-03-17,UTC,USD,verified customer reviews,amazon reviews importer,broad,5.0,0,0,0.0,0,0.0,0.0,0.0,0.0,0.0,0.0,,,,,
Judge.me Product Reviews App,Search_EN_Features_2024.08.19,2026-02-24,2026-03-17,UTC,USD,veeqo (amazon-owned),amazon reviews importer,broad,5.0,0,0,0.0,0,0.0,0.0,0.0,0.0,0.0,0.0,,,,,
Judge.me Product Reviews App,Search_EN_Features_2024.08.19,2026-02-24,2026-03-17,UTC,USD,user product review,amazon reviews importer,broad,5.0,0,0,0.0,0,0.0,0.0,0.0,0.0,0.0,0.0,,,,,
Judge.me Product Reviews App,Search_EN_Features_2024.08.19,2026-02-24,2026-03-17,UTC,USD,upon review,amazon reviews importer,broad,5.0,0,0,0.0,0,0.0,0.0,0.0,0.0,0.0,0.0,,,,,
Judge.me Product Reviews App,Search_EN_Features_2024.08.19,2026-02-24,2026-03-17,UTC,USD,upload product reviews,amazon reviews importer,broad,5.0,0,0,0.0,0,0.0,0.0,0.0,0.0,0.0,0.0,,,,,
Judge.me Product Reviews App,Search_EN_Features_2024.08.19,2026-02-24,2026-03-17,UTC,USD,unlimited product reviews,amazon reviews importer,broad,5.0,0,0,0.0,0,0.0,0.0,0.0,0.0,0.0,0.0,,,,,
Judge.me Product Reviews App,Search_EN_Features_2024.08.19,2026-02-24,2026-03-17,UTC,USD,under review,amazon reviews importer,broad,5.0,0,0,0.0,0,0.0,0.0,0.0,0.0,0.0,0.0,,,,,
Judge.me Product Reviews App,Search_EN_Features_2024.08.19,2026-02-24,2026-03-17,UTC,USD,udge.me product reviews,amazon reviews importer,broad,5.0,0,0,0.0,0,0.0,0.0,0.0,0.0,0.0,0.0,,,,,
Judge.me Product Reviews App,Search_EN_Features_2024.08.19,2026-02-24,2026-03-17,UTC,USD,tydalproduct reviews,amazon reviews importer,broad,5.0,0,0,0.0,0,0.0,0.0,0.0,0.0,0.0,0.0,,,,,
Judge.me Product Reviews App,Search_EN_Features_2024.08.19,2026-02-24,2026-03-17,UTC,USD,tydal review prodoct,amazon reviews importer,broad,5.0,0,0,0.0,0,0.0,0.0,0.0,0.0,0.0,0.0,,,,,
Judge.me Product Reviews App,Search_EN_Features_2024.08.19,2026-02-24,2026-03-17,UTC,USD,tydal product reviews app auto,amazon reviews importer,broad,5.0,0,0,0.0,0,0.0,0.0,0.0,0.0,0.0,0.0,,,,,
Judge.me Product Reviews App,Search_EN_Features_2024.08.19,2026-02-24,2026-03-17,UTC,USD,tydal product reviews ad,amazon reviews importer,broad,5.0,0,0,0.0,0,0.0,0.0,0.0,0.0,0.0,0.0,,,,,
Judge.me Product Reviews App,Search_EN_Features_2024.08.19,2026-02-24,2026-03-17,UTC,USD,tydal product reviews aaps+free,amazon reviews importer,broad,5.0,0,0,0.0,0,0.0,0.0,0.0,0.0,0.0,0.0,,,,,
Judge.me Product Reviews App,Search_EN_Features_2024.08.19,2026-02-24,2026-03-17,UTC,USD,tydal product reviews aaps,amazon reviews importer,broad,5.0,0,0,0.0,0,0.0,0.0,0.0,0.0,0.0,0.0,,,,,
Judge.me Product Reviews App,Search_EN_Features_2024.08.19,2026-02-24,2026-03-17,UTC,USD,tydal product review,amazon reviews importer,broad,5.0,0,0,0.0,0,0.0,0.0,0.0,0.0,0.0,0.0,,,,,
Judge.me Product Reviews App,Search_EN_Features_2024.08.19,2026-02-24,2026-03-17,UTC,USD,turboo.io product review,amazon reviews importer,broad,5.0,0,0,0.0,0,0.0,0.0,0.0,0.0,0.0,0.0,,,,,
Judge.me Product Reviews App,Search_EN_Features_2024.08.19,2026-02-24,2026-03-17,UTC,USD,turboo io product review,amazon reviews importer,broad,5.0,0,0,0.0,0,0.0,0.0,0.0,0.0,0.0,0.0,,,,,
Judge.me Product Reviews App,Search_EN_Features_2024.08.19,2026-02-24,2026-03-17,UTC,USD,ttustoo.io reviews,amazon reviews importer,broad,5.0,0,0,0.0,0,0.0,0.0,0.0,0.0,0.0,0.0,,,,,
Judge.me Product Reviews App,Search_EN_Features_2024.08.19,2026-02-24,2026-03-17,UTC,USD,ttustoo avis reviews product,amazon reviews importer,broad,5.0,0,0,0.0,0,0.0,0.0,0.0,0.0,0.0,0.0,,,,,
Judge.me Product Reviews App,Search_EN_Features_2024.08.19,2026-02-24,2026-03-17,UTC,USD,ttustoo avis review product,amazon reviews importer,broad,5.0,0,0,0.0,0,0.0,0.0,0.0,0.0,0.0,0.0,,,,,
Judge.me Product Reviews App,Search_EN_Features_2024.08.19,2026-02-24,2026-03-17,UTC,USD,ttustoo avis review,amazon reviews importer,broad,5.0,0,0,0.0,0,0.0,0.0,0.0,0.0,0.0,0.0,,,,,
Judge.me Product Reviews App,Search_EN_Features_2024.08.19,2026-02-24,2026-03-17,UTC,USD,ttustoo abis review,amazon reviews importer,broad,5.0,0,0,0.0,0,0.0,0.0,0.0,0.0,0.0,0.0,,,,,
Judge.me Product Reviews App,Search_EN_Features_2024.08.19,2026-02-24,2026-03-17,UTC,USD,tt product review,amazon reviews importer,broad,5.0,0,0,0.0,0,0.0,0.0,0.0,0.0,0.0,0.0,,,,,
Judge.me Product Reviews App,Search_EN_Features_2024.08.19,2026-02-24,2026-03-17,UTC,USD,tt all reviews product reviews,amazon reviews importer,broad,5.0,0,0,0.0,0,0.0,0.0,0.0,0.0,0.0,0.0,,,,,
Judge.me Product Reviews App,Search_EN_Features_2024.08.19,2026-02-24,2026-03-17,UTC,USD,tt ali reviws product reviews,amazon reviews importer,broad,5.0,0,0,0.0,0,0.0,0.0,0.0,0.0,0.0,0.0,,,,,
Judge.me Product Reviews App,Search_EN_Features_2024.08.19,2026-02-24,2026-03-17,UTC,USD,tt ali reviews product reviews,amazon reviews importer,broad,5.0,0,0,0.0,0,0.0,0.0,0.0,0.0,0.0,0.0,,,,,
Judge.me Product Reviews App,Search_EN_Features_2024.08.19,2026-02-24,2026-03-17,UTC,USD,tt ali reviews product,amazon reviews importer,broad,5.0,0,0,0.0,0,0.0,0.0,0.0,0.0,0.0,0.0,,,,,
Judge.me Product Reviews App,Search_EN_Features_2024.08.19,2026-02-24,2026-03-17,UTC,USD,tt ali reviews / trustoo reviews,amazon reviews importer,broad,5.0,0,0,0.0,0,0.0,0.0,0.0,0.0,0.0,0.0,,,,,
Judge.me Product Reviews App,Search_EN_Features_2024.08.19,2026-02-24,2026-03-17,UTC,USD,tt ali reviews,amazon reviews importer,broad,5.0,0,0,0.0,0,0.0,0.0,0.0,0.0,0.0,0.0,,,,,
Judge.me Product Reviews App,Search_EN_Features_2024.08.19,2026-02-24,2026-03-17,UTC,USD,tss google customer review,amazon reviews importer,broad,5.0,0,0,0.0,0,0.0,0.0,0.0,0.0,0.0,0.0,,,,,
Judge.me Product Reviews App,Search_EN_Features_2024.08.19,2026-02-24,2026-03-17,UTC,USD,ts: product reviews,amazon reviews importer,broad,5.0,0,0,0.0,0,0.0,0.0,0.0,0.0,0.0,0.0,,,,,
Judge.me Product Reviews App,Search_EN_Features_2024.08.19,2026-02-24,2026-03-17,UTC,USD,try and review,amazon reviews importer,broad,5.0,0,0,0.0,0,0.0,0.0,0.0,0.0,0.0,0.0,,,,,
Judge.me Product Reviews App,Search_EN_Features_2024.08.19,2026-02-24,2026-03-17,UTC,USD,trutoo ai product reviews app,amazon reviews importer,broad,5.0,0,0,0.0,0,0.0,0.0,0.0,0.0,0.0,0.0,,,,,
Judge.me Product Reviews App,Search_EN_Features_2024.08.19,2026-02-24,2026-03-17,UTC,USD,trustyy reviews app,amazon reviews importer,broad,5.0,0,0,0.0,0,0.0,0.0,0.0,0.0,0.0,0.0,,,,,
Judge.me Product Reviews App,Search_EN_Features_2024.08.19,2026-02-24,2026-03-17,UTC,USD,trustyy reviews,amazon reviews importer,broad,5.0,0,0,0.0,0,0.0,0.0,0.0,0.0,0.0,0.0,,,,,
Judge.me Product Reviews App,Search_EN_Features_2024.08.19,2026-02-24,2026-03-17,UTC,USD,trustyy review app,amazon reviews importer,broad,5.0,0,0,0.0,0,0.0,0.0,0.0,0.0,0.0,0.0,,,,,
Judge.me Product Reviews App,Search_EN_Features_2024.08.19,2026-02-24,2026-03-17,UTC,USD,trustyy product reviews app,amazon reviews importer,broad,5.0,0,0,0.0,0,0.0,0.0,0.0,0.0,0.0,0.0,,,,,
Judge.me Product Reviews App,Search_EN_Features_2024.08.19,2026-02-24,2026-03-17,UTC,USD,trusty reviews,amazon reviews importer,broad,5.0,0,0,0.0,0,0.0,0.0,0.0,0.0,0.0,0.0,,,,,
Judge.me Product Reviews App,Search_EN_Features_2024.08.19,2026-02-24,2026-03-17,UTC,USD,trusty product reviews,amazon reviews importer,broad,5.0,0,0,0.0,0,0.0,0.0,0.0,0.0,0.0,0.0,,,,,
Judge.me Product Reviews App,Search_EN_Features_2024.08.19,2026-02-24,2026-03-17,UTC,USD,trustwill(trustoo) reviews app,amazon reviews importer,broad,5.0,0,0,0.0,0,0.0,0.0,0.0,0.0,0.0,0.0,,,,,
Judge.me Product Reviews App,Search_EN_Features_2024.08.19,2026-02-24,2026-03-17,UTC,USD,trustwill product reviews app,amazon reviews importer,broad,5.0,0,0,0.0,0,0.0,0.0,0.0,0.0,0.0,0.0,,,,,
Judge.me Product Reviews App,Search_EN_Features_2024.08.19,2026-02-24,2026-03-17,UTC,USD,trustwill product reviews,amazon reviews importer,broad,5.0,0,0,0.0,0,0.0,0.0,0.0,0.0,0.0,0.0,,,,,
Judge.me Product Reviews App,Search_EN_Features_2024.08.19,2026-02-24,2026-03-17,UTC,USD,trustwill product review,amazon reviews importer,broad,5.0,0,0,0.0,0,0.0,0.0,0.0,0.0,0.0,0.0,,,,,
Judge.me Product Reviews App,Search_EN_Features_2024.08.19,2026-02-24,2026-03-17,UTC,USD,trustwill avis reviews app,amazon reviews importer,broad,5.0,0,0,0.0,0,0.0,0.0,0.0,0.0,0.0,0.0,,,,,
Judge.me Product Reviews App,Search_EN_Features_2024.08.19,2026-02-24,2026-03-17,UTC,USD,trustwill ai reviews,amazon reviews importer,broad,5.0,0,0,0.0,0,0.0,0.0,0.0,0.0,0.0,0.0,,,,,
Judge.me Product Reviews App,Search_EN_Features_2024.08.19,2026-02-24,2026-03-17,UTC,USD,trustwill ai review,amazon reviews importer,broad,5.0,0,0,0.0,0,0.0,0.0,0.0,0.0,0.0,0.0,,,,,
Judge.me Product Reviews App,Search_EN_Features_2024.08.19,2026-02-24,2026-03-17,UTC,USD,trustwill (trustoo) reviews app,amazon reviews importer,broad,5.0,0,0,0.0,0,0.0,0.0,0.0,0.0,0.0,0.0,,,,,
Judge.me Product Reviews App,Search_EN_Features_2024.08.19,2026-02-24,2026-03-17,UTC,USD,trustvilot review,amazon reviews importer,broad,5.0,0,0,0.0,0,0.0,0.0,0.0,0.0,0.0,0.0,,,,,
Judge.me Product Reviews App,Search_EN_Features_2024.08.19,2026-02-24,2026-03-17,UTC,USD,trusttoo ali product review apps,amazon reviews importer,broad,5.0,0,0,0.0,0,0.0,0.0,0.0,0.0,0.0,0.0,,,,,
Judge.me Product Reviews App,Search_EN_Features_2024.08.19,2026-02-24,2026-03-17,UTC,USD,trusttoo ai product reviews app,amazon reviews importer,broad,5.0,0,0,0.0,0,0.0,0.0,0.0,0.0,0.0,0.0,,,,,
Judge.me Product Reviews App,Search_EN_Features_2024.08.19,2026-02-24,2026-03-17,UTC,USD,trusttoo ai product review apps,amazon reviews importer,broad,5.0,0,0,0.0,0,0.0,0.0,0.0,0.0,0.0,0.0,,,,,
Judge.me Product Reviews App,Search_EN_Features_2024.08.19,2026-02-24,2026-03-17,UTC,USD,trusttoo ai product review app,amazon reviews importer,broad,5.0,0,0,0.0,0,0.0,0.0,0.0,0.0,0.0,0.0,,,,,
Judge.me Product Reviews App,Search_EN_Features_2024.08.19,2026-02-24,2026-03-17,UTC,USD,trustto.io reviews product app,amazon reviews importer,broad,5.0,0,0,0.0,0,0.0,0.0,0.0,0.0,0.0,0.0,,,,,
Judge.me Product Reviews App,Search_EN_Features_2024.08.19,2026-02-24,2026-03-17,UTC,USD,trustto io product reviews app,amazon reviews importer,broad,5.0,0,0,0.0,0,0.0,0.0,0.0,0.0,0.0,0.0,,,,,
Judge.me Product Reviews App,Search_EN_Features_2024.08.19,2026-02-24,2026-03-17,UTC,USD,trustshop: product reviews,amazon reviews importer,broad,5.0,0,0,0.0,0,0.0,0.0,0.0,0.0,0.0,0.0,,,,,
Judge.me Product Reviews App,Search_EN_Features_2024.08.19,2026-02-24,2026-03-17,UTC,USD,trustshop reviews,amazon reviews importer,broad,5.0,0,0,0.0,0,0.0,0.0,0.0,0.0,0.0,0.0,,,,,
Judge.me Product Reviews App,Search_EN_Features_2024.08.19,2026-02-24,2026-03-17,UTC,USD,trustshop product reviews,amazon reviews importer,broad,5.0,0,0,0.0,0,0.0,0.0,0.0,0.0,0.0,0.0,,,,,
Judge.me Product Reviews App,Search_EN_Features_2024.08.19,2026-02-24,2026-03-17,UTC,USD,trustroo.io product reviews app,amazon reviews importer,broad,5.0,0,0,0.0,0,0.0,0.0,0.0,0.0,0.0,0.0,,,,,
Judge.me Product Reviews App,Search_EN_Features_2024.08.19,2026-02-24,2026-03-17,UTC,USD,trustroo product reviews app,amazon reviews importer,broad,5.0,0,0,0.0,0,0.0,0.0,0.0,0.0,0.0,0.0,,,,,
Judge.me Product Reviews App,Search_EN_Features_2024.08.19,2026-02-24,2026-03-17,UTC,USD,trustroo product review app,amazon reviews importer,broad,5.0,0,0,0.0,0,0.0,0.0,0.0,0.0,0.0,0.0,,,,,
Judge.me Product Reviews App,Search_EN_Features_2024.08.19,2026-02-24,2026-03-17,UTC,USD,trustroo al product reviews app,amazon reviews importer,broad,5.0,0,0,0.0,0,0.0,0.0,0.0,0.0,0.0,0.0,,,,,
Judge.me Product Reviews App,Search_EN_Features_2024.08.19,2026-02-24,2026-03-17,UTC,USD,trustpoilet reviews app,amazon reviews importer,broad,5.0,0,0,0.0,0,0.0,0.0,0.0,0.0,0.0,0.0,,,,,
Judge.me Product Reviews App,Search_EN_Features_2024.08.19,2026-02-24,2026-03-17,UTC,USD,trustpilot reviews widget,amazon reviews importer,broad,5.0,0,0,0.0,0,0.0,0.0,0.0,0.0,0.0,0.0,,,,,
Judge.me Product Reviews App,Search_EN_Features_2024.08.19,2026-02-24,2026-03-17,UTC,USD,trustpilot reviews v3(staging),amazon reviews importer,broad,5.0,0,0,0.0,0,0.0,0.0,0.0,0.0,0.0,0.0,,,,,
Judge.me Product Reviews App,Search_EN_Features_2024.08.19,2026-02-24,2026-03-17,UTC,USD,trustpilot reviews v3,amazon reviews importer,broad,5.0,0,0,0.0,0,0.0,0.0,0.0,0.0,0.0,0.0,,,,,
Judge.me Product Reviews App,Search_EN_Features_2024.08.19,2026-02-24,2026-03-17,UTC,USD,trustpillot reviews,amazon reviews importer,broad,5.0,0,0,0.0,0,0.0,0.0,0.0,0.0,0.0,0.0,,,,,
Judge.me Product Reviews App,Search_EN_Features_2024.08.19,2026-02-24,2026-03-17,UTC,USD,trustooai reviews app,amazon reviews importer,broad,5.0,0,0,0.0,0,0.0,0.0,0.0,0.0,0.0,0.0,,,,,
Judge.me Product Reviews App,Search_EN_Features_2024.08.19,2026-02-24,2026-03-17,UTC,USD,trustooai pro reviews app,amazon reviews importer,broad,5.0,0,0,0.0,0,0.0,0.0,0.0,0.0,0.0,0.0,,,,,
Judge.me Product Reviews App,Search_EN_Features_2024.08.19,2026-02-24,2026-03-17,UTC,USD,trustoo.oi product reviews app,amazon reviews importer,broad,5.0,0,0,0.0,0,0.0,0.0,0.0,0.0,0.0,0.0,,,,,
Judge.me Product Reviews App,Search_EN_Features_2024.08.19,2026-02-24,2026-03-17,UTC,USD,"trustoo.io products reviews app builb trust with customer reviews ,photos and referral rewards",amazon reviews importer,broad,5.0,0,0,0.0,0,0.0,0.0,0.0,0.0,0.0,0.0,,,,,
Judge.me Product Reviews App,Search_EN_Features_2024.08.19,2026-02-24,2026-03-17,UTC,USD,trustoo.io products reviews app,amazon reviews importer,broad,5.0,0,0,0.0,0,0.0,0.0,0.0,0.0,0.0,0.0,,,,,
Judge.me Product Reviews App,Search_EN_Features_2024.08.19,2026-02-24,2026-03-17,UTC,USD,trustoo.io product reviews app,amazon reviews importer,broad,5.0,0,0,0.0,0,0.0,0.0,0.0,0.0,0.0,0.0,,,,,
Judge.me Product Reviews App,Search_EN_Features_2024.08.19,2026-02-24,2026-03-17,UTC,USD,trustoo.io product reviews aap,amazon reviews importer,broad,5.0,0,0,0.0,0,0.0,0.0,0.0,0.0,0.0,0.0,,,,,
Judge.me Product Reviews App,Search_EN_Features_2024.08.19,2026-02-24,2026-03-17,UTC,USD,trustoo.io product reviews a,amazon reviews importer,broad,5.0,0,0,0.0,0,0.0,0.0,0.0,0.0,0.0,0.0,,,,,
Judge.me Product Reviews App,Search_EN_Features_2024.08.19,2026-02-24,2026-03-17,UTC,USD,trustoo.io product reviews & google reviews,amazon reviews importer,broad,5.0,0,0,0.0,0,0.0,0.0,0.0,0.0,0.0,0.0,,,,,
Judge.me Product Reviews App,Search_EN_Features_2024.08.19,2026-02-24,2026-03-17,UTC,USD,trustoo.io product review app,amazon reviews importer,broad,5.0,0,0,0.0,0,0.0,0.0,0.0,0.0,0.0,0.0,,,,,
Judge.me Product Reviews App,Search_EN_Features_2024.08.19,2026-02-24,2026-03-17,UTC,USD,trustoo.io produc reviews apps,amazon reviews importer,broad,5.0,0,0,0.0,0,0.0,0.0,0.0,0.0,0.0,0.0,,,,,
Judge.me Product Reviews App,Search_EN_Features_2024.08.19,2026-02-24,2026-03-17,UTC,USD,trustoo.io produc reviews app,amazon reviews importer,broad,5.0,0,0,0.0,0,0.0,0.0,0.0,0.0,0.0,0.0,,,,,
Judge.me Product Reviews App,Search_EN_Features_2024.08.19,2026-02-24,2026-03-17,UTC,USD,trustoo.ia product reviews app,amazon reviews importer,broad,5.0,0,0,0.0,0,0.0,0.0,0.0,0.0,0.0,0.0,,,,,
Judge.me Product Reviews App,Search_EN_Features_2024.08.19,2026-02-24,2026-03-17,UTC,USD,trustoo.ai product reviews app,amazon reviews importer,broad,5.0,0,0,0.0,0,0.0,0.0,0.0,0.0,0.0,0.0,,,,,
Judge.me Product Reviews App,Search_EN_Features_2024.08.19,2026-02-24,2026-03-17,UTC,USD,trustoo. io product reviews app,amazon reviews importer,broad,5.0,0,0,0.0,0,0.0,0.0,0.0,0.0,0.0,0.0,,,,,
Judge.me Product Reviews App,Search_EN_Features_2024.08.19,2026-02-24,2026-03-17,UTC,USD,trustoo-reviews,amazon reviews importer,broad,5.0,0,0,0.0,0,0.0,0.0,0.0,0.0,0.0,0.0,,,,,
Judge.me Product Reviews App,Search_EN_Features_2024.08.19,2026-02-24,2026-03-17,UTC,USD,trustoo sales pop up & reviews,amazon reviews importer,broad,5.0,0,0,0.0,0,0.0,0.0,0.0,0.0,0.0,0.0,,,,,
Judge.me Product Reviews App,Search_EN_Features_2024.08.19,2026-02-24,2026-03-17,UTC,USD,trustoo reviews.io product reviews app,amazon reviews importer,broad,5.0,0,0,0.0,0,0.0,0.0,0.0,0.0,0.0,0.0,,,,,
Judge.me Product Reviews App,Search_EN_Features_2024.08.19,2026-02-24,2026-03-17,UTC,USD,trustoo reviews product reviews,amazon reviews importer,broad,5.0,0,0,0.0,0,0.0,0.0,0.0,0.0,0.0,0.0,,,,,
Judge.me Product Reviews App,Search_EN_Features_2024.08.19,2026-02-24,2026-03-17,UTC,USD,trustoo reviews by shopify,amazon reviews importer,broad,5.0,0,0,0.0,0,0.0,0.0,0.0,0.0,0.0,0.0,,,,,
Judge.me Product Reviews App,Search_EN_Features_2024.08.19,2026-02-24,2026-03-17,UTC,USD,trustoo review switch,amazon reviews importer,broad,5.0,0,0,0.0,0,0.0,0.0,0.0,0.0,0.0,0.0,,,,,
Judge.me Product Reviews App,Search_EN_Features_2024.08.19,2026-02-24,2026-03-17,UTC,USD,trustoo review,amazon reviews importer,broad,5.0,0,0,0.0,0,0.0,0.0,0.0,0.0,0.0,0.0,,,,,
Judge.me Product Reviews App,Search_EN_Features_2024.08.19,2026-02-24,2026-03-17,UTC,USD,trustoo products review,amazon reviews importer,broad,5.0,0,0,0.0,0,0.0,0.0,0.0,0.0,0.0,0.0,,,,,
Judge.me Product Reviews App,Search_EN_Features_2024.08.19,2026-02-24,2026-03-17,UTC,USD,trustoo products and ali reviews,amazon reviews importer,broad,5.0,0,0,0.0,0,0.0,0.0,0.0,0.0,0.0,0.0,,,,,
Judge.me Product Reviews App,Search_EN_Features_2024.08.19,2026-02-24,2026-03-17,UTC,USD,trustoo product reviews app,amazon reviews importer,broad,5.0,0,0,0.0,0,0.0,0.0,0.0,0.0,0.0,0.0,,,,,
Judge.me Product Reviews App,Search_EN_Features_2024.08.19,2026-02-24,2026-03-17,UTC,USD,trustoo product reviews ap,amazon reviews importer,broad,5.0,0,0,0.0,0,0.0,0.0,0.0,0.0,0.0,0.0,,,,,
Judge.me Product Reviews App,Search_EN_Features_2024.08.19,2026-02-24,2026-03-17,UTC,USD,trustoo product reviews 1270,amazon reviews importer,broad,5.0,0,0,0.0,0,0.0,0.0,0.0,0.0,0.0,0.0,,,,,
Judge.me Product Reviews App,Search_EN_Features_2024.08.19,2026-02-24,2026-03-17,UTC,USD,trustoo product e ali reviews,amazon reviews importer,broad,5.0,0,0,0.0,0,0.0,0.0,0.0,0.0,0.0,0.0,,,,,
Judge.me Product Reviews App,Search_EN_Features_2024.08.19,2026-02-24,2026-03-17,UTC,USD,trustoo product and ali review,amazon reviews importer,broad,5.0,0,0,0.0,0,0.0,0.0,0.0,0.0,0.0,0.0,,,,,
Judge.me Product Reviews App,Search_EN_Features_2024.08.19,2026-02-24,2026-03-17,UTC,USD,trustoo product ali reviews,amazon reviews importer,broad,5.0,0,0,0.0,0,0.0,0.0,0.0,0.0,0.0,0.0,,,,,
Judge.me Product Reviews App,Search_EN_Features_2024.08.19,2026-02-24,2026-03-17,UTC,USD,trustoo prodcut review,amazon reviews importer,broad,5.0,0,0,0.0,0,0.0,0.0,0.0,0.0,0.0,0.0,,,,,
Judge.me Product Reviews App,Search_EN_Features_2024.08.19,2026-02-24,2026-03-17,UTC,USD,trustoo io reviews product,amazon reviews importer,broad,5.0,0,0,0.0,0,0.0,0.0,0.0,0.0,0.0,0.0,,,,,
Judge.me Product Reviews App,Search_EN_Features_2024.08.19,2026-02-24,2026-03-17,UTC,USD,trustoo io review products,amazon reviews importer,broad,5.0,0,0,0.0,0,0.0,0.0,0.0,0.0,0.0,0.0,,,,,
Judge.me Product Reviews App,Search_EN_Features_2024.08.19,2026-02-24,2026-03-17,UTC,USD,trustoo io review all product,amazon reviews importer,broad,5.0,0,0,0.0,0,0.0,0.0,0.0,0.0,0.0,0.0,,,,,
Judge.me Product Reviews App,Search_EN_Features_2024.08.19,2026-02-24,2026-03-17,UTC,USD,trustoo io product reviews app,amazon reviews importer,broad,5.0,0,0,0.0,0,0.0,0.0,0.0,0.0,0.0,0.0,,,,,
Judge.me Product Reviews App,Search_EN_Features_2024.08.19,2026-02-24,2026-03-17,UTC,USD,trustoo ia product reviews app,amazon reviews importer,broad,5.0,0,0,0.0,0,0.0,0.0,0.0,0.0,0.0,0.0,,,,,
Judge.me Product Reviews App,Search_EN_Features_2024.08.19,2026-02-24,2026-03-17,UTC,USD,trustoo google reviews,amazon reviews importer,broad,5.0,0,0,0.0,0,0.0,0.0,0.0,0.0,0.0,0.0,,,,,
Judge.me Product Reviews App,Search_EN_Features_2024.08.19,2026-02-24,2026-03-17,UTC,USD,trustoo avis reviews product,amazon reviews importer,broad,5.0,0,0,0.0,0,0.0,0.0,0.0,0.0,0.0,0.0,,,,,
Judge.me Product Reviews App,Search_EN_Features_2024.08.19,2026-02-24,2026-03-17,UTC,USD,trustoo avis reviews,amazon reviews importer,broad,5.0,0,0,0.0,0,0.0,0.0,0.0,0.0,0.0,0.0,,,,,
Judge.me Product Reviews App,Search_EN_Features_2024.08.19,2026-02-24,2026-03-17,UTC,USD,trustoo avis review products,amazon reviews importer,broad,5.0,0,0,0.0,0,0.0,0.0,0.0,0.0,0.0,0.0,,,,,
Judge.me Product Reviews App,Search_EN_Features_2024.08.19,2026-02-24,2026-03-17,UTC,USD,trustoo ao product review a,amazon reviews importer,broad,5.0,0,0,0.0,0,0.0,0.0,0.0,0.0,0.0,0.0,,,,,
Judge.me Product Reviews App,Search_EN_Features_2024.08.19,2026-02-24,2026-03-17,UTC,USD,trustoo ali reviews,amazon reviews importer,broad,5.0,0,0,0.0,0,0.0,0.0,0.0,0.0,0.0,0.0,,,,,
Judge.me Product Reviews App,Search_EN_Features_2024.08.19,2026-02-24,2026-03-17,UTC,USD,trustoo al product reviews app,amazon reviews importer,broad,5.0,0,0,0.0,0,0.0,0.0,0.0,0.0,0.0,0.0,,,,,
Judge.me Product Reviews App,Search_EN_Features_2024.08.19,2026-02-24,2026-03-17,UTC,USD,trustoo al product review app,amazon reviews importer,broad,5.0,0,0,0.0,0,0.0,0.0,0.0,0.0,0.0,0.0,,,,,
Judge.me Product Reviews App,Search_EN_Features_2024.08.19,2026-02-24,2026-03-17,UTC,USD,trustoo al product review,amazon reviews importer,broad,5.0,0,0,0.0,0,0.0,0.0,0.0,0.0,0.0,0.0,,,,,
Judge.me Product Reviews App,Search_EN_Features_2024.08.19,2026-02-24,2026-03-17,UTC,USD,trustoo ai reviews app,amazon reviews importer,broad,5.0,0,0,0.0,0,0.0,0.0,0.0,0.0,0.0,0.0,,,,,
Judge.me Product Reviews App,Search_EN_Features_2024.08.19,2026-02-24,2026-03-17,UTC,USD,trustoo ai reviews,amazon reviews importer,broad,5.0,0,0,0.0,0,0.0,0.0,0.0,0.0,0.0,0.0,,,,,
Judge.me Product Reviews App,Search_EN_Features_2024.08.19,2026-02-24,2026-03-17,UTC,USD,trustoo ai product reviews apptrustwill product reviews app,amazon reviews importer,broad,5.0,0,0,0.0,0,0.0,0.0,0.0,0.0,0.0,0.0,,,,,
Judge.me Product Reviews App,Search_EN_Features_2024.08.19,2026-02-24,2026-03-17,UTC,USD,trustoo ai product reviews apps,amazon reviews importer,broad,5.0,0,0,0.0,0,0.0,0.0,0.0,0.0,0.0,0.0,,,,,
Judge.me Product Reviews App,Search_EN_Features_2024.08.19,2026-02-24,2026-03-17,UTC,USD,trustoo ai product reviews app by channelwill,amazon reviews importer,broad,5.0,0,0,0.0,0,0.0,0.0,0.0,0.0,0.0,0.0,,,,,
Judge.me Product Reviews App,Search_EN_Features_2024.08.19,2026-02-24,2026-03-17,UTC,USD,trustoo ai product reviews app (channel will),amazon reviews importer,broad,5.0,0,0,0.0,0,0.0,0.0,0.0,0.0,0.0,0.0,,,,,
Judge.me Product Reviews App,Search_EN_Features_2024.08.19,2026-02-24,2026-03-17,UTC,USD,trustoo ai product reviews a,amazon reviews importer,broad,5.0,0,0,0.0,0,0.0,0.0,0.0,0.0,0.0,0.0,,,,,
Judge.me Product Reviews App,Search_EN_Features_2024.08.19,2026-02-24,2026-03-17,UTC,USD,trustoo ai product reviews,amazon reviews importer,broad,5.0,0,0,0.0,0,0.0,0.0,0.0,0.0,0.0,0.0,,,,,
Judge.me Product Reviews App,Search_EN_Features_2024.08.19,2026-02-24,2026-03-17,UTC,USD,trustoo ai product review apps,amazon reviews importer,broad,5.0,0,0,0.0,0,0.0,0.0,0.0,0.0,0.0,0.0,,,,,
Judge.me Product Reviews App,Search_EN_Features_2024.08.19,2026-02-24,2026-03-17,UTC,USD,trustoo ai product review app,amazon reviews importer,broad,5.0,0,0,0.0,0,0.0,0.0,0.0,0.0,0.0,0.0,,,,,
Judge.me Product Reviews App,Search_EN_Features_2024.08.19,2026-02-24,2026-03-17,UTC,USD,trustoo ai product review a,amazon reviews importer,broad,5.0,0,0,0.0,0,0.0,0.0,0.0,0.0,0.0,0.0,,,,,
Judge.me Product Reviews App,Search_EN_Features_2024.08.19,2026-02-24,2026-03-17,UTC,USD,trustoo ai product review,amazon reviews importer,broad,5.0,0,0,0.0,0,0.0,0.0,0.0,0.0,0.0,0.0,,,,,
Judge.me Product Reviews App,Search_EN_Features_2024.08.19,2026-02-24,2026-03-17,UTC,USD,trustoo .io product review,amazon reviews importer,broad,5.0,0,0,0.0,0,0.0,0.0,0.0,0.0,0.0,0.0,,,,,
Judge.me Product Reviews App,Search_EN_Features_2024.08.19,2026-02-24,2026-03-17,UTC,USD,trusto ioproduct reviews,amazon reviews importer,broad,5.0,0,0,0.0,0,0.0,0.0,0.0,0.0,0.0,0.0,,,,,
Judge.me Product Reviews App,Search_EN_Features_2024.08.19,2026-02-24,2026-03-17,UTC,USD,trusto ai reviews app,amazon reviews importer,broad,5.0,0,0,0.0,0,0.0,0.0,0.0,0.0,0.0,0.0,,,,,
Judge.me Product Reviews App,Search_EN_Features_2024.08.19,2026-02-24,2026-03-17,UTC,USD,trusto ai reviews,amazon reviews importer,broad,5.0,0,0,0.0,0,0.0,0.0,0.0,0.0,0.0,0.0,,,,,
Judge.me Product Reviews App,Search_EN_Features_2024.08.19,2026-02-24,2026-03-17,UTC,USD,trusto ai products review,amazon reviews importer,broad,5.0,0,0,0.0,0,0.0,0.0,0.0,0.0,0.0,0.0,,,,,
Judge.me Product Reviews App,Search_EN_Features_2024.08.19,2026-02-24,2026-03-17,UTC,USD,trusto ai product reviews app,amazon reviews importer,broad,5.0,0,0,0.0,0,0.0,0.0,0.0,0.0,0.0,0.0,,,,,
Judge.me Product Reviews App,Search_EN_Features_2024.08.19,2026-02-24,2026-03-17,UTC,USD,trusto ai product reviews,amazon reviews importer,broad,5.0,0,0,0.0,0,0.0,0.0,0.0,0.0,0.0,0.0,,,,,
Judge.me Product Reviews App,Search_EN_Features_2024.08.19,2026-02-24,2026-03-17,UTC,USD,trusto ai product review,amazon reviews importer,broad,5.0,0,0,0.0,0,0.0,0.0,0.0,0.0,0.0,0.0,,,,,
Judge.me Product Reviews App,Search_EN_Features_2024.08.19,2026-02-24,2026-03-17,UTC,USD,trustioo review app,amazon reviews importer,broad,5.0,0,0,0.0,0,0.0,0.0,0.0,0.0,0.0,0.0,,,,,
Judge.me Product Reviews App,Search_EN_Features_2024.08.19,2026-02-24,2026-03-17,UTC,USD,trustio trustpilot reviews,amazon reviews importer,broad,5.0,0,0,0.0,0,0.0,0.0,0.0,0.0,0.0,0.0,,,,,
Judge.me Product Reviews App,Search_EN_Features_2024.08.19,2026-02-24,2026-03-17,UTC,USD,trustindex reviews widget,amazon reviews importer,broad,5.0,0,0,0.0,0,0.0,0.0,0.0,0.0,0.0,0.0,,,,,
Judge.me Product Reviews App,Search_EN_Features_2024.08.19,2026-02-24,2026-03-17,UTC,USD,trustindex google reviews widget,amazon reviews importer,broad,5.0,0,0,0.0,0,0.0,0.0,0.0,0.0,0.0,0.0,,,,,
Judge.me Product Reviews App,Search_EN_Features_2024.08.19,2026-02-24,2026-03-17,UTC,USD,trustindex google reviews,amazon reviews importer,broad,5.0,0,0,0.0,0,0.0,0.0,0.0,0.0,0.0,0.0,,,,,
Judge.me Product Reviews App,Search_EN_Features_2024.08.19,2026-02-24,2026-03-17,UTC,USD,trustindex (google reviews by trustindex),amazon reviews importer,broad,5.0,0,0,0.0,0,0.0,0.0,0.0,0.0,0.0,0.0,,,,,
Judge.me Product Reviews App,Search_EN_Features_2024.08.19,2026-02-24,2026-03-17,UTC,USD,trustindex ? google reviews widget,amazon reviews importer,broad,5.0,0,0,0.0,0,0.0,0.0,0.0,0.0,0.0,0.0,,,,,
Judge.me Product Reviews App,Search_EN_Features_2024.08.19,2026-02-24,2026-03-17,UTC,USD,trustindex ? google reviews,amazon reviews importer,broad,5.0,0,0,0.0,0,0.0,0.0,0.0,0.0,0.0,0.0,,,,,
Judge.me Product Reviews App,Search_EN_Features_2024.08.19,2026-02-24,2026-03-17,UTC,USD,trustindex ? customer reviews collector,amazon reviews importer,broad,5.0,0,0,0.0,0,0.0,0.0,0.0,0.0,0.0,0.0,,,,,
Judge.me Product Reviews App,Search_EN_Features_2024.08.19,2026-02-24,2026-03-17,UTC,USD,trustify reviews app,amazon reviews importer,broad,5.0,0,0,0.0,0,0.0,0.0,0.0,0.0,0.0,0.0,,,,,
Judge.me Product Reviews App,Search_EN_Features_2024.08.19,2026-02-24,2026-03-17,UTC,USD,trustify google reviews,amazon reviews importer,broad,5.0,0,0,0.0,0,0.0,0.0,0.0,0.0,0.0,0.0,,,,,
Judge.me Product Reviews App,Search_EN_Features_2024.08.19,2026-02-24,2026-03-17,UTC,USD,trustified testimonials reviews,amazon reviews importer,broad,5.0,0,0,0.0,0,0.0,0.0,0.0,0.0,0.0,0.0,,,,,
Judge.me Product Reviews App,Search_EN_Features_2024.08.19,2026-02-24,2026-03-17,UTC,USD,trustified testimonial reviews,amazon reviews importer,broad,5.0,0,0,0.0,0,0.0,0.0,0.0,0.0,0.0,0.0,,,,,
Judge.me Product Reviews App,Search_EN_Features_2024.08.19,2026-02-24,2026-03-17,UTC,USD,trustfy reviews,amazon reviews importer,broad,5.0,0,0,0.0,0,0.0,0.0,0.0,0.0,0.0,0.0,,,,,
Judge.me Product Reviews App,Search_EN_Features_2024.08.19,2026-02-24,2026-03-17,UTC,USD,trusted shops reviews and more,amazon reviews importer,broad,5.0,0,0,0.0,0,0.0,0.0,0.0,0.0,0.0,0.0,,,,,
Judge.me Product Reviews App,Search_EN_Features_2024.08.19,2026-02-24,2026-03-17,UTC,USD,trusted shops reviews,amazon reviews importer,broad,5.0,0,0,0.0,0,0.0,0.0,0.0,0.0,0.0,0.0,,,,,
Judge.me Product Reviews App,Search_EN_Features_2024.08.19,2026-02-24,2026-03-17,UTC,USD,trusted review badge and trusted site,amazon reviews importer,broad,5.0,0,0,0.0,0,0.0,0.0,0.0,0.0,0.0,0.0,,,,,
Judge.me Product Reviews App,Search_EN_Features_2024.08.19,2026-02-24,2026-03-17,UTC,USD,trusted review app,amazon reviews importer,broad,5.0,0,0,0.0,0,0.0,0.0,0.0,0.0,0.0,0.0,,,,,
Judge.me Product Reviews App,Search_EN_Features_2024.08.19,2026-02-24,2026-03-17,UTC,USD,trusted io review,amazon reviews importer,broad,5.0,0,0,0.0,0,0.0,0.0,0.0,0.0,0.0,0.0,,,,,
Judge.me Product Reviews App,Search_EN_Features_2024.08.19,2026-02-24,2026-03-17,UTC,USD,trusted ai review,amazon reviews importer,broad,5.0,0,0,0.0,0,0.0,0.0,0.0,0.0,0.0,0.0,,,,,
Judge.me Product Reviews App,Search_EN_Features_2024.08.19,2026-02-24,2026-03-17,UTC,USD,trustdoo review,amazon reviews importer,broad,5.0,0,0,0.0,0,0.0,0.0,0.0,0.0,0.0,0.0,,,,,
Judge.me Product Reviews App,Search_EN_Features_2024.08.19,2026-02-24,2026-03-17,UTC,USD,trustapp review,amazon reviews importer,broad,5.0,0,0,0.0,0,0.0,0.0,0.0,0.0,0.0,0.0,,,,,
Judge.me Product Reviews App,Search_EN_Features_2024.08.19,2026-02-24,2026-03-17,UTC,USD,trust/reviews,amazon reviews importer,broad,5.0,0,0,0.0,0,0.0,0.0,0.0,0.0,0.0,0.0,,,,,
Judge.me Product Reviews App,Search_EN_Features_2024.08.19,2026-02-24,2026-03-17,UTC,USD,trust.io ? trustpilot reviews,amazon reviews importer,broad,5.0,0,0,0.0,0,0.0,0.0,0.0,0.0,0.0,0.0,,,,,
Judge.me Product Reviews App,Search_EN_Features_2024.08.19,2026-02-24,2026-03-17,UTC,USD,trust will ai review,amazon reviews importer,broad,5.0,0,0,0.0,0,0.0,0.0,0.0,0.0,0.0,0.0,,,,,
Judge.me Product Reviews App,Search_EN_Features_2024.08.19,2026-02-24,2026-03-17,UTC,USD,trust sync googlr reviews,amazon reviews importer,broad,5.0,0,0,0.0,0,0.0,0.0,0.0,0.0,0.0,0.0,,,,,
Judge.me Product Reviews App,Search_EN_Features_2024.08.19,2026-02-24,2026-03-17,UTC,USD,trust sync google reviews,amazon reviews importer,broad,5.0,0,0,0.0,0,0.0,0.0,0.0,0.0,0.0,0.0,,,,,
Judge.me Product Reviews App,Search_EN_Features_2024.08.19,2026-02-24,2026-03-17,UTC,USD,trust reviews,amazon reviews importer,broad,5.0,0,0,0.0,0,0.0,0.0,0.0,0.0,0.0,0.0,,,,,
Judge.me Product Reviews App,Search_EN_Features_2024.08.19,2026-02-24,2026-03-17,UTC,USD,trust products review,amazon reviews importer,broad,5.0,0,0,0.0,0,0.0,0.0,0.0,0.0,0.0,0.0,,,,,
Judge.me Product Reviews App,Search_EN_Features_2024.08.19,2026-02-24,2026-03-17,UTC,USD,trust pilot review section,amazon reviews importer,broad,5.0,0,0,0.0,0,0.0,0.0,0.0,0.0,0.0,0.0,,,,,
Judge.me Product Reviews App,Search_EN_Features_2024.08.19,2026-02-24,2026-03-17,UTC,USD,trust pilor reviews,amazon reviews importer,broad,5.0,0,0,0.0,0,0.0,0.0,0.0,0.0,0.0,0.0,,,,,
Judge.me Product Reviews App,Search_EN_Features_2024.08.19,2026-02-24,2026-03-17,UTC,USD,trust me review,amazon reviews importer,broad,5.0,0,0,0.0,0,0.0,0.0,0.0,0.0,0.0,0.0,,,,,
Judge.me Product Reviews App,Search_EN_Features_2024.08.19,2026-02-24,2026-03-17,UTC,USD,trust io review,amazon reviews importer,broad,5.0,0,0,0.0,0,0.0,0.0,0.0,0.0,0.0,0.0,,,,,
Judge.me Product Reviews App,Search_EN_Features_2024.08.19,2026-02-24,2026-03-17,UTC,USD,trust index reviews,amazon reviews importer,broad,5.0,0,0,0.0,0,0.0,0.0,0.0,0.0,0.0,0.0,,,,,
Judge.me Product Reviews App,Search_EN_Features_2024.08.19,2026-02-24,2026-03-17,UTC,USD,trust app review,amazon reviews importer,broad,5.0,0,0,0.0,0,0.0,0.0,0.0,0.0,0.0,0.0,,,,,
Judge.me Product Reviews App,Search_EN_Features_2024.08.19,2026-02-24,2026-03-17,UTC,USD,trust ap reviews,amazon reviews importer,broad,5.0,0,0,0.0,0,0.0,0.0,0.0,0.0,0.0,0.0,,,,,
Judge.me Product Reviews App,Search_EN_Features_2024.08.19,2026-02-24,2026-03-17,UTC,USD,trust ai product reviews,amazon reviews importer,broad,5.0,0,0,0.0,0,0.0,0.0,0.0,0.0,0.0,0.0,,,,,
Judge.me Product Reviews App,Search_EN_Features_2024.08.19,2026-02-24,2026-03-17,UTC,USD,trussty review app,amazon reviews importer,broad,5.0,0,0,0.0,0,0.0,0.0,0.0,0.0,0.0,0.0,,,,,
Judge.me Product Reviews App,Search_EN_Features_2024.08.19,2026-02-24,2026-03-17,UTC,USD,truspilot review,amazon reviews importer,broad,5.0,0,0,0.0,0,0.0,0.0,0.0,0.0,0.0,0.0,,,,,
Judge.me Product Reviews App,Search_EN_Features_2024.08.19,2026-02-24,2026-03-17,UTC,USD,true reviews,amazon reviews importer,broad,5.0,0,0,0.0,0,0.0,0.0,0.0,0.0,0.0,0.0,,,,,
Judge.me Product Reviews App,Search_EN_Features_2024.08.19,2026-02-24,2026-03-17,UTC,USD,trsut shop review,amazon reviews importer,broad,5.0,0,0,0.0,0,0.0,0.0,0.0,0.0,0.0,0.0,,,,,
Judge.me Product Reviews App,Search_EN_Features_2024.08.19,2026-02-24,2026-03-17,UTC,USD,trixy reviews,amazon reviews importer,broad,5.0,0,0,0.0,0,0.0,0.0,0.0,0.0,0.0,0.0,,,,,
Judge.me Product Reviews App,Search_EN_Features_2024.08.19,2026-02-24,2026-03-17,UTC,USD,trendyol review,amazon reviews importer,broad,5.0,0,0,0.0,0,0.0,0.0,0.0,0.0,0.0,0.0,,,,,
Judge.me Product Reviews App,Search_EN_Features_2024.08.19,2026-02-24,2026-03-17,UTC,USD,trendsi reviews,amazon reviews importer,broad,5.0,0,0,0.0,0,0.0,0.0,0.0,0.0,0.0,0.0,,,,,
Judge.me Product Reviews App,Search_EN_Features_2024.08.19,2026-02-24,2026-03-17,UTC,USD,toole amazon easy sync,amazon reviews importer,broad,5.0,0,0,0.0,0,0.0,0.0,0.0,0.0,0.0,0.0,,,,,
Judge.me Product Reviews App,Search_EN_Features_2024.08.19,2026-02-24,2026-03-17,UTC,USD,title product reviews,amazon reviews importer,broad,5.0,0,0,0.0,0,0.0,0.0,0.0,0.0,0.0,0.0,,,,,
Judge.me Product Reviews App,Search_EN_Features_2024.08.19,2026-02-24,2026-03-17,UTC,USD,tiktok shop review,amazon reviews importer,broad,5.0,0,0,0.0,0,0.0,0.0,0.0,0.0,0.0,0.0,,,,,
Judge.me Product Reviews App,Search_EN_Features_2024.08.19,2026-02-24,2026-03-17,UTC,USD,tiktok review,amazon reviews importer,broad,5.0,0,0,0.0,0,0.0,0.0,0.0,0.0,0.0,0.0,,,,,
Judge.me Product Reviews App,Search_EN_Features_2024.08.19,2026-02-24,2026-03-17,UTC,USD,tiktok amazon mcf,amazon reviews importer,broad,5.0,0,0,0.0,0,0.0,0.0,0.0,0.0,0.0,0.0,,,,,
Judge.me Product Reviews App,Search_EN_Features_2024.08.19,2026-02-24,2026-03-17,UTC,USD,tidal review,amazon reviews importer,broad,5.0,0,0,0.0,0,0.0,0.0,0.0,0.0,0.0,0.0,,,,,
Judge.me Product Reviews App,Search_EN_Features_2024.08.19,2026-02-24,2026-03-17,UTC,USD,tidal product reviews,amazon reviews importer,broad,5.0,0,0,0.0,0,0.0,0.0,0.0,0.0,0.0,0.0,,,,,
Judge.me Product Reviews App,Search_EN_Features_2024.08.19,2026-02-24,2026-03-17,UTC,USD,tidal product review appair product review,amazon reviews importer,broad,5.0,0,0,0.0,0,0.0,0.0,0.0,0.0,0.0,0.0,,,,,
Judge.me Product Reviews App,Search_EN_Features_2024.08.19,2026-02-24,2026-03-17,UTC,USD,tidal product review app,amazon reviews importer,broad,5.0,0,0,0.0,0,0.0,0.0,0.0,0.0,0.0,0.0,,,,,
Judge.me Product Reviews App,Search_EN_Features_2024.08.19,2026-02-24,2026-03-17,UTC,USD,the reputon google reviews app,amazon reviews importer,broad,5.0,0,0,0.0,0,0.0,0.0,0.0,0.0,0.0,0.0,,,,,
Judge.me Product Reviews App,Search_EN_Features_2024.08.19,2026-02-24,2026-03-17,UTC,USD,the reputon amazon,amazon reviews importer,broad,5.0,0,0,0.0,0,0.0,0.0,0.0,0.0,0.0,0.0,,,,,
Judge.me Product Reviews App,Search_EN_Features_2024.08.19,2026-02-24,2026-03-17,UTC,USD,thank you page review,amazon reviews importer,broad,5.0,0,0,0.0,0,0.0,0.0,0.0,0.0,0.0,0.0,,,,,
Judge.me Product Reviews App,Search_EN_Features_2024.08.19,2026-02-24,2026-03-17,UTC,USD,thalia amazon importer,amazon reviews importer,broad,5.0,0,0,0.0,0,0.0,0.0,0.0,0.0,0.0,0.0,,,,,
Judge.me Product Reviews App,Search_EN_Features_2024.08.19,2026-02-24,2026-03-17,UTC,USD,text reviews,amazon reviews importer,broad,5.0,0,0,0.0,0,0.0,0.0,0.0,0.0,0.0,0.0,,,,,
Judge.me Product Reviews App,Search_EN_Features_2024.08.19,2026-02-24,2026-03-17,UTC,USD,text review,amazon reviews importer,broad,5.0,0,0,0.0,0,0.0,0.0,0.0,0.0,0.0,0.0,,,,,
Judge.me Product Reviews App,Search_EN_Features_2024.08.19,2026-02-24,2026-03-17,UTC,USD,testoo reviews,amazon reviews importer,broad,5.0,0,0,0.0,0,0.0,0.0,0.0,0.0,0.0,0.0,,,,,
Judge.me Product Reviews App,Search_EN_Features_2024.08.19,2026-02-24,2026-03-17,UTC,USD,"testimonials/reviews,",amazon reviews importer,broad,5.0,0,0,0.0,0,0.0,0.0,0.0,0.0,0.0,0.0,,,,,
Judge.me Product Reviews App,Search_EN_Features_2024.08.19,2026-02-24,2026-03-17,UTC,USD,testimonials/reviews,amazon reviews importer,broad,5.0,0,0,0.0,0,0.0,0.0,0.0,0.0,0.0,0.0,,,,,
Judge.me Product Reviews App,Search_EN_Features_2024.08.19,2026-02-24,2026-03-17,UTC,USD,testimonials service reviews,amazon reviews importer,broad,5.0,0,0,0.0,0,0.0,0.0,0.0,0.0,0.0,0.0,,,,,
Judge.me Product Reviews App,Search_EN_Features_2024.08.19,2026-02-24,2026-03-17,UTC,USD,testimonial review,amazon reviews importer,broad,5.0,0,0,0.0,0,0.0,0.0,0.0,0.0,0.0,0.0,,,,,
Judge.me Product Reviews App,Search_EN_Features_2024.08.19,2026-02-24,2026-03-17,UTC,USD,temu review free,amazon reviews importer,broad,5.0,0,0,0.0,0,0.0,0.0,0.0,0.0,0.0,0.0,,,,,
Judge.me Product Reviews App,Search_EN_Features_2024.08.19,2026-02-24,2026-03-17,UTC,USD,temu review,amazon reviews importer,broad,5.0,0,0,0.0,0,0.0,0.0,0.0,0.0,0.0,0.0,,,,,
Judge.me Product Reviews App,Search_EN_Features_2024.08.19,2026-02-24,2026-03-17,UTC,USD,temu product review,amazon reviews importer,broad,5.0,0,0,0.0,0,0.0,0.0,0.0,0.0,0.0,0.0,,,,,
Judge.me Product Reviews App,Search_EN_Features_2024.08.19,2026-02-24,2026-03-17,UTC,USD,technophile amazon review sync,amazon reviews importer,broad,5.0,0,0,0.0,0,0.0,0.0,0.0,0.0,0.0,0.0,,,,,
Judge.me Product Reviews App,Search_EN_Features_2024.08.19,2026-02-24,2026-03-17,UTC,USD,tarifas de envio amazon latam,amazon reviews importer,broad,5.0,0,0,0.0,0,0.0,0.0,0.0,0.0,0.0,0.0,,,,,
Judge.me Product Reviews App,Search_EN_Features_2024.08.19,2026-02-24,2026-03-17,UTC,USD,tagembed google reviews,amazon reviews importer,broad,5.0,0,0,0.0,0,0.0,0.0,0.0,0.0,0.0,0.0,,,,,
Judge.me Product Reviews App,Search_EN_Features_2024.08.19,2026-02-24,2026-03-17,UTC,USD,sync to amazon,amazon reviews importer,broad,5.0,0,0,0.0,0,0.0,0.0,0.0,0.0,0.0,0.0,,,,,
Judge.me Product Reviews App,Search_EN_Features_2024.08.19,2026-02-24,2026-03-17,UTC,USD,sync shopify to amazon,amazon reviews importer,broad,5.0,0,0,0.0,0,0.0,0.0,0.0,0.0,0.0,0.0,,,,,
Judge.me Product Reviews App,Search_EN_Features_2024.08.19,2026-02-24,2026-03-17,UTC,USD,sync reviews,amazon reviews importer,broad,5.0,0,0,0.0,0,0.0,0.0,0.0,0.0,0.0,0.0,,,,,
Judge.me Product Reviews App,Search_EN_Features_2024.08.19,2026-02-24,2026-03-17,UTC,USD,"sync orders from amazon, etsy, notts to shopify",amazon reviews importer,broad,5.0,0,0,0.0,0,0.0,0.0,0.0,0.0,0.0,0.0,,,,,
Judge.me Product Reviews App,Search_EN_Features_2024.08.19,2026-02-24,2026-03-17,UTC,USD,"sync orders from amazon, etsy, notts",amazon reviews importer,broad,5.0,0,0,0.0,0,0.0,0.0,0.0,0.0,0.0,0.0,,,,,
Judge.me Product Reviews App,Search_EN_Features_2024.08.19,2026-02-24,2026-03-17,UTC,USD,"sync amazon, tiktok shop",amazon reviews importer,broad,5.0,0,0,0.0,0,0.0,0.0,0.0,0.0,0.0,0.0,,,,,
Judge.me Product Reviews App,Search_EN_Features_2024.08.19,2026-02-24,2026-03-17,UTC,USD,sync amazon fba inventory to my store,amazon reviews importer,broad,5.0,0,0,0.0,0,0.0,0.0,0.0,0.0,0.0,0.0,,,,,
Judge.me Product Reviews App,Search_EN_Features_2024.08.19,2026-02-24,2026-03-17,UTC,USD,super google customer reviews or dash,amazon reviews importer,broad,5.0,0,0,0.0,0,0.0,0.0,0.0,0.0,0.0,0.0,,,,,
Judge.me Product Reviews App,Search_EN_Features_2024.08.19,2026-02-24,2026-03-17,UTC,USD,super google customer reviews,amazon reviews importer,broad,5.0,0,0,0.0,0,0.0,0.0,0.0,0.0,0.0,0.0,,,,,
Judge.me Product Reviews App,Search_EN_Features_2024.08.19,2026-02-24,2026-03-17,UTC,USD,student reviews,amazon reviews importer,broad,5.0,0,0,0.0,0,0.0,0.0,0.0,0.0,0.0,0.0,,,,,
Judge.me Product Reviews App,Search_EN_Features_2024.08.19,2026-02-24,2026-03-17,UTC,USD,store reviews free,amazon reviews importer,broad,5.0,0,0,0.0,0,0.0,0.0,0.0,0.0,0.0,0.0,,,,,
Judge.me Product Reviews App,Search_EN_Features_2024.08.19,2026-02-24,2026-03-17,UTC,USD,store review app,amazon reviews importer,broad,5.0,0,0,0.0,0,0.0,0.0,0.0,0.0,0.0,0.0,,,,,
Judge.me Product Reviews App,Search_EN_Features_2024.08.19,2026-02-24,2026-03-17,UTC,USD,store mock reviews,amazon reviews importer,broad,5.0,0,0,0.0,0,0.0,0.0,0.0,0.0,0.0,0.0,,,,,
Judge.me Product Reviews App,Search_EN_Features_2024.08.19,2026-02-24,2026-03-17,UTC,USD,store migration amazon import,amazon reviews importer,broad,5.0,0,0,0.0,0,0.0,0.0,0.0,0.0,0.0,0.0,,,,,
Judge.me Product Reviews App,Search_EN_Features_2024.08.19,2026-02-24,2026-03-17,UTC,USD,stop amazon bot,amazon reviews importer,broad,5.0,0,0,0.0,0,0.0,0.0,0.0,0.0,0.0,0.0,,,,,
Judge.me Product Reviews App,Search_EN_Features_2024.08.19,2026-02-24,2026-03-17,UTC,USD,startstorez review,amazon reviews importer,broad,5.0,0,0,0.0,0,0.0,0.0,0.0,0.0,0.0,0.0,,,,,
Judge.me Product Reviews App,Search_EN_Features_2024.08.19,2026-02-24,2026-03-17,UTC,USD,startstores review,amazon reviews importer,broad,5.0,0,0,0.0,0,0.0,0.0,0.0,0.0,0.0,0.0,,,,,
Judge.me Product Reviews App,Search_EN_Features_2024.08.19,2026-02-24,2026-03-17,UTC,USD,starts review,amazon reviews importer,broad,5.0,0,0,0.0,0,0.0,0.0,0.0,0.0,0.0,0.0,,,,,
Judge.me Product Reviews App,Search_EN_Features_2024.08.19,2026-02-24,2026-03-17,UTC,USD,start storz reviews,amazon reviews importer,broad,5.0,0,0,0.0,0,0.0,0.0,0.0,0.0,0.0,0.0,,,,,
Judge.me Product Reviews App,Search_EN_Features_2024.08.19,2026-02-24,2026-03-17,UTC,USD,start storez reviews,amazon reviews importer,broad,5.0,0,0,0.0,0,0.0,0.0,0.0,0.0,0.0,0.0,,,,,
Judge.me Product Reviews App,Search_EN_Features_2024.08.19,2026-02-24,2026-03-17,UTC,USD,start reviews,amazon reviews importer,broad,5.0,0,0,0.0,0,0.0,0.0,0.0,0.0,0.0,0.0,,,,,
Judge.me Product Reviews App,Search_EN_Features_2024.08.19,2026-02-24,2026-03-17,UTC,USD,start review,amazon reviews importer,broad,5.0,0,0,0.0,0,0.0,0.0,0.0,0.0,0.0,0.0,,,,,
Judge.me Product Reviews App,Search_EN_Features_2024.08.19,2026-02-24,2026-03-17,UTC,USD,stars reviews,amazon reviews importer,broad,5.0,0,0,0.0,0,0.0,0.0,0.0,0.0,0.0,0.0,,,,,
Judge.me Product Reviews App,Search_EN_Features_2024.08.19,2026-02-24,2026-03-17,UTC,USD,star review,amazon reviews importer,broad,5.0,0,0,0.0,0,0.0,0.0,0.0,0.0,0.0,0.0,,,,,
Judge.me Product Reviews App,Search_EN_Features_2024.08.19,2026-02-24,2026-03-17,UTC,USD,star products review,amazon reviews importer,broad,5.0,0,0,0.0,0,0.0,0.0,0.0,0.0,0.0,0.0,,,,,
Judge.me Product Reviews App,Search_EN_Features_2024.08.19,2026-02-24,2026-03-17,UTC,USD,star product reviews app,amazon reviews importer,broad,5.0,0,0,0.0,0,0.0,0.0,0.0,0.0,0.0,0.0,,,,,
Judge.me Product Reviews App,Search_EN_Features_2024.08.19,2026-02-24,2026-03-17,UTC,USD,star product reviews,amazon reviews importer,broad,5.0,0,0,0.0,0,0.0,0.0,0.0,0.0,0.0,0.0,,,,,
Judge.me Product Reviews App,Search_EN_Features_2024.08.19,2026-02-24,2026-03-17,UTC,USD,star product review,amazon reviews importer,broad,5.0,0,0,0.0,0,0.0,0.0,0.0,0.0,0.0,0.0,,,,,
Judge.me Product Reviews App,Search_EN_Features_2024.08.19,2026-02-24,2026-03-17,UTC,USD,standard product reviews (shopify),amazon reviews importer,broad,5.0,0,0,0.0,0,0.0,0.0,0.0,0.0,0.0,0.0,,,,,
Judge.me Product Reviews App,Search_EN_Features_2024.08.19,2026-02-24,2026-03-17,UTC,USD,standard product reviews,amazon reviews importer,broad,5.0,0,0,0.0,0,0.0,0.0,0.0,0.0,0.0,0.0,,,,,
Judge.me Product Reviews App,Search_EN_Features_2024.08.19,2026-02-24,2026-03-17,UTC,USD,stamped.io reviews,amazon reviews importer,broad,5.0,0,0,0.0,0,0.0,0.0,0.0,0.0,0.0,0.0,,,,,
Judge.me Product Reviews App,Search_EN_Features_2024.08.19,2026-02-24,2026-03-17,UTC,USD,stamped.io product reviews,amazon reviews importer,broad,5.0,0,0,0.0,0,0.0,0.0,0.0,0.0,0.0,0.0,,,,,
Judge.me Product Reviews App,Search_EN_Features_2024.08.19,2026-02-24,2026-03-17,UTC,USD,stamped reviews & loyalty,amazon reviews importer,broad,5.0,0,0,0.0,0,0.0,0.0,0.0,0.0,0.0,0.0,,,,,
Judge.me Product Reviews App,Search_EN_Features_2024.08.19,2026-02-24,2026-03-17,UTC,USD,stamped product reviews & loyalty,amazon reviews importer,broad,5.0,0,0,0.0,0,0.0,0.0,0.0,0.0,0.0,0.0,,,,,
Judge.me Product Reviews App,Search_EN_Features_2024.08.19,2026-02-24,2026-03-17,UTC,USD,stamped product reviews (free plan),amazon reviews importer,broad,5.0,0,0,0.0,0,0.0,0.0,0.0,0.0,0.0,0.0,,,,,
Judge.me Product Reviews App,Search_EN_Features_2024.08.19,2026-02-24,2026-03-17,UTC,USD,stamped product reviews,amazon reviews importer,broad,5.0,0,0,0.0,0,0.0,0.0,0.0,0.0,0.0,0.0,,,,,
Judge.me Product Reviews App,Search_EN_Features_2024.08.19,2026-02-24,2026-03-17,UTC,USD,stamped product review,amazon reviews importer,broad,5.0,0,0,0.0,0,0.0,0.0,0.0,0.0,0.0,0.0,,,,,
Judge.me Product Reviews App,Search_EN_Features_2024.08.19,2026-02-24,2026-03-17,UTC,USD,stamp review,amazon reviews importer,broad,5.0,0,0,0.0,0,0.0,0.0,0.0,0.0,0.0,0.0,,,,,
Judge.me Product Reviews App,Search_EN_Features_2024.08.19,2026-02-24,2026-03-17,UTC,USD,stacktome trustpilot reviews,amazon reviews importer,broad,5.0,0,0,0.0,0,0.0,0.0,0.0,0.0,0.0,0.0,,,,,
Judge.me Product Reviews App,Search_EN_Features_2024.08.19,2026-02-24,2026-03-17,UTC,USD,ss review,amazon reviews importer,broad,5.0,0,0,0.0,0,0.0,0.0,0.0,0.0,0.0,0.0,,,,,
Judge.me Product Reviews App,Search_EN_Features_2024.08.19,2026-02-24,2026-03-17,UTC,USD,ss google customer review),amazon reviews importer,broad,5.0,0,0,0.0,0,0.0,0.0,0.0,0.0,0.0,0.0,,,,,
Judge.me Product Reviews App,Search_EN_Features_2024.08.19,2026-02-24,2026-03-17,UTC,USD,ss google customer review,amazon reviews importer,broad,5.0,0,0,0.0,0,0.0,0.0,0.0,0.0,0.0,0.0,,,,,
Judge.me Product Reviews App,Search_EN_Features_2024.08.19,2026-02-24,2026-03-17,UTC,USD,"squid: reviews, upsells & 25+",amazon reviews importer,broad,5.0,0,0,0.0,0,0.0,0.0,0.0,0.0,0.0,0.0,,,,,
Judge.me Product Reviews App,Search_EN_Features_2024.08.19,2026-02-24,2026-03-17,UTC,USD,spreadr amazon importer,amazon reviews importer,broad,5.0,0,0,0.0,0,0.0,0.0,0.0,0.0,0.0,0.0,,,,,
Judge.me Product Reviews App,Search_EN_Features_2024.08.19,2026-02-24,2026-03-17,UTC,USD,spreadr amazon,amazon reviews importer,broad,5.0,0,0,0.0,0,0.0,0.0,0.0,0.0,0.0,0.0,,,,,
Judge.me Product Reviews App,Search_EN_Features_2024.08.19,2026-02-24,2026-03-17,UTC,USD,spreadr ? amazon importer,amazon reviews importer,broad,5.0,0,0,0.0,0,0.0,0.0,0.0,0.0,0.0,0.0,,,,,
Judge.me Product Reviews App,Search_EN_Features_2024.08.19,2026-02-24,2026-03-17,UTC,USD,spread amazon impor,amazon reviews importer,broad,5.0,0,0,0.0,0,0.0,0.0,0.0,0.0,0.0,0.0,,,,,
Judge.me Product Reviews App,Search_EN_Features_2024.08.19,2026-02-24,2026-03-17,UTC,USD,social video reviews,amazon reviews importer,broad,5.0,0,0,0.0,0,0.0,0.0,0.0,0.0,0.0,0.0,,,,,
Judge.me Product Reviews App,Search_EN_Features_2024.08.19,2026-02-24,2026-03-17,UTC,USD,social reviews,amazon reviews importer,broad,5.0,0,0,0.0,0,0.0,0.0,0.0,0.0,0.0,0.0,,,,,
Judge.me Product Reviews App,Search_EN_Features_2024.08.19,2026-02-24,2026-03-17,UTC,USD,social media reviews,amazon reviews importer,broad,5.0,0,0,0.0,0,0.0,0.0,0.0,0.0,0.0,0.0,,,,,
Judge.me Product Reviews App,Search_EN_Features_2024.08.19,2026-02-24,2026-03-17,UTC,USD,sociable ? social reviews,amazon reviews importer,broad,5.0,0,0,0.0,0,0.0,0.0,0.0,0.0,0.0,0.0,,,,,
Judge.me Product Reviews App,Search_EN_Features_2024.08.19,2026-02-24,2026-03-17,UTC,USD,sms reviews,amazon reviews importer,broad,5.0,0,0,0.0,0,0.0,0.0,0.0,0.0,0.0,0.0,,,,,
Judge.me Product Reviews App,Search_EN_Features_2024.08.19,2026-02-24,2026-03-17,UTC,USD,smps google customer reviews,amazon reviews importer,broad,5.0,0,0,0.0,0,0.0,0.0,0.0,0.0,0.0,0.0,,,,,
Judge.me Product Reviews App,Search_EN_Features_2024.08.19,2026-02-24,2026-03-17,UTC,USD,sliding review,amazon reviews importer,broad,5.0,0,0,0.0,0,0.0,0.0,0.0,0.0,0.0,0.0,,,,,
Judge.me Product Reviews App,Search_EN_Features_2024.08.19,2026-02-24,2026-03-17,UTC,USD,skip to content shopifyshopify search a&a alex & ant resize sidebar reviewing and deleting unn,amazon reviews importer,broad,5.0,0,0,0.0,0,0.0,0.0,0.0,0.0,0.0,0.0,,,,,
Judge.me Product Reviews App,Search_EN_Features_2024.08.19,2026-02-24,2026-03-17,UTC,USD,skeepers verifies review,amazon reviews importer,broad,5.0,0,0,0.0,0,0.0,0.0,0.0,0.0,0.0,0.0,,,,,
Judge.me Product Reviews App,Search_EN_Features_2024.08.19,2026-02-24,2026-03-17,UTC,USD,skeepers verified reviews,amazon reviews importer,broad,5.0,0,0,0.0,0,0.0,0.0,0.0,0.0,0.0,0.0,,,,,
Judge.me Product Reviews App,Search_EN_Features_2024.08.19,2026-02-24,2026-03-17,UTC,USD,skeepers reviews,amazon reviews importer,broad,5.0,0,0,0.0,0,0.0,0.0,0.0,0.0,0.0,0.0,,,,,
Judge.me Product Reviews App,Search_EN_Features_2024.08.19,2026-02-24,2026-03-17,UTC,USD,skeepers ratings & reviews,amazon reviews importer,broad,5.0,0,0,0.0,0,0.0,0.0,0.0,0.0,0.0,0.0,,,,,
Judge.me Product Reviews App,Search_EN_Features_2024.08.19,2026-02-24,2026-03-17,UTC,USD,skeepers ratings & review,amazon reviews importer,broad,5.0,0,0,0.0,0,0.0,0.0,0.0,0.0,0.0,0.0,,,,,
Judge.me Product Reviews App,Search_EN_Features_2024.08.19,2026-02-24,2026-03-17,UTC,USD,sizing reviews,amazon reviews importer,broad,5.0,0,0,0.0,0,0.0,0.0,0.0,0.0,0.0,0.0,,,,,
Judge.me Product Reviews App,Search_EN_Features_2024.08.19,2026-02-24,2026-03-17,UTC,USD,site reviews,amazon reviews importer,broad,5.0,0,0,0.0,0,0.0,0.0,0.0,0.0,0.0,0.0,,,,,
Judge.me Product Reviews App,Search_EN_Features_2024.08.19,2026-02-24,2026-03-17,UTC,USD,site review,amazon reviews importer,broad,5.0,0,0,0.0,0,0.0,0.0,0.0,0.0,0.0,0.0,,,,,
Judge.me Product Reviews App,Search_EN_Features_2024.08.19,2026-02-24,2026-03-17,UTC,USD,simprosys google customer reviews,amazon reviews importer,broad,5.0,0,0,0.0,0,0.0,0.0,0.0,0.0,0.0,0.0,,,,,
Judge.me Product Reviews App,Search_EN_Features_2024.08.19,2026-02-24,2026-03-17,UTC,USD,simply review,amazon reviews importer,broad,5.0,0,0,0.0,0,0.0,0.0,0.0,0.0,0.0,0.0,,,,,
Judge.me Product Reviews App,Search_EN_Features_2024.08.19,2026-02-24,2026-03-17,UTC,USD,simple reviews,amazon reviews importer,broad,5.0,0,0,0.0,0,0.0,0.0,0.0,0.0,0.0,0.0,,,,,
Judge.me Product Reviews App,Search_EN_Features_2024.08.19,2026-02-24,2026-03-17,UTC,USD,simple product review app,amazon reviews importer,broad,5.0,0,0,0.0,0,0.0,0.0,0.0,0.0,0.0,0.0,,,,,
Judge.me Product Reviews App,Search_EN_Features_2024.08.19,2026-02-24,2026-03-17,UTC,USD,showcase review,amazon reviews importer,broad,5.0,0,0,0.0,0,0.0,0.0,0.0,0.0,0.0,0.0,,,,,
Judge.me Product Reviews App,Search_EN_Features_2024.08.19,2026-02-24,2026-03-17,UTC,USD,showcase real google reviews,amazon reviews importer,broad,5.0,0,0,0.0,0,0.0,0.0,0.0,0.0,0.0,0.0,,,,,
Judge.me Product Reviews App,Search_EN_Features_2024.08.19,2026-02-24,2026-03-17,UTC,USD,showcas google reviews,amazon reviews importer,broad,5.0,0,0,0.0,0,0.0,0.0,0.0,0.0,0.0,0.0,,,,,
Judge.me Product Reviews App,Search_EN_Features_2024.08.19,2026-02-24,2026-03-17,UTC,USD,"show google, facebook reviews",amazon reviews importer,broad,5.0,0,0,0.0,0,0.0,0.0,0.0,0.0,0.0,0.0,,,,,
Judge.me Product Reviews App,Search_EN_Features_2024.08.19,2026-02-24,2026-03-17,UTC,USD,shopreviews - product reviews,amazon reviews importer,broad,5.0,0,0,0.0,0,0.0,0.0,0.0,0.0,0.0,0.0,,,,,
Judge.me Product Reviews App,Search_EN_Features_2024.08.19,2026-02-24,2026-03-17,UTC,USD,shoppable video review,amazon reviews importer,broad,5.0,0,0,0.0,0,0.0,0.0,0.0,0.0,0.0,0.0,,,,,
Judge.me Product Reviews App,Search_EN_Features_2024.08.19,2026-02-24,2026-03-17,UTC,USD,shoppable review,amazon reviews importer,broad,5.0,0,0,0.0,0,0.0,0.0,0.0,0.0,0.0,0.0,,,,,
Judge.me Product Reviews App,Search_EN_Features_2024.08.19,2026-02-24,2026-03-17,UTC,USD,shopoee review scraper,amazon reviews importer,broad,5.0,0,0,0.0,0,0.0,0.0,0.0,0.0,0.0,0.0,,,,,
Judge.me Product Reviews App,Search_EN_Features_2024.08.19,2026-02-24,2026-03-17,UTC,USD,shopoee review sc,amazon reviews importer,broad,5.0,0,0,0.0,0,0.0,0.0,0.0,0.0,0.0,0.0,,,,,
Judge.me Product Reviews App,Search_EN_Features_2024.08.19,2026-02-24,2026-03-17,UTC,USD,shopoee review extracter,amazon reviews importer,broad,5.0,0,0,0.0,0,0.0,0.0,0.0,0.0,0.0,0.0,,,,,
Judge.me Product Reviews App,Search_EN_Features_2024.08.19,2026-02-24,2026-03-17,UTC,USD,shopiify review,amazon reviews importer,broad,5.0,0,0,0.0,0,0.0,0.0,0.0,0.0,0.0,0.0,,,,,
Judge.me Product Reviews App,Search_EN_Features_2024.08.19,2026-02-24,2026-03-17,UTC,USD,shopify's native product reviews app,amazon reviews importer,broad,5.0,0,0,0.0,0,0.0,0.0,0.0,0.0,0.0,0.0,,,,,
Judge.me Product Reviews App,Search_EN_Features_2024.08.19,2026-02-24,2026-03-17,UTC,USD,shopify's free product reviews,amazon reviews importer,broad,5.0,0,0,0.0,0,0.0,0.0,0.0,0.0,0.0,0.0,,,,,
Judge.me Product Reviews App,Search_EN_Features_2024.08.19,2026-02-24,2026-03-17,UTC,USD,shopify-product-reviews,amazon reviews importer,broad,5.0,0,0,0.0,0,0.0,0.0,0.0,0.0,0.0,0.0,,,,,
Judge.me Product Reviews App,Search_EN_Features_2024.08.19,2026-02-24,2026-03-17,UTC,USD,shopify to amazon migration,amazon reviews importer,broad,5.0,0,0,0.0,0,0.0,0.0,0.0,0.0,0.0,0.0,,,,,
Judge.me Product Reviews App,Search_EN_Features_2024.08.19,2026-02-24,2026-03-17,UTC,USD,shopify to amazon inventory sync,amazon reviews importer,broad,5.0,0,0,0.0,0,0.0,0.0,0.0,0.0,0.0,0.0,,,,,
Judge.me Product Reviews App,Search_EN_Features_2024.08.19,2026-02-24,2026-03-17,UTC,USD,shopify to amazon,amazon reviews importer,broad,5.0,0,0,0.0,0,0.0,0.0,0.0,0.0,0.0,0.0,,,,,
Judge.me Product Reviews App,Search_EN_Features_2024.08.19,2026-02-24,2026-03-17,UTC,USD,shopify store product reviews by shopify,amazon reviews importer,broad,5.0,0,0,0.0,0,0.0,0.0,0.0,0.0,0.0,0.0,,,,,
Judge.me Product Reviews App,Search_EN_Features_2024.08.19,2026-02-24,2026-03-17,UTC,USD,shopify rivo product reviews,amazon reviews importer,broad,5.0,0,0,0.0,0,0.0,0.0,0.0,0.0,0.0,0.0,,,,,
Judge.me Product Reviews App,Search_EN_Features_2024.08.19,2026-02-24,2026-03-17,UTC,USD,shopify reviews recovery,amazon reviews importer,broad,5.0,0,0,0.0,0,0.0,0.0,0.0,0.0,0.0,0.0,,,,,
Judge.me Product Reviews App,Search_EN_Features_2024.08.19,2026-02-24,2026-03-17,UTC,USD,shopify reviews free,amazon reviews importer,broad,5.0,0,0,0.0,0,0.0,0.0,0.0,0.0,0.0,0.0,,,,,
Judge.me Product Reviews App,Search_EN_Features_2024.08.19,2026-02-24,2026-03-17,UTC,USD,shopify reviews apps,amazon reviews importer,broad,5.0,0,0,0.0,0,0.0,0.0,0.0,0.0,0.0,0.0,,,,,
Judge.me Product Reviews App,Search_EN_Features_2024.08.19,2026-02-24,2026-03-17,UTC,USD,shopify reviews app,amazon reviews importer,broad,5.0,0,0,0.0,0,0.0,0.0,0.0,0.0,0.0,0.0,,,,,
Judge.me Product Reviews App,Search_EN_Features_2024.08.19,2026-02-24,2026-03-17,UTC,USD,shopify review',amazon reviews importer,broad,5.0,0,0,0.0,0,0.0,0.0,0.0,0.0,0.0,0.0,,,,,
Judge.me Product Reviews App,Search_EN_Features_2024.08.19,2026-02-24,2026-03-17,UTC,USD,shopify review prodcuts,amazon reviews importer,broad,5.0,0,0,0.0,0,0.0,0.0,0.0,0.0,0.0,0.0,,,,,
Judge.me Product Reviews App,Search_EN_Features_2024.08.19,2026-02-24,2026-03-17,UTC,USD,shopify review app,amazon reviews importer,broad,5.0,0,0,0.0,0,0.0,0.0,0.0,0.0,0.0,0.0,,,,,
Judge.me Product Reviews App,Search_EN_Features_2024.08.19,2026-02-24,2026-03-17,UTC,USD,shopify ratings & reviews,amazon reviews importer,broad,5.0,0,0,0.0,0,0.0,0.0,0.0,0.0,0.0,0.0,,,,,
Judge.me Product Reviews App,Search_EN_Features_2024.08.19,2026-02-24,2026-03-17,UTC,USD,shopify produkt reviews,amazon reviews importer,broad,5.0,0,0,0.0,0,0.0,0.0,0.0,0.0,0.0,0.0,,,,,
Judge.me Product Reviews App,Search_EN_Features_2024.08.19,2026-02-24,2026-03-17,UTC,USD,shopify products reviews,amazon reviews importer,broad,5.0,0,0,0.0,0,0.0,0.0,0.0,0.0,0.0,0.0,,,,,
Judge.me Product Reviews App,Search_EN_Features_2024.08.19,2026-02-24,2026-03-17,UTC,USD,shopify producta reviews,amazon reviews importer,broad,5.0,0,0,0.0,0,0.0,0.0,0.0,0.0,0.0,0.0,,,,,
Judge.me Product Reviews App,Search_EN_Features_2024.08.19,2026-02-24,2026-03-17,UTC,USD,shopify product reviews?,amazon reviews importer,broad,5.0,0,0,0.0,0,0.0,0.0,0.0,0.0,0.0,0.0,,,,,
Judge.me Product Reviews App,Search_EN_Features_2024.08.19,2026-02-24,2026-03-17,UTC,USD,shopify product reviews free app,amazon reviews importer,broad,5.0,0,0,0.0,0,0.0,0.0,0.0,0.0,0.0,0.0,,,,,
Judge.me Product Reviews App,Search_EN_Features_2024.08.19,2026-02-24,2026-03-17,UTC,USD,shopify product reviews free,amazon reviews importer,broad,5.0,0,0,0.0,0,0.0,0.0,0.0,0.0,0.0,0.0,,,,,
Judge.me Product Reviews App,Search_EN_Features_2024.08.19,2026-02-24,2026-03-17,UTC,USD,shopify product reviews app,amazon reviews importer,broad,5.0,0,0,0.0,0,0.0,0.0,0.0,0.0,0.0,0.0,,,,,
Judge.me Product Reviews App,Search_EN_Features_2024.08.19,2026-02-24,2026-03-17,UTC,USD,shopify product reviews (free),amazon reviews importer,broad,5.0,0,0,0.0,0,0.0,0.0,0.0,0.0,0.0,0.0,,,,,
Judge.me Product Reviews App,Search_EN_Features_2024.08.19,2026-02-24,2026-03-17,UTC,USD,shopify product reviews ? legacy app that?s broken / being deprecated,amazon reviews importer,broad,5.0,0,0,0.0,0,0.0,0.0,0.0,0.0,0.0,0.0,,,,,
Judge.me Product Reviews App,Search_EN_Features_2024.08.19,2026-02-24,2026-03-17,UTC,USD,shopify product review free,amazon reviews importer,broad,5.0,0,0,0.0,0,0.0,0.0,0.0,0.0,0.0,0.0,,,,,
Judge.me Product Reviews App,Search_EN_Features_2024.08.19,2026-02-24,2026-03-17,UTC,USD,shopify product review app,amazon reviews importer,broad,5.0,0,0,0.0,0,0.0,0.0,0.0,0.0,0.0,0.0,,,,,
Judge.me Product Reviews App,Search_EN_Features_2024.08.19,2026-02-24,2026-03-17,UTC,USD,shopify prodcut reviews app,amazon reviews importer,broad,5.0,0,0,0.0,0,0.0,0.0,0.0,0.0,0.0,0.0,,,,,
Judge.me Product Reviews App,Search_EN_Features_2024.08.19,2026-02-24,2026-03-17,UTC,USD,shopify native amazon sales channel,amazon reviews importer,broad,5.0,0,0,0.0,0,0.0,0.0,0.0,0.0,0.0,0.0,,,,,
Judge.me Product Reviews App,Search_EN_Features_2024.08.19,2026-02-24,2026-03-17,UTC,USD,shopify free reviews,amazon reviews importer,broad,5.0,0,0,0.0,0,0.0,0.0,0.0,0.0,0.0,0.0,,,,,
Judge.me Product Reviews App,Search_EN_Features_2024.08.19,2026-02-24,2026-03-17,UTC,USD,"shopify app to sync orders from amazon, etsy, and notts to shopify",amazon reviews importer,broad,5.0,0,0,0.0,0,0.0,0.0,0.0,0.0,0.0,0.0,,,,,
Judge.me Product Reviews App,Search_EN_Features_2024.08.19,2026-02-24,2026-03-17,UTC,USD,shopify amazon sales channel,amazon reviews importer,broad,5.0,0,0,0.0,0,0.0,0.0,0.0,0.0,0.0,0.0,,,,,
Judge.me Product Reviews App,Search_EN_Features_2024.08.19,2026-02-24,2026-03-17,UTC,USD,shopify amazon integration,amazon reviews importer,broad,5.0,0,0,0.0,0,0.0,0.0,0.0,0.0,0.0,0.0,,,,,
Judge.me Product Reviews App,Search_EN_Features_2024.08.19,2026-02-24,2026-03-17,UTC,USD,shopify amazon connect,amazon reviews importer,broad,5.0,0,0,0.0,0,0.0,0.0,0.0,0.0,0.0,0.0,,,,,
Judge.me Product Reviews App,Search_EN_Features_2024.08.19,2026-02-24,2026-03-17,UTC,USD,shopift review,amazon reviews importer,broad,5.0,0,0,0.0,0,0.0,0.0,0.0,0.0,0.0,0.0,,,,,
Judge.me Product Reviews App,Search_EN_Features_2024.08.19,2026-02-24,2026-03-17,UTC,USD,shophaus google reviews,amazon reviews importer,broad,5.0,0,0,0.0,0,0.0,0.0,0.0,0.0,0.0,0.0,,,,,
Judge.me Product Reviews App,Search_EN_Features_2024.08.19,2026-02-24,2026-03-17,UTC,USD,shopfiy product reviews,amazon reviews importer,broad,5.0,0,0,0.0,0,0.0,0.0,0.0,0.0,0.0,0.0,,,,,
Judge.me Product Reviews App,Search_EN_Features_2024.08.19,2026-02-24,2026-03-17,UTC,USD,shopee review extrator,amazon reviews importer,broad,5.0,0,0,0.0,0,0.0,0.0,0.0,0.0,0.0,0.0,,,,,
Judge.me Product Reviews App,Search_EN_Features_2024.08.19,2026-02-24,2026-03-17,UTC,USD,shopee review,amazon reviews importer,broad,5.0,0,0,0.0,0,0.0,0.0,0.0,0.0,0.0,0.0,,,,,
Judge.me Product Reviews App,Search_EN_Features_2024.08.19,2026-02-24,2026-03-17,UTC,USD,shop reviews,amazon reviews importer,broad,5.0,0,0,0.0,0,0.0,0.0,0.0,0.0,0.0,0.0,,,,,
Judge.me Product Reviews App,Search_EN_Features_2024.08.19,2026-02-24,2026-03-17,UTC,USD,shop review,amazon reviews importer,broad,5.0,0,0,0.0,0,0.0,0.0,0.0,0.0,0.0,0.0,,,,,
Judge.me Product Reviews App,Search_EN_Features_2024.08.19,2026-02-24,2026-03-17,UTC,USD,shop product reviews guidelines and requirements,amazon reviews importer,broad,5.0,0,0,0.0,0,0.0,0.0,0.0,0.0,0.0,0.0,,,,,
Judge.me Product Reviews App,Search_EN_Features_2024.08.19,2026-02-24,2026-03-17,UTC,USD,shop product reviews,amazon reviews importer,broad,5.0,0,0,0.0,0,0.0,0.0,0.0,0.0,0.0,0.0,,,,,
Judge.me Product Reviews App,Search_EN_Features_2024.08.19,2026-02-24,2026-03-17,UTC,USD,shop by amazon,amazon reviews importer,broad,5.0,0,0,0.0,0,0.0,0.0,0.0,0.0,0.0,0.0,,,,,
Judge.me Product Reviews App,Search_EN_Features_2024.08.19,2026-02-24,2026-03-17,UTC,USD,shop app reviews,amazon reviews importer,broad,5.0,0,0,0.0,0,0.0,0.0,0.0,0.0,0.0,0.0,,,,,
Judge.me Product Reviews App,Search_EN_Features_2024.08.19,2026-02-24,2026-03-17,UTC,USD,shoipify review,amazon reviews importer,broad,5.0,0,0,0.0,0,0.0,0.0,0.0,0.0,0.0,0.0,,,,,
Judge.me Product Reviews App,Search_EN_Features_2024.08.19,2026-02-24,2026-03-17,UTC,USD,shoipify product review,amazon reviews importer,broad,5.0,0,0,0.0,0,0.0,0.0,0.0,0.0,0.0,0.0,,,,,
Judge.me Product Reviews App,Search_EN_Features_2024.08.19,2026-02-24,2026-03-17,UTC,USD,ship with amazon,amazon reviews importer,broad,5.0,0,0,0.0,0,0.0,0.0,0.0,0.0,0.0,0.0,,,,,
Judge.me Product Reviews App,Search_EN_Features_2024.08.19,2026-02-24,2026-03-17,UTC,USD,shafs amazon affiliate importer,amazon reviews importer,broad,5.0,0,0,0.0,0,0.0,0.0,0.0,0.0,0.0,0.0,,,,,
Judge.me Product Reviews App,Search_EN_Features_2024.08.19,2026-02-24,2026-03-17,UTC,USD,service review,amazon reviews importer,broad,5.0,0,0,0.0,0,0.0,0.0,0.0,0.0,0.0,0.0,,,,,
Judge.me Product Reviews App,Search_EN_Features_2024.08.19,2026-02-24,2026-03-17,UTC,USD,senja's google reviews,amazon reviews importer,broad,5.0,0,0,0.0,0,0.0,0.0,0.0,0.0,0.0,0.0,,,,,
Judge.me Product Reviews App,Search_EN_Features_2024.08.19,2026-02-24,2026-03-17,UTC,USD,senja google reviews,amazon reviews importer,broad,5.0,0,0,0.0,0,0.0,0.0,0.0,0.0,0.0,0.0,,,,,
Judge.me Product Reviews App,Search_EN_Features_2024.08.19,2026-02-24,2026-03-17,UTC,USD,self made review,amazon reviews importer,broad,5.0,0,0,0.0,0,0.0,0.0,0.0,0.0,0.0,0.0,,,,,
Judge.me Product Reviews App,Search_EN_Features_2024.08.19,2026-02-24,2026-03-17,UTC,USD,seguno reviews,amazon reviews importer,broad,5.0,0,0,0.0,0,0.0,0.0,0.0,0.0,0.0,0.0,,,,,
Judge.me Product Reviews App,Search_EN_Features_2024.08.19,2026-02-24,2026-03-17,UTC,USD,sections amazon,amazon reviews importer,broad,5.0,0,0,0.0,0,0.0,0.0,0.0,0.0,0.0,0.0,,,,,
Judge.me Product Reviews App,Search_EN_Features_2024.08.19,2026-02-24,2026-03-17,UTC,USD,scm reviews,amazon reviews importer,broad,5.0,0,0,0.0,0,0.0,0.0,0.0,0.0,0.0,0.0,,,,,
Judge.me Product Reviews App,Search_EN_Features_2024.08.19,2026-02-24,2026-03-17,UTC,USD,ryvlu product review & qa,amazon reviews importer,broad,5.0,0,0,0.0,0,0.0,0.0,0.0,0.0,0.0,0.0,,,,,
Judge.me Product Reviews App,Search_EN_Features_2024.08.19,2026-02-24,2026-03-17,UTC,USD,ryviu: product reviews app,amazon reviews importer,broad,5.0,0,0,0.0,0,0.0,0.0,0.0,0.0,0.0,0.0,,,,,
Judge.me Product Reviews App,Search_EN_Features_2024.08.19,2026-02-24,2026-03-17,UTC,USD,ryviu: product review app,amazon reviews importer,broad,5.0,0,0,0.0,0,0.0,0.0,0.0,0.0,0.0,0.0,,,,,
Judge.me Product Reviews App,Search_EN_Features_2024.08.19,2026-02-24,2026-03-17,UTC,USD,ryviu: product review,amazon reviews importer,broad,5.0,0,0,0.0,0,0.0,0.0,0.0,0.0,0.0,0.0,,,,,
Judge.me Product Reviews App,Search_EN_Features_2024.08.19,2026-02-24,2026-03-17,UTC,USD,ryviu-product reviews,amazon reviews importer,broad,5.0,0,0,0.0,0,0.0,0.0,0.0,0.0,0.0,0.0,,,,,
Judge.me Product Reviews App,Search_EN_Features_2024.08.19,2026-02-24,2026-03-17,UTC,USD,ryviu reviews app,amazon reviews importer,broad,5.0,0,0,0.0,0,0.0,0.0,0.0,0.0,0.0,0.0,,,,,
Judge.me Product Reviews App,Search_EN_Features_2024.08.19,2026-02-24,2026-03-17,UTC,USD,ryviu reviews,amazon reviews importer,broad,5.0,0,0,0.0,0,0.0,0.0,0.0,0.0,0.0,0.0,,,,,
Judge.me Product Reviews App,Search_EN_Features_2024.08.19,2026-02-24,2026-03-17,UTC,USD,ryviu review,amazon reviews importer,broad,5.0,0,0,0.0,0,0.0,0.0,0.0,0.0,0.0,0.0,,,,,
Judge.me Product Reviews App,Search_EN_Features_2024.08.19,2026-02-24,2026-03-17,UTC,USD,ryviu product reviews app,amazon reviews importer,broad,5.0,0,0,0.0,0,0.0,0.0,0.0,0.0,0.0,0.0,,,,,
Judge.me Product Reviews App,Search_EN_Features_2024.08.19,2026-02-24,2026-03-17,UTC,USD,ryviu product reviews & qa,amazon reviews importer,broad,5.0,0,0,0.0,0,0.0,0.0,0.0,0.0,0.0,0.0,,,,,
Judge.me Product Reviews App,Search_EN_Features_2024.08.19,2026-02-24,2026-03-17,UTC,USD,ryviu product reviews,amazon reviews importer,broad,5.0,0,0,0.0,0,0.0,0.0,0.0,0.0,0.0,0.0,,,,,
Judge.me Product Reviews App,Search_EN_Features_2024.08.19,2026-02-24,2026-03-17,UTC,USD,ryviu amazon produts importer,amazon reviews importer,broad,5.0,0,0,0.0,0,0.0,0.0,0.0,0.0,0.0,0.0,,,,,
Judge.me Product Reviews App,Search_EN_Features_2024.08.19,2026-02-24,2026-03-17,UTC,USD,ryviu amazon products importer,amazon reviews importer,broad,5.0,0,0,0.0,0,0.0,0.0,0.0,0.0,0.0,0.0,,,,,
Judge.me Product Reviews App,Search_EN_Features_2024.08.19,2026-02-24,2026-03-17,UTC,USD,ryviu aliexpress reviews app,amazon reviews importer,broad,5.0,0,0,0.0,0,0.0,0.0,0.0,0.0,0.0,0.0,,,,,
Judge.me Product Reviews App,Search_EN_Features_2024.08.19,2026-02-24,2026-03-17,UTC,USD,ryviu ? product reviews,amazon reviews importer,broad,5.0,0,0,0.0,0,0.0,0.0,0.0,0.0,0.0,0.0,,,,,
Judge.me Product Reviews App,Search_EN_Features_2024.08.19,2026-02-24,2026-03-17,UTC,USD,rproduct reviews,amazon reviews importer,broad,5.0,0,0,0.0,0,0.0,0.0,0.0,0.0,0.0,0.0,,,,,
Judge.me Product Reviews App,Search_EN_Features_2024.08.19,2026-02-24,2026-03-17,UTC,USD,rpi review,amazon reviews importer,broad,5.0,0,0,0.0,0,0.0,0.0,0.0,0.0,0.0,0.0,,,,,
Judge.me Product Reviews App,Search_EN_Features_2024.08.19,2026-02-24,2026-03-17,UTC,USD,roduct reviews app,amazon reviews importer,broad,5.0,0,0,0.0,0,0.0,0.0,0.0,0.0,0.0,0.0,,,,,
Judge.me Product Reviews App,Search_EN_Features_2024.08.19,2026-02-24,2026-03-17,UTC,USD,rocket reviews,amazon reviews importer,broad,5.0,0,0,0.0,0,0.0,0.0,0.0,0.0,0.0,0.0,,,,,
Judge.me Product Reviews App,Search_EN_Features_2024.08.19,2026-02-24,2026-03-17,UTC,USD,rocket google reviews,amazon reviews importer,broad,5.0,0,0,0.0,0,0.0,0.0,0.0,0.0,0.0,0.0,,,,,
Judge.me Product Reviews App,Search_EN_Features_2024.08.19,2026-02-24,2026-03-17,UTC,USD,rocket google review,amazon reviews importer,broad,5.0,0,0,0.0,0,0.0,0.0,0.0,0.0,0.0,0.0,,,,,
Judge.me Product Reviews App,Search_EN_Features_2024.08.19,2026-02-24,2026-03-17,UTC,USD,riyo product reviews,amazon reviews importer,broad,5.0,0,0,0.0,0,0.0,0.0,0.0,0.0,0.0,0.0,,,,,
Judge.me Product Reviews App,Search_EN_Features_2024.08.19,2026-02-24,2026-03-17,UTC,USD,rivyo: reviews & loyalty app,amazon reviews importer,broad,5.0,0,0,0.0,0,0.0,0.0,0.0,0.0,0.0,0.0,,,,,
Judge.me Product Reviews App,Search_EN_Features_2024.08.19,2026-02-24,2026-03-17,UTC,USD,rivyo: reviews & loyalty,amazon reviews importer,broad,5.0,0,0,0.0,0,0.0,0.0,0.0,0.0,0.0,0.0,,,,,
Judge.me Product Reviews App,Search_EN_Features_2024.08.19,2026-02-24,2026-03-17,UTC,USD,rivyo product reviews & qa,amazon reviews importer,broad,5.0,0,0,0.0,0,0.0,0.0,0.0,0.0,0.0,0.0,,,,,
Judge.me Product Reviews App,Search_EN_Features_2024.08.19,2026-02-24,2026-03-17,UTC,USD,rivyo product reviews & ca,amazon reviews importer,broad,5.0,0,0,0.0,0,0.0,0.0,0.0,0.0,0.0,0.0,,,,,
Judge.me Product Reviews App,Search_EN_Features_2024.08.19,2026-02-24,2026-03-17,UTC,USD,rivyo product reviews,amazon reviews importer,broad,5.0,0,0,0.0,0,0.0,0.0,0.0,0.0,0.0,0.0,,,,,
Judge.me Product Reviews App,Search_EN_Features_2024.08.19,2026-02-24,2026-03-17,UTC,USD,rivyo product review shopify app,amazon reviews importer,broad,5.0,0,0,0.0,0,0.0,0.0,0.0,0.0,0.0,0.0,,,,,
Judge.me Product Reviews App,Search_EN_Features_2024.08.19,2026-02-24,2026-03-17,UTC,USD,rivyo product review & qna shopify app,amazon reviews importer,broad,5.0,0,0,0.0,0,0.0,0.0,0.0,0.0,0.0,0.0,,,,,
Judge.me Product Reviews App,Search_EN_Features_2024.08.19,2026-02-24,2026-03-17,UTC,USD,rivyo product review & qas,amazon reviews importer,broad,5.0,0,0,0.0,0,0.0,0.0,0.0,0.0,0.0,0.0,,,,,
Judge.me Product Reviews App,Search_EN_Features_2024.08.19,2026-02-24,2026-03-17,UTC,USD,rivyo product review & qa,amazon reviews importer,broad,5.0,0,0,0.0,0,0.0,0.0,0.0,0.0,0.0,0.0,,,,,
Judge.me Product Reviews App,Search_EN_Features_2024.08.19,2026-02-24,2026-03-17,UTC,USD,rivo product reviews app,amazon reviews importer,broad,5.0,0,0,0.0,0,0.0,0.0,0.0,0.0,0.0,0.0,,,,,
Judge.me Product Reviews App,Search_EN_Features_2024.08.19,2026-02-24,2026-03-17,UTC,USD,rivo product review,amazon reviews importer,broad,5.0,0,0,0.0,0,0.0,0.0,0.0,0.0,0.0,0.0,,,,,
Judge.me Product Reviews App,Search_EN_Features_2024.08.19,2026-02-24,2026-03-17,UTC,USD,rivi reviews,amazon reviews importer,broad,5.0,0,0,0.0,0,0.0,0.0,0.0,0.0,0.0,0.0,,,,,
Judge.me Product Reviews App,Search_EN_Features_2024.08.19,2026-02-24,2026-03-17,UTC,USD,rewards referrals reviews,amazon reviews importer,broad,5.0,0,0,0.0,0,0.0,0.0,0.0,0.0,0.0,0.0,,,,,
Judge.me Product Reviews App,Search_EN_Features_2024.08.19,2026-02-24,2026-03-17,UTC,USD,rewards and reviews,amazon reviews importer,broad,5.0,0,0,0.0,0,0.0,0.0,0.0,0.0,0.0,0.0,,,,,
Judge.me Product Reviews App,Search_EN_Features_2024.08.19,2026-02-24,2026-03-17,UTC,USD,revunova reviews,amazon reviews importer,broad,5.0,0,0,0.0,0,0.0,0.0,0.0,0.0,0.0,0.0,,,,,
Judge.me Product Reviews App,Search_EN_Features_2024.08.19,2026-02-24,2026-03-17,UTC,USD,reviws product review,amazon reviews importer,broad,5.0,0,0,0.0,0,0.0,0.0,0.0,0.0,0.0,0.0,,,,,
Judge.me Product Reviews App,Search_EN_Features_2024.08.19,2026-02-24,2026-03-17,UTC,USD,reviews+,amazon reviews importer,broad,5.0,0,0,0.0,0,0.0,0.0,0.0,0.0,0.0,0.0,,,,,
Judge.me Product Reviews App,Search_EN_Features_2024.08.19,2026-02-24,2026-03-17,UTC,USD,reviews`,amazon reviews importer,broad,5.0,0,0,0.0,0,0.0,0.0,0.0,0.0,0.0,0.0,,,,,
Judge.me Product Reviews App,Search_EN_Features_2024.08.19,2026-02-24,2026-03-17,UTC,USD,reviews#,amazon reviews importer,broad,5.0,0,0,0.0,0,0.0,0.0,0.0,0.0,0.0,0.0,,,,,
Judge.me Product Reviews App,Search_EN_Features_2024.08.19,2026-02-24,2026-03-17,UTC,USD,reviews/testimonials page,amazon reviews importer,broad,5.0,0,0,0.0,0,0.0,0.0,0.0,0.0,0.0,0.0,,,,,
Judge.me Product Reviews App,Search_EN_Features_2024.08.19,2026-02-24,2026-03-17,UTC,USD,reviews],amazon reviews importer,broad,5.0,0,0,0.0,0,0.0,0.0,0.0,0.0,0.0,0.0,,,,,
Judge.me Product Reviews App,Search_EN_Features_2024.08.19,2026-02-24,2026-03-17,UTC,USD,reviews),amazon reviews importer,broad,5.0,0,0,0.0,0,0.0,0.0,0.0,0.0,0.0,0.0,,,,,
Judge.me Product Reviews App,Search_EN_Features_2024.08.19,2026-02-24,2026-03-17,UTC,USD,reviews.io product reviews app,amazon reviews importer,broad,5.0,0,0,0.0,0,0.0,0.0,0.0,0.0,0.0,0.0,,,,,
Judge.me Product Reviews App,Search_EN_Features_2024.08.19,2026-02-24,2026-03-17,UTC,USD,reviews?,amazon reviews importer,broad,5.0,0,0,0.0,0,0.0,0.0,0.0,0.0,0.0,0.0,,,,,
Judge.me Product Reviews App,Search_EN_Features_2024.08.19,2026-02-24,2026-03-17,UTC,USD,reviews: judge.me,amazon reviews importer,broad,5.0,0,0,0.0,0,0.0,0.0,0.0,0.0,0.0,0.0,,,,,
Judge.me Product Reviews App,Search_EN_Features_2024.08.19,2026-02-24,2026-03-17,UTC,USD,"reviews, bundles, ai",amazon reviews importer,broad,5.0,0,0,0.0,0,0.0,0.0,0.0,0.0,0.0,0.0,,,,,
Judge.me Product Reviews App,Search_EN_Features_2024.08.19,2026-02-24,2026-03-17,UTC,USD,"reviews, bundles & ai",amazon reviews importer,broad,5.0,0,0,0.0,0,0.0,0.0,0.0,0.0,0.0,0.0,,,,,
Judge.me Product Reviews App,Search_EN_Features_2024.08.19,2026-02-24,2026-03-17,UTC,USD,reviews-lykke-app,amazon reviews importer,broad,5.0,0,0,0.0,0,0.0,0.0,0.0,0.0,0.0,0.0,,,,,
Judge.me Product Reviews App,Search_EN_Features_2024.08.19,2026-02-24,2026-03-17,UTC,USD,reviews x,amazon reviews importer,broad,5.0,0,0,0.0,0,0.0,0.0,0.0,0.0,0.0,0.0,,,,,
Judge.me Product Reviews App,Search_EN_Features_2024.08.19,2026-02-24,2026-03-17,UTC,USD,reviews with rewards,amazon reviews importer,broad,5.0,0,0,0.0,0,0.0,0.0,0.0,0.0,0.0,0.0,,,,,
Judge.me Product Reviews App,Search_EN_Features_2024.08.19,2026-02-24,2026-03-17,UTC,USD,reviews with pi,amazon reviews importer,broad,5.0,0,0,0.0,0,0.0,0.0,0.0,0.0,0.0,0.0,,,,,
Judge.me Product Reviews App,Search_EN_Features_2024.08.19,2026-02-24,2026-03-17,UTC,USD,reviews widget app,amazon reviews importer,broad,5.0,0,0,0.0,0,0.0,0.0,0.0,0.0,0.0,0.0,,,,,
Judge.me Product Reviews App,Search_EN_Features_2024.08.19,2026-02-24,2026-03-17,UTC,USD,reviews whatsapp,amazon reviews importer,broad,5.0,0,0,0.0,0,0.0,0.0,0.0,0.0,0.0,0.0,,,,,
Judge.me Product Reviews App,Search_EN_Features_2024.08.19,2026-02-24,2026-03-17,UTC,USD,reviews walmart,amazon reviews importer,broad,5.0,0,0,0.0,0,0.0,0.0,0.0,0.0,0.0,0.0,,,,,
Judge.me Product Reviews App,Search_EN_Features_2024.08.19,2026-02-24,2026-03-17,UTC,USD,reviews visual,amazon reviews importer,broad,5.0,0,0,0.0,0,0.0,0.0,0.0,0.0,0.0,0.0,,,,,
Judge.me Product Reviews App,Search_EN_Features_2024.08.19,2026-02-24,2026-03-17,UTC,USD,reviews upload,amazon reviews importer,broad,5.0,0,0,0.0,0,0.0,0.0,0.0,0.0,0.0,0.0,,,,,
Judge.me Product Reviews App,Search_EN_Features_2024.08.19,2026-02-24,2026-03-17,UTC,USD,reviews tydal,amazon reviews importer,broad,5.0,0,0,0.0,0,0.0,0.0,0.0,0.0,0.0,0.0,,,,,
Judge.me Product Reviews App,Search_EN_Features_2024.08.19,2026-02-24,2026-03-17,UTC,USD,reviews trustyy,amazon reviews importer,broad,5.0,0,0,0.0,0,0.0,0.0,0.0,0.0,0.0,0.0,,,,,
Judge.me Product Reviews App,Search_EN_Features_2024.08.19,2026-02-24,2026-03-17,UTC,USD,reviews trustoo io,amazon reviews importer,broad,5.0,0,0,0.0,0,0.0,0.0,0.0,0.0,0.0,0.0,,,,,
Judge.me Product Reviews App,Search_EN_Features_2024.08.19,2026-02-24,2026-03-17,UTC,USD,reviews trustoo ia,amazon reviews importer,broad,5.0,0,0,0.0,0,0.0,0.0,0.0,0.0,0.0,0.0,,,,,
Judge.me Product Reviews App,Search_EN_Features_2024.08.19,2026-02-24,2026-03-17,UTC,USD,reviews trustio,amazon reviews importer,broad,5.0,0,0,0.0,0,0.0,0.0,0.0,0.0,0.0,0.0,,,,,
Judge.me Product Reviews App,Search_EN_Features_2024.08.19,2026-02-24,2026-03-17,UTC,USD,reviews translator,amazon reviews importer,broad,5.0,0,0,0.0,0,0.0,0.0,0.0,0.0,0.0,0.0,,,,,
Judge.me Product Reviews App,Search_EN_Features_2024.08.19,2026-02-24,2026-03-17,UTC,USD,reviews tiktok,amazon reviews importer,broad,5.0,0,0,0.0,0,0.0,0.0,0.0,0.0,0.0,0.0,,,,,
Judge.me Product Reviews App,Search_EN_Features_2024.08.19,2026-02-24,2026-03-17,UTC,USD,reviews ticker,amazon reviews importer,broad,5.0,0,0,0.0,0,0.0,0.0,0.0,0.0,0.0,0.0,,,,,
Judge.me Product Reviews App,Search_EN_Features_2024.08.19,2026-02-24,2026-03-17,UTC,USD,reviews temu,amazon reviews importer,broad,5.0,0,0,0.0,0,0.0,0.0,0.0,0.0,0.0,0.0,,,,,
Judge.me Product Reviews App,Search_EN_Features_2024.08.19,2026-02-24,2026-03-17,UTC,USD,reviews tab yotpo,amazon reviews importer,broad,5.0,0,0,0.0,0,0.0,0.0,0.0,0.0,0.0,0.0,,,,,
Judge.me Product Reviews App,Search_EN_Features_2024.08.19,2026-02-24,2026-03-17,UTC,USD,reviews sync amazon,amazon reviews importer,broad,5.0,0,0,0.0,0,0.0,0.0,0.0,0.0,0.0,0.0,,,,,
Judge.me Product Reviews App,Search_EN_Features_2024.08.19,2026-02-24,2026-03-17,UTC,USD,reviews store,amazon reviews importer,broad,5.0,0,0,0.0,0,0.0,0.0,0.0,0.0,0.0,0.0,,,,,
Judge.me Product Reviews App,Search_EN_Features_2024.08.19,2026-02-24,2026-03-17,UTC,USD,reviews stars,amazon reviews importer,broad,5.0,0,0,0.0,0,0.0,0.0,0.0,0.0,0.0,0.0,,,,,
Judge.me Product Reviews App,Search_EN_Features_2024.08.19,2026-02-24,2026-03-17,UTC,USD,reviews star ratings,amazon reviews importer,broad,5.0,0,0,0.0,0,0.0,0.0,0.0,0.0,0.0,0.0,,,,,
Judge.me Product Reviews App,Search_EN_Features_2024.08.19,2026-02-24,2026-03-17,UTC,USD,reviews star,amazon reviews importer,broad,5.0,0,0,0.0,0,0.0,0.0,0.0,0.0,0.0,0.0,,,,,
Judge.me Product Reviews App,Search_EN_Features_2024.08.19,2026-02-24,2026-03-17,UTC,USD,reviews stampe,amazon reviews importer,broad,5.0,0,0,0.0,0,0.0,0.0,0.0,0.0,0.0,0.0,,,,,
Judge.me Product Reviews App,Search_EN_Features_2024.08.19,2026-02-24,2026-03-17,UTC,USD,reviews shopify,amazon reviews importer,broad,5.0,0,0,0.0,0,0.0,0.0,0.0,0.0,0.0,0.0,,,,,
Judge.me Product Reviews App,Search_EN_Features_2024.08.19,2026-02-24,2026-03-17,UTC,USD,reviews shop,amazon reviews importer,broad,5.0,0,0,0.0,0,0.0,0.0,0.0,0.0,0.0,0.0,,,,,
Judge.me Product Reviews App,Search_EN_Features_2024.08.19,2026-02-24,2026-03-17,UTC,USD,reviews shoipfy,amazon reviews importer,broad,5.0,0,0,0.0,0,0.0,0.0,0.0,0.0,0.0,0.0,,,,,
Judge.me Product Reviews App,Search_EN_Features_2024.08.19,2026-02-24,2026-03-17,UTC,USD,reviews section app for ship,amazon reviews importer,broad,5.0,0,0,0.0,0,0.0,0.0,0.0,0.0,0.0,0.0,,,,,
Judge.me Product Reviews App,Search_EN_Features_2024.08.19,2026-02-24,2026-03-17,UTC,USD,reviews rocket,amazon reviews importer,broad,5.0,0,0,0.0,0,0.0,0.0,0.0,0.0,0.0,0.0,,,,,
Judge.me Product Reviews App,Search_EN_Features_2024.08.19,2026-02-24,2026-03-17,UTC,USD,reviews rivyo,amazon reviews importer,broad,5.0,0,0,0.0,0,0.0,0.0,0.0,0.0,0.0,0.0,,,,,
Judge.me Product Reviews App,Search_EN_Features_2024.08.19,2026-02-24,2026-03-17,UTC,USD,reviews riv,amazon reviews importer,broad,5.0,0,0,0.0,0,0.0,0.0,0.0,0.0,0.0,0.0,,,,,
Judge.me Product Reviews App,Search_EN_Features_2024.08.19,2026-02-24,2026-03-17,UTC,USD,reviews ri,amazon reviews importer,broad,5.0,0,0,0.0,0,0.0,0.0,0.0,0.0,0.0,0.0,,,,,
Judge.me Product Reviews App,Search_EN_Features_2024.08.19,2026-02-24,2026-03-17,UTC,USD,reviews revio,amazon reviews importer,broad,5.0,0,0,0.0,0,0.0,0.0,0.0,0.0,0.0,0.0,,,,,
Judge.me Product Reviews App,Search_EN_Features_2024.08.19,2026-02-24,2026-03-17,UTC,USD,reviews rev,amazon reviews importer,broad,5.0,0,0,0.0,0,0.0,0.0,0.0,0.0,0.0,0.0,,,,,
Judge.me Product Reviews App,Search_EN_Features_2024.08.19,2026-02-24,2026-03-17,UTC,USD,reviews reputon,amazon reviews importer,broad,5.0,0,0,0.0,0,0.0,0.0,0.0,0.0,0.0,0.0,,,,,
Judge.me Product Reviews App,Search_EN_Features_2024.08.19,2026-02-24,2026-03-17,UTC,USD,reviews rated,amazon reviews importer,broad,5.0,0,0,0.0,0,0.0,0.0,0.0,0.0,0.0,0.0,,,,,
Judge.me Product Reviews App,Search_EN_Features_2024.08.19,2026-02-24,2026-03-17,UTC,USD,reviews product trustoo,amazon reviews importer,broad,5.0,0,0,0.0,0,0.0,0.0,0.0,0.0,0.0,0.0,,,,,
Judge.me Product Reviews App,Search_EN_Features_2024.08.19,2026-02-24,2026-03-17,UTC,USD,reviews product page,amazon reviews importer,broad,5.0,0,0,0.0,0,0.0,0.0,0.0,0.0,0.0,0.0,,,,,
Judge.me Product Reviews App,Search_EN_Features_2024.08.19,2026-02-24,2026-03-17,UTC,USD,reviews product pa,amazon reviews importer,broad,5.0,0,0,0.0,0,0.0,0.0,0.0,0.0,0.0,0.0,,,,,
Judge.me Product Reviews App,Search_EN_Features_2024.08.19,2026-02-24,2026-03-17,UTC,USD,reviews product mag,amazon reviews importer,broad,5.0,0,0,0.0,0,0.0,0.0,0.0,0.0,0.0,0.0,,,,,
Judge.me Product Reviews App,Search_EN_Features_2024.08.19,2026-02-24,2026-03-17,UTC,USD,reviews plugin,amazon reviews importer,broad,5.0,0,0,0.0,0,0.0,0.0,0.0,0.0,0.0,0.0,,,,,
Judge.me Product Reviews App,Search_EN_Features_2024.08.19,2026-02-24,2026-03-17,UTC,USD,reviews opt in,amazon reviews importer,broad,5.0,0,0,0.0,0,0.0,0.0,0.0,0.0,0.0,0.0,,,,,
Judge.me Product Reviews App,Search_EN_Features_2024.08.19,2026-02-24,2026-03-17,UTC,USD,reviews on product pages,amazon reviews importer,broad,5.0,0,0,0.0,0,0.0,0.0,0.0,0.0,0.0,0.0,,,,,
Judge.me Product Reviews App,Search_EN_Features_2024.08.19,2026-02-24,2026-03-17,UTC,USD,reviews on product grid,amazon reviews importer,broad,5.0,0,0,0.0,0,0.0,0.0,0.0,0.0,0.0,0.0,,,,,
Judge.me Product Reviews App,Search_EN_Features_2024.08.19,2026-02-24,2026-03-17,UTC,USD,reviews okendo,amazon reviews importer,broad,5.0,0,0,0.0,0,0.0,0.0,0.0,0.0,0.0,0.0,,,,,
Judge.me Product Reviews App,Search_EN_Features_2024.08.19,2026-02-24,2026-03-17,UTC,USD,reviews nativo shopify,amazon reviews importer,broad,5.0,0,0,0.0,0,0.0,0.0,0.0,0.0,0.0,0.0,,,,,
Judge.me Product Reviews App,Search_EN_Features_2024.08.19,2026-02-24,2026-03-17,UTC,USD,reviews module simple,amazon reviews importer,broad,5.0,0,0,0.0,0,0.0,0.0,0.0,0.0,0.0,0.0,,,,,
Judge.me Product Reviews App,Search_EN_Features_2024.08.19,2026-02-24,2026-03-17,UTC,USD,reviews module,amazon reviews importer,broad,5.0,0,0,0.0,0,0.0,0.0,0.0,0.0,0.0,0.0,,,,,
Judge.me Product Reviews App,Search_EN_Features_2024.08.19,2026-02-24,2026-03-17,UTC,USD,reviews mexico,amazon reviews importer,broad,5.0,0,0,0.0,0,0.0,0.0,0.0,0.0,0.0,0.0,,,,,
Judge.me Product Reviews App,Search_EN_Features_2024.08.19,2026-02-24,2026-03-17,UTC,USD,reviews mark,amazon reviews importer,broad,5.0,0,0,0.0,0,0.0,0.0,0.0,0.0,0.0,0.0,,,,,
Judge.me Product Reviews App,Search_EN_Features_2024.08.19,2026-02-24,2026-03-17,UTC,USD,reviews maker,amazon reviews importer,broad,5.0,0,0,0.0,0,0.0,0.0,0.0,0.0,0.0,0.0,,,,,
Judge.me Product Reviews App,Search_EN_Features_2024.08.19,2026-02-24,2026-03-17,UTC,USD,reviews lai ali,amazon reviews importer,broad,5.0,0,0,0.0,0,0.0,0.0,0.0,0.0,0.0,0.0,,,,,
Judge.me Product Reviews App,Search_EN_Features_2024.08.19,2026-02-24,2026-03-17,UTC,USD,reviews lai,amazon reviews importer,broad,5.0,0,0,0.0,0,0.0,0.0,0.0,0.0,0.0,0.0,,,,,
Judge.me Product Reviews App,Search_EN_Features_2024.08.19,2026-02-24,2026-03-17,UTC,USD,reviews ios,amazon reviews importer,broad,5.0,0,0,0.0,0,0.0,0.0,0.0,0.0,0.0,0.0,,,,,
Judge.me Product Reviews App,Search_EN_Features_2024.08.19,2026-02-24,2026-03-17,UTC,USD,reviews improt,amazon reviews importer,broad,5.0,0,0,0.0,0,0.0,0.0,0.0,0.0,0.0,0.0,,,,,
Judge.me Product Reviews App,Search_EN_Features_2024.08.19,2026-02-24,2026-03-17,UTC,USD,reviews importify,amazon reviews importer,broad,5.0,0,0,0.0,0,0.0,0.0,0.0,0.0,0.0,0.0,,,,,
Judge.me Product Reviews App,Search_EN_Features_2024.08.19,2026-02-24,2026-03-17,UTC,USD,reviews importieren,amazon reviews importer,broad,5.0,0,0,0.0,0,0.0,0.0,0.0,0.0,0.0,0.0,,,,,
Judge.me Product Reviews App,Search_EN_Features_2024.08.19,2026-02-24,2026-03-17,UTC,USD,reviews importer amazon,amazon reviews importer,broad,5.0,0,0,0.0,0,0.0,0.0,0.0,0.0,0.0,0.0,,,,,
Judge.me Product Reviews App,Search_EN_Features_2024.08.19,2026-02-24,2026-03-17,UTC,USD,reviews impor,amazon reviews importer,broad,5.0,0,0,0.0,0,0.0,0.0,0.0,0.0,0.0,0.0,,,,,
Judge.me Product Reviews App,Search_EN_Features_2024.08.19,2026-02-24,2026-03-17,UTC,USD,reviews impo,amazon reviews importer,broad,5.0,0,0,0.0,0,0.0,0.0,0.0,0.0,0.0,0.0,,,,,
Judge.me Product Reviews App,Search_EN_Features_2024.08.19,2026-02-24,2026-03-17,UTC,USD,reviews image,amazon reviews importer,broad,5.0,0,0,0.0,0,0.0,0.0,0.0,0.0,0.0,0.0,,,,,
Judge.me Product Reviews App,Search_EN_Features_2024.08.19,2026-02-24,2026-03-17,UTC,USD,reviews hotels,amazon reviews importer,broad,5.0,0,0,0.0,0,0.0,0.0,0.0,0.0,0.0,0.0,,,,,
Judge.me Product Reviews App,Search_EN_Features_2024.08.19,2026-02-24,2026-03-17,UTC,USD,reviews gallery,amazon reviews importer,broad,5.0,0,0,0.0,0,0.0,0.0,0.0,0.0,0.0,0.0,,,,,
Judge.me Product Reviews App,Search_EN_Features_2024.08.19,2026-02-24,2026-03-17,UTC,USD,reviews from amazon app,amazon reviews importer,broad,5.0,0,0,0.0,0,0.0,0.0,0.0,0.0,0.0,0.0,,,,,
Judge.me Product Reviews App,Search_EN_Features_2024.08.19,2026-02-24,2026-03-17,UTC,USD,reviews from amazon,amazon reviews importer,broad,5.0,0,0,0.0,0,0.0,0.0,0.0,0.0,0.0,0.0,,,,,
Judge.me Product Reviews App,Search_EN_Features_2024.08.19,2026-02-24,2026-03-17,UTC,USD,reviews free widget,amazon reviews importer,broad,5.0,0,0,0.0,0,0.0,0.0,0.0,0.0,0.0,0.0,,,,,
Judge.me Product Reviews App,Search_EN_Features_2024.08.19,2026-02-24,2026-03-17,UTC,USD,reviews free visual prodect reviews,amazon reviews importer,broad,5.0,0,0,0.0,0,0.0,0.0,0.0,0.0,0.0,0.0,,,,,
Judge.me Product Reviews App,Search_EN_Features_2024.08.19,2026-02-24,2026-03-17,UTC,USD,reviews free plan,amazon reviews importer,broad,5.0,0,0,0.0,0,0.0,0.0,0.0,0.0,0.0,0.0,,,,,
Judge.me Product Reviews App,Search_EN_Features_2024.08.19,2026-02-24,2026-03-17,UTC,USD,reviews free judge.me,amazon reviews importer,broad,5.0,0,0,0.0,0,0.0,0.0,0.0,0.0,0.0,0.0,,,,,
Judge.me Product Reviews App,Search_EN_Features_2024.08.19,2026-02-24,2026-03-17,UTC,USD,reviews free easiest,amazon reviews importer,broad,5.0,0,0,0.0,0,0.0,0.0,0.0,0.0,0.0,0.0,,,,,
Judge.me Product Reviews App,Search_EN_Features_2024.08.19,2026-02-24,2026-03-17,UTC,USD,reviews free app,amazon reviews importer,broad,5.0,0,0,0.0,0,0.0,0.0,0.0,0.0,0.0,0.0,,,,,
Judge.me Product Reviews App,Search_EN_Features_2024.08.19,2026-02-24,2026-03-17,UTC,USD,reviews fr,amazon reviews importer,broad,5.0,0,0,0.0,0,0.0,0.0,0.0,0.0,0.0,0.0,,,,,
Judge.me Product Reviews App,Search_EN_Features_2024.08.19,2026-02-24,2026-03-17,UTC,USD,reviews for shopify store,amazon reviews importer,broad,5.0,0,0,0.0,0,0.0,0.0,0.0,0.0,0.0,0.0,,,,,
Judge.me Product Reviews App,Search_EN_Features_2024.08.19,2026-02-24,2026-03-17,UTC,USD,reviews for epos now,amazon reviews importer,broad,5.0,0,0,0.0,0,0.0,0.0,0.0,0.0,0.0,0.0,,,,,
Judge.me Product Reviews App,Search_EN_Features_2024.08.19,2026-02-24,2026-03-17,UTC,USD,reviews for digital downloads,amazon reviews importer,broad,5.0,0,0,0.0,0,0.0,0.0,0.0,0.0,0.0,0.0,,,,,
Judge.me Product Reviews App,Search_EN_Features_2024.08.19,2026-02-24,2026-03-17,UTC,USD,reviews fake,amazon reviews importer,broad,5.0,0,0,0.0,0,0.0,0.0,0.0,0.0,0.0,0.0,,,,,
Judge.me Product Reviews App,Search_EN_Features_2024.08.19,2026-02-24,2026-03-17,UTC,USD,reviews facebook,amazon reviews importer,broad,5.0,0,0,0.0,0,0.0,0.0,0.0,0.0,0.0,0.0,,,,,
Judge.me Product Reviews App,Search_EN_Features_2024.08.19,2026-02-24,2026-03-17,UTC,USD,reviews ebay,amazon reviews importer,broad,5.0,0,0,0.0,0,0.0,0.0,0.0,0.0,0.0,0.0,,,,,
Judge.me Product Reviews App,Search_EN_Features_2024.08.19,2026-02-24,2026-03-17,UTC,USD,reviews con ia,amazon reviews importer,broad,5.0,0,0,0.0,0,0.0,0.0,0.0,0.0,0.0,0.0,,,,,
Judge.me Product Reviews App,Search_EN_Features_2024.08.19,2026-02-24,2026-03-17,UTC,USD,reviews complaints,amazon reviews importer,broad,5.0,0,0,0.0,0,0.0,0.0,0.0,0.0,0.0,0.0,,,,,
Judge.me Product Reviews App,Search_EN_Features_2024.08.19,2026-02-24,2026-03-17,UTC,USD,reviews clothing,amazon reviews importer,broad,5.0,0,0,0.0,0,0.0,0.0,0.0,0.0,0.0,0.0,,,,,
Judge.me Product Reviews App,Search_EN_Features_2024.08.19,2026-02-24,2026-03-17,UTC,USD,reviews by goog,amazon reviews importer,broad,5.0,0,0,0.0,0,0.0,0.0,0.0,0.0,0.0,0.0,,,,,
Judge.me Product Reviews App,Search_EN_Features_2024.08.19,2026-02-24,2026-03-17,UTC,USD,reviews by appio,amazon reviews importer,broad,5.0,0,0,0.0,0,0.0,0.0,0.0,0.0,0.0,0.0,,,,,
Judge.me Product Reviews App,Search_EN_Features_2024.08.19,2026-02-24,2026-03-17,UTC,USD,reviews button,amazon reviews importer,broad,5.0,0,0,0.0,0,0.0,0.0,0.0,0.0,0.0,0.0,,,,,
Judge.me Product Reviews App,Search_EN_Features_2024.08.19,2026-02-24,2026-03-17,UTC,USD,reviews b,amazon reviews importer,broad,5.0,0,0,0.0,0,0.0,0.0,0.0,0.0,0.0,0.0,,,,,
Judge.me Product Reviews App,Search_EN_Features_2024.08.19,2026-02-24,2026-03-17,UTC,USD,reviews apps,amazon reviews importer,broad,5.0,0,0,0.0,0,0.0,0.0,0.0,0.0,0.0,0.0,,,,,
Judge.me Product Reviews App,Search_EN_Features_2024.08.19,2026-02-24,2026-03-17,UTC,USD,reviews app shopify,amazon reviews importer,broad,5.0,0,0,0.0,0,0.0,0.0,0.0,0.0,0.0,0.0,,,,,
Judge.me Product Reviews App,Search_EN_Features_2024.08.19,2026-02-24,2026-03-17,UTC,USD,reviews app shop,amazon reviews importer,broad,5.0,0,0,0.0,0,0.0,0.0,0.0,0.0,0.0,0.0,,,,,
Judge.me Product Reviews App,Search_EN_Features_2024.08.19,2026-02-24,2026-03-17,UTC,USD,reviews app google,amazon reviews importer,broad,5.0,0,0,0.0,0,0.0,0.0,0.0,0.0,0.0,0.0,,,,,
Judge.me Product Reviews App,Search_EN_Features_2024.08.19,2026-02-24,2026-03-17,UTC,USD,reviews app free cost,amazon reviews importer,broad,5.0,0,0,0.0,0,0.0,0.0,0.0,0.0,0.0,0.0,,,,,
Judge.me Product Reviews App,Search_EN_Features_2024.08.19,2026-02-24,2026-03-17,UTC,USD,reviews app free,amazon reviews importer,broad,5.0,0,0,0.0,0,0.0,0.0,0.0,0.0,0.0,0.0,,,,,
Judge.me Product Reviews App,Search_EN_Features_2024.08.19,2026-02-24,2026-03-17,UTC,USD,reviews and ratings,amazon reviews importer,broad,5.0,0,0,0.0,0,0.0,0.0,0.0,0.0,0.0,0.0,,,,,
Judge.me Product Reviews App,Search_EN_Features_2024.08.19,2026-02-24,2026-03-17,UTC,USD,reviews and rating,amazon reviews importer,broad,5.0,0,0,0.0,0,0.0,0.0,0.0,0.0,0.0,0.0,,,,,
Judge.me Product Reviews App,Search_EN_Features_2024.08.19,2026-02-24,2026-03-17,UTC,USD,reviews analyzer,amazon reviews importer,broad,5.0,0,0,0.0,0,0.0,0.0,0.0,0.0,0.0,0.0,,,,,
Judge.me Product Reviews App,Search_EN_Features_2024.08.19,2026-02-24,2026-03-17,UTC,USD,reviews amazone,amazon reviews importer,broad,5.0,0,0,0.0,0,0.0,0.0,0.0,0.0,0.0,0.0,,,,,
Judge.me Product Reviews App,Search_EN_Features_2024.08.19,2026-02-24,2026-03-17,UTC,USD,reviews amaz9on,amazon reviews importer,broad,5.0,0,0,0.0,0,0.0,0.0,0.0,0.0,0.0,0.0,,,,,
Judge.me Product Reviews App,Search_EN_Features_2024.08.19,2026-02-24,2026-03-17,UTC,USD,reviews a,amazon reviews importer,broad,5.0,0,0,0.0,0,0.0,0.0,0.0,0.0,0.0,0.0,,,,,
Judge.me Product Reviews App,Search_EN_Features_2024.08.19,2026-02-24,2026-03-17,UTC,USD,reviews & loyalty app,amazon reviews importer,broad,5.0,0,0,0.0,0,0.0,0.0,0.0,0.0,0.0,0.0,,,,,
Judge.me Product Reviews App,Search_EN_Features_2024.08.19,2026-02-24,2026-03-17,UTC,USD,reviews & loyalty,amazon reviews importer,broad,5.0,0,0,0.0,0,0.0,0.0,0.0,0.0,0.0,0.0,,,,,
Judge.me Product Reviews App,Search_EN_Features_2024.08.19,2026-02-24,2026-03-17,UTC,USD,reviewing,amazon reviews importer,broad,5.0,0,0,0.0,0,0.0,0.0,0.0,0.0,0.0,0.0,,,,,
Judge.me Product Reviews App,Search_EN_Features_2024.08.19,2026-02-24,2026-03-17,UTC,USD,reviewers,amazon reviews importer,broad,5.0,0,0,0.0,0,0.0,0.0,0.0,0.0,0.0,0.0,,,,,
Judge.me Product Reviews App,Search_EN_Features_2024.08.19,2026-02-24,2026-03-17,UTC,USD,review-slider-wrapper,amazon reviews importer,broad,5.0,0,0,0.0,0,0.0,0.0,0.0,0.0,0.0,0.0,,,,,
Judge.me Product Reviews App,Search_EN_Features_2024.08.19,2026-02-24,2026-03-17,UTC,USD,review-slide,amazon reviews importer,broad,5.0,0,0,0.0,0,0.0,0.0,0.0,0.0,0.0,0.0,,,,,
Judge.me Product Reviews App,Search_EN_Features_2024.08.19,2026-02-24,2026-03-17,UTC,USD,review-a,amazon reviews importer,broad,5.0,0,0,0.0,0,0.0,0.0,0.0,0.0,0.0,0.0,,,,,
Judge.me Product Reviews App,Search_EN_Features_2024.08.19,2026-02-24,2026-03-17,UTC,USD,review yotpo,amazon reviews importer,broad,5.0,0,0,0.0,0,0.0,0.0,0.0,0.0,0.0,0.0,,,,,
Judge.me Product Reviews App,Search_EN_Features_2024.08.19,2026-02-24,2026-03-17,UTC,USD,review yo,amazon reviews importer,broad,5.0,0,0,0.0,0,0.0,0.0,0.0,0.0,0.0,0.0,,,,,
Judge.me Product Reviews App,Search_EN_Features_2024.08.19,2026-02-24,2026-03-17,UTC,USD,review y,amazon reviews importer,broad,5.0,0,0,0.0,0,0.0,0.0,0.0,0.0,0.0,0.0,,,,,
Judge.me Product Reviews App,Search_EN_Features_2024.08.19,2026-02-24,2026-03-17,UTC,USD,review writer,amazon reviews importer,broad,5.0,0,0,0.0,0,0.0,0.0,0.0,0.0,0.0,0.0,,,,,
Judge.me Product Reviews App,Search_EN_Features_2024.08.19,2026-02-24,2026-03-17,UTC,USD,review with verified,amazon reviews importer,broad,5.0,0,0,0.0,0,0.0,0.0,0.0,0.0,0.0,0.0,,,,,
Judge.me Product Reviews App,Search_EN_Features_2024.08.19,2026-02-24,2026-03-17,UTC,USD,review with image edits,amazon reviews importer,broad,5.0,0,0,0.0,0,0.0,0.0,0.0,0.0,0.0,0.0,,,,,
Judge.me Product Reviews App,Search_EN_Features_2024.08.19,2026-02-24,2026-03-17,UTC,USD,review with image,amazon reviews importer,broad,5.0,0,0,0.0,0,0.0,0.0,0.0,0.0,0.0,0.0,,,,,
Judge.me Product Reviews App,Search_EN_Features_2024.08.19,2026-02-24,2026-03-17,UTC,USD,review with amazon,amazon reviews importer,broad,5.0,0,0,0.0,0,0.0,0.0,0.0,0.0,0.0,0.0,,,,,
Judge.me Product Reviews App,Search_EN_Features_2024.08.19,2026-02-24,2026-03-17,UTC,USD,review widzard,amazon reviews importer,broad,5.0,0,0,0.0,0,0.0,0.0,0.0,0.0,0.0,0.0,,,,,
Judge.me Product Reviews App,Search_EN_Features_2024.08.19,2026-02-24,2026-03-17,UTC,USD,review widgetr,amazon reviews importer,broad,5.0,0,0,0.0,0,0.0,0.0,0.0,0.0,0.0,0.0,,,,,
Judge.me Product Reviews App,Search_EN_Features_2024.08.19,2026-02-24,2026-03-17,UTC,USD,review widget',amazon reviews importer,broad,5.0,0,0,0.0,0,0.0,0.0,0.0,0.0,0.0,0.0,,,,,
Judge.me Product Reviews App,Search_EN_Features_2024.08.19,2026-02-24,2026-03-17,UTC,USD,review widget slider,amazon reviews importer,broad,5.0,0,0,0.0,0,0.0,0.0,0.0,0.0,0.0,0.0,,,,,
Judge.me Product Reviews App,Search_EN_Features_2024.08.19,2026-02-24,2026-03-17,UTC,USD,review widget settings,amazon reviews importer,broad,5.0,0,0,0.0,0,0.0,0.0,0.0,0.0,0.0,0.0,,,,,
Judge.me Product Reviews App,Search_EN_Features_2024.08.19,2026-02-24,2026-03-17,UTC,USD,review widget google,amazon reviews importer,broad,5.0,0,0,0.0,0,0.0,0.0,0.0,0.0,0.0,0.0,,,,,
Judge.me Product Reviews App,Search_EN_Features_2024.08.19,2026-02-24,2026-03-17,UTC,USD,review widget free,amazon reviews importer,broad,5.0,0,0,0.0,0,0.0,0.0,0.0,0.0,0.0,0.0,,,,,
Judge.me Product Reviews App,Search_EN_Features_2024.08.19,2026-02-24,2026-03-17,UTC,USD,review wi,amazon reviews importer,broad,5.0,0,0,0.0,0,0.0,0.0,0.0,0.0,0.0,0.0,,,,,
Judge.me Product Reviews App,Search_EN_Features_2024.08.19,2026-02-24,2026-03-17,UTC,USD,review whatsapp,amazon reviews importer,broad,5.0,0,0,0.0,0,0.0,0.0,0.0,0.0,0.0,0.0,,,,,
Judge.me Product Reviews App,Search_EN_Features_2024.08.19,2026-02-24,2026-03-17,UTC,USD,review wears product translator,amazon reviews importer,broad,5.0,0,0,0.0,0,0.0,0.0,0.0,0.0,0.0,0.0,,,,,
Judge.me Product Reviews App,Search_EN_Features_2024.08.19,2026-02-24,2026-03-17,UTC,USD,review video,amazon reviews importer,broad,5.0,0,0,0.0,0,0.0,0.0,0.0,0.0,0.0,0.0,,,,,
Judge.me Product Reviews App,Search_EN_Features_2024.08.19,2026-02-24,2026-03-17,UTC,USD,review via whatsapp,amazon reviews importer,broad,5.0,0,0,0.0,0,0.0,0.0,0.0,0.0,0.0,0.0,,,,,
Judge.me Product Reviews App,Search_EN_Features_2024.08.19,2026-02-24,2026-03-17,UTC,USD,review verified,amazon reviews importer,broad,5.0,0,0,0.0,0,0.0,0.0,0.0,0.0,0.0,0.0,,,,,
Judge.me Product Reviews App,Search_EN_Features_2024.08.19,2026-02-24,2026-03-17,UTC,USD,review ukrainian,amazon reviews importer,broad,5.0,0,0,0.0,0,0.0,0.0,0.0,0.0,0.0,0.0,,,,,
Judge.me Product Reviews App,Search_EN_Features_2024.08.19,2026-02-24,2026-03-17,UTC,USD,review tydal,amazon reviews importer,broad,5.0,0,0,0.0,0,0.0,0.0,0.0,0.0,0.0,0.0,,,,,
Judge.me Product Reviews App,Search_EN_Features_2024.08.19,2026-02-24,2026-03-17,UTC,USD,review trust badge ai,amazon reviews importer,broad,5.0,0,0,0.0,0,0.0,0.0,0.0,0.0,0.0,0.0,,,,,
Judge.me Product Reviews App,Search_EN_Features_2024.08.19,2026-02-24,2026-03-17,UTC,USD,review trust badge,amazon reviews importer,broad,5.0,0,0,0.0,0,0.0,0.0,0.0,0.0,0.0,0.0,,,,,
Judge.me Product Reviews App,Search_EN_Features_2024.08.19,2026-02-24,2026-03-17,UTC,USD,review tiktok,amazon reviews importer,broad,5.0,0,0,0.0,0,0.0,0.0,0.0,0.0,0.0,0.0,,,,,
Judge.me Product Reviews App,Search_EN_Features_2024.08.19,2026-02-24,2026-03-17,UTC,USD,review t,amazon reviews importer,broad,5.0,0,0,0.0,0,0.0,0.0,0.0,0.0,0.0,0.0,,,,,
Judge.me Product Reviews App,Search_EN_Features_2024.08.19,2026-02-24,2026-03-17,UTC,USD,review sync amazon,amazon reviews importer,broad,5.0,0,0,0.0,0,0.0,0.0,0.0,0.0,0.0,0.0,,,,,
Judge.me Product Reviews App,Search_EN_Features_2024.08.19,2026-02-24,2026-03-17,UTC,USD,review summary ai,amazon reviews importer,broad,5.0,0,0,0.0,0,0.0,0.0,0.0,0.0,0.0,0.0,,,,,
Judge.me Product Reviews App,Search_EN_Features_2024.08.19,2026-02-24,2026-03-17,UTC,USD,review summary,amazon reviews importer,broad,5.0,0,0,0.0,0,0.0,0.0,0.0,0.0,0.0,0.0,,,,,
Judge.me Product Reviews App,Search_EN_Features_2024.08.19,2026-02-24,2026-03-17,UTC,USD,review summarizer,amazon reviews importer,broad,5.0,0,0,0.0,0,0.0,0.0,0.0,0.0,0.0,0.0,,,,,
Judge.me Product Reviews App,Search_EN_Features_2024.08.19,2026-02-24,2026-03-17,UTC,USD,review summaries,amazon reviews importer,broad,5.0,0,0,0.0,0,0.0,0.0,0.0,0.0,0.0,0.0,,,,,
Judge.me Product Reviews App,Search_EN_Features_2024.08.19,2026-02-24,2026-03-17,UTC,USD,review star display on products,amazon reviews importer,broad,5.0,0,0,0.0,0,0.0,0.0,0.0,0.0,0.0,0.0,,,,,
Judge.me Product Reviews App,Search_EN_Features_2024.08.19,2026-02-24,2026-03-17,UTC,USD,review star display,amazon reviews importer,broad,5.0,0,0,0.0,0,0.0,0.0,0.0,0.0,0.0,0.0,,,,,
Judge.me Product Reviews App,Search_EN_Features_2024.08.19,2026-02-24,2026-03-17,UTC,USD,review software,amazon reviews importer,broad,5.0,0,0,0.0,0,0.0,0.0,0.0,0.0,0.0,0.0,,,,,
Judge.me Product Reviews App,Search_EN_Features_2024.08.19,2026-02-24,2026-03-17,UTC,USD,review snippet,amazon reviews importer,broad,5.0,0,0,0.0,0,0.0,0.0,0.0,0.0,0.0,0.0,,,,,
Judge.me Product Reviews App,Search_EN_Features_2024.08.19,2026-02-24,2026-03-17,UTC,USD,review slide,amazon reviews importer,broad,5.0,0,0,0.0,0,0.0,0.0,0.0,0.0,0.0,0.0,,,,,
Judge.me Product Reviews App,Search_EN_Features_2024.08.19,2026-02-24,2026-03-17,UTC,USD,review shopify,amazon reviews importer,broad,5.0,0,0,0.0,0,0.0,0.0,0.0,0.0,0.0,0.0,,,,,
Judge.me Product Reviews App,Search_EN_Features_2024.08.19,2026-02-24,2026-03-17,UTC,USD,review shop,amazon reviews importer,broad,5.0,0,0,0.0,0,0.0,0.0,0.0,0.0,0.0,0.0,,,,,
Judge.me Product Reviews App,Search_EN_Features_2024.08.19,2026-02-24,2026-03-17,UTC,USD,review sentiment,amazon reviews importer,broad,5.0,0,0,0.0,0,0.0,0.0,0.0,0.0,0.0,0.0,,,,,
Judge.me Product Reviews App,Search_EN_Features_2024.08.19,2026-02-24,2026-03-17,UTC,USD,review scores store,amazon reviews importer,broad,5.0,0,0,0.0,0,0.0,0.0,0.0,0.0,0.0,0.0,,,,,
Judge.me Product Reviews App,Search_EN_Features_2024.08.19,2026-02-24,2026-03-17,UTC,USD,review romanian,amazon reviews importer,broad,5.0,0,0,0.0,0,0.0,0.0,0.0,0.0,0.0,0.0,,,,,
Judge.me Product Reviews App,Search_EN_Features_2024.08.19,2026-02-24,2026-03-17,UTC,USD,review romania,amazon reviews importer,broad,5.0,0,0,0.0,0,0.0,0.0,0.0,0.0,0.0,0.0,,,,,
Judge.me Product Reviews App,Search_EN_Features_2024.08.19,2026-02-24,2026-03-17,UTC,USD,review rocket product reviews,amazon reviews importer,broad,5.0,0,0,0.0,0,0.0,0.0,0.0,0.0,0.0,0.0,,,,,
Judge.me Product Reviews App,Search_EN_Features_2024.08.19,2026-02-24,2026-03-17,UTC,USD,review rocket,amazon reviews importer,broad,5.0,0,0,0.0,0,0.0,0.0,0.0,0.0,0.0,0.0,,,,,
Judge.me Product Reviews App,Search_EN_Features_2024.08.19,2026-02-24,2026-03-17,UTC,USD,review ro,amazon reviews importer,broad,5.0,0,0,0.0,0,0.0,0.0,0.0,0.0,0.0,0.0,,,,,
Judge.me Product Reviews App,Search_EN_Features_2024.08.19,2026-02-24,2026-03-17,UTC,USD,review rivo,amazon reviews importer,broad,5.0,0,0,0.0,0,0.0,0.0,0.0,0.0,0.0,0.0,,,,,
Judge.me Product Reviews App,Search_EN_Features_2024.08.19,2026-02-24,2026-03-17,UTC,USD,review request sms,amazon reviews importer,broad,5.0,0,0,0.0,0,0.0,0.0,0.0,0.0,0.0,0.0,,,,,
Judge.me Product Reviews App,Search_EN_Features_2024.08.19,2026-02-24,2026-03-17,UTC,USD,review replies,amazon reviews importer,broad,5.0,0,0,0.0,0,0.0,0.0,0.0,0.0,0.0,0.0,,,,,
Judge.me Product Reviews App,Search_EN_Features_2024.08.19,2026-02-24,2026-03-17,UTC,USD,review rating,amazon reviews importer,broad,5.0,0,0,0.0,0,0.0,0.0,0.0,0.0,0.0,0.0,,,,,
Judge.me Product Reviews App,Search_EN_Features_2024.08.19,2026-02-24,2026-03-17,UTC,USD,review rabatt,amazon reviews importer,broad,5.0,0,0,0.0,0,0.0,0.0,0.0,0.0,0.0,0.0,,,,,
Judge.me Product Reviews App,Search_EN_Features_2024.08.19,2026-02-24,2026-03-17,UTC,USD,review qna,amazon reviews importer,broad,5.0,0,0,0.0,0,0.0,0.0,0.0,0.0,0.0,0.0,,,,,
Judge.me Product Reviews App,Search_EN_Features_2024.08.19,2026-02-24,2026-03-17,UTC,USD,review program,amazon reviews importer,broad,5.0,0,0,0.0,0,0.0,0.0,0.0,0.0,0.0,0.0,,,,,
Judge.me Product Reviews App,Search_EN_Features_2024.08.19,2026-02-24,2026-03-17,UTC,USD,review products,amazon reviews importer,broad,5.0,0,0,0.0,0,0.0,0.0,0.0,0.0,0.0,0.0,,,,,
Judge.me Product Reviews App,Search_EN_Features_2024.08.19,2026-02-24,2026-03-17,UTC,USD,review product title,amazon reviews importer,broad,5.0,0,0,0.0,0,0.0,0.0,0.0,0.0,0.0,0.0,,,,,
Judge.me Product Reviews App,Search_EN_Features_2024.08.19,2026-02-24,2026-03-17,UTC,USD,review product reviews,amazon reviews importer,broad,5.0,0,0,0.0,0,0.0,0.0,0.0,0.0,0.0,0.0,,,,,
Judge.me Product Reviews App,Search_EN_Features_2024.08.19,2026-02-24,2026-03-17,UTC,USD,review product qa,amazon reviews importer,broad,5.0,0,0,0.0,0,0.0,0.0,0.0,0.0,0.0,0.0,,,,,
Judge.me Product Reviews App,Search_EN_Features_2024.08.19,2026-02-24,2026-03-17,UTC,USD,review prod,amazon reviews importer,broad,5.0,0,0,0.0,0,0.0,0.0,0.0,0.0,0.0,0.0,,,,,
Judge.me Product Reviews App,Search_EN_Features_2024.08.19,2026-02-24,2026-03-17,UTC,USD,review pop-upp,amazon reviews importer,broad,5.0,0,0,0.0,0,0.0,0.0,0.0,0.0,0.0,0.0,,,,,
Judge.me Product Reviews App,Search_EN_Features_2024.08.19,2026-02-24,2026-03-17,UTC,USD,review pop-upo,amazon reviews importer,broad,5.0,0,0,0.0,0,0.0,0.0,0.0,0.0,0.0,0.0,,,,,
Judge.me Product Reviews App,Search_EN_Features_2024.08.19,2026-02-24,2026-03-17,UTC,USD,review plus - product reviews,amazon reviews importer,broad,5.0,0,0,0.0,0,0.0,0.0,0.0,0.0,0.0,0.0,,,,,
Judge.me Product Reviews App,Search_EN_Features_2024.08.19,2026-02-24,2026-03-17,UTC,USD,review picture,amazon reviews importer,broad,5.0,0,0,0.0,0,0.0,0.0,0.0,0.0,0.0,0.0,,,,,
Judge.me Product Reviews App,Search_EN_Features_2024.08.19,2026-02-24,2026-03-17,UTC,USD,review page,amazon reviews importer,broad,5.0,0,0,0.0,0,0.0,0.0,0.0,0.0,0.0,0.0,,,,,
Judge.me Product Reviews App,Search_EN_Features_2024.08.19,2026-02-24,2026-03-17,UTC,USD,review option,amazon reviews importer,broad,5.0,0,0,0.0,0,0.0,0.0,0.0,0.0,0.0,0.0,,,,,
Judge.me Product Reviews App,Search_EN_Features_2024.08.19,2026-02-24,2026-03-17,UTC,USD,review on image,amazon reviews importer,broad,5.0,0,0,0.0,0,0.0,0.0,0.0,0.0,0.0,0.0,,,,,
Judge.me Product Reviews App,Search_EN_Features_2024.08.19,2026-02-24,2026-03-17,UTC,USD,review of product from different site,amazon reviews importer,broad,5.0,0,0,0.0,0,0.0,0.0,0.0,0.0,0.0,0.0,,,,,
Judge.me Product Reviews App,Search_EN_Features_2024.08.19,2026-02-24,2026-03-17,UTC,USD,review notification,amazon reviews importer,broad,5.0,0,0,0.0,0,0.0,0.0,0.0,0.0,0.0,0.0,,,,,
Judge.me Product Reviews App,Search_EN_Features_2024.08.19,2026-02-24,2026-03-17,UTC,USD,review next to price,amazon reviews importer,broad,5.0,0,0,0.0,0,0.0,0.0,0.0,0.0,0.0,0.0,,,,,
Judge.me Product Reviews App,Search_EN_Features_2024.08.19,2026-02-24,2026-03-17,UTC,USD,review next to preic,amazon reviews importer,broad,5.0,0,0,0.0,0,0.0,0.0,0.0,0.0,0.0,0.0,,,,,
Judge.me Product Reviews App,Search_EN_Features_2024.08.19,2026-02-24,2026-03-17,UTC,USD,review my product,amazon reviews importer,broad,5.0,0,0,0.0,0,0.0,0.0,0.0,0.0,0.0,0.0,,,,,
Judge.me Product Reviews App,Search_EN_Features_2024.08.19,2026-02-24,2026-03-17,UTC,USD,review mutiplier,amazon reviews importer,broad,5.0,0,0,0.0,0,0.0,0.0,0.0,0.0,0.0,0.0,,,,,
Judge.me Product Reviews App,Search_EN_Features_2024.08.19,2026-02-24,2026-03-17,UTC,USD,review mig,amazon reviews importer,broad,5.0,0,0,0.0,0,0.0,0.0,0.0,0.0,0.0,0.0,,,,,
Judge.me Product Reviews App,Search_EN_Features_2024.08.19,2026-02-24,2026-03-17,UTC,USD,review messages,amazon reviews importer,broad,5.0,0,0,0.0,0,0.0,0.0,0.0,0.0,0.0,0.0,,,,,
Judge.me Product Reviews App,Search_EN_Features_2024.08.19,2026-02-24,2026-03-17,UTC,USD,review maps,amazon reviews importer,broad,5.0,0,0,0.0,0,0.0,0.0,0.0,0.0,0.0,0.0,,,,,
Judge.me Product Reviews App,Search_EN_Features_2024.08.19,2026-02-24,2026-03-17,UTC,USD,review management,amazon reviews importer,broad,5.0,0,0,0.0,0,0.0,0.0,0.0,0.0,0.0,0.0,,,,,
Judge.me Product Reviews App,Search_EN_Features_2024.08.19,2026-02-24,2026-03-17,UTC,USD,review maker,amazon reviews importer,broad,5.0,0,0,0.0,0,0.0,0.0,0.0,0.0,0.0,0.0,,,,,
Judge.me Product Reviews App,Search_EN_Features_2024.08.19,2026-02-24,2026-03-17,UTC,USD,review link,amazon reviews importer,broad,5.0,0,0,0.0,0,0.0,0.0,0.0,0.0,0.0,0.0,,,,,
Judge.me Product Reviews App,Search_EN_Features_2024.08.19,2026-02-24,2026-03-17,UTC,USD,review juje me,amazon reviews importer,broad,5.0,0,0,0.0,0,0.0,0.0,0.0,0.0,0.0,0.0,,,,,
Judge.me Product Reviews App,Search_EN_Features_2024.08.19,2026-02-24,2026-03-17,UTC,USD,review installer,amazon reviews importer,broad,5.0,0,0,0.0,0,0.0,0.0,0.0,0.0,0.0,0.0,,,,,
Judge.me Product Reviews App,Search_EN_Features_2024.08.19,2026-02-24,2026-03-17,UTC,USD,review import amazon,amazon reviews importer,broad,5.0,0,0,0.0,0,0.0,0.0,0.0,0.0,0.0,0.0,,,,,
Judge.me Product Reviews App,Search_EN_Features_2024.08.19,2026-02-24,2026-03-17,UTC,USD,review imort,amazon reviews importer,broad,5.0,0,0,0.0,0,0.0,0.0,0.0,0.0,0.0,0.0,,,,,
Judge.me Product Reviews App,Search_EN_Features_2024.08.19,2026-02-24,2026-03-17,UTC,USD,review image slider,amazon reviews importer,broad,5.0,0,0,0.0,0,0.0,0.0,0.0,0.0,0.0,0.0,,,,,
Judge.me Product Reviews App,Search_EN_Features_2024.08.19,2026-02-24,2026-03-17,UTC,USD,review image gallery,amazon reviews importer,broad,5.0,0,0,0.0,0,0.0,0.0,0.0,0.0,0.0,0.0,,,,,
Judge.me Product Reviews App,Search_EN_Features_2024.08.19,2026-02-24,2026-03-17,UTC,USD,review im porter,amazon reviews importer,broad,5.0,0,0,0.0,0,0.0,0.0,0.0,0.0,0.0,0.0,,,,,
Judge.me Product Reviews App,Search_EN_Features_2024.08.19,2026-02-24,2026-03-17,UTC,USD,review im,amazon reviews importer,broad,5.0,0,0,0.0,0,0.0,0.0,0.0,0.0,0.0,0.0,,,,,
Judge.me Product Reviews App,Search_EN_Features_2024.08.19,2026-02-24,2026-03-17,UTC,USD,review google free,amazon reviews importer,broad,5.0,0,0,0.0,0,0.0,0.0,0.0,0.0,0.0,0.0,,,,,
Judge.me Product Reviews App,Search_EN_Features_2024.08.19,2026-02-24,2026-03-17,UTC,USD,review google,amazon reviews importer,broad,5.0,0,0,0.0,0,0.0,0.0,0.0,0.0,0.0,0.0,,,,,
Judge.me Product Reviews App,Search_EN_Features_2024.08.19,2026-02-24,2026-03-17,UTC,USD,review giveway,amazon reviews importer,broad,5.0,0,0,0.0,0,0.0,0.0,0.0,0.0,0.0,0.0,,,,,
Judge.me Product Reviews App,Search_EN_Features_2024.08.19,2026-02-24,2026-03-17,UTC,USD,review from amazon,amazon reviews importer,broad,5.0,0,0,0.0,0,0.0,0.0,0.0,0.0,0.0,0.0,,,,,
Judge.me Product Reviews App,Search_EN_Features_2024.08.19,2026-02-24,2026-03-17,UTC,USD,review free simple,amazon reviews importer,broad,5.0,0,0,0.0,0,0.0,0.0,0.0,0.0,0.0,0.0,,,,,
Judge.me Product Reviews App,Search_EN_Features_2024.08.19,2026-02-24,2026-03-17,UTC,USD,review free app,amazon reviews importer,broad,5.0,0,0,0.0,0,0.0,0.0,0.0,0.0,0.0,0.0,,,,,
Judge.me Product Reviews App,Search_EN_Features_2024.08.19,2026-02-24,2026-03-17,UTC,USD,review for google,amazon reviews importer,broad,5.0,0,0,0.0,0,0.0,0.0,0.0,0.0,0.0,0.0,,,,,
Judge.me Product Reviews App,Search_EN_Features_2024.08.19,2026-02-24,2026-03-17,UTC,USD,review for dawn,amazon reviews importer,broad,5.0,0,0,0.0,0,0.0,0.0,0.0,0.0,0.0,0.0,,,,,
Judge.me Product Reviews App,Search_EN_Features_2024.08.19,2026-02-24,2026-03-17,UTC,USD,review for,amazon reviews importer,broad,5.0,0,0,0.0,0,0.0,0.0,0.0,0.0,0.0,0.0,,,,,
Judge.me Product Reviews App,Search_EN_Features_2024.08.19,2026-02-24,2026-03-17,UTC,USD,review fashion,amazon reviews importer,broad,5.0,0,0,0.0,0,0.0,0.0,0.0,0.0,0.0,0.0,,,,,
Judge.me Product Reviews App,Search_EN_Features_2024.08.19,2026-02-24,2026-03-17,UTC,USD,review fake,amazon reviews importer,broad,5.0,0,0,0.0,0,0.0,0.0,0.0,0.0,0.0,0.0,,,,,
Judge.me Product Reviews App,Search_EN_Features_2024.08.19,2026-02-24,2026-03-17,UTC,USD,review exporter,amazon reviews importer,broad,5.0,0,0,0.0,0,0.0,0.0,0.0,0.0,0.0,0.0,,,,,
Judge.me Product Reviews App,Search_EN_Features_2024.08.19,2026-02-24,2026-03-17,UTC,USD,review export,amazon reviews importer,broad,5.0,0,0,0.0,0,0.0,0.0,0.0,0.0,0.0,0.0,,,,,
Judge.me Product Reviews App,Search_EN_Features_2024.08.19,2026-02-24,2026-03-17,UTC,USD,review esty=,amazon reviews importer,broad,5.0,0,0,0.0,0,0.0,0.0,0.0,0.0,0.0,0.0,,,,,
Judge.me Product Reviews App,Search_EN_Features_2024.08.19,2026-02-24,2026-03-17,UTC,USD,review email to customers,amazon reviews importer,broad,5.0,0,0,0.0,0,0.0,0.0,0.0,0.0,0.0,0.0,,,,,
Judge.me Product Reviews App,Search_EN_Features_2024.08.19,2026-02-24,2026-03-17,UTC,USD,review email,amazon reviews importer,broad,5.0,0,0,0.0,0,0.0,0.0,0.0,0.0,0.0,0.0,,,,,
Judge.me Product Reviews App,Search_EN_Features_2024.08.19,2026-02-24,2026-03-17,UTC,USD,review ebay,amazon reviews importer,broad,5.0,0,0,0.0,0,0.0,0.0,0.0,0.0,0.0,0.0,,,,,
Judge.me Product Reviews App,Search_EN_Features_2024.08.19,2026-02-24,2026-03-17,UTC,USD,review easy,amazon reviews importer,broad,5.0,0,0,0.0,0,0.0,0.0,0.0,0.0,0.0,0.0,,,,,
Judge.me Product Reviews App,Search_EN_Features_2024.08.19,2026-02-24,2026-03-17,UTC,USD,review discount,amazon reviews importer,broad,5.0,0,0,0.0,0,0.0,0.0,0.0,0.0,0.0,0.0,,,,,
Judge.me Product Reviews App,Search_EN_Features_2024.08.19,2026-02-24,2026-03-17,UTC,USD,review design,amazon reviews importer,broad,5.0,0,0,0.0,0,0.0,0.0,0.0,0.0,0.0,0.0,,,,,
Judge.me Product Reviews App,Search_EN_Features_2024.08.19,2026-02-24,2026-03-17,UTC,USD,review delete,amazon reviews importer,broad,5.0,0,0,0.0,0,0.0,0.0,0.0,0.0,0.0,0.0,,,,,
Judge.me Product Reviews App,Search_EN_Features_2024.08.19,2026-02-24,2026-03-17,UTC,USD,review delet,amazon reviews importer,broad,5.0,0,0,0.0,0,0.0,0.0,0.0,0.0,0.0,0.0,,,,,
Judge.me Product Reviews App,Search_EN_Features_2024.08.19,2026-02-24,2026-03-17,UTC,USD,review cute,amazon reviews importer,broad,5.0,0,0,0.0,0,0.0,0.0,0.0,0.0,0.0,0.0,,,,,
Judge.me Product Reviews App,Search_EN_Features_2024.08.19,2026-02-24,2026-03-17,UTC,USD,review customer,amazon reviews importer,broad,5.0,0,0,0.0,0,0.0,0.0,0.0,0.0,0.0,0.0,,,,,
Judge.me Product Reviews App,Search_EN_Features_2024.08.19,2026-02-24,2026-03-17,UTC,USD,review count,amazon reviews importer,broad,5.0,0,0,0.0,0,0.0,0.0,0.0,0.0,0.0,0.0,,,,,
Judge.me Product Reviews App,Search_EN_Features_2024.08.19,2026-02-24,2026-03-17,UTC,USD,review costom,amazon reviews importer,broad,5.0,0,0,0.0,0,0.0,0.0,0.0,0.0,0.0,0.0,,,,,
Judge.me Product Reviews App,Search_EN_Features_2024.08.19,2026-02-24,2026-03-17,UTC,USD,review container,amazon reviews importer,broad,5.0,0,0,0.0,0,0.0,0.0,0.0,0.0,0.0,0.0,,,,,
Judge.me Product Reviews App,Search_EN_Features_2024.08.19,2026-02-24,2026-03-17,UTC,USD,review collection,amazon reviews importer,broad,5.0,0,0,0.0,0,0.0,0.0,0.0,0.0,0.0,0.0,,,,,
Judge.me Product Reviews App,Search_EN_Features_2024.08.19,2026-02-24,2026-03-17,UTC,USD,review collect by scaly,amazon reviews importer,broad,5.0,0,0,0.0,0,0.0,0.0,0.0,0.0,0.0,0.0,,,,,
Judge.me Product Reviews App,Search_EN_Features_2024.08.19,2026-02-24,2026-03-17,UTC,USD,review collage,amazon reviews importer,broad,5.0,0,0,0.0,0,0.0,0.0,0.0,0.0,0.0,0.0,,,,,
Judge.me Product Reviews App,Search_EN_Features_2024.08.19,2026-02-24,2026-03-17,UTC,USD,review co,amazon reviews importer,broad,5.0,0,0,0.0,0,0.0,0.0,0.0,0.0,0.0,0.0,,,,,
Judge.me Product Reviews App,Search_EN_Features_2024.08.19,2026-02-24,2026-03-17,UTC,USD,review client shopify,amazon reviews importer,broad,5.0,0,0,0.0,0,0.0,0.0,0.0,0.0,0.0,0.0,,,,,
Judge.me Product Reviews App,Search_EN_Features_2024.08.19,2026-02-24,2026-03-17,UTC,USD,review checkout,amazon reviews importer,broad,5.0,0,0,0.0,0,0.0,0.0,0.0,0.0,0.0,0.0,,,,,
Judge.me Product Reviews App,Search_EN_Features_2024.08.19,2026-02-24,2026-03-17,UTC,USD,review caruselle,amazon reviews importer,broad,5.0,0,0,0.0,0,0.0,0.0,0.0,0.0,0.0,0.0,,,,,
Judge.me Product Reviews App,Search_EN_Features_2024.08.19,2026-02-24,2026-03-17,UTC,USD,review carrusel,amazon reviews importer,broad,5.0,0,0,0.0,0,0.0,0.0,0.0,0.0,0.0,0.0,,,,,
Judge.me Product Reviews App,Search_EN_Features_2024.08.19,2026-02-24,2026-03-17,UTC,USD,review carroussel,amazon reviews importer,broad,5.0,0,0,0.0,0,0.0,0.0,0.0,0.0,0.0,0.0,,,,,
Judge.me Product Reviews App,Search_EN_Features_2024.08.19,2026-02-24,2026-03-17,UTC,USD,review carrousel,amazon reviews importer,broad,5.0,0,0,0.0,0,0.0,0.0,0.0,0.0,0.0,0.0,,,,,
Judge.me Product Reviews App,Search_EN_Features_2024.08.19,2026-02-24,2026-03-17,UTC,USD,review box,amazon reviews importer,broad,5.0,0,0,0.0,0,0.0,0.0,0.0,0.0,0.0,0.0,,,,,
Judge.me Product Reviews App,Search_EN_Features_2024.08.19,2026-02-24,2026-03-17,UTC,USD,review book,amazon reviews importer,broad,5.0,0,0,0.0,0,0.0,0.0,0.0,0.0,0.0,0.0,,,,,
Judge.me Product Reviews App,Search_EN_Features_2024.08.19,2026-02-24,2026-03-17,UTC,USD,review blocks,amazon reviews importer,broad,5.0,0,0,0.0,0,0.0,0.0,0.0,0.0,0.0,0.0,,,,,
Judge.me Product Reviews App,Search_EN_Features_2024.08.19,2026-02-24,2026-03-17,UTC,USD,review bit,amazon reviews importer,broad,5.0,0,0,0.0,0,0.0,0.0,0.0,0.0,0.0,0.0,,,,,
Judge.me Product Reviews App,Search_EN_Features_2024.08.19,2026-02-24,2026-03-17,UTC,USD,review bar,amazon reviews importer,broad,5.0,0,0,0.0,0,0.0,0.0,0.0,0.0,0.0,0.0,,,,,
Judge.me Product Reviews App,Search_EN_Features_2024.08.19,2026-02-24,2026-03-17,UTC,USD,review bage,amazon reviews importer,broad,5.0,0,0,0.0,0,0.0,0.0,0.0,0.0,0.0,0.0,,,,,
Judge.me Product Reviews App,Search_EN_Features_2024.08.19,2026-02-24,2026-03-17,UTC,USD,review badge,amazon reviews importer,broad,5.0,0,0,0.0,0,0.0,0.0,0.0,0.0,0.0,0.0,,,,,
Judge.me Product Reviews App,Search_EN_Features_2024.08.19,2026-02-24,2026-03-17,UTC,USD,review automation,amazon reviews importer,broad,5.0,0,0,0.0,0,0.0,0.0,0.0,0.0,0.0,0.0,,,,,
Judge.me Product Reviews App,Search_EN_Features_2024.08.19,2026-02-24,2026-03-17,UTC,USD,review attributes,amazon reviews importer,broad,5.0,0,0,0.0,0,0.0,0.0,0.0,0.0,0.0,0.0,,,,,
Judge.me Product Reviews App,Search_EN_Features_2024.08.19,2026-02-24,2026-03-17,UTC,USD,review aps,amazon reviews importer,broad,5.0,0,0,0.0,0,0.0,0.0,0.0,0.0,0.0,0.0,,,,,
Judge.me Product Reviews App,Search_EN_Features_2024.08.19,2026-02-24,2026-03-17,UTC,USD,review apps for electronics sellers,amazon reviews importer,broad,5.0,0,0,0.0,0,0.0,0.0,0.0,0.0,0.0,0.0,,,,,
Judge.me Product Reviews App,Search_EN_Features_2024.08.19,2026-02-24,2026-03-17,UTC,USD,review application,amazon reviews importer,broad,5.0,0,0,0.0,0,0.0,0.0,0.0,0.0,0.0,0.0,,,,,
Judge.me Product Reviews App,Search_EN_Features_2024.08.19,2026-02-24,2026-03-17,UTC,USD,review appa,amazon reviews importer,broad,5.0,0,0,0.0,0,0.0,0.0,0.0,0.0,0.0,0.0,,,,,
Judge.me Product Reviews App,Search_EN_Features_2024.08.19,2026-02-24,2026-03-17,UTC,USD,review app sopify free,amazon reviews importer,broad,5.0,0,0,0.0,0,0.0,0.0,0.0,0.0,0.0,0.0,,,,,
Judge.me Product Reviews App,Search_EN_Features_2024.08.19,2026-02-24,2026-03-17,UTC,USD,review app sopify,amazon reviews importer,broad,5.0,0,0,0.0,0,0.0,0.0,0.0,0.0,0.0,0.0,,,,,
Judge.me Product Reviews App,Search_EN_Features_2024.08.19,2026-02-24,2026-03-17,UTC,USD,review app on products,amazon reviews importer,broad,5.0,0,0,0.0,0,0.0,0.0,0.0,0.0,0.0,0.0,,,,,
Judge.me Product Reviews App,Search_EN_Features_2024.08.19,2026-02-24,2026-03-17,UTC,USD,review app judge me,amazon reviews importer,broad,5.0,0,0,0.0,0,0.0,0.0,0.0,0.0,0.0,0.0,,,,,
Judge.me Product Reviews App,Search_EN_Features_2024.08.19,2026-02-24,2026-03-17,UTC,USD,review app ia,amazon reviews importer,broad,5.0,0,0,0.0,0,0.0,0.0,0.0,0.0,0.0,0.0,,,,,
Judge.me Product Reviews App,Search_EN_Features_2024.08.19,2026-02-24,2026-03-17,UTC,USD,review app contains amazon,amazon reviews importer,broad,5.0,0,0,0.0,0,0.0,0.0,0.0,0.0,0.0,0.0,,,,,
Judge.me Product Reviews App,Search_EN_Features_2024.08.19,2026-02-24,2026-03-17,UTC,USD,review app block,amazon reviews importer,broad,5.0,0,0,0.0,0,0.0,0.0,0.0,0.0,0.0,0.0,,,,,
Judge.me Product Reviews App,Search_EN_Features_2024.08.19,2026-02-24,2026-03-17,UTC,USD,review and seo,amazon reviews importer,broad,5.0,0,0,0.0,0,0.0,0.0,0.0,0.0,0.0,0.0,,,,,
Judge.me Product Reviews App,Search_EN_Features_2024.08.19,2026-02-24,2026-03-17,UTC,USD,review and royalty,amazon reviews importer,broad,5.0,0,0,0.0,0,0.0,0.0,0.0,0.0,0.0,0.0,,,,,
Judge.me Product Reviews App,Search_EN_Features_2024.08.19,2026-02-24,2026-03-17,UTC,USD,review and rewards,amazon reviews importer,broad,5.0,0,0,0.0,0,0.0,0.0,0.0,0.0,0.0,0.0,,,,,
Judge.me Product Reviews App,Search_EN_Features_2024.08.19,2026-02-24,2026-03-17,UTC,USD,review and post purchase,amazon reviews importer,broad,5.0,0,0,0.0,0,0.0,0.0,0.0,0.0,0.0,0.0,,,,,
Judge.me Product Reviews App,Search_EN_Features_2024.08.19,2026-02-24,2026-03-17,UTC,USD,review and loyalty,amazon reviews importer,broad,5.0,0,0,0.0,0,0.0,0.0,0.0,0.0,0.0,0.0,,,,,
Judge.me Product Reviews App,Search_EN_Features_2024.08.19,2026-02-24,2026-03-17,UTC,USD,review alibaba,amazon reviews importer,broad,5.0,0,0,0.0,0,0.0,0.0,0.0,0.0,0.0,0.0,,,,,
Judge.me Product Reviews App,Search_EN_Features_2024.08.19,2026-02-24,2026-03-17,UTC,USD,review ai,amazon reviews importer,broad,5.0,0,0,0.0,0,0.0,0.0,0.0,0.0,0.0,0.0,,,,,
Judge.me Product Reviews App,Search_EN_Features_2024.08.19,2026-02-24,2026-03-17,UTC,USD,review aggregation ai summary,amazon reviews importer,broad,5.0,0,0,0.0,0,0.0,0.0,0.0,0.0,0.0,0.0,,,,,
Judge.me Product Reviews App,Search_EN_Features_2024.08.19,2026-02-24,2026-03-17,UTC,USD,review + proff,amazon reviews importer,broad,5.0,0,0,0.0,0,0.0,0.0,0.0,0.0,0.0,0.0,,,,,
Judge.me Product Reviews App,Search_EN_Features_2024.08.19,2026-02-24,2026-03-17,UTC,USD,review & reward,amazon reviews importer,broad,5.0,0,0,0.0,0,0.0,0.0,0.0,0.0,0.0,0.0,,,,,
Judge.me Product Reviews App,Search_EN_Features_2024.08.19,2026-02-24,2026-03-17,UTC,USD,revies from amazon,amazon reviews importer,broad,5.0,0,0,0.0,0,0.0,0.0,0.0,0.0,0.0,0.0,,,,,
Judge.me Product Reviews App,Search_EN_Features_2024.08.19,2026-02-24,2026-03-17,UTC,USD,revie: reviews po whatsapp,amazon reviews importer,broad,5.0,0,0,0.0,0,0.0,0.0,0.0,0.0,0.0,0.0,,,,,
Judge.me Product Reviews App,Search_EN_Features_2024.08.19,2026-02-24,2026-03-17,UTC,USD,revi reviews,amazon reviews importer,broad,5.0,0,0,0.0,0,0.0,0.0,0.0,0.0,0.0,0.0,,,,,
Judge.me Product Reviews App,Search_EN_Features_2024.08.19,2026-02-24,2026-03-17,UTC,USD,revi review,amazon reviews importer,broad,5.0,0,0,0.0,0,0.0,0.0,0.0,0.0,0.0,0.0,,,,,
Judge.me Product Reviews App,Search_EN_Features_2024.08.19,2026-02-24,2026-03-17,UTC,USD,resmi shopify product reviews,amazon reviews importer,broad,5.0,0,0,0.0,0,0.0,0.0,0.0,0.0,0.0,0.0,,,,,
Judge.me Product Reviews App,Search_EN_Features_2024.08.19,2026-02-24,2026-03-17,UTC,USD,resenasair product reviews,amazon reviews importer,broad,5.0,0,0,0.0,0,0.0,0.0,0.0,0.0,0.0,0.0,,,,,
Judge.me Product Reviews App,Search_EN_Features_2024.08.19,2026-02-24,2026-03-17,UTC,USD,resenas amazon,amazon reviews importer,broad,5.0,0,0,0.0,0,0.0,0.0,0.0,0.0,0.0,0.0,,,,,
Judge.me Product Reviews App,Search_EN_Features_2024.08.19,2026-02-24,2026-03-17,UTC,USD,request review whatsapp,amazon reviews importer,broad,5.0,0,0,0.0,0,0.0,0.0,0.0,0.0,0.0,0.0,,,,,
Judge.me Product Reviews App,Search_EN_Features_2024.08.19,2026-02-24,2026-03-17,UTC,USD,reputon store reviews,amazon reviews importer,broad,5.0,0,0,0.0,0,0.0,0.0,0.0,0.0,0.0,0.0,,,,,
Judge.me Product Reviews App,Search_EN_Features_2024.08.19,2026-02-24,2026-03-17,UTC,USD,reputon reviews,amazon reviews importer,broad,5.0,0,0,0.0,0,0.0,0.0,0.0,0.0,0.0,0.0,,,,,
Judge.me Product Reviews App,Search_EN_Features_2024.08.19,2026-02-24,2026-03-17,UTC,USD,reputon review,amazon reviews importer,broad,5.0,0,0,0.0,0,0.0,0.0,0.0,0.0,0.0,0.0,,,,,
Judge.me Product Reviews App,Search_EN_Features_2024.08.19,2026-02-24,2026-03-17,UTC,USD,reputon google reviews widget,amazon reviews importer,broad,5.0,0,0,0.0,0,0.0,0.0,0.0,0.0,0.0,0.0,,,,,
Judge.me Product Reviews App,Search_EN_Features_2024.08.19,2026-02-24,2026-03-17,UTC,USD,reputon google reviews a,amazon reviews importer,broad,5.0,0,0,0.0,0,0.0,0.0,0.0,0.0,0.0,0.0,,,,,
Judge.me Product Reviews App,Search_EN_Features_2024.08.19,2026-02-24,2026-03-17,UTC,USD,reputon google review,amazon reviews importer,broad,5.0,0,0,0.0,0,0.0,0.0,0.0,0.0,0.0,0.0,,,,,
Judge.me Product Reviews App,Search_EN_Features_2024.08.19,2026-02-24,2026-03-17,UTC,USD,reputon google & shopify reviews,amazon reviews importer,broad,5.0,0,0,0.0,0,0.0,0.0,0.0,0.0,0.0,0.0,,,,,
Judge.me Product Reviews App,Search_EN_Features_2024.08.19,2026-02-24,2026-03-17,UTC,USD,reputon ebay reviews,amazon reviews importer,broad,5.0,0,0,0.0,0,0.0,0.0,0.0,0.0,0.0,0.0,,,,,
Judge.me Product Reviews App,Search_EN_Features_2024.08.19,2026-02-24,2026-03-17,UTC,USD,reputon customer reviews,amazon reviews importer,broad,5.0,0,0,0.0,0,0.0,0.0,0.0,0.0,0.0,0.0,,,,,
Judge.me Product Reviews App,Search_EN_Features_2024.08.19,2026-02-24,2026-03-17,UTC,USD,reputon amazon reviews,amazon reviews importer,broad,5.0,0,0,0.0,0,0.0,0.0,0.0,0.0,0.0,0.0,,,,,
Judge.me Product Reviews App,Search_EN_Features_2024.08.19,2026-02-24,2026-03-17,UTC,USD,reputon ? google reviews widget,amazon reviews importer,broad,5.0,0,0,0.0,0,0.0,0.0,0.0,0.0,0.0,0.0,,,,,
Judge.me Product Reviews App,Search_EN_Features_2024.08.19,2026-02-24,2026-03-17,UTC,USD,reputon ? google reviews,amazon reviews importer,broad,5.0,0,0,0.0,0,0.0,0.0,0.0,0.0,0.0,0.0,,,,,
Judge.me Product Reviews App,Search_EN_Features_2024.08.19,2026-02-24,2026-03-17,UTC,USD,repution google reviews,amazon reviews importer,broad,5.0,0,0,0.0,0,0.0,0.0,0.0,0.0,0.0,0.0,,,,,
Judge.me Product Reviews App,Search_EN_Features_2024.08.19,2026-02-24,2026-03-17,UTC,USD,reputable review apps,amazon reviews importer,broad,5.0,0,0,0.0,0,0.0,0.0,0.0,0.0,0.0,0.0,,,,,
Judge.me Product Reviews App,Search_EN_Features_2024.08.19,2026-02-24,2026-03-17,UTC,USD,repocean google reviews,amazon reviews importer,broad,5.0,0,0,0.0,0,0.0,0.0,0.0,0.0,0.0,0.0,,,,,
Judge.me Product Reviews App,Search_EN_Features_2024.08.19,2026-02-24,2026-03-17,UTC,USD,reply to review,amazon reviews importer,broad,5.0,0,0,0.0,0,0.0,0.0,0.0,0.0,0.0,0.0,,,,,
Judge.me Product Reviews App,Search_EN_Features_2024.08.19,2026-02-24,2026-03-17,UTC,USD,remove amazon pay,amazon reviews importer,broad,5.0,0,0,0.0,0,0.0,0.0,0.0,0.0,0.0,0.0,,,,,
Judge.me Product Reviews App,Search_EN_Features_2024.08.19,2026-02-24,2026-03-17,UTC,USD,"recherche ""product review",amazon reviews importer,broad,5.0,0,0,0.0,0,0.0,0.0,0.0,0.0,0.0,0.0,,,,,
Judge.me Product Reviews App,Search_EN_Features_2024.08.19,2026-02-24,2026-03-17,UTC,USD,recensioni amazon,amazon reviews importer,broad,5.0,0,0,0.0,0,0.0,0.0,0.0,0.0,0.0,0.0,,,,,
Judge.me Product Reviews App,Search_EN_Features_2024.08.19,2026-02-24,2026-03-17,UTC,USD,rave reviews,amazon reviews importer,broad,5.0,0,0,0.0,0,0.0,0.0,0.0,0.0,0.0,0.0,,,,,
Judge.me Product Reviews App,Search_EN_Features_2024.08.19,2026-02-24,2026-03-17,UTC,USD,rattings reviews,amazon reviews importer,broad,5.0,0,0,0.0,0,0.0,0.0,0.0,0.0,0.0,0.0,,,,,
Judge.me Product Reviews App,Search_EN_Features_2024.08.19,2026-02-24,2026-03-17,UTC,USD,ratings and review,amazon reviews importer,broad,5.0,0,0,0.0,0,0.0,0.0,0.0,0.0,0.0,0.0,,,,,
Judge.me Product Reviews App,Search_EN_Features_2024.08.19,2026-02-24,2026-03-17,UTC,USD,ratings & reviews,amazon reviews importer,broad,5.0,0,0,0.0,0,0.0,0.0,0.0,0.0,0.0,0.0,,,,,
Judge.me Product Reviews App,Search_EN_Features_2024.08.19,2026-02-24,2026-03-17,UTC,USD,rating?widget: 5?star reviews,amazon reviews importer,broad,5.0,0,0,0.0,0,0.0,0.0,0.0,0.0,0.0,0.0,,,,,
Judge.me Product Reviews App,Search_EN_Features_2024.08.19,2026-02-24,2026-03-17,UTC,USD,rating review app,amazon reviews importer,broad,5.0,0,0,0.0,0,0.0,0.0,0.0,0.0,0.0,0.0,,,,,
Judge.me Product Reviews App,Search_EN_Features_2024.08.19,2026-02-24,2026-03-17,UTC,USD,ratify product review app,amazon reviews importer,broad,5.0,0,0,0.0,0,0.0,0.0,0.0,0.0,0.0,0.0,,,,,
Judge.me Product Reviews App,Search_EN_Features_2024.08.19,2026-02-24,2026-03-17,UTC,USD,rate and review,amazon reviews importer,broad,5.0,0,0,0.0,0,0.0,0.0,0.0,0.0,0.0,0.0,,,,,
Judge.me Product Reviews App,Search_EN_Features_2024.08.19,2026-02-24,2026-03-17,UTC,USD,rapid reviews,amazon reviews importer,broad,5.0,0,0,0.0,0,0.0,0.0,0.0,0.0,0.0,0.0,,,,,
Judge.me Product Reviews App,Search_EN_Features_2024.08.19,2026-02-24,2026-03-17,UTC,USD,ra reviews (ra trustvox),amazon reviews importer,broad,5.0,0,0,0.0,0,0.0,0.0,0.0,0.0,0.0,0.0,,,,,
Judge.me Product Reviews App,Search_EN_Features_2024.08.19,2026-02-24,2026-03-17,UTC,USD,quoli review,amazon reviews importer,broad,5.0,0,0,0.0,0,0.0,0.0,0.0,0.0,0.0,0.0,,,,,
Judge.me Product Reviews App,Search_EN_Features_2024.08.19,2026-02-24,2026-03-17,UTC,USD,quick amazon impoter,amazon reviews importer,broad,5.0,0,0,0.0,0,0.0,0.0,0.0,0.0,0.0,0.0,,,,,
Judge.me Product Reviews App,Search_EN_Features_2024.08.19,2026-02-24,2026-03-17,UTC,USD,quick amazon import,amazon reviews importer,broad,5.0,0,0,0.0,0,0.0,0.0,0.0,0.0,0.0,0.0,,,,,
Judge.me Product Reviews App,Search_EN_Features_2024.08.19,2026-02-24,2026-03-17,UTC,USD,qr code generator for reviews,amazon reviews importer,broad,5.0,0,0,0.0,0,0.0,0.0,0.0,0.0,0.0,0.0,,,,,
Judge.me Product Reviews App,Search_EN_Features_2024.08.19,2026-02-24,2026-03-17,UTC,USD,qr code for reviews,amazon reviews importer,broad,5.0,0,0,0.0,0,0.0,0.0,0.0,0.0,0.0,0.0,,,,,
Judge.me Product Reviews App,Search_EN_Features_2024.08.19,2026-02-24,2026-03-17,UTC,USD,purchase amazon,amazon reviews importer,broad,5.0,0,0,0.0,0,0.0,0.0,0.0,0.0,0.0,0.0,,,,,
Judge.me Product Reviews App,Search_EN_Features_2024.08.19,2026-02-24,2026-03-17,UTC,USD,pulse reviews,amazon reviews importer,broad,5.0,0,0,0.0,0,0.0,0.0,0.0,0.0,0.0,0.0,,,,,
Judge.me Product Reviews App,Search_EN_Features_2024.08.19,2026-02-24,2026-03-17,UTC,USD,produkt reviews,amazon reviews importer,broad,5.0,0,0,0.0,0,0.0,0.0,0.0,0.0,0.0,0.0,,,,,
Judge.me Product Reviews App,Search_EN_Features_2024.08.19,2026-02-24,2026-03-17,UTC,USD,produkt review,amazon reviews importer,broad,5.0,0,0,0.0,0,0.0,0.0,0.0,0.0,0.0,0.0,,,,,
Judge.me Product Reviews App,Search_EN_Features_2024.08.19,2026-02-24,2026-03-17,UTC,USD,products reviews section,amazon reviews importer,broad,5.0,0,0,0.0,0,0.0,0.0,0.0,0.0,0.0,0.0,,,,,
Judge.me Product Reviews App,Search_EN_Features_2024.08.19,2026-02-24,2026-03-17,UTC,USD,products reviews,amazon reviews importer,broad,5.0,0,0,0.0,0,0.0,0.0,0.0,0.0,0.0,0.0,,,,,
Judge.me Product Reviews App,Search_EN_Features_2024.08.19,2026-02-24,2026-03-17,UTC,USD,products review by sh,amazon reviews importer,broad,5.0,0,0,0.0,0,0.0,0.0,0.0,0.0,0.0,0.0,,,,,
Judge.me Product Reviews App,Search_EN_Features_2024.08.19,2026-02-24,2026-03-17,UTC,USD,products review app,amazon reviews importer,broad,5.0,0,0,0.0,0,0.0,0.0,0.0,0.0,0.0,0.0,,,,,
Judge.me Product Reviews App,Search_EN_Features_2024.08.19,2026-02-24,2026-03-17,UTC,USD,products review,amazon reviews importer,broad,5.0,0,0,0.0,0,0.0,0.0,0.0,0.0,0.0,0.0,,,,,
Judge.me Product Reviews App,Search_EN_Features_2024.08.19,2026-02-24,2026-03-17,UTC,USD,productr reviews,amazon reviews importer,broad,5.0,0,0,0.0,0,0.0,0.0,0.0,0.0,0.0,0.0,,,,,
Judge.me Product Reviews App,Search_EN_Features_2024.08.19,2026-02-24,2026-03-17,UTC,USD,productos amazon,amazon reviews importer,broad,5.0,0,0,0.0,0,0.0,0.0,0.0,0.0,0.0,0.0,,,,,
Judge.me Product Reviews App,Search_EN_Features_2024.08.19,2026-02-24,2026-03-17,UTC,USD,product-reviews,amazon reviews importer,broad,5.0,0,0,0.0,0,0.0,0.0,0.0,0.0,0.0,0.0,,,,,
Judge.me Product Reviews App,Search_EN_Features_2024.08.19,2026-02-24,2026-03-17,UTC,USD,product share and review,amazon reviews importer,broad,5.0,0,0,0.0,0,0.0,0.0,0.0,0.0,0.0,0.0,,,,,
Judge.me Product Reviews App,Search_EN_Features_2024.08.19,2026-02-24,2026-03-17,UTC,USD,product reviews``,amazon reviews importer,broad,5.0,0,0,0.0,0,0.0,0.0,0.0,0.0,0.0,0.0,,,,,
Judge.me Product Reviews App,Search_EN_Features_2024.08.19,2026-02-24,2026-03-17,UTC,USD,product reviews/,amazon reviews importer,broad,5.0,0,0,0.0,0,0.0,0.0,0.0,0.0,0.0,0.0,,,,,
Judge.me Product Reviews App,Search_EN_Features_2024.08.19,2026-02-24,2026-03-17,UTC,USD,product reviews? (by shopify),amazon reviews importer,broad,5.0,0,0,0.0,0,0.0,0.0,0.0,0.0,0.0,0.0,,,,,
Judge.me Product Reviews App,Search_EN_Features_2024.08.19,2026-02-24,2026-03-17,UTC,USD,product reviews-squadkin,amazon reviews importer,broad,5.0,0,0,0.0,0,0.0,0.0,0.0,0.0,0.0,0.0,,,,,
Judge.me Product Reviews App,Search_EN_Features_2024.08.19,2026-02-24,2026-03-17,UTC,USD,product reviews- trustwill,amazon reviews importer,broad,5.0,0,0,0.0,0,0.0,0.0,0.0,0.0,0.0,0.0,,,,,
Judge.me Product Reviews App,Search_EN_Features_2024.08.19,2026-02-24,2026-03-17,UTC,USD,product reviews with photo pro,amazon reviews importer,broad,5.0,0,0,0.0,0,0.0,0.0,0.0,0.0,0.0,0.0,,,,,
Judge.me Product Reviews App,Search_EN_Features_2024.08.19,2026-02-24,2026-03-17,UTC,USD,product reviews wid,amazon reviews importer,broad,5.0,0,0,0.0,0,0.0,0.0,0.0,0.0,0.0,0.0,,,,,
Judge.me Product Reviews App,Search_EN_Features_2024.08.19,2026-02-24,2026-03-17,UTC,USD,product reviews vy shopify,amazon reviews importer,broad,5.0,0,0,0.0,0,0.0,0.0,0.0,0.0,0.0,0.0,,,,,
Judge.me Product Reviews App,Search_EN_Features_2024.08.19,2026-02-24,2026-03-17,UTC,USD,product reviews video testimonials,amazon reviews importer,broad,5.0,0,0,0.0,0,0.0,0.0,0.0,0.0,0.0,0.0,,,,,
Judge.me Product Reviews App,Search_EN_Features_2024.08.19,2026-02-24,2026-03-17,UTC,USD,product reviews tydal,amazon reviews importer,broad,5.0,0,0,0.0,0,0.0,0.0,0.0,0.0,0.0,0.0,,,,,
Judge.me Product Reviews App,Search_EN_Features_2024.08.19,2026-02-24,2026-03-17,UTC,USD,product reviews trustoo ai,amazon reviews importer,broad,5.0,0,0,0.0,0,0.0,0.0,0.0,0.0,0.0,0.0,,,,,
Judge.me Product Reviews App,Search_EN_Features_2024.08.19,2026-02-24,2026-03-17,UTC,USD,product reviews trustoo,amazon reviews importer,broad,5.0,0,0,0.0,0,0.0,0.0,0.0,0.0,0.0,0.0,,,,,
Judge.me Product Reviews App,Search_EN_Features_2024.08.19,2026-02-24,2026-03-17,UTC,USD,product reviews star rating,amazon reviews importer,broad,5.0,0,0,0.0,0,0.0,0.0,0.0,0.0,0.0,0.0,,,,,
Judge.me Product Reviews App,Search_EN_Features_2024.08.19,2026-02-24,2026-03-17,UTC,USD,product reviews squadkin,amazon reviews importer,broad,5.0,0,0,0.0,0,0.0,0.0,0.0,0.0,0.0,0.0,,,,,
Judge.me Product Reviews App,Search_EN_Features_2024.08.19,2026-02-24,2026-03-17,UTC,USD,product reviews shopify official,amazon reviews importer,broad,5.0,0,0,0.0,0,0.0,0.0,0.0,0.0,0.0,0.0,,,,,
Judge.me Product Reviews App,Search_EN_Features_2024.08.19,2026-02-24,2026-03-17,UTC,USD,product reviews shopify,amazon reviews importer,broad,5.0,0,0,0.0,0,0.0,0.0,0.0,0.0,0.0,0.0,,,,,
Judge.me Product Reviews App,Search_EN_Features_2024.08.19,2026-02-24,2026-03-17,UTC,USD,product reviews schema,amazon reviews importer,broad,5.0,0,0,0.0,0,0.0,0.0,0.0,0.0,0.0,0.0,,,,,
Judge.me Product Reviews App,Search_EN_Features_2024.08.19,2026-02-24,2026-03-17,UTC,USD,product reviews ratings,amazon reviews importer,broad,5.0,0,0,0.0,0,0.0,0.0,0.0,0.0,0.0,0.0,,,,,
Judge.me Product Reviews App,Search_EN_Features_2024.08.19,2026-02-24,2026-03-17,UTC,USD,product reviews photos,amazon reviews importer,broad,5.0,0,0,0.0,0,0.0,0.0,0.0,0.0,0.0,0.0,,,,,
Judge.me Product Reviews App,Search_EN_Features_2024.08.19,2026-02-24,2026-03-17,UTC,USD,product reviews on product page,amazon reviews importer,broad,5.0,0,0,0.0,0,0.0,0.0,0.0,0.0,0.0,0.0,,,,,
Judge.me Product Reviews App,Search_EN_Features_2024.08.19,2026-02-24,2026-03-17,UTC,USD,product reviews klaviyo,amazon reviews importer,broad,5.0,0,0,0.0,0,0.0,0.0,0.0,0.0,0.0,0.0,,,,,
Judge.me Product Reviews App,Search_EN_Features_2024.08.19,2026-02-24,2026-03-17,UTC,USD,product reviews judge.me,amazon reviews importer,broad,5.0,0,0,0.0,0,0.0,0.0,0.0,0.0,0.0,0.0,,,,,
Judge.me Product Reviews App,Search_EN_Features_2024.08.19,2026-02-24,2026-03-17,UTC,USD,product reviews ia,amazon reviews importer,broad,5.0,0,0,0.0,0,0.0,0.0,0.0,0.0,0.0,0.0,,,,,
Judge.me Product Reviews App,Search_EN_Features_2024.08.19,2026-02-24,2026-03-17,UTC,USD,product reviews google,amazon reviews importer,broad,5.0,0,0,0.0,0,0.0,0.0,0.0,0.0,0.0,0.0,,,,,
Judge.me Product Reviews App,Search_EN_Features_2024.08.19,2026-02-24,2026-03-17,UTC,USD,product reviews germany,amazon reviews importer,broad,5.0,0,0,0.0,0,0.0,0.0,0.0,0.0,0.0,0.0,,,,,
Judge.me Product Reviews App,Search_EN_Features_2024.08.19,2026-02-24,2026-03-17,UTC,USD,product reviews from temu,amazon reviews importer,broad,5.0,0,0,0.0,0,0.0,0.0,0.0,0.0,0.0,0.0,,,,,
Judge.me Product Reviews App,Search_EN_Features_2024.08.19,2026-02-24,2026-03-17,UTC,USD,product reviews for product pages,amazon reviews importer,broad,5.0,0,0,0.0,0,0.0,0.0,0.0,0.0,0.0,0.0,,,,,
Judge.me Product Reviews App,Search_EN_Features_2024.08.19,2026-02-24,2026-03-17,UTC,USD,product reviews by shopiy,amazon reviews importer,broad,5.0,0,0,0.0,0,0.0,0.0,0.0,0.0,0.0,0.0,,,,,
Judge.me Product Reviews App,Search_EN_Features_2024.08.19,2026-02-24,2026-03-17,UTC,USD,product reviews by shopify official shopify app,amazon reviews importer,broad,5.0,0,0,0.0,0,0.0,0.0,0.0,0.0,0.0,0.0,,,,,
Judge.me Product Reviews App,Search_EN_Features_2024.08.19,2026-02-24,2026-03-17,UTC,USD,product reviews by shopify free,amazon reviews importer,broad,5.0,0,0,0.0,0,0.0,0.0,0.0,0.0,0.0,0.0,,,,,
Judge.me Product Reviews App,Search_EN_Features_2024.08.19,2026-02-24,2026-03-17,UTC,USD,product reviews by shopif,amazon reviews importer,broad,5.0,0,0,0.0,0,0.0,0.0,0.0,0.0,0.0,0.0,,,,,
Judge.me Product Reviews App,Search_EN_Features_2024.08.19,2026-02-24,2026-03-17,UTC,USD,product reviews by shopi,amazon reviews importer,broad,5.0,0,0,0.0,0,0.0,0.0,0.0,0.0,0.0,0.0,,,,,
Judge.me Product Reviews App,Search_EN_Features_2024.08.19,2026-02-24,2026-03-17,UTC,USD,product reviews by shop,amazon reviews importer,broad,5.0,0,0,0.0,0,0.0,0.0,0.0,0.0,0.0,0.0,,,,,
Judge.me Product Reviews App,Search_EN_Features_2024.08.19,2026-02-24,2026-03-17,UTC,USD,product reviews by powr.io,amazon reviews importer,broad,5.0,0,0,0.0,0,0.0,0.0,0.0,0.0,0.0,0.0,,,,,
Judge.me Product Reviews App,Search_EN_Features_2024.08.19,2026-02-24,2026-03-17,UTC,USD,product reviews by powr,amazon reviews importer,broad,5.0,0,0,0.0,0,0.0,0.0,0.0,0.0,0.0,0.0,,,,,
Judge.me Product Reviews App,Search_EN_Features_2024.08.19,2026-02-24,2026-03-17,UTC,USD,product reviews by appio,amazon reviews importer,broad,5.0,0,0,0.0,0,0.0,0.0,0.0,0.0,0.0,0.0,,,,,
Judge.me Product Reviews App,Search_EN_Features_2024.08.19,2026-02-24,2026-03-17,UTC,USD,product reviews apps',amazon reviews importer,broad,5.0,0,0,0.0,0,0.0,0.0,0.0,0.0,0.0,0.0,,,,,
Judge.me Product Reviews App,Search_EN_Features_2024.08.19,2026-02-24,2026-03-17,UTC,USD,product reviews apps,amazon reviews importer,broad,5.0,0,0,0.0,0,0.0,0.0,0.0,0.0,0.0,0.0,,,,,
Judge.me Product Reviews App,Search_EN_Features_2024.08.19,2026-02-24,2026-03-17,UTC,USD,product reviews ap,amazon reviews importer,broad,5.0,0,0,0.0,0,0.0,0.0,0.0,0.0,0.0,0.0,,,,,
Judge.me Product Reviews App,Search_EN_Features_2024.08.19,2026-02-24,2026-03-17,UTC,USD,product reviews and video,amazon reviews importer,broad,5.0,0,0,0.0,0,0.0,0.0,0.0,0.0,0.0,0.0,,,,,
Judge.me Product Reviews App,Search_EN_Features_2024.08.19,2026-02-24,2026-03-17,UTC,USD,product reviews and rewards,amazon reviews importer,broad,5.0,0,0,0.0,0,0.0,0.0,0.0,0.0,0.0,0.0,,,,,
Judge.me Product Reviews App,Search_EN_Features_2024.08.19,2026-02-24,2026-03-17,UTC,USD,product reviews amazon,amazon reviews importer,broad,5.0,0,0,0.0,0,0.0,0.0,0.0,0.0,0.0,0.0,,,,,
Judge.me Product Reviews App,Search_EN_Features_2024.08.19,2026-02-24,2026-03-17,UTC,USD,product reviews aliexpress,amazon reviews importer,broad,5.0,0,0,0.0,0,0.0,0.0,0.0,0.0,0.0,0.0,,,,,
Judge.me Product Reviews App,Search_EN_Features_2024.08.19,2026-02-24,2026-03-17,UTC,USD,product reviews a,amazon reviews importer,broad,5.0,0,0,0.0,0,0.0,0.0,0.0,0.0,0.0,0.0,,,,,
Judge.me Product Reviews App,Search_EN_Features_2024.08.19,2026-02-24,2026-03-17,UTC,USD,product reviews 3,amazon reviews importer,broad,5.0,0,0,0.0,0,0.0,0.0,0.0,0.0,0.0,0.0,,,,,
Judge.me Product Reviews App,Search_EN_Features_2024.08.19,2026-02-24,2026-03-17,UTC,USD,product reviews & photos,amazon reviews importer,broad,5.0,0,0,0.0,0,0.0,0.0,0.0,0.0,0.0,0.0,,,,,
Judge.me Product Reviews App,Search_EN_Features_2024.08.19,2026-02-24,2026-03-17,UTC,USD,product reviews (shopify),amazon reviews importer,broad,5.0,0,0,0.0,0,0.0,0.0,0.0,0.0,0.0,0.0,,,,,
Judge.me Product Reviews App,Search_EN_Features_2024.08.19,2026-02-24,2026-03-17,UTC,USD,product reviews (free),amazon reviews importer,broad,5.0,0,0,0.0,0,0.0,0.0,0.0,0.0,0.0,0.0,,,,,
Judge.me Product Reviews App,Search_EN_Features_2024.08.19,2026-02-24,2026-03-17,UTC,USD,product review\,amazon reviews importer,broad,5.0,0,0,0.0,0,0.0,0.0,0.0,0.0,0.0,0.0,,,,,
Judge.me Product Reviews App,Search_EN_Features_2024.08.19,2026-02-24,2026-03-17,UTC,USD,product review/,amazon reviews importer,broad,5.0,0,0,0.0,0,0.0,0.0,0.0,0.0,0.0,0.0,,,,,
Judge.me Product Reviews App,Search_EN_Features_2024.08.19,2026-02-24,2026-03-17,UTC,USD,product review],amazon reviews importer,broad,5.0,0,0,0.0,0,0.0,0.0,0.0,0.0,0.0,0.0,,,,,
Judge.me Product Reviews App,Search_EN_Features_2024.08.19,2026-02-24,2026-03-17,UTC,USD,product review with photo,amazon reviews importer,broad,5.0,0,0,0.0,0,0.0,0.0,0.0,0.0,0.0,0.0,,,,,
Judge.me Product Reviews App,Search_EN_Features_2024.08.19,2026-02-24,2026-03-17,UTC,USD,product review trusted shops,amazon reviews importer,broad,5.0,0,0,0.0,0,0.0,0.0,0.0,0.0,0.0,0.0,,,,,
Judge.me Product Reviews App,Search_EN_Features_2024.08.19,2026-02-24,2026-03-17,UTC,USD,product review s,amazon reviews importer,broad,5.0,0,0,0.0,0,0.0,0.0,0.0,0.0,0.0,0.0,,,,,
Judge.me Product Reviews App,Search_EN_Features_2024.08.19,2026-02-24,2026-03-17,UTC,USD,product review norwegian,amazon reviews importer,broad,5.0,0,0,0.0,0,0.0,0.0,0.0,0.0,0.0,0.0,,,,,
Judge.me Product Reviews App,Search_EN_Features_2024.08.19,2026-02-24,2026-03-17,UTC,USD,product review free,amazon reviews importer,broad,5.0,0,0,0.0,0,0.0,0.0,0.0,0.0,0.0,0.0,,,,,
Judge.me Product Reviews App,Search_EN_Features_2024.08.19,2026-02-24,2026-03-17,UTC,USD,product review for shopify,amazon reviews importer,broad,5.0,0,0,0.0,0,0.0,0.0,0.0,0.0,0.0,0.0,,,,,
Judge.me Product Reviews App,Search_EN_Features_2024.08.19,2026-02-24,2026-03-17,UTC,USD,product review export,amazon reviews importer,broad,5.0,0,0,0.0,0,0.0,0.0,0.0,0.0,0.0,0.0,,,,,
Judge.me Product Reviews App,Search_EN_Features_2024.08.19,2026-02-24,2026-03-17,UTC,USD,product review enable,amazon reviews importer,broad,5.0,0,0,0.0,0,0.0,0.0,0.0,0.0,0.0,0.0,,,,,
Judge.me Product Reviews App,Search_EN_Features_2024.08.19,2026-02-24,2026-03-17,UTC,USD,product review discount,amazon reviews importer,broad,5.0,0,0,0.0,0,0.0,0.0,0.0,0.0,0.0,0.0,,,,,
Judge.me Product Reviews App,Search_EN_Features_2024.08.19,2026-02-24,2026-03-17,UTC,USD,product review apps,amazon reviews importer,broad,5.0,0,0,0.0,0,0.0,0.0,0.0,0.0,0.0,0.0,,,,,
Judge.me Product Reviews App,Search_EN_Features_2024.08.19,2026-02-24,2026-03-17,UTC,USD,product review app shopify,amazon reviews importer,broad,5.0,0,0,0.0,0,0.0,0.0,0.0,0.0,0.0,0.0,,,,,
Judge.me Product Reviews App,Search_EN_Features_2024.08.19,2026-02-24,2026-03-17,UTC,USD,product review app for themes,amazon reviews importer,broad,5.0,0,0,0.0,0,0.0,0.0,0.0,0.0,0.0,0.0,,,,,
Judge.me Product Reviews App,Search_EN_Features_2024.08.19,2026-02-24,2026-03-17,UTC,USD,product review app for free,amazon reviews importer,broad,5.0,0,0,0.0,0,0.0,0.0,0.0,0.0,0.0,0.0,,,,,
Judge.me Product Reviews App,Search_EN_Features_2024.08.19,2026-02-24,2026-03-17,UTC,USD,product review app for australia,amazon reviews importer,broad,5.0,0,0,0.0,0,0.0,0.0,0.0,0.0,0.0,0.0,,,,,
Judge.me Product Reviews App,Search_EN_Features_2024.08.19,2026-02-24,2026-03-17,UTC,USD,product review and ucg,amazon reviews importer,broad,5.0,0,0,0.0,0,0.0,0.0,0.0,0.0,0.0,0.0,,,,,
Judge.me Product Reviews App,Search_EN_Features_2024.08.19,2026-02-24,2026-03-17,UTC,USD,product review and survey app,amazon reviews importer,broad,5.0,0,0,0.0,0,0.0,0.0,0.0,0.0,0.0,0.0,,,,,
Judge.me Product Reviews App,Search_EN_Features_2024.08.19,2026-02-24,2026-03-17,UTC,USD,product review and rewards,amazon reviews importer,broad,5.0,0,0,0.0,0,0.0,0.0,0.0,0.0,0.0,0.0,,,,,
Judge.me Product Reviews App,Search_EN_Features_2024.08.19,2026-02-24,2026-03-17,UTC,USD,product review and rating apps,amazon reviews importer,broad,5.0,0,0,0.0,0,0.0,0.0,0.0,0.0,0.0,0.0,,,,,
Judge.me Product Reviews App,Search_EN_Features_2024.08.19,2026-02-24,2026-03-17,UTC,USD,product review analysis,amazon reviews importer,broad,5.0,0,0,0.0,0,0.0,0.0,0.0,0.0,0.0,0.0,,,,,
Judge.me Product Reviews App,Search_EN_Features_2024.08.19,2026-02-24,2026-03-17,UTC,USD,product review air,amazon reviews importer,broad,5.0,0,0,0.0,0,0.0,0.0,0.0,0.0,0.0,0.0,,,,,
Judge.me Product Reviews App,Search_EN_Features_2024.08.19,2026-02-24,2026-03-17,UTC,USD,product review & rewards app,amazon reviews importer,broad,5.0,0,0,0.0,0,0.0,0.0,0.0,0.0,0.0,0.0,,,,,
Judge.me Product Reviews App,Search_EN_Features_2024.08.19,2026-02-24,2026-03-17,UTC,USD,product review & rewards,amazon reviews importer,broad,5.0,0,0,0.0,0,0.0,0.0,0.0,0.0,0.0,0.0,,,,,
Judge.me Product Reviews App,Search_EN_Features_2024.08.19,2026-02-24,2026-03-17,UTC,USD,product review & qna shopify app,amazon reviews importer,broad,5.0,0,0,0.0,0,0.0,0.0,0.0,0.0,0.0,0.0,,,,,
Judge.me Product Reviews App,Search_EN_Features_2024.08.19,2026-02-24,2026-03-17,UTC,USD,product ratings and reviews,amazon reviews importer,broad,5.0,0,0,0.0,0,0.0,0.0,0.0,0.0,0.0,0.0,,,,,
Judge.me Product Reviews App,Search_EN_Features_2024.08.19,2026-02-24,2026-03-17,UTC,USD,product ratings (stars) + reviews,amazon reviews importer,broad,5.0,0,0,0.0,0,0.0,0.0,0.0,0.0,0.0,0.0,,,,,
Judge.me Product Reviews App,Search_EN_Features_2024.08.19,2026-02-24,2026-03-17,UTC,USD,product page reviews,amazon reviews importer,broad,5.0,0,0,0.0,0,0.0,0.0,0.0,0.0,0.0,0.0,,,,,
Judge.me Product Reviews App,Search_EN_Features_2024.08.19,2026-02-24,2026-03-17,UTC,USD,product page review,amazon reviews importer,broad,5.0,0,0,0.0,0,0.0,0.0,0.0,0.0,0.0,0.0,,,,,
Judge.me Product Reviews App,Search_EN_Features_2024.08.19,2026-02-24,2026-03-17,UTC,USD,product listing amazon,amazon reviews importer,broad,5.0,0,0,0.0,0,0.0,0.0,0.0,0.0,0.0,0.0,,,,,
Judge.me Product Reviews App,Search_EN_Features_2024.08.19,2026-02-24,2026-03-17,UTC,USD,product images reviews,amazon reviews importer,broad,5.0,0,0,0.0,0,0.0,0.0,0.0,0.0,0.0,0.0,,,,,
Judge.me Product Reviews App,Search_EN_Features_2024.08.19,2026-02-24,2026-03-17,UTC,USD,product google review,amazon reviews importer,broad,5.0,0,0,0.0,0,0.0,0.0,0.0,0.0,0.0,0.0,,,,,
Judge.me Product Reviews App,Search_EN_Features_2024.08.19,2026-02-24,2026-03-17,UTC,USD,product and reviews clone,amazon reviews importer,broad,5.0,0,0,0.0,0,0.0,0.0,0.0,0.0,0.0,0.0,,,,,
Judge.me Product Reviews App,Search_EN_Features_2024.08.19,2026-02-24,2026-03-17,UTC,USD,product amazon import,amazon reviews importer,broad,5.0,0,0,0.0,0,0.0,0.0,0.0,0.0,0.0,0.0,,,,,
Judge.me Product Reviews App,Search_EN_Features_2024.08.19,2026-02-24,2026-03-17,UTC,USD,pro importer for amazon,amazon reviews importer,broad,5.0,0,0,0.0,0,0.0,0.0,0.0,0.0,0.0,0.0,,,,,
Judge.me Product Reviews App,Search_EN_Features_2024.08.19,2026-02-24,2026-03-17,UTC,USD,privy reviews,amazon reviews importer,broad,5.0,0,0,0.0,0,0.0,0.0,0.0,0.0,0.0,0.0,,,,,
Judge.me Product Reviews App,Search_EN_Features_2024.08.19,2026-02-24,2026-03-17,UTC,USD,print on demand amazon,amazon reviews importer,broad,5.0,0,0,0.0,0,0.0,0.0,0.0,0.0,0.0,0.0,,,,,
Judge.me Product Reviews App,Search_EN_Features_2024.08.19,2026-02-24,2026-03-17,UTC,USD,price feed to walmart amazon,amazon reviews importer,broad,5.0,0,0,0.0,0,0.0,0.0,0.0,0.0,0.0,0.0,,,,,
Judge.me Product Reviews App,Search_EN_Features_2024.08.19,2026-02-24,2026-03-17,UTC,USD,prediko reviews,amazon reviews importer,broad,5.0,0,0,0.0,0,0.0,0.0,0.0,0.0,0.0,0.0,,,,,
Judge.me Product Reviews App,Search_EN_Features_2024.08.19,2026-02-24,2026-03-17,UTC,USD,pp - reviews,amazon reviews importer,broad,5.0,0,0,0.0,0,0.0,0.0,0.0,0.0,0.0,0.0,,,,,
Judge.me Product Reviews App,Search_EN_Features_2024.08.19,2026-02-24,2026-03-17,UTC,USD,powr reviews,amazon reviews importer,broad,5.0,0,0,0.0,0,0.0,0.0,0.0,0.0,0.0,0.0,,,,,
Judge.me Product Reviews App,Search_EN_Features_2024.08.19,2026-02-24,2026-03-17,UTC,USD,powr product reviews,amazon reviews importer,broad,5.0,0,0,0.0,0,0.0,0.0,0.0,0.0,0.0,0.0,,,,,
Judge.me Product Reviews App,Search_EN_Features_2024.08.19,2026-02-24,2026-03-17,UTC,USD,power reviews,amazon reviews importer,broad,5.0,0,0,0.0,0,0.0,0.0,0.0,0.0,0.0,0.0,,,,,
Judge.me Product Reviews App,Search_EN_Features_2024.08.19,2026-02-24,2026-03-17,UTC,USD,post-purchase review,amazon reviews importer,broad,5.0,0,0,0.0,0,0.0,0.0,0.0,0.0,0.0,0.0,,,,,
Judge.me Product Reviews App,Search_EN_Features_2024.08.19,2026-02-24,2026-03-17,UTC,USD,post reviews,amazon reviews importer,broad,5.0,0,0,0.0,0,0.0,0.0,0.0,0.0,0.0,0.0,,,,,
Judge.me Product Reviews App,Search_EN_Features_2024.08.19,2026-02-24,2026-03-17,UTC,USD,post purchase review,amazon reviews importer,broad,5.0,0,0,0.0,0,0.0,0.0,0.0,0.0,0.0,0.0,,,,,
Judge.me Product Reviews App,Search_EN_Features_2024.08.19,2026-02-24,2026-03-17,UTC,USD,pop-up reviews,amazon reviews importer,broad,5.0,0,0,0.0,0,0.0,0.0,0.0,0.0,0.0,0.0,,,,,
Judge.me Product Reviews App,Search_EN_Features_2024.08.19,2026-02-24,2026-03-17,UTC,USD,pop up customer reviews,amazon reviews importer,broad,5.0,0,0,0.0,0,0.0,0.0,0.0,0.0,0.0,0.0,,,,,
Judge.me Product Reviews App,Search_EN_Features_2024.08.19,2026-02-24,2026-03-17,UTC,USD,pointerup auth & review,amazon reviews importer,broad,5.0,0,0,0.0,0,0.0,0.0,0.0,0.0,0.0,0.0,,,,,
Judge.me Product Reviews App,Search_EN_Features_2024.08.19,2026-02-24,2026-03-17,UTC,USD,pod review,amazon reviews importer,broad,5.0,0,0,0.0,0,0.0,0.0,0.0,0.0,0.0,0.0,,,,,
Judge.me Product Reviews App,Search_EN_Features_2024.08.19,2026-02-24,2026-03-17,UTC,USD,pod + amazon sync/operations,amazon reviews importer,broad,5.0,0,0,0.0,0,0.0,0.0,0.0,0.0,0.0,0.0,,,,,
Judge.me Product Reviews App,Search_EN_Features_2024.08.19,2026-02-24,2026-03-17,UTC,USD,plugin hive for amazon shipping,amazon reviews importer,broad,5.0,0,0,0.0,0,0.0,0.0,0.0,0.0,0.0,0.0,,,,,
Judge.me Product Reviews App,Search_EN_Features_2024.08.19,2026-02-24,2026-03-17,UTC,USD,pk review,amazon reviews importer,broad,5.0,0,0,0.0,0,0.0,0.0,0.0,0.0,0.0,0.0,,,,,
Judge.me Product Reviews App,Search_EN_Features_2024.08.19,2026-02-24,2026-03-17,UTC,USD,pixels google customer reviews opt-in,amazon reviews importer,broad,5.0,0,0,0.0,0,0.0,0.0,0.0,0.0,0.0,0.0,,,,,
Judge.me Product Reviews App,Search_EN_Features_2024.08.19,2026-02-24,2026-03-17,UTC,USD,pillot product e ali reviews,amazon reviews importer,broad,5.0,0,0,0.0,0,0.0,0.0,0.0,0.0,0.0,0.0,,,,,
Judge.me Product Reviews App,Search_EN_Features_2024.08.19,2026-02-24,2026-03-17,UTC,USD,pickup delivery date & time 5.0out of 5 stars (40) 40 total reviews ?,amazon reviews importer,broad,5.0,0,0,0.0,0,0.0,0.0,0.0,0.0,0.0,0.0,,,,,
Judge.me Product Reviews App,Search_EN_Features_2024.08.19,2026-02-24,2026-03-17,UTC,USD,photo reviews free,amazon reviews importer,broad,5.0,0,0,0.0,0,0.0,0.0,0.0,0.0,0.0,0.0,,,,,
Judge.me Product Reviews App,Search_EN_Features_2024.08.19,2026-02-24,2026-03-17,UTC,USD,photo reviews,amazon reviews importer,broad,5.0,0,0,0.0,0,0.0,0.0,0.0,0.0,0.0,0.0,,,,,
Judge.me Product Reviews App,Search_EN_Features_2024.08.19,2026-02-24,2026-03-17,UTC,USD,photo review,amazon reviews importer,broad,5.0,0,0,0.0,0,0.0,0.0,0.0,0.0,0.0,0.0,,,,,
Judge.me Product Reviews App,Search_EN_Features_2024.08.19,2026-02-24,2026-03-17,UTC,USD,photo product reviews,amazon reviews importer,broad,5.0,0,0,0.0,0,0.0,0.0,0.0,0.0,0.0,0.0,,,,,
Judge.me Product Reviews App,Search_EN_Features_2024.08.19,2026-02-24,2026-03-17,UTC,USD,photo and review slider,amazon reviews importer,broad,5.0,0,0,0.0,0,0.0,0.0,0.0,0.0,0.0,0.0,,,,,
Judge.me Product Reviews App,Search_EN_Features_2024.08.19,2026-02-24,2026-03-17,UTC,USD,"perpetual inventory for shopify, ebay, discogs and amazon",amazon reviews importer,broad,5.0,0,0,0.0,0,0.0,0.0,0.0,0.0,0.0,0.0,,,,,
Judge.me Product Reviews App,Search_EN_Features_2024.08.19,2026-02-24,2026-03-17,UTC,USD,pagefly lai product reviews,amazon reviews importer,broad,5.0,0,0,0.0,0,0.0,0.0,0.0,0.0,0.0,0.0,,,,,
Judge.me Product Reviews App,Search_EN_Features_2024.08.19,2026-02-24,2026-03-17,UTC,USD,page reviews,amazon reviews importer,broad,5.0,0,0,0.0,0,0.0,0.0,0.0,0.0,0.0,0.0,,,,,
Judge.me Product Reviews App,Search_EN_Features_2024.08.19,2026-02-24,2026-03-17,UTC,USD,page review,amazon reviews importer,broad,5.0,0,0,0.0,0,0.0,0.0,0.0,0.0,0.0,0.0,,,,,
Judge.me Product Reviews App,Search_EN_Features_2024.08.19,2026-02-24,2026-03-17,UTC,USD,our reviews,amazon reviews importer,broad,5.0,0,0,0.0,0,0.0,0.0,0.0,0.0,0.0,0.0,,,,,
Judge.me Product Reviews App,Search_EN_Features_2024.08.19,2026-02-24,2026-03-17,UTC,USD,order review,amazon reviews importer,broad,5.0,0,0,0.0,0,0.0,0.0,0.0,0.0,0.0,0.0,,,,,
Judge.me Product Reviews App,Search_EN_Features_2024.08.19,2026-02-24,2026-03-17,UTC,USD,opinew review,amazon reviews importer,broad,5.0,0,0,0.0,0,0.0,0.0,0.0,0.0,0.0,0.0,,,,,
Judge.me Product Reviews App,Search_EN_Features_2024.08.19,2026-02-24,2026-03-17,UTC,USD,opinew product reviews app,amazon reviews importer,broad,5.0,0,0,0.0,0,0.0,0.0,0.0,0.0,0.0,0.0,,,,,
Judge.me Product Reviews App,Search_EN_Features_2024.08.19,2026-02-24,2026-03-17,UTC,USD,opinew product reviews,amazon reviews importer,broad,5.0,0,0,0.0,0,0.0,0.0,0.0,0.0,0.0,0.0,,,,,
Judge.me Product Reviews App,Search_EN_Features_2024.08.19,2026-02-24,2026-03-17,UTC,USD,ooks review,amazon reviews importer,broad,5.0,0,0,0.0,0,0.0,0.0,0.0,0.0,0.0,0.0,,,,,
Judge.me Product Reviews App,Search_EN_Features_2024.08.19,2026-02-24,2026-03-17,UTC,USD,oogle reviews,amazon reviews importer,broad,5.0,0,0,0.0,0,0.0,0.0,0.0,0.0,0.0,0.0,,,,,
Judge.me Product Reviews App,Search_EN_Features_2024.08.19,2026-02-24,2026-03-17,UTC,USD,"oogle review plus by entangle""",amazon reviews importer,broad,5.0,0,0,0.0,0,0.0,0.0,0.0,0.0,0.0,0.0,,,,,
Judge.me Product Reviews App,Search_EN_Features_2024.08.19,2026-02-24,2026-03-17,UTC,USD,online store reviews,amazon reviews importer,broad,5.0,0,0,0.0,0,0.0,0.0,0.0,0.0,0.0,0.0,,,,,
Judge.me Product Reviews App,Search_EN_Features_2024.08.19,2026-02-24,2026-03-17,UTC,USD,one reviews app,amazon reviews importer,broad,5.0,0,0,0.0,0,0.0,0.0,0.0,0.0,0.0,0.0,,,,,
Judge.me Product Reviews App,Search_EN_Features_2024.08.19,2026-02-24,2026-03-17,UTC,USD,olly reviews,amazon reviews importer,broad,5.0,0,0,0.0,0,0.0,0.0,0.0,0.0,0.0,0.0,,,,,
Judge.me Product Reviews App,Search_EN_Features_2024.08.19,2026-02-24,2026-03-17,UTC,USD,okendo: reviews & loyalty okendo: reviews & loyalty,amazon reviews importer,broad,5.0,0,0,0.0,0,0.0,0.0,0.0,0.0,0.0,0.0,,,,,
Judge.me Product Reviews App,Search_EN_Features_2024.08.19,2026-02-24,2026-03-17,UTC,USD,okendo: reviews & loyalty,amazon reviews importer,broad,5.0,0,0,0.0,0,0.0,0.0,0.0,0.0,0.0,0.0,,,,,
Judge.me Product Reviews App,Search_EN_Features_2024.08.19,2026-02-24,2026-03-17,UTC,USD,okendo reviews free,amazon reviews importer,broad,5.0,0,0,0.0,0,0.0,0.0,0.0,0.0,0.0,0.0,,,,,
Judge.me Product Reviews App,Search_EN_Features_2024.08.19,2026-02-24,2026-03-17,UTC,USD,okendo reviews & loyalty,amazon reviews importer,broad,5.0,0,0,0.0,0,0.0,0.0,0.0,0.0,0.0,0.0,,,,,
Judge.me Product Reviews App,Search_EN_Features_2024.08.19,2026-02-24,2026-03-17,UTC,USD,oke reviews,amazon reviews importer,broad,5.0,0,0,0.0,0,0.0,0.0,0.0,0.0,0.0,0.0,,,,,
Judge.me Product Reviews App,Search_EN_Features_2024.08.19,2026-02-24,2026-03-17,UTC,USD,oke review,amazon reviews importer,broad,5.0,0,0,0.0,0,0.0,0.0,0.0,0.0,0.0,0.0,,,,,
Judge.me Product Reviews App,Search_EN_Features_2024.08.19,2026-02-24,2026-03-17,UTC,USD,off amazon dsp,amazon reviews importer,broad,5.0,0,0,0.0,0,0.0,0.0,0.0,0.0,0.0,0.0,,,,,
Judge.me Product Reviews App,Search_EN_Features_2024.08.19,2026-02-24,2026-03-17,UTC,USD,obter reviews,amazon reviews importer,broad,5.0,0,0,0.0,0,0.0,0.0,0.0,0.0,0.0,0.0,,,,,
Judge.me Product Reviews App,Search_EN_Features_2024.08.19,2026-02-24,2026-03-17,UTC,USD,oberlo amazon,amazon reviews importer,broad,5.0,0,0,0.0,0,0.0,0.0,0.0,0.0,0.0,0.0,,,,,
Judge.me Product Reviews App,Search_EN_Features_2024.08.19,2026-02-24,2026-03-17,UTC,USD,nice job review,amazon reviews importer,broad,5.0,0,0,0.0,0,0.0,0.0,0.0,0.0,0.0,0.0,,,,,
Judge.me Product Reviews App,Search_EN_Features_2024.08.19,2026-02-24,2026-03-17,UTC,USD,navigate ali reviews,amazon reviews importer,broad,5.0,0,0,0.0,0,0.0,0.0,0.0,0.0,0.0,0.0,,,,,
Judge.me Product Reviews App,Search_EN_Features_2024.08.19,2026-02-24,2026-03-17,UTC,USD,native product review management,amazon reviews importer,broad,5.0,0,0,0.0,0,0.0,0.0,0.0,0.0,0.0,0.0,,,,,
Judge.me Product Reviews App,Search_EN_Features_2024.08.19,2026-02-24,2026-03-17,UTC,USD,my reviews,amazon reviews importer,broad,5.0,0,0,0.0,0,0.0,0.0,0.0,0.0,0.0,0.0,,,,,
Judge.me Product Reviews App,Search_EN_Features_2024.08.19,2026-02-24,2026-03-17,UTC,USD,my review,amazon reviews importer,broad,5.0,0,0,0.0,0,0.0,0.0,0.0,0.0,0.0,0.0,,,,,
Judge.me Product Reviews App,Search_EN_Features_2024.08.19,2026-02-24,2026-03-17,UTC,USD,my app reviews,amazon reviews importer,broad,5.0,0,0,0.0,0,0.0,0.0,0.0,0.0,0.0,0.0,,,,,
Judge.me Product Reviews App,Search_EN_Features_2024.08.19,2026-02-24,2026-03-17,UTC,USD,multi-channel fulfillment by amazon,amazon reviews importer,broad,5.0,0,0,0.0,0,0.0,0.0,0.0,0.0,0.0,0.0,,,,,
Judge.me Product Reviews App,Search_EN_Features_2024.08.19,2026-02-24,2026-03-17,UTC,USD,most sold product amazon,amazon reviews importer,broad,5.0,0,0,0.0,0,0.0,0.0,0.0,0.0,0.0,0.0,,,,,
Judge.me Product Reviews App,Search_EN_Features_2024.08.19,2026-02-24,2026-03-17,UTC,USD,monitor amazon inventory,amazon reviews importer,broad,5.0,0,0,0.0,0,0.0,0.0,0.0,0.0,0.0,0.0,,,,,
Judge.me Product Reviews App,Search_EN_Features_2024.08.19,2026-02-24,2026-03-17,UTC,USD,mofier ai review summarizer,amazon reviews importer,broad,5.0,0,0,0.0,0,0.0,0.0,0.0,0.0,0.0,0.0,,,,,
Judge.me Product Reviews App,Search_EN_Features_2024.08.19,2026-02-24,2026-03-17,UTC,USD,modal-review-form,amazon reviews importer,broad,5.0,0,0,0.0,0,0.0,0.0,0.0,0.0,0.0,0.0,,,,,
Judge.me Product Reviews App,Search_EN_Features_2024.08.19,2026-02-24,2026-03-17,UTC,USD,migrate amazon,amazon reviews importer,broad,5.0,0,0,0.0,0,0.0,0.0,0.0,0.0,0.0,0.0,,,,,
Judge.me Product Reviews App,Search_EN_Features_2024.08.19,2026-02-24,2026-03-17,UTC,USD,mg4 review,amazon reviews importer,broad,5.0,0,0,0.0,0,0.0,0.0,0.0,0.0,0.0,0.0,,,,,
Judge.me Product Reviews App,Search_EN_Features_2024.08.19,2026-02-24,2026-03-17,UTC,USD,merchant center customer reviews,amazon reviews importer,broad,5.0,0,0,0.0,0,0.0,0.0,0.0,0.0,0.0,0.0,,,,,
Judge.me Product Reviews App,Search_EN_Features_2024.08.19,2026-02-24,2026-03-17,UTC,USD,merch by amazon app,amazon reviews importer,broad,5.0,0,0,0.0,0,0.0,0.0,0.0,0.0,0.0,0.0,,,,,
Judge.me Product Reviews App,Search_EN_Features_2024.08.19,2026-02-24,2026-03-17,UTC,USD,merch by amazon,amazon reviews importer,broad,5.0,0,0,0.0,0,0.0,0.0,0.0,0.0,0.0,0.0,,,,,
Judge.me Product Reviews App,Search_EN_Features_2024.08.19,2026-02-24,2026-03-17,UTC,USD,menage reviews,amazon reviews importer,broad,5.0,0,0,0.0,0,0.0,0.0,0.0,0.0,0.0,0.0,,,,,
Judge.me Product Reviews App,Search_EN_Features_2024.08.19,2026-02-24,2026-03-17,UTC,USD,me review,amazon reviews importer,broad,5.0,0,0,0.0,0,0.0,0.0,0.0,0.0,0.0,0.0,,,,,
Judge.me Product Reviews App,Search_EN_Features_2024.08.19,2026-02-24,2026-03-17,UTC,USD,mcf amazon,amazon reviews importer,broad,5.0,0,0,0.0,0,0.0,0.0,0.0,0.0,0.0,0.0,,,,,
Judge.me Product Reviews App,Search_EN_Features_2024.08.19,2026-02-24,2026-03-17,UTC,USD,marquee reviews,amazon reviews importer,broad,5.0,0,0,0.0,0,0.0,0.0,0.0,0.0,0.0,0.0,,,,,
Judge.me Product Reviews App,Search_EN_Features_2024.08.19,2026-02-24,2026-03-17,UTC,USD,marketsync reviews,amazon reviews importer,broad,5.0,0,0,0.0,0,0.0,0.0,0.0,0.0,0.0,0.0,,,,,
Judge.me Product Reviews App,Search_EN_Features_2024.08.19,2026-02-24,2026-03-17,UTC,USD,manual review,amazon reviews importer,broad,5.0,0,0,0.0,0,0.0,0.0,0.0,0.0,0.0,0.0,,,,,
Judge.me Product Reviews App,Search_EN_Features_2024.08.19,2026-02-24,2026-03-17,UTC,USD,manage your amazon store from shopify,amazon reviews importer,broad,5.0,0,0,0.0,0,0.0,0.0,0.0,0.0,0.0,0.0,,,,,
Judge.me Product Reviews App,Search_EN_Features_2024.08.19,2026-02-24,2026-03-17,UTC,USD,manage reviews,amazon reviews importer,broad,5.0,0,0,0.0,0,0.0,0.0,0.0,0.0,0.0,0.0,,,,,
Judge.me Product Reviews App,Search_EN_Features_2024.08.19,2026-02-24,2026-03-17,UTC,USD,mag: product reviews,amazon reviews importer,broad,5.0,0,0,0.0,0,0.0,0.0,0.0,0.0,0.0,0.0,,,,,
Judge.me Product Reviews App,Search_EN_Features_2024.08.19,2026-02-24,2026-03-17,UTC,USD,mag reviews,amazon reviews importer,broad,5.0,0,0,0.0,0,0.0,0.0,0.0,0.0,0.0,0.0,,,,,
Judge.me Product Reviews App,Search_EN_Features_2024.08.19,2026-02-24,2026-03-17,UTC,USD,luxe reviews,amazon reviews importer,broad,5.0,0,0,0.0,0,0.0,0.0,0.0,0.0,0.0,0.0,,,,,
Judge.me Product Reviews App,Search_EN_Features_2024.08.19,2026-02-24,2026-03-17,UTC,USD,lux review,amazon reviews importer,broad,5.0,0,0,0.0,0,0.0,0.0,0.0,0.0,0.0,0.0,,,,,
Judge.me Product Reviews App,Search_EN_Features_2024.08.19,2026-02-24,2026-03-17,UTC,USD,lux product reviews,amazon reviews importer,broad,5.0,0,0,0.0,0,0.0,0.0,0.0,0.0,0.0,0.0,,,,,
Judge.me Product Reviews App,Search_EN_Features_2024.08.19,2026-02-24,2026-03-17,UTC,USD,lumin reviews,amazon reviews importer,broad,5.0,0,0,0.0,0,0.0,0.0,0.0,0.0,0.0,0.0,,,,,
Judge.me Product Reviews App,Search_EN_Features_2024.08.19,2026-02-24,2026-03-17,UTC,USD,lumin review,amazon reviews importer,broad,5.0,0,0,0.0,0,0.0,0.0,0.0,0.0,0.0,0.0,,,,,
Judge.me Product Reviews App,Search_EN_Features_2024.08.19,2026-02-24,2026-03-17,UTC,USD,luke's reviews,amazon reviews importer,broad,5.0,0,0,0.0,0,0.0,0.0,0.0,0.0,0.0,0.0,,,,,
Judge.me Product Reviews App,Search_EN_Features_2024.08.19,2026-02-24,2026-03-17,UTC,USD,loyalty points and reviews,amazon reviews importer,broad,5.0,0,0,0.0,0,0.0,0.0,0.0,0.0,0.0,0.0,,,,,
Judge.me Product Reviews App,Search_EN_Features_2024.08.19,2026-02-24,2026-03-17,UTC,USD,low reviews,amazon reviews importer,broad,5.0,0,0,0.0,0,0.0,0.0,0.0,0.0,0.0,0.0,,,,,
Judge.me Product Reviews App,Search_EN_Features_2024.08.19,2026-02-24,2026-03-17,UTC,USD,low review,amazon reviews importer,broad,5.0,0,0,0.0,0,0.0,0.0,0.0,0.0,0.0,0.0,,,,,
Judge.me Product Reviews App,Search_EN_Features_2024.08.19,2026-02-24,2026-03-17,UTC,USD,loox- visual product reviews,amazon reviews importer,broad,5.0,0,0,0.0,0,0.0,0.0,0.0,0.0,0.0,0.0,,,,,
Judge.me Product Reviews App,Search_EN_Features_2024.08.19,2026-02-24,2026-03-17,UTC,USD,loox visual product reviews,amazon reviews importer,broad,5.0,0,0,0.0,0,0.0,0.0,0.0,0.0,0.0,0.0,,,,,
Judge.me Product Reviews App,Search_EN_Features_2024.08.19,2026-02-24,2026-03-17,UTC,USD,loox reviews app,amazon reviews importer,broad,5.0,0,0,0.0,0,0.0,0.0,0.0,0.0,0.0,0.0,,,,,
Judge.me Product Reviews App,Search_EN_Features_2024.08.19,2026-02-24,2026-03-17,UTC,USD,loox product reviews photos,amazon reviews importer,broad,5.0,0,0,0.0,0,0.0,0.0,0.0,0.0,0.0,0.0,,,,,
Judge.me Product Reviews App,Search_EN_Features_2024.08.19,2026-02-24,2026-03-17,UTC,USD,loox product reviews app,amazon reviews importer,broad,5.0,0,0,0.0,0,0.0,0.0,0.0,0.0,0.0,0.0,,,,,
Judge.me Product Reviews App,Search_EN_Features_2024.08.19,2026-02-24,2026-03-17,UTC,USD,loox product reviews and photos,amazon reviews importer,broad,5.0,0,0,0.0,0,0.0,0.0,0.0,0.0,0.0,0.0,,,,,
Judge.me Product Reviews App,Search_EN_Features_2024.08.19,2026-02-24,2026-03-17,UTC,USD,loox product reviews & photos:,amazon reviews importer,broad,5.0,0,0,0.0,0,0.0,0.0,0.0,0.0,0.0,0.0,,,,,
Judge.me Product Reviews App,Search_EN_Features_2024.08.19,2026-02-24,2026-03-17,UTC,USD,loox product review,amazon reviews importer,broad,5.0,0,0,0.0,0,0.0,0.0,0.0,0.0,0.0,0.0,,,,,
Judge.me Product Reviews App,Search_EN_Features_2024.08.19,2026-02-24,2026-03-17,UTC,USD,loox ? visual reviews,amazon reviews importer,broad,5.0,0,0,0.0,0,0.0,0.0,0.0,0.0,0.0,0.0,,,,,
Judge.me Product Reviews App,Search_EN_Features_2024.08.19,2026-02-24,2026-03-17,UTC,USD,loox ? visual product reviews,amazon reviews importer,broad,5.0,0,0,0.0,0,0.0,0.0,0.0,0.0,0.0,0.0,,,,,
Judge.me Product Reviews App,Search_EN_Features_2024.08.19,2026-02-24,2026-03-17,UTC,USD,loox ? reviews badge / reviews summary,amazon reviews importer,broad,5.0,0,0,0.0,0,0.0,0.0,0.0,0.0,0.0,0.0,,,,,
Judge.me Product Reviews App,Search_EN_Features_2024.08.19,2026-02-24,2026-03-17,UTC,USD,loox - visual product reviews,amazon reviews importer,broad,5.0,0,0,0.0,0,0.0,0.0,0.0,0.0,0.0,0.0,,,,,
Judge.me Product Reviews App,Search_EN_Features_2024.08.19,2026-02-24,2026-03-17,UTC,USD,loot review,amazon reviews importer,broad,5.0,0,0,0.0,0,0.0,0.0,0.0,0.0,0.0,0.0,,,,,
Judge.me Product Reviews App,Search_EN_Features_2024.08.19,2026-02-24,2026-03-17,UTC,USD,looks visual products review,amazon reviews importer,broad,5.0,0,0,0.0,0,0.0,0.0,0.0,0.0,0.0,0.0,,,,,
Judge.me Product Reviews App,Search_EN_Features_2024.08.19,2026-02-24,2026-03-17,UTC,USD,looks reviews,amazon reviews importer,broad,5.0,0,0,0.0,0,0.0,0.0,0.0,0.0,0.0,0.0,,,,,
Judge.me Product Reviews App,Search_EN_Features_2024.08.19,2026-02-24,2026-03-17,UTC,USD,looks review,amazon reviews importer,broad,5.0,0,0,0.0,0,0.0,0.0,0.0,0.0,0.0,0.0,,,,,
Judge.me Product Reviews App,Search_EN_Features_2024.08.19,2026-02-24,2026-03-17,UTC,USD,look reviews,amazon reviews importer,broad,5.0,0,0,0.0,0,0.0,0.0,0.0,0.0,0.0,0.0,,,,,
Judge.me Product Reviews App,Search_EN_Features_2024.08.19,2026-02-24,2026-03-17,UTC,USD,look reviewe,amazon reviews importer,broad,5.0,0,0,0.0,0,0.0,0.0,0.0,0.0,0.0,0.0,,,,,
Judge.me Product Reviews App,Search_EN_Features_2024.08.19,2026-02-24,2026-03-17,UTC,USD,look review,amazon reviews importer,broad,5.0,0,0,0.0,0,0.0,0.0,0.0,0.0,0.0,0.0,,,,,
Judge.me Product Reviews App,Search_EN_Features_2024.08.19,2026-02-24,2026-03-17,UTC,USD,login with amazon,amazon reviews importer,broad,5.0,0,0,0.0,0,0.0,0.0,0.0,0.0,0.0,0.0,,,,,
Judge.me Product Reviews App,Search_EN_Features_2024.08.19,2026-02-24,2026-03-17,UTC,USD,litcommerce amazon shopify,amazon reviews importer,broad,5.0,0,0,0.0,0,0.0,0.0,0.0,0.0,0.0,0.0,,,,,
Judge.me Product Reviews App,Search_EN_Features_2024.08.19,2026-02-24,2026-03-17,UTC,USD,link to google reviews,amazon reviews importer,broad,5.0,0,0,0.0,0,0.0,0.0,0.0,0.0,0.0,0.0,,,,,
Judge.me Product Reviews App,Search_EN_Features_2024.08.19,2026-02-24,2026-03-17,UTC,USD,link to amazon,amazon reviews importer,broad,5.0,0,0,0.0,0,0.0,0.0,0.0,0.0,0.0,0.0,,,,,
Judge.me Product Reviews App,Search_EN_Features_2024.08.19,2026-02-24,2026-03-17,UTC,USD,link my product to amazon checkout,amazon reviews importer,broad,5.0,0,0,0.0,0,0.0,0.0,0.0,0.0,0.0,0.0,,,,,
Judge.me Product Reviews App,Search_EN_Features_2024.08.19,2026-02-24,2026-03-17,UTC,USD,link my product to amazon che,amazon reviews importer,broad,5.0,0,0,0.0,0,0.0,0.0,0.0,0.0,0.0,0.0,,,,,
Judge.me Product Reviews App,Search_EN_Features_2024.08.19,2026-02-24,2026-03-17,UTC,USD,libo tech amazon buy button,amazon reviews importer,broad,5.0,0,0,0.0,0,0.0,0.0,0.0,0.0,0.0,0.0,,,,,
Judge.me Product Reviews App,Search_EN_Features_2024.08.19,2026-02-24,2026-03-17,UTC,USD,libautech amazon buy button,amazon reviews importer,broad,5.0,0,0,0.0,0,0.0,0.0,0.0,0.0,0.0,0.0,,,,,
Judge.me Product Reviews App,Search_EN_Features_2024.08.19,2026-02-24,2026-03-17,UTC,USD,leve review,amazon reviews importer,broad,5.0,0,0,0.0,0,0.0,0.0,0.0,0.0,0.0,0.0,,,,,
Judge.me Product Reviews App,Search_EN_Features_2024.08.19,2026-02-24,2026-03-17,UTC,USD,leave review,amazon reviews importer,broad,5.0,0,0,0.0,0,0.0,0.0,0.0,0.0,0.0,0.0,,,,,
Judge.me Product Reviews App,Search_EN_Features_2024.08.19,2026-02-24,2026-03-17,UTC,USD,leave a review email,amazon reviews importer,broad,5.0,0,0,0.0,0,0.0,0.0,0.0,0.0,0.0,0.0,,,,,
Judge.me Product Reviews App,Search_EN_Features_2024.08.19,2026-02-24,2026-03-17,UTC,USD,landing page reviews,amazon reviews importer,broad,5.0,0,0,0.0,0,0.0,0.0,0.0,0.0,0.0,0.0,,,,,
Judge.me Product Reviews App,Search_EN_Features_2024.08.19,2026-02-24,2026-03-17,UTC,USD,lal reviews,amazon reviews importer,broad,5.0,0,0,0.0,0,0.0,0.0,0.0,0.0,0.0,0.0,,,,,
Judge.me Product Reviews App,Search_EN_Features_2024.08.19,2026-02-24,2026-03-17,UTC,USD,lal review,amazon reviews importer,broad,5.0,0,0,0.0,0,0.0,0.0,0.0,0.0,0.0,0.0,,,,,
Judge.me Product Reviews App,Search_EN_Features_2024.08.19,2026-02-24,2026-03-17,UTC,USD,lal product reviews,amazon reviews importer,broad,5.0,0,0,0.0,0,0.0,0.0,0.0,0.0,0.0,0.0,,,,,
Judge.me Product Reviews App,Search_EN_Features_2024.08.19,2026-02-24,2026-03-17,UTC,USD,lai productive reviews,amazon reviews importer,broad,5.0,0,0,0.0,0,0.0,0.0,0.0,0.0,0.0,0.0,,,,,
Judge.me Product Reviews App,Search_EN_Features_2024.08.19,2026-02-24,2026-03-17,UTC,USD,lai product reviews app,amazon reviews importer,broad,5.0,0,0,0.0,0,0.0,0.0,0.0,0.0,0.0,0.0,,,,,
Judge.me Product Reviews App,Search_EN_Features_2024.08.19,2026-02-24,2026-03-17,UTC,USD,lai product reviews,amazon reviews importer,broad,5.0,0,0,0.0,0,0.0,0.0,0.0,0.0,0.0,0.0,,,,,
Judge.me Product Reviews App,Search_EN_Features_2024.08.19,2026-02-24,2026-03-17,UTC,USD,lai product review,amazon reviews importer,broad,5.0,0,0,0.0,0,0.0,0.0,0.0,0.0,0.0,0.0,,,,,
Judge.me Product Reviews App,Search_EN_Features_2024.08.19,2026-02-24,2026-03-17,UTC,USD,lai product amazon reviews,amazon reviews importer,broad,5.0,0,0,0.0,0,0.0,0.0,0.0,0.0,0.0,0.0,,,,,
Judge.me Product Reviews App,Search_EN_Features_2024.08.19,2026-02-24,2026-03-17,UTC,USD,lai product amazon review,amazon reviews importer,broad,5.0,0,0,0.0,0,0.0,0.0,0.0,0.0,0.0,0.0,,,,,
Judge.me Product Reviews App,Search_EN_Features_2024.08.19,2026-02-24,2026-03-17,UTC,USD,lai aliexpress reviews,amazon reviews importer,broad,5.0,0,0,0.0,0,0.0,0.0,0.0,0.0,0.0,0.0,,,,,
Judge.me Product Reviews App,Search_EN_Features_2024.08.19,2026-02-24,2026-03-17,UTC,USD,la product reviews,amazon reviews importer,broad,5.0,0,0,0.0,0,0.0,0.0,0.0,0.0,0.0,0.0,,,,,
Judge.me Product Reviews App,Search_EN_Features_2024.08.19,2026-02-24,2026-03-17,UTC,USD,l'ai product reviews,amazon reviews importer,broad,5.0,0,0,0.0,0,0.0,0.0,0.0,0.0,0.0,0.0,,,,,
Judge.me Product Reviews App,Search_EN_Features_2024.08.19,2026-02-24,2026-03-17,UTC,USD,l ai product reviews,amazon reviews importer,broad,5.0,0,0,0.0,0,0.0,0.0,0.0,0.0,0.0,0.0,,,,,
Judge.me Product Reviews App,Search_EN_Features_2024.08.19,2026-02-24,2026-03-17,UTC,USD,l ai product review,amazon reviews importer,broad,5.0,0,0,0.0,0,0.0,0.0,0.0,0.0,0.0,0.0,,,,,
Judge.me Product Reviews App,Search_EN_Features_2024.08.19,2026-02-24,2026-03-17,UTC,USD,kudobuzz product reviews,amazon reviews importer,broad,5.0,0,0,0.0,0,0.0,0.0,0.0,0.0,0.0,0.0,,,,,
Judge.me Product Reviews App,Search_EN_Features_2024.08.19,2026-02-24,2026-03-17,UTC,USD,klayvio reviews,amazon reviews importer,broad,5.0,0,0,0.0,0,0.0,0.0,0.0,0.0,0.0,0.0,,,,,
Judge.me Product Reviews App,Search_EN_Features_2024.08.19,2026-02-24,2026-03-17,UTC,USD,klavyo reviews,amazon reviews importer,broad,5.0,0,0,0.0,0,0.0,0.0,0.0,0.0,0.0,0.0,,,,,
Judge.me Product Reviews App,Search_EN_Features_2024.08.19,2026-02-24,2026-03-17,UTC,USD,klavyio reviews,amazon reviews importer,broad,5.0,0,0,0.0,0,0.0,0.0,0.0,0.0,0.0,0.0,,,,,
Judge.me Product Reviews App,Search_EN_Features_2024.08.19,2026-02-24,2026-03-17,UTC,USD,klaviyo reviews app,amazon reviews importer,broad,5.0,0,0,0.0,0,0.0,0.0,0.0,0.0,0.0,0.0,,,,,
Judge.me Product Reviews App,Search_EN_Features_2024.08.19,2026-02-24,2026-03-17,UTC,USD,klaviyo review,amazon reviews importer,broad,5.0,0,0,0.0,0,0.0,0.0,0.0,0.0,0.0,0.0,,,,,
Judge.me Product Reviews App,Search_EN_Features_2024.08.19,2026-02-24,2026-03-17,UTC,USD,klavio reviews,amazon reviews importer,broad,5.0,0,0,0.0,0,0.0,0.0,0.0,0.0,0.0,0.0,,,,,
Judge.me Product Reviews App,Search_EN_Features_2024.08.19,2026-02-24,2026-03-17,UTC,USD,klant reviews,amazon reviews importer,broad,5.0,0,0,0.0,0,0.0,0.0,0.0,0.0,0.0,0.0,,,,,
Judge.me Product Reviews App,Search_EN_Features_2024.08.19,2026-02-24,2026-03-17,UTC,USD,kiyoh reviews,amazon reviews importer,broad,5.0,0,0,0.0,0,0.0,0.0,0.0,0.0,0.0,0.0,,,,,
Judge.me Product Reviews App,Search_EN_Features_2024.08.19,2026-02-24,2026-03-17,UTC,USD,kiyoh customer reviews,amazon reviews importer,broad,5.0,0,0,0.0,0,0.0,0.0,0.0,0.0,0.0,0.0,,,,,
Judge.me Product Reviews App,Search_EN_Features_2024.08.19,2026-02-24,2026-03-17,UTC,USD,kids products reviews,amazon reviews importer,broad,5.0,0,0,0.0,0,0.0,0.0,0.0,0.0,0.0,0.0,,,,,
Judge.me Product Reviews App,Search_EN_Features_2024.08.19,2026-02-24,2026-03-17,UTC,USD,kdp amazon free,amazon reviews importer,broad,5.0,0,0,0.0,0,0.0,0.0,0.0,0.0,0.0,0.0,,,,,
Judge.me Product Reviews App,Search_EN_Features_2024.08.19,2026-02-24,2026-03-17,UTC,USD,k2 review,amazon reviews importer,broad,5.0,0,0,0.0,0,0.0,0.0,0.0,0.0,0.0,0.0,,,,,
Judge.me Product Reviews App,Search_EN_Features_2024.08.19,2026-02-24,2026-03-17,UTC,USD,k: amazon reviews importer,amazon reviews importer,broad,5.0,0,0,0.0,0,0.0,0.0,0.0,0.0,0.0,0.0,,,,,
Judge.me Product Reviews App,Search_EN_Features_2024.08.19,2026-02-24,2026-03-17,UTC,USD,k: amazon reviews,amazon reviews importer,broad,5.0,0,0,0.0,0,0.0,0.0,0.0,0.0,0.0,0.0,,,,,
Judge.me Product Reviews App,Search_EN_Features_2024.08.19,2026-02-24,2026-03-17,UTC,USD,just reviews,amazon reviews importer,broad,5.0,0,0,0.0,0,0.0,0.0,0.0,0.0,0.0,0.0,,,,,
Judge.me Product Reviews App,Search_EN_Features_2024.08.19,2026-02-24,2026-03-17,UTC,USD,just me review,amazon reviews importer,broad,5.0,0,0,0.0,0,0.0,0.0,0.0,0.0,0.0,0.0,,,,,
Judge.me Product Reviews App,Search_EN_Features_2024.08.19,2026-02-24,2026-03-17,UTC,USD,junip reviews,amazon reviews importer,broad,5.0,0,0,0.0,0,0.0,0.0,0.0,0.0,0.0,0.0,,,,,
Judge.me Product Reviews App,Search_EN_Features_2024.08.19,2026-02-24,2026-03-17,UTC,USD,junip product reviews app & a,amazon reviews importer,broad,5.0,0,0,0.0,0,0.0,0.0,0.0,0.0,0.0,0.0,,,,,
Judge.me Product Reviews App,Search_EN_Features_2024.08.19,2026-02-24,2026-03-17,UTC,USD,junip product reviews,amazon reviews importer,broad,5.0,0,0,0.0,0,0.0,0.0,0.0,0.0,0.0,0.0,,,,,
Judge.me Product Reviews App,Search_EN_Features_2024.08.19,2026-02-24,2026-03-17,UTC,USD,juice squeezer reviews,amazon reviews importer,broad,5.0,0,0,0.0,0,0.0,0.0,0.0,0.0,0.0,0.0,,,,,
Judge.me Product Reviews App,Search_EN_Features_2024.08.19,2026-02-24,2026-03-17,UTC,USD,jugme review,amazon reviews importer,broad,5.0,0,0,0.0,0,0.0,0.0,0.0,0.0,0.0,0.0,,,,,
Judge.me Product Reviews App,Search_EN_Features_2024.08.19,2026-02-24,2026-03-17,UTC,USD,juge.me reviews,amazon reviews importer,broad,5.0,0,0,0.0,0,0.0,0.0,0.0,0.0,0.0,0.0,,,,,
Judge.me Product Reviews App,Search_EN_Features_2024.08.19,2026-02-24,2026-03-17,UTC,USD,juge me reviews,amazon reviews importer,broad,5.0,0,0,0.0,0,0.0,0.0,0.0,0.0,0.0,0.0,,,,,
Judge.me Product Reviews App,Search_EN_Features_2024.08.19,2026-02-24,2026-03-17,UTC,USD,jugde.me product review,amazon reviews importer,broad,5.0,0,0,0.0,0,0.0,0.0,0.0,0.0,0.0,0.0,,,,,
Judge.me Product Reviews App,Search_EN_Features_2024.08.19,2026-02-24,2026-03-17,UTC,USD,jugde me reviews,amazon reviews importer,broad,5.0,0,0,0.0,0,0.0,0.0,0.0,0.0,0.0,0.0,,,,,
Judge.me Product Reviews App,Search_EN_Features_2024.08.19,2026-02-24,2026-03-17,UTC,USD,judze me review,amazon reviews importer,broad,5.0,0,0,0.0,0,0.0,0.0,0.0,0.0,0.0,0.0,,,,,
Judge.me Product Reviews App,Search_EN_Features_2024.08.19,2026-02-24,2026-03-17,UTC,USD,judoge.me reviews,amazon reviews importer,broad,5.0,0,0,0.0,0,0.0,0.0,0.0,0.0,0.0,0.0,,,,,
Judge.me Product Reviews App,Search_EN_Features_2024.08.19,2026-02-24,2026-03-17,UTC,USD,judme review,amazon reviews importer,broad,5.0,0,0,0.0,0,0.0,0.0,0.0,0.0,0.0,0.0,,,,,
Judge.me Product Reviews App,Search_EN_Features_2024.08.19,2026-02-24,2026-03-17,UTC,USD,judje me product reviews,amazon reviews importer,broad,5.0,0,0,0.0,0,0.0,0.0,0.0,0.0,0.0,0.0,,,,,
Judge.me Product Reviews App,Search_EN_Features_2024.08.19,2026-02-24,2026-03-17,UTC,USD,judje me ali reviews,amazon reviews importer,broad,5.0,0,0,0.0,0,0.0,0.0,0.0,0.0,0.0,0.0,,,,,
Judge.me Product Reviews App,Search_EN_Features_2024.08.19,2026-02-24,2026-03-17,UTC,USD,judgme reviews,amazon reviews importer,broad,5.0,0,0,0.0,0,0.0,0.0,0.0,0.0,0.0,0.0,,,,,
Judge.me Product Reviews App,Search_EN_Features_2024.08.19,2026-02-24,2026-03-17,UTC,USD,judgeme review widget,amazon reviews importer,broad,5.0,0,0,0.0,0,0.0,0.0,0.0,0.0,0.0,0.0,,,,,
Judge.me Product Reviews App,Search_EN_Features_2024.08.19,2026-02-24,2026-03-17,UTC,USD,judgem.me product reviews app,amazon reviews importer,broad,5.0,0,0,0.0,0,0.0,0.0,0.0,0.0,0.0,0.0,,,,,
Judge.me Product Reviews App,Search_EN_Features_2024.08.19,2026-02-24,2026-03-17,UTC,USD,judge.me reviews aliexpress,amazon reviews importer,broad,5.0,0,0,0.0,0,0.0,0.0,0.0,0.0,0.0,0.0,,,,,
Judge.me Product Reviews App,Search_EN_Features_2024.08.19,2026-02-24,2026-03-17,UTC,USD,judge.me reviews (seo boost),amazon reviews importer,broad,5.0,0,0,0.0,0,0.0,0.0,0.0,0.0,0.0,0.0,,,,,
Judge.me Product Reviews App,Search_EN_Features_2024.08.19,2026-02-24,2026-03-17,UTC,USD,judge.me review customer reviews,amazon reviews importer,broad,5.0,0,0,0.0,0,0.0,0.0,0.0,0.0,0.0,0.0,,,,,
Judge.me Product Reviews App,Search_EN_Features_2024.08.19,2026-02-24,2026-03-17,UTC,USD,judge.me product reviews],amazon reviews importer,broad,5.0,0,0,0.0,0,0.0,0.0,0.0,0.0,0.0,0.0,,,,,
Judge.me Product Reviews App,Search_EN_Features_2024.08.19,2026-02-24,2026-03-17,UTC,USD,judge.me product reviews',amazon reviews importer,broad,5.0,0,0,0.0,0,0.0,0.0,0.0,0.0,0.0,0.0,,,,,
Judge.me Product Reviews App,Search_EN_Features_2024.08.19,2026-02-24,2026-03-17,UTC,USD,judge.me product reviews:,amazon reviews importer,broad,5.0,0,0,0.0,0,0.0,0.0,0.0,0.0,0.0,0.0,,,,,
Judge.me Product Reviews App,Search_EN_Features_2024.08.19,2026-02-24,2026-03-17,UTC,USD,judge.me product reviews o loox,amazon reviews importer,broad,5.0,0,0,0.0,0,0.0,0.0,0.0,0.0,0.0,0.0,,,,,
Judge.me Product Reviews App,Search_EN_Features_2024.08.19,2026-02-24,2026-03-17,UTC,USD,judge.me product reviews app shopify app,amazon reviews importer,broad,5.0,0,0,0.0,0,0.0,0.0,0.0,0.0,0.0,0.0,,,,,
Judge.me Product Reviews App,Search_EN_Features_2024.08.19,2026-02-24,2026-03-17,UTC,USD,judge.me product reviews app,amazon reviews importer,broad,5.0,0,0,0.0,0,0.0,0.0,0.0,0.0,0.0,0.0,,,,,
Judge.me Product Reviews App,Search_EN_Features_2024.08.19,2026-02-24,2026-03-17,UTC,USD,judge.me product reviews (or loox),amazon reviews importer,broad,5.0,0,0,0.0,0,0.0,0.0,0.0,0.0,0.0,0.0,,,,,
Judge.me Product Reviews App,Search_EN_Features_2024.08.19,2026-02-24,2026-03-17,UTC,USD,judge.me product review,amazon reviews importer,broad,5.0,0,0,0.0,0,0.0,0.0,0.0,0.0,0.0,0.0,,,,,
Judge.me Product Reviews App,Search_EN_Features_2024.08.19,2026-02-24,2026-03-17,UTC,USD,judge.me amazon,amazon reviews importer,broad,5.0,0,0,0.0,0,0.0,0.0,0.0,0.0,0.0,0.0,,,,,
Judge.me Product Reviews App,Search_EN_Features_2024.08.19,2026-02-24,2026-03-17,UTC,USD,judge.me all reviews,amazon reviews importer,broad,5.0,0,0,0.0,0,0.0,0.0,0.0,0.0,0.0,0.0,,,,,
Judge.me Product Reviews App,Search_EN_Features_2024.08.19,2026-02-24,2026-03-17,UTC,USD,judge.me ali product reviews,amazon reviews importer,broad,5.0,0,0,0.0,0,0.0,0.0,0.0,0.0,0.0,0.0,,,,,
Judge.me Product Reviews App,Search_EN_Features_2024.08.19,2026-02-24,2026-03-17,UTC,USD,judge.me / fera product reviews,amazon reviews importer,broad,5.0,0,0,0.0,0,0.0,0.0,0.0,0.0,0.0,0.0,,,,,
Judge.me Product Reviews App,Search_EN_Features_2024.08.19,2026-02-24,2026-03-17,UTC,USD,judge.me (reviews),amazon reviews importer,broad,5.0,0,0,0.0,0,0.0,0.0,0.0,0.0,0.0,0.0,,,,,
Judge.me Product Reviews App,Search_EN_Features_2024.08.19,2026-02-24,2026-03-17,UTC,USD,judge-me-reviews,amazon reviews importer,broad,5.0,0,0,0.0,0,0.0,0.0,0.0,0.0,0.0,0.0,,,,,
Judge.me Product Reviews App,Search_EN_Features_2024.08.19,2026-02-24,2026-03-17,UTC,USD,judge me: product reviews app,amazon reviews importer,broad,5.0,0,0,0.0,0,0.0,0.0,0.0,0.0,0.0,0.0,,,,,
Judge.me Product Reviews App,Search_EN_Features_2024.08.19,2026-02-24,2026-03-17,UTC,USD,judge me review i,amazon reviews importer,broad,5.0,0,0,0.0,0,0.0,0.0,0.0,0.0,0.0,0.0,,,,,
Judge.me Product Reviews App,Search_EN_Features_2024.08.19,2026-02-24,2026-03-17,UTC,USD,judge me products reviews,amazon reviews importer,broad,5.0,0,0,0.0,0,0.0,0.0,0.0,0.0,0.0,0.0,,,,,
Judge.me Product Reviews App,Search_EN_Features_2024.08.19,2026-02-24,2026-03-17,UTC,USD,judge me product reviews app,amazon reviews importer,broad,5.0,0,0,0.0,0,0.0,0.0,0.0,0.0,0.0,0.0,,,,,
Judge.me Product Reviews App,Search_EN_Features_2024.08.19,2026-02-24,2026-03-17,UTC,USD,judge me product review,amazon reviews importer,broad,5.0,0,0,0.0,0,0.0,0.0,0.0,0.0,0.0,0.0,,,,,
Judge.me Product Reviews App,Search_EN_Features_2024.08.19,2026-02-24,2026-03-17,UTC,USD,judge me amazon,amazon reviews importer,broad,5.0,0,0,0.0,0,0.0,0.0,0.0,0.0,0.0,0.0,,,,,
Judge.me Product Reviews App,Search_EN_Features_2024.08.19,2026-02-24,2026-03-17,UTC,USD,judge me all reviews,amazon reviews importer,broad,5.0,0,0,0.0,0,0.0,0.0,0.0,0.0,0.0,0.0,,,,,
Judge.me Product Reviews App,Search_EN_Features_2024.08.19,2026-02-24,2026-03-17,UTC,USD,judge me ali reviews,amazon reviews importer,broad,5.0,0,0,0.0,0,0.0,0.0,0.0,0.0,0.0,0.0,,,,,
Judge.me Product Reviews App,Search_EN_Features_2024.08.19,2026-02-24,2026-03-17,UTC,USD,judge me ali express reviews,amazon reviews importer,broad,5.0,0,0,0.0,0,0.0,0.0,0.0,0.0,0.0,0.0,,,,,
Judge.me Product Reviews App,Search_EN_Features_2024.08.19,2026-02-24,2026-03-17,UTC,USD,judge me ail reviews,amazon reviews importer,broad,5.0,0,0,0.0,0,0.0,0.0,0.0,0.0,0.0,0.0,,,,,
Judge.me Product Reviews App,Search_EN_Features_2024.08.19,2026-02-24,2026-03-17,UTC,USD,judge . me product review,amazon reviews importer,broad,5.0,0,0,0.0,0,0.0,0.0,0.0,0.0,0.0,0.0,,,,,
Judge.me Product Reviews App,Search_EN_Features_2024.08.19,2026-02-24,2026-03-17,UTC,USD,jude.me aliexpress reviews,amazon reviews importer,broad,5.0,0,0,0.0,0,0.0,0.0,0.0,0.0,0.0,0.0,,,,,
Judge.me Product Reviews App,Search_EN_Features_2024.08.19,2026-02-24,2026-03-17,UTC,USD,jadge me reviews,amazon reviews importer,broad,5.0,0,0,0.0,0,0.0,0.0,0.0,0.0,0.0,0.0,,,,,
Judge.me Product Reviews App,Search_EN_Features_2024.08.19,2026-02-24,2026-03-17,UTC,USD,itals: reviews,amazon reviews importer,broad,5.0,0,0,0.0,0,0.0,0.0,0.0,0.0,0.0,0.0,,,,,
Judge.me Product Reviews App,Search_EN_Features_2024.08.19,2026-02-24,2026-03-17,UTC,USD,is there somebody to hire that could complete marketplace connect to amazon,amazon reviews importer,broad,5.0,0,0,0.0,0,0.0,0.0,0.0,0.0,0.0,0.0,,,,,
Judge.me Product Reviews App,Search_EN_Features_2024.08.19,2026-02-24,2026-03-17,UTC,USD,io reviews,amazon reviews importer,broad,5.0,0,0,0.0,0,0.0,0.0,0.0,0.0,0.0,0.0,,,,,
Judge.me Product Reviews App,Search_EN_Features_2024.08.19,2026-02-24,2026-03-17,UTC,USD,inventory sync for etsy ebay amazon,amazon reviews importer,broad,5.0,0,0,0.0,0,0.0,0.0,0.0,0.0,0.0,0.0,,,,,
Judge.me Product Reviews App,Search_EN_Features_2024.08.19,2026-02-24,2026-03-17,UTC,USD,inventory management amazon tiktok,amazon reviews importer,broad,5.0,0,0,0.0,0,0.0,0.0,0.0,0.0,0.0,0.0,,,,,
Judge.me Product Reviews App,Search_EN_Features_2024.08.19,2026-02-24,2026-03-17,UTC,USD,integration amazon,amazon reviews importer,broad,5.0,0,0,0.0,0,0.0,0.0,0.0,0.0,0.0,0.0,,,,,
Judge.me Product Reviews App,Search_EN_Features_2024.08.19,2026-02-24,2026-03-17,UTC,USD,instant reviews,amazon reviews importer,broad,5.0,0,0,0.0,0,0.0,0.0,0.0,0.0,0.0,0.0,,,,,
Judge.me Product Reviews App,Search_EN_Features_2024.08.19,2026-02-24,2026-03-17,UTC,USD,install amazon mcf and buy with prime,amazon reviews importer,broad,5.0,0,0,0.0,0,0.0,0.0,0.0,0.0,0.0,0.0,,,,,
Judge.me Product Reviews App,Search_EN_Features_2024.08.19,2026-02-24,2026-03-17,UTC,USD,impoter review,amazon reviews importer,broad,5.0,0,0,0.0,0,0.0,0.0,0.0,0.0,0.0,0.0,,,,,
Judge.me Product Reviews App,Search_EN_Features_2024.08.19,2026-02-24,2026-03-17,UTC,USD,importio: ez amazon importer,amazon reviews importer,broad,5.0,0,0,0.0,0,0.0,0.0,0.0,0.0,0.0,0.0,,,,,
Judge.me Product Reviews App,Search_EN_Features_2024.08.19,2026-02-24,2026-03-17,UTC,USD,importio (ez amazon importer),amazon reviews importer,broad,5.0,0,0,0.0,0,0.0,0.0,0.0,0.0,0.0,0.0,,,,,
Judge.me Product Reviews App,Search_EN_Features_2024.08.19,2026-02-24,2026-03-17,UTC,USD,importer reviews amazon,amazon reviews importer,broad,5.0,0,0,0.0,0,0.0,0.0,0.0,0.0,0.0,0.0,,,,,
Judge.me Product Reviews App,Search_EN_Features_2024.08.19,2026-02-24,2026-03-17,UTC,USD,importer app for amazon affiliates,amazon reviews importer,broad,5.0,0,0,0.0,0,0.0,0.0,0.0,0.0,0.0,0.0,,,,,
Judge.me Product Reviews App,Search_EN_Features_2024.08.19,2026-02-24,2026-03-17,UTC,USD,importer amazon,amazon reviews importer,broad,5.0,0,0,0.0,0,0.0,0.0,0.0,0.0,0.0,0.0,,,,,
Judge.me Product Reviews App,Search_EN_Features_2024.08.19,2026-02-24,2026-03-17,UTC,USD,importare prodotti da amazon,amazon reviews importer,broad,5.0,0,0,0.0,0,0.0,0.0,0.0,0.0,0.0,0.0,,,,,
Judge.me Product Reviews App,Search_EN_Features_2024.08.19,2026-02-24,2026-03-17,UTC,USD,importare da amazon,amazon reviews importer,broad,5.0,0,0,0.0,0,0.0,0.0,0.0,0.0,0.0,0.0,,,,,
Judge.me Product Reviews App,Search_EN_Features_2024.08.19,2026-02-24,2026-03-17,UTC,USD,importar reviews de amazon,amazon reviews importer,broad,5.0,0,0,0.0,0,0.0,0.0,0.0,0.0,0.0,0.0,,,,,
Judge.me Product Reviews App,Search_EN_Features_2024.08.19,2026-02-24,2026-03-17,UTC,USD,importar reviews,amazon reviews importer,broad,5.0,0,0,0.0,0,0.0,0.0,0.0,0.0,0.0,0.0,,,,,
Judge.me Product Reviews App,Search_EN_Features_2024.08.19,2026-02-24,2026-03-17,UTC,USD,importar productos de amazon,amazon reviews importer,broad,5.0,0,0,0.0,0,0.0,0.0,0.0,0.0,0.0,0.0,,,,,
Judge.me Product Reviews App,Search_EN_Features_2024.08.19,2026-02-24,2026-03-17,UTC,USD,import products from amazon,amazon reviews importer,broad,5.0,0,0,0.0,0,0.0,0.0,0.0,0.0,0.0,0.0,,,,,
Judge.me Product Reviews App,Search_EN_Features_2024.08.19,2026-02-24,2026-03-17,UTC,USD,import products amazon mag,amazon reviews importer,broad,5.0,0,0,0.0,0,0.0,0.0,0.0,0.0,0.0,0.0,,,,,
Judge.me Product Reviews App,Search_EN_Features_2024.08.19,2026-02-24,2026-03-17,UTC,USD,import products amazon mad,amazon reviews importer,broad,5.0,0,0,0.0,0,0.0,0.0,0.0,0.0,0.0,0.0,,,,,
Judge.me Product Reviews App,Search_EN_Features_2024.08.19,2026-02-24,2026-03-17,UTC,USD,import products amazon,amazon reviews importer,broad,5.0,0,0,0.0,0,0.0,0.0,0.0,0.0,0.0,0.0,,,,,
Judge.me Product Reviews App,Search_EN_Features_2024.08.19,2026-02-24,2026-03-17,UTC,USD,import product from amazon,amazon reviews importer,broad,5.0,0,0,0.0,0,0.0,0.0,0.0,0.0,0.0,0.0,,,,,
Judge.me Product Reviews App,Search_EN_Features_2024.08.19,2026-02-24,2026-03-17,UTC,USD,import listings from amazon,amazon reviews importer,broad,5.0,0,0,0.0,0,0.0,0.0,0.0,0.0,0.0,0.0,,,,,
Judge.me Product Reviews App,Search_EN_Features_2024.08.19,2026-02-24,2026-03-17,UTC,USD,import amazon reviews,amazon reviews importer,broad,5.0,0,0,0.0,0,0.0,0.0,0.0,0.0,0.0,0.0,,,,,
Judge.me Product Reviews App,Search_EN_Features_2024.08.19,2026-02-24,2026-03-17,UTC,USD,import amazon products,amazon reviews importer,broad,5.0,0,0,0.0,0,0.0,0.0,0.0,0.0,0.0,0.0,,,,,
Judge.me Product Reviews App,Search_EN_Features_2024.08.19,2026-02-24,2026-03-17,UTC,USD,import amazon product,amazon reviews importer,broad,5.0,0,0,0.0,0,0.0,0.0,0.0,0.0,0.0,0.0,,,,,
Judge.me Product Reviews App,Search_EN_Features_2024.08.19,2026-02-24,2026-03-17,UTC,USD,import amazon listings,amazon reviews importer,broad,5.0,0,0,0.0,0,0.0,0.0,0.0,0.0,0.0,0.0,,,,,
Judge.me Product Reviews App,Search_EN_Features_2024.08.19,2026-02-24,2026-03-17,UTC,USD,import amazon listing,amazon reviews importer,broad,5.0,0,0,0.0,0,0.0,0.0,0.0,0.0,0.0,0.0,,,,,
Judge.me Product Reviews App,Search_EN_Features_2024.08.19,2026-02-24,2026-03-17,UTC,USD,import amazon,amazon reviews importer,broad,5.0,0,0,0.0,0,0.0,0.0,0.0,0.0,0.0,0.0,,,,,
Judge.me Product Reviews App,Search_EN_Features_2024.08.19,2026-02-24,2026-03-17,UTC,USD,im review,amazon reviews importer,broad,5.0,0,0,0.0,0,0.0,0.0,0.0,0.0,0.0,0.0,,,,,
Judge.me Product Reviews App,Search_EN_Features_2024.08.19,2026-02-24,2026-03-17,UTC,USD,ig review,amazon reviews importer,broad,5.0,0,0,0.0,0,0.0,0.0,0.0,0.0,0.0,0.0,,,,,
Judge.me Product Reviews App,Search_EN_Features_2024.08.19,2026-02-24,2026-03-17,UTC,USD,hydrogen reviews,amazon reviews importer,broad,5.0,0,0,0.0,0,0.0,0.0,0.0,0.0,0.0,0.0,,,,,
Judge.me Product Reviews App,Search_EN_Features_2024.08.19,2026-02-24,2026-03-17,UTC,USD,hulkapps product reviews,amazon reviews importer,broad,5.0,0,0,0.0,0,0.0,0.0,0.0,0.0,0.0,0.0,,,,,
Judge.me Product Reviews App,Search_EN_Features_2024.08.19,2026-02-24,2026-03-17,UTC,USD,hulkapps amazon import & sync,amazon reviews importer,broad,5.0,0,0,0.0,0,0.0,0.0,0.0,0.0,0.0,0.0,,,,,
Judge.me Product Reviews App,Search_EN_Features_2024.08.19,2026-02-24,2026-03-17,UTC,USD,https://www.flawlessbloom.com/blogs/supplement/fytika-flexi-move-review,amazon reviews importer,broad,5.0,0,0,0.0,0,0.0,0.0,0.0,0.0,0.0,0.0,,,,,
Judge.me Product Reviews App,Search_EN_Features_2024.08.19,2026-02-24,2026-03-17,UTC,USD,https://www.flawlessbloom.com/blogs/supplement/collanol-review,amazon reviews importer,broad,5.0,0,0,0.0,0,0.0,0.0,0.0,0.0,0.0,0.0,,,,,
Judge.me Product Reviews App,Search_EN_Features_2024.08.19,2026-02-24,2026-03-17,UTC,USD,https://steiger-naturals.de/pages/product-reviews/darmkur-erfahrungen,amazon reviews importer,broad,5.0,0,0,0.0,0,0.0,0.0,0.0,0.0,0.0,0.0,,,,,
Judge.me Product Reviews App,Search_EN_Features_2024.08.19,2026-02-24,2026-03-17,UTC,USD,https://apps.shopify.com/reviews/1942292,amazon reviews importer,broad,5.0,0,0,0.0,0,0.0,0.0,0.0,0.0,0.0,0.0,,,,,
Judge.me Product Reviews App,Search_EN_Features_2024.08.19,2026-02-24,2026-03-17,UTC,USD,https://apps.shopify.com/reviews/1447929?locale=it,amazon reviews importer,broad,5.0,0,0,0.0,0,0.0,0.0,0.0,0.0,0.0,0.0,,,,,
Judge.me Product Reviews App,Search_EN_Features_2024.08.19,2026-02-24,2026-03-17,UTC,USD,https://apps.shopify.com/product-reviews,amazon reviews importer,broad,5.0,0,0,0.0,0,0.0,0.0,0.0,0.0,0.0,0.0,,,,,
Judge.me Product Reviews App,Search_EN_Features_2024.08.19,2026-02-24,2026-03-17,UTC,USD,https://apps.shopify.com/lai-reviews?locale=fr,amazon reviews importer,broad,5.0,0,0,0.0,0,0.0,0.0,0.0,0.0,0.0,0.0,,,,,
Judge.me Product Reviews App,Search_EN_Features_2024.08.19,2026-02-24,2026-03-17,UTC,USD,https://apps.shopify.com/hypersku/reviews?sort_by=newest,amazon reviews importer,broad,5.0,0,0,0.0,0,0.0,0.0,0.0,0.0,0.0,0.0,,,,,
Judge.me Product Reviews App,Search_EN_Features_2024.08.19,2026-02-24,2026-03-17,UTC,USD,https://apps.shopify.com/ai-altgenius/reviews?ratings%5b%5d=5&sort_by=newest&page=1,amazon reviews importer,broad,5.0,0,0,0.0,0,0.0,0.0,0.0,0.0,0.0,0.0,,,,,
Judge.me Product Reviews App,Search_EN_Features_2024.08.19,2026-02-24,2026-03-17,UTC,USD,how can i review translation,amazon reviews importer,broad,5.0,0,0,0.0,0,0.0,0.0,0.0,0.0,0.0,0.0,,,,,
Judge.me Product Reviews App,Search_EN_Features_2024.08.19,2026-02-24,2026-03-17,UTC,USD,hotels reviews testimonials,amazon reviews importer,broad,5.0,0,0,0.0,0,0.0,0.0,0.0,0.0,0.0,0.0,,,,,
Judge.me Product Reviews App,Search_EN_Features_2024.08.19,2026-02-24,2026-03-17,UTC,USD,hotels reviews,amazon reviews importer,broad,5.0,0,0,0.0,0,0.0,0.0,0.0,0.0,0.0,0.0,,,,,
Judge.me Product Reviews App,Search_EN_Features_2024.08.19,2026-02-24,2026-03-17,UTC,USD,hot sale review,amazon reviews importer,broad,5.0,0,0,0.0,0,0.0,0.0,0.0,0.0,0.0,0.0,,,,,
Judge.me Product Reviews App,Search_EN_Features_2024.08.19,2026-02-24,2026-03-17,UTC,USD,hopify product reviews,amazon reviews importer,broad,5.0,0,0,0.0,0,0.0,0.0,0.0,0.0,0.0,0.0,,,,,
Judge.me Product Reviews App,Search_EN_Features_2024.08.19,2026-02-24,2026-03-17,UTC,USD,hoora: product reviews,amazon reviews importer,broad,5.0,0,0,0.0,0,0.0,0.0,0.0,0.0,0.0,0.0,,,,,
Judge.me Product Reviews App,Search_EN_Features_2024.08.19,2026-02-24,2026-03-17,UTC,USD,home page review,amazon reviews importer,broad,5.0,0,0,0.0,0,0.0,0.0,0.0,0.0,0.0,0.0,,,,,
Judge.me Product Reviews App,Search_EN_Features_2024.08.19,2026-02-24,2026-03-17,UTC,USD,heureka reviews,amazon reviews importer,broad,5.0,0,0,0.0,0,0.0,0.0,0.0,0.0,0.0,0.0,,,,,
Judge.me Product Reviews App,Search_EN_Features_2024.08.19,2026-02-24,2026-03-17,UTC,USD,helpful product reviews,amazon reviews importer,broad,5.0,0,0,0.0,0,0.0,0.0,0.0,0.0,0.0,0.0,,,,,
Judge.me Product Reviews App,Search_EN_Features_2024.08.19,2026-02-24,2026-03-17,UTC,USD,gudge.me producte reviews,amazon reviews importer,broad,5.0,0,0,0.0,0,0.0,0.0,0.0,0.0,0.0,0.0,,,,,
Judge.me Product Reviews App,Search_EN_Features_2024.08.19,2026-02-24,2026-03-17,UTC,USD,gtin upc barcode generator for amazon,amazon reviews importer,broad,5.0,0,0,0.0,0,0.0,0.0,0.0,0.0,0.0,0.0,,,,,
Judge.me Product Reviews App,Search_EN_Features_2024.08.19,2026-02-24,2026-03-17,UTC,USD,gtin for amazon,amazon reviews importer,broad,5.0,0,0,0.0,0,0.0,0.0,0.0,0.0,0.0,0.0,,,,,
Judge.me Product Reviews App,Search_EN_Features_2024.08.19,2026-02-24,2026-03-17,UTC,USD,growth review,amazon reviews importer,broad,5.0,0,0,0.0,0,0.0,0.0,0.0,0.0,0.0,0.0,,,,,
Judge.me Product Reviews App,Search_EN_Features_2024.08.19,2026-02-24,2026-03-17,UTC,USD,"growave ? reviews, loyalty & wishlist",amazon reviews importer,broad,5.0,0,0,0.0,0,0.0,0.0,0.0,0.0,0.0,0.0,,,,,
Judge.me Product Reviews App,Search_EN_Features_2024.08.19,2026-02-24,2026-03-17,UTC,USD,"growave ? loyalty, wishlist & reviews",amazon reviews importer,broad,5.0,0,0,0.0,0,0.0,0.0,0.0,0.0,0.0,0.0,,,,,
Judge.me Product Reviews App,Search_EN_Features_2024.08.19,2026-02-24,2026-03-17,UTC,USD,"growave - reviews, loyalty,wishlist",amazon reviews importer,broad,5.0,0,0,0.0,0,0.0,0.0,0.0,0.0,0.0,0.0,,,,,
Judge.me Product Reviews App,Search_EN_Features_2024.08.19,2026-02-24,2026-03-17,UTC,USD,grow review,amazon reviews importer,broad,5.0,0,0,0.0,0,0.0,0.0,0.0,0.0,0.0,0.0,,,,,
Judge.me Product Reviews App,Search_EN_Features_2024.08.19,2026-02-24,2026-03-17,UTC,USD,gro pulse google reviews,amazon reviews importer,broad,5.0,0,0,0.0,0,0.0,0.0,0.0,0.0,0.0,0.0,,,,,
Judge.me Product Reviews App,Search_EN_Features_2024.08.19,2026-02-24,2026-03-17,UTC,USD,grid reviews,amazon reviews importer,broad,5.0,0,0,0.0,0,0.0,0.0,0.0,0.0,0.0,0.0,,,,,
Judge.me Product Reviews App,Search_EN_Features_2024.08.19,2026-02-24,2026-03-17,UTC,USD,great review,amazon reviews importer,broad,5.0,0,0,0.0,0,0.0,0.0,0.0,0.0,0.0,0.0,,,,,
Judge.me Product Reviews App,Search_EN_Features_2024.08.19,2026-02-24,2026-03-17,UTC,USD,gratis review app nederland,amazon reviews importer,broad,5.0,0,0,0.0,0,0.0,0.0,0.0,0.0,0.0,0.0,,,,,
Judge.me Product Reviews App,Search_EN_Features_2024.08.19,2026-02-24,2026-03-17,UTC,USD,gratis review app,amazon reviews importer,broad,5.0,0,0,0.0,0,0.0,0.0,0.0,0.0,0.0,0.0,,,,,
Judge.me Product Reviews App,Search_EN_Features_2024.08.19,2026-02-24,2026-03-17,UTC,USD,goolge review,amazon reviews importer,broad,5.0,0,0,0.0,0,0.0,0.0,0.0,0.0,0.0,0.0,,,,,
Judge.me Product Reviews App,Search_EN_Features_2024.08.19,2026-02-24,2026-03-17,UTC,USD,goohle reviews,amazon reviews importer,broad,5.0,0,0,0.0,0,0.0,0.0,0.0,0.0,0.0,0.0,,,,,
Judge.me Product Reviews App,Search_EN_Features_2024.08.19,2026-02-24,2026-03-17,UTC,USD,google-reviews,amazon reviews importer,broad,5.0,0,0,0.0,0,0.0,0.0,0.0,0.0,0.0,0.0,,,,,
Judge.me Product Reviews App,Search_EN_Features_2024.08.19,2026-02-24,2026-03-17,UTC,USD,google widget review,amazon reviews importer,broad,5.0,0,0,0.0,0,0.0,0.0,0.0,0.0,0.0,0.0,,,,,
Judge.me Product Reviews App,Search_EN_Features_2024.08.19,2026-02-24,2026-03-17,UTC,USD,google store reviews,amazon reviews importer,broad,5.0,0,0,0.0,0,0.0,0.0,0.0,0.0,0.0,0.0,,,,,
Judge.me Product Reviews App,Search_EN_Features_2024.08.19,2026-02-24,2026-03-17,UTC,USD,google shopping review,amazon reviews importer,broad,5.0,0,0,0.0,0,0.0,0.0,0.0,0.0,0.0,0.0,,,,,
Judge.me Product Reviews App,Search_EN_Features_2024.08.19,2026-02-24,2026-03-17,UTC,USD,google shop reviews,amazon reviews importer,broad,5.0,0,0,0.0,0,0.0,0.0,0.0,0.0,0.0,0.0,,,,,
Judge.me Product Reviews App,Search_EN_Features_2024.08.19,2026-02-24,2026-03-17,UTC,USD,google seller reviews,amazon reviews importer,broad,5.0,0,0,0.0,0,0.0,0.0,0.0,0.0,0.0,0.0,,,,,
Judge.me Product Reviews App,Search_EN_Features_2024.08.19,2026-02-24,2026-03-17,UTC,USD,google rocket reviews,amazon reviews importer,broad,5.0,0,0,0.0,0,0.0,0.0,0.0,0.0,0.0,0.0,,,,,
Judge.me Product Reviews App,Search_EN_Features_2024.08.19,2026-02-24,2026-03-17,UTC,USD,google rocket review,amazon reviews importer,broad,5.0,0,0,0.0,0,0.0,0.0,0.0,0.0,0.0,0.0,,,,,
Judge.me Product Reviews App,Search_EN_Features_2024.08.19,2026-02-24,2026-03-17,UTC,USD,google reviews widgets,amazon reviews importer,broad,5.0,0,0,0.0,0,0.0,0.0,0.0,0.0,0.0,0.0,,,,,
Judge.me Product Reviews App,Search_EN_Features_2024.08.19,2026-02-24,2026-03-17,UTC,USD,google reviews widget,amazon reviews importer,broad,5.0,0,0,0.0,0,0.0,0.0,0.0,0.0,0.0,0.0,,,,,
Judge.me Product Reviews App,Search_EN_Features_2024.08.19,2026-02-24,2026-03-17,UTC,USD,google reviews trustindex,amazon reviews importer,broad,5.0,0,0,0.0,0,0.0,0.0,0.0,0.0,0.0,0.0,,,,,
Judge.me Product Reviews App,Search_EN_Features_2024.08.19,2026-02-24,2026-03-17,UTC,USD,google reviews trustify,amazon reviews importer,broad,5.0,0,0,0.0,0,0.0,0.0,0.0,0.0,0.0,0.0,,,,,
Judge.me Product Reviews App,Search_EN_Features_2024.08.19,2026-02-24,2026-03-17,UTC,USD,google reviews trust badge,amazon reviews importer,broad,5.0,0,0,0.0,0,0.0,0.0,0.0,0.0,0.0,0.0,,,,,
Judge.me Product Reviews App,Search_EN_Features_2024.08.19,2026-02-24,2026-03-17,UTC,USD,google reviews slider,amazon reviews importer,broad,5.0,0,0,0.0,0,0.0,0.0,0.0,0.0,0.0,0.0,,,,,
Judge.me Product Reviews App,Search_EN_Features_2024.08.19,2026-02-24,2026-03-17,UTC,USD,google reviews show,amazon reviews importer,broad,5.0,0,0,0.0,0,0.0,0.0,0.0,0.0,0.0,0.0,,,,,
Judge.me Product Reviews App,Search_EN_Features_2024.08.19,2026-02-24,2026-03-17,UTC,USD,google reviews roket,amazon reviews importer,broad,5.0,0,0,0.0,0,0.0,0.0,0.0,0.0,0.0,0.0,,,,,
Judge.me Product Reviews App,Search_EN_Features_2024.08.19,2026-02-24,2026-03-17,UTC,USD,google reviews rockets,amazon reviews importer,broad,5.0,0,0,0.0,0,0.0,0.0,0.0,0.0,0.0,0.0,,,,,
Judge.me Product Reviews App,Search_EN_Features_2024.08.19,2026-02-24,2026-03-17,UTC,USD,google reviews rocket - piano free:,amazon reviews importer,broad,5.0,0,0,0.0,0,0.0,0.0,0.0,0.0,0.0,0.0,,,,,
Judge.me Product Reviews App,Search_EN_Features_2024.08.19,2026-02-24,2026-03-17,UTC,USD,google reviews rocket,amazon reviews importer,broad,5.0,0,0,0.0,0,0.0,0.0,0.0,0.0,0.0,0.0,,,,,
Judge.me Product Reviews App,Search_EN_Features_2024.08.19,2026-02-24,2026-03-17,UTC,USD,google reviews ro,amazon reviews importer,broad,5.0,0,0,0.0,0,0.0,0.0,0.0,0.0,0.0,0.0,,,,,
Judge.me Product Reviews App,Search_EN_Features_2024.08.19,2026-02-24,2026-03-17,UTC,USD,google reviews reputon,amazon reviews importer,broad,5.0,0,0,0.0,0,0.0,0.0,0.0,0.0,0.0,0.0,,,,,
Judge.me Product Reviews App,Search_EN_Features_2024.08.19,2026-02-24,2026-03-17,UTC,USD,google reviews product page,amazon reviews importer,broad,5.0,0,0,0.0,0,0.0,0.0,0.0,0.0,0.0,0.0,,,,,
Judge.me Product Reviews App,Search_EN_Features_2024.08.19,2026-02-24,2026-03-17,UTC,USD,google reviews management,amazon reviews importer,broad,5.0,0,0,0.0,0,0.0,0.0,0.0,0.0,0.0,0.0,,,,,
Judge.me Product Reviews App,Search_EN_Features_2024.08.19,2026-02-24,2026-03-17,UTC,USD,google reviews impoter,amazon reviews importer,broad,5.0,0,0,0.0,0,0.0,0.0,0.0,0.0,0.0,0.0,,,,,
Judge.me Product Reviews App,Search_EN_Features_2024.08.19,2026-02-24,2026-03-17,UTC,USD,google reviews for prodcuts pages,amazon reviews importer,broad,5.0,0,0,0.0,0,0.0,0.0,0.0,0.0,0.0,0.0,,,,,
Judge.me Product Reviews App,Search_EN_Features_2024.08.19,2026-02-24,2026-03-17,UTC,USD,google reviews entangle,amazon reviews importer,broad,5.0,0,0,0.0,0,0.0,0.0,0.0,0.0,0.0,0.0,,,,,
Judge.me Product Reviews App,Search_EN_Features_2024.08.19,2026-02-24,2026-03-17,UTC,USD,google reviews entang;e,amazon reviews importer,broad,5.0,0,0,0.0,0,0.0,0.0,0.0,0.0,0.0,0.0,,,,,
Judge.me Product Reviews App,Search_EN_Features_2024.08.19,2026-02-24,2026-03-17,UTC,USD,google reviews elfsite,amazon reviews importer,broad,5.0,0,0,0.0,0,0.0,0.0,0.0,0.0,0.0,0.0,,,,,
Judge.me Product Reviews App,Search_EN_Features_2024.08.19,2026-02-24,2026-03-17,UTC,USD,google reviews elfsight,amazon reviews importer,broad,5.0,0,0,0.0,0,0.0,0.0,0.0,0.0,0.0,0.0,,,,,
Judge.me Product Reviews App,Search_EN_Features_2024.08.19,2026-02-24,2026-03-17,UTC,USD,google reviews dragon,amazon reviews importer,broad,5.0,0,0,0.0,0,0.0,0.0,0.0,0.0,0.0,0.0,,,,,
Judge.me Product Reviews App,Search_EN_Features_2024.08.19,2026-02-24,2026-03-17,UTC,USD,google reviews collect,amazon reviews importer,broad,5.0,0,0,0.0,0,0.0,0.0,0.0,0.0,0.0,0.0,,,,,
Judge.me Product Reviews App,Search_EN_Features_2024.08.19,2026-02-24,2026-03-17,UTC,USD,google reviews by trustsync,amazon reviews importer,broad,5.0,0,0,0.0,0,0.0,0.0,0.0,0.0,0.0,0.0,,,,,
Judge.me Product Reviews App,Search_EN_Features_2024.08.19,2026-02-24,2026-03-17,UTC,USD,google reviews by trustify,amazon reviews importer,broad,5.0,0,0,0.0,0,0.0,0.0,0.0,0.0,0.0,0.0,,,,,
Judge.me Product Reviews App,Search_EN_Features_2024.08.19,2026-02-24,2026-03-17,UTC,USD,google reviews by shophaus,amazon reviews importer,broad,5.0,0,0,0.0,0,0.0,0.0,0.0,0.0,0.0,0.0,,,,,
Judge.me Product Reviews App,Search_EN_Features_2024.08.19,2026-02-24,2026-03-17,UTC,USD,google reviews by ryviu,amazon reviews importer,broad,5.0,0,0,0.0,0,0.0,0.0,0.0,0.0,0.0,0.0,,,,,
Judge.me Product Reviews App,Search_EN_Features_2024.08.19,2026-02-24,2026-03-17,UTC,USD,google reviews by rebutand,amazon reviews importer,broad,5.0,0,0,0.0,0,0.0,0.0,0.0,0.0,0.0,0.0,,,,,
Judge.me Product Reviews App,Search_EN_Features_2024.08.19,2026-02-24,2026-03-17,UTC,USD,google reviews by growave,amazon reviews importer,broad,5.0,0,0,0.0,0,0.0,0.0,0.0,0.0,0.0,0.0,,,,,
Judge.me Product Reviews App,Search_EN_Features_2024.08.19,2026-02-24,2026-03-17,UTC,USD,google reviews by elfsight,amazon reviews importer,broad,5.0,0,0,0.0,0,0.0,0.0,0.0,0.0,0.0,0.0,,,,,
Judge.me Product Reviews App,Search_EN_Features_2024.08.19,2026-02-24,2026-03-17,UTC,USD,google reviews by dragonapps,amazon reviews importer,broad,5.0,0,0,0.0,0,0.0,0.0,0.0,0.0,0.0,0.0,,,,,
Judge.me Product Reviews App,Search_EN_Features_2024.08.19,2026-02-24,2026-03-17,UTC,USD,google reviews by appio,amazon reviews importer,broad,5.0,0,0,0.0,0,0.0,0.0,0.0,0.0,0.0,0.0,,,,,
Judge.me Product Reviews App,Search_EN_Features_2024.08.19,2026-02-24,2026-03-17,UTC,USD,google reviews by,amazon reviews importer,broad,5.0,0,0,0.0,0,0.0,0.0,0.0,0.0,0.0,0.0,,,,,
Judge.me Product Reviews App,Search_EN_Features_2024.08.19,2026-02-24,2026-03-17,UTC,USD,google reviews avada,amazon reviews importer,broad,5.0,0,0,0.0,0,0.0,0.0,0.0,0.0,0.0,0.0,,,,,
Judge.me Product Reviews App,Search_EN_Features_2024.08.19,2026-02-24,2026-03-17,UTC,USD,google reviews appio,amazon reviews importer,broad,5.0,0,0,0.0,0,0.0,0.0,0.0,0.0,0.0,0.0,,,,,
Judge.me Product Reviews App,Search_EN_Features_2024.08.19,2026-02-24,2026-03-17,UTC,USD,google reviews app,amazon reviews importer,broad,5.0,0,0,0.0,0,0.0,0.0,0.0,0.0,0.0,0.0,,,,,
Judge.me Product Reviews App,Search_EN_Features_2024.08.19,2026-02-24,2026-03-17,UTC,USD,google reviews addon,amazon reviews importer,broad,5.0,0,0,0.0,0,0.0,0.0,0.0,0.0,0.0,0.0,,,,,
Judge.me Product Reviews App,Search_EN_Features_2024.08.19,2026-02-24,2026-03-17,UTC,USD,google reviews & trust seal hp,amazon reviews importer,broad,5.0,0,0,0.0,0,0.0,0.0,0.0,0.0,0.0,0.0,,,,,
Judge.me Product Reviews App,Search_EN_Features_2024.08.19,2026-02-24,2026-03-17,UTC,USD,google reviews & photos,amazon reviews importer,broad,5.0,0,0,0.0,0,0.0,0.0,0.0,0.0,0.0,0.0,,,,,
Judge.me Product Reviews App,Search_EN_Features_2024.08.19,2026-02-24,2026-03-17,UTC,USD,google reviews ? gropulse,amazon reviews importer,broad,5.0,0,0,0.0,0,0.0,0.0,0.0,0.0,0.0,0.0,,,,,
Judge.me Product Reviews App,Search_EN_Features_2024.08.19,2026-02-24,2026-03-17,UTC,USD,google review widget plus,amazon reviews importer,broad,5.0,0,0,0.0,0,0.0,0.0,0.0,0.0,0.0,0.0,,,,,
Judge.me Product Reviews App,Search_EN_Features_2024.08.19,2026-02-24,2026-03-17,UTC,USD,google review wid,amazon reviews importer,broad,5.0,0,0,0.0,0,0.0,0.0,0.0,0.0,0.0,0.0,,,,,
Judge.me Product Reviews App,Search_EN_Features_2024.08.19,2026-02-24,2026-03-17,UTC,USD,google review trustpilot,amazon reviews importer,broad,5.0,0,0,0.0,0,0.0,0.0,0.0,0.0,0.0,0.0,,,,,
Judge.me Product Reviews App,Search_EN_Features_2024.08.19,2026-02-24,2026-03-17,UTC,USD,google review through email,amazon reviews importer,broad,5.0,0,0,0.0,0,0.0,0.0,0.0,0.0,0.0,0.0,,,,,
Judge.me Product Reviews App,Search_EN_Features_2024.08.19,2026-02-24,2026-03-17,UTC,USD,google review snippet,amazon reviews importer,broad,5.0,0,0,0.0,0,0.0,0.0,0.0,0.0,0.0,0.0,,,,,
Judge.me Product Reviews App,Search_EN_Features_2024.08.19,2026-02-24,2026-03-17,UTC,USD,google review shophaus,amazon reviews importer,broad,5.0,0,0,0.0,0,0.0,0.0,0.0,0.0,0.0,0.0,,,,,
Judge.me Product Reviews App,Search_EN_Features_2024.08.19,2026-02-24,2026-03-17,UTC,USD,google review section,amazon reviews importer,broad,5.0,0,0,0.0,0,0.0,0.0,0.0,0.0,0.0,0.0,,,,,
Judge.me Product Reviews App,Search_EN_Features_2024.08.19,2026-02-24,2026-03-17,UTC,USD,google review rocket,amazon reviews importer,broad,5.0,0,0,0.0,0,0.0,0.0,0.0,0.0,0.0,0.0,,,,,
Judge.me Product Reviews App,Search_EN_Features_2024.08.19,2026-02-24,2026-03-17,UTC,USD,google review ri=ocket,amazon reviews importer,broad,5.0,0,0,0.0,0,0.0,0.0,0.0,0.0,0.0,0.0,,,,,
Judge.me Product Reviews App,Search_EN_Features_2024.08.19,2026-02-24,2026-03-17,UTC,USD,google review rabatt,amazon reviews importer,broad,5.0,0,0,0.0,0,0.0,0.0,0.0,0.0,0.0,0.0,,,,,
Judge.me Product Reviews App,Search_EN_Features_2024.08.19,2026-02-24,2026-03-17,UTC,USD,google review plus by entangle,amazon reviews importer,broad,5.0,0,0,0.0,0,0.0,0.0,0.0,0.0,0.0,0.0,,,,,
Judge.me Product Reviews App,Search_EN_Features_2024.08.19,2026-02-24,2026-03-17,UTC,USD,google review plus,amazon reviews importer,broad,5.0,0,0,0.0,0,0.0,0.0,0.0,0.0,0.0,0.0,,,,,
Judge.me Product Reviews App,Search_EN_Features_2024.08.19,2026-02-24,2026-03-17,UTC,USD,google review opt in,amazon reviews importer,broad,5.0,0,0,0.0,0,0.0,0.0,0.0,0.0,0.0,0.0,,,,,
Judge.me Product Reviews App,Search_EN_Features_2024.08.19,2026-02-24,2026-03-17,UTC,USD,google review op product,amazon reviews importer,broad,5.0,0,0,0.0,0,0.0,0.0,0.0,0.0,0.0,0.0,,,,,
Judge.me Product Reviews App,Search_EN_Features_2024.08.19,2026-02-24,2026-03-17,UTC,USD,google review link,amazon reviews importer,broad,5.0,0,0,0.0,0,0.0,0.0,0.0,0.0,0.0,0.0,,,,,
Judge.me Product Reviews App,Search_EN_Features_2024.08.19,2026-02-24,2026-03-17,UTC,USD,google review integration,amazon reviews importer,broad,5.0,0,0,0.0,0,0.0,0.0,0.0,0.0,0.0,0.0,,,,,
Judge.me Product Reviews App,Search_EN_Features_2024.08.19,2026-02-24,2026-03-17,UTC,USD,google review embed,amazon reviews importer,broad,5.0,0,0,0.0,0,0.0,0.0,0.0,0.0,0.0,0.0,,,,,
Judge.me Product Reviews App,Search_EN_Features_2024.08.19,2026-02-24,2026-03-17,UTC,USD,google review display,amazon reviews importer,broad,5.0,0,0,0.0,0,0.0,0.0,0.0,0.0,0.0,0.0,,,,,
Judge.me Product Reviews App,Search_EN_Features_2024.08.19,2026-02-24,2026-03-17,UTC,USD,google review dislay,amazon reviews importer,broad,5.0,0,0,0.0,0,0.0,0.0,0.0,0.0,0.0,0.0,,,,,
Judge.me Product Reviews App,Search_EN_Features_2024.08.19,2026-02-24,2026-03-17,UTC,USD,google review connection,amazon reviews importer,broad,5.0,0,0,0.0,0,0.0,0.0,0.0,0.0,0.0,0.0,,,,,
Judge.me Product Reviews App,Search_EN_Features_2024.08.19,2026-02-24,2026-03-17,UTC,USD,google review by shophaus,amazon reviews importer,broad,5.0,0,0,0.0,0,0.0,0.0,0.0,0.0,0.0,0.0,,,,,
Judge.me Product Reviews App,Search_EN_Features_2024.08.19,2026-02-24,2026-03-17,UTC,USD,google review by reputent,amazon reviews importer,broad,5.0,0,0,0.0,0,0.0,0.0,0.0,0.0,0.0,0.0,,,,,
Judge.me Product Reviews App,Search_EN_Features_2024.08.19,2026-02-24,2026-03-17,UTC,USD,google review by appio,amazon reviews importer,broad,5.0,0,0,0.0,0,0.0,0.0,0.0,0.0,0.0,0.0,,,,,
Judge.me Product Reviews App,Search_EN_Features_2024.08.19,2026-02-24,2026-03-17,UTC,USD,google review banner,amazon reviews importer,broad,5.0,0,0,0.0,0,0.0,0.0,0.0,0.0,0.0,0.0,,,,,
Judge.me Product Reviews App,Search_EN_Features_2024.08.19,2026-02-24,2026-03-17,UTC,USD,google review app,amazon reviews importer,broad,5.0,0,0,0.0,0,0.0,0.0,0.0,0.0,0.0,0.0,,,,,
Judge.me Product Reviews App,Search_EN_Features_2024.08.19,2026-02-24,2026-03-17,UTC,USD,google rating review,amazon reviews importer,broad,5.0,0,0,0.0,0,0.0,0.0,0.0,0.0,0.0,0.0,,,,,
Judge.me Product Reviews App,Search_EN_Features_2024.08.19,2026-02-24,2026-03-17,UTC,USD,google product reviews,amazon reviews importer,broad,5.0,0,0,0.0,0,0.0,0.0,0.0,0.0,0.0,0.0,,,,,
Judge.me Product Reviews App,Search_EN_Features_2024.08.19,2026-02-24,2026-03-17,UTC,USD,google product review,amazon reviews importer,broad,5.0,0,0,0.0,0,0.0,0.0,0.0,0.0,0.0,0.0,,,,,
Judge.me Product Reviews App,Search_EN_Features_2024.08.19,2026-02-24,2026-03-17,UTC,USD,google play store reviews,amazon reviews importer,broad,5.0,0,0,0.0,0,0.0,0.0,0.0,0.0,0.0,0.0,,,,,
Judge.me Product Reviews App,Search_EN_Features_2024.08.19,2026-02-24,2026-03-17,UTC,USD,google opt-in review,amazon reviews importer,broad,5.0,0,0,0.0,0,0.0,0.0,0.0,0.0,0.0,0.0,,,,,
Judge.me Product Reviews App,Search_EN_Features_2024.08.19,2026-02-24,2026-03-17,UTC,USD,google my business reviews,amazon reviews importer,broad,5.0,0,0,0.0,0,0.0,0.0,0.0,0.0,0.0,0.0,,,,,
Judge.me Product Reviews App,Search_EN_Features_2024.08.19,2026-02-24,2026-03-17,UTC,USD,google my business review,amazon reviews importer,broad,5.0,0,0,0.0,0,0.0,0.0,0.0,0.0,0.0,0.0,,,,,
Judge.me Product Reviews App,Search_EN_Features_2024.08.19,2026-02-24,2026-03-17,UTC,USD,google merchant reviews,amazon reviews importer,broad,5.0,0,0,0.0,0,0.0,0.0,0.0,0.0,0.0,0.0,,,,,
Judge.me Product Reviews App,Search_EN_Features_2024.08.19,2026-02-24,2026-03-17,UTC,USD,google maps reviews,amazon reviews importer,broad,5.0,0,0,0.0,0,0.0,0.0,0.0,0.0,0.0,0.0,,,,,
Judge.me Product Reviews App,Search_EN_Features_2024.08.19,2026-02-24,2026-03-17,UTC,USD,google maps review,amazon reviews importer,broad,5.0,0,0,0.0,0,0.0,0.0,0.0,0.0,0.0,0.0,,,,,
Judge.me Product Reviews App,Search_EN_Features_2024.08.19,2026-02-24,2026-03-17,UTC,USD,google map review,amazon reviews importer,broad,5.0,0,0,0.0,0,0.0,0.0,0.0,0.0,0.0,0.0,,,,,
Judge.me Product Reviews App,Search_EN_Features_2024.08.19,2026-02-24,2026-03-17,UTC,USD,google integrations reviews,amazon reviews importer,broad,5.0,0,0,0.0,0,0.0,0.0,0.0,0.0,0.0,0.0,,,,,
Judge.me Product Reviews App,Search_EN_Features_2024.08.19,2026-02-24,2026-03-17,UTC,USD,google customer reviews shopify,amazon reviews importer,broad,5.0,0,0,0.0,0,0.0,0.0,0.0,0.0,0.0,0.0,,,,,
Judge.me Product Reviews App,Search_EN_Features_2024.08.19,2026-02-24,2026-03-17,UTC,USD,google customer reviews opt-in,amazon reviews importer,broad,5.0,0,0,0.0,0,0.0,0.0,0.0,0.0,0.0,0.0,,,,,
Judge.me Product Reviews App,Search_EN_Features_2024.08.19,2026-02-24,2026-03-17,UTC,USD,google customer reviews fur shopify,amazon reviews importer,broad,5.0,0,0,0.0,0,0.0,0.0,0.0,0.0,0.0,0.0,,,,,
Judge.me Product Reviews App,Search_EN_Features_2024.08.19,2026-02-24,2026-03-17,UTC,USD,google customer reviews dash,amazon reviews importer,broad,5.0,0,0,0.0,0,0.0,0.0,0.0,0.0,0.0,0.0,,,,,
Judge.me Product Reviews App,Search_EN_Features_2024.08.19,2026-02-24,2026-03-17,UTC,USD,google customer reviews checkout,amazon reviews importer,broad,5.0,0,0,0.0,0,0.0,0.0,0.0,0.0,0.0,0.0,,,,,
Judge.me Product Reviews App,Search_EN_Features_2024.08.19,2026-02-24,2026-03-17,UTC,USD,google customer reviews by simprosys,amazon reviews importer,broad,5.0,0,0,0.0,0,0.0,0.0,0.0,0.0,0.0,0.0,,,,,
Judge.me Product Reviews App,Search_EN_Features_2024.08.19,2026-02-24,2026-03-17,UTC,USD,google customer reviews by simpro,amazon reviews importer,broad,5.0,0,0,0.0,0,0.0,0.0,0.0,0.0,0.0,0.0,,,,,
Judge.me Product Reviews App,Search_EN_Features_2024.08.19,2026-02-24,2026-03-17,UTC,USD,google customer reviews by reputon,amazon reviews importer,broad,5.0,0,0,0.0,0,0.0,0.0,0.0,0.0,0.0,0.0,,,,,
Judge.me Product Reviews App,Search_EN_Features_2024.08.19,2026-02-24,2026-03-17,UTC,USD,google customer review,amazon reviews importer,broad,5.0,0,0,0.0,0,0.0,0.0,0.0,0.0,0.0,0.0,,,,,
Judge.me Product Reviews App,Search_EN_Features_2024.08.19,2026-02-24,2026-03-17,UTC,USD,google business reviews,amazon reviews importer,broad,5.0,0,0,0.0,0,0.0,0.0,0.0,0.0,0.0,0.0,,,,,
Judge.me Product Reviews App,Search_EN_Features_2024.08.19,2026-02-24,2026-03-17,UTC,USD,google business review,amazon reviews importer,broad,5.0,0,0,0.0,0,0.0,0.0,0.0,0.0,0.0,0.0,,,,,
Judge.me Product Reviews App,Search_EN_Features_2024.08.19,2026-02-24,2026-03-17,UTC,USD,google aps ebay review,amazon reviews importer,broad,5.0,0,0,0.0,0,0.0,0.0,0.0,0.0,0.0,0.0,,,,,
Judge.me Product Reviews App,Search_EN_Features_2024.08.19,2026-02-24,2026-03-17,UTC,USD,googla review,amazon reviews importer,broad,5.0,0,0,0.0,0,0.0,0.0,0.0,0.0,0.0,0.0,,,,,
Judge.me Product Reviews App,Search_EN_Features_2024.08.19,2026-02-24,2026-03-17,UTC,USD,goodreadr book reviews,amazon reviews importer,broad,5.0,0,0,0.0,0,0.0,0.0,0.0,0.0,0.0,0.0,,,,,
Judge.me Product Reviews App,Search_EN_Features_2024.08.19,2026-02-24,2026-03-17,UTC,USD,good ebay review,amazon reviews importer,broad,5.0,0,0,0.0,0,0.0,0.0,0.0,0.0,0.0,0.0,,,,,
Judge.me Product Reviews App,Search_EN_Features_2024.08.19,2026-02-24,2026-03-17,UTC,USD,good apps ebay review,amazon reviews importer,broad,5.0,0,0,0.0,0,0.0,0.0,0.0,0.0,0.0,0.0,,,,,
Judge.me Product Reviews App,Search_EN_Features_2024.08.19,2026-02-24,2026-03-17,UTC,USD,goggle reviews,amazon reviews importer,broad,5.0,0,0,0.0,0,0.0,0.0,0.0,0.0,0.0,0.0,,,,,
Judge.me Product Reviews App,Search_EN_Features_2024.08.19,2026-02-24,2026-03-17,UTC,USD,goggle review,amazon reviews importer,broad,5.0,0,0,0.0,0,0.0,0.0,0.0,0.0,0.0,0.0,,,,,
Judge.me Product Reviews App,Search_EN_Features_2024.08.19,2026-02-24,2026-03-17,UTC,USD,glowroad by amazon,amazon reviews importer,broad,5.0,0,0,0.0,0,0.0,0.0,0.0,0.0,0.0,0.0,,,,,
Judge.me Product Reviews App,Search_EN_Features_2024.08.19,2026-02-24,2026-03-17,UTC,USD,glood product reviews,amazon reviews importer,broad,5.0,0,0,0.0,0,0.0,0.0,0.0,0.0,0.0,0.0,,,,,
Judge.me Product Reviews App,Search_EN_Features_2024.08.19,2026-02-24,2026-03-17,UTC,USD,get reviews,amazon reviews importer,broad,5.0,0,0,0.0,0,0.0,0.0,0.0,0.0,0.0,0.0,,,,,
Judge.me Product Reviews App,Search_EN_Features_2024.08.19,2026-02-24,2026-03-17,UTC,USD,gd importateur amazon,amazon reviews importer,broad,5.0,0,0,0.0,0,0.0,0.0,0.0,0.0,0.0,0.0,,,,,
Judge.me Product Reviews App,Search_EN_Features_2024.08.19,2026-02-24,2026-03-17,UTC,USD,gd amazon impoter,amazon reviews importer,broad,5.0,0,0,0.0,0,0.0,0.0,0.0,0.0,0.0,0.0,,,,,
Judge.me Product Reviews App,Search_EN_Features_2024.08.19,2026-02-24,2026-03-17,UTC,USD,gd amazon importer,amazon reviews importer,broad,5.0,0,0,0.0,0,0.0,0.0,0.0,0.0,0.0,0.0,,,,,
Judge.me Product Reviews App,Search_EN_Features_2024.08.19,2026-02-24,2026-03-17,UTC,USD,gd amazon,amazon reviews importer,broad,5.0,0,0,0.0,0,0.0,0.0,0.0,0.0,0.0,0.0,,,,,
Judge.me Product Reviews App,Search_EN_Features_2024.08.19,2026-02-24,2026-03-17,UTC,USD,fulfilment by amazon,amazon reviews importer,broad,5.0,0,0,0.0,0,0.0,0.0,0.0,0.0,0.0,0.0,,,,,
Judge.me Product Reviews App,Search_EN_Features_2024.08.19,2026-02-24,2026-03-17,UTC,USD,from amazon to shopify,amazon reviews importer,broad,5.0,0,0,0.0,0,0.0,0.0,0.0,0.0,0.0,0.0,,,,,
Judge.me Product Reviews App,Search_EN_Features_2024.08.19,2026-02-24,2026-03-17,UTC,USD,fresha reviews,amazon reviews importer,broad,5.0,0,0,0.0,0,0.0,0.0,0.0,0.0,0.0,0.0,,,,,
Judge.me Product Reviews App,Search_EN_Features_2024.08.19,2026-02-24,2026-03-17,UTC,USD,free shopify product reviews,amazon reviews importer,broad,5.0,0,0,0.0,0,0.0,0.0,0.0,0.0,0.0,0.0,,,,,
Judge.me Product Reviews App,Search_EN_Features_2024.08.19,2026-02-24,2026-03-17,UTC,USD,free reviews testimonals,amazon reviews importer,broad,5.0,0,0,0.0,0,0.0,0.0,0.0,0.0,0.0,0.0,,,,,
Judge.me Product Reviews App,Search_EN_Features_2024.08.19,2026-02-24,2026-03-17,UTC,USD,free reviews impo,amazon reviews importer,broad,5.0,0,0,0.0,0,0.0,0.0,0.0,0.0,0.0,0.0,,,,,
Judge.me Product Reviews App,Search_EN_Features_2024.08.19,2026-02-24,2026-03-17,UTC,USD,free reviews by shopify,amazon reviews importer,broad,5.0,0,0,0.0,0,0.0,0.0,0.0,0.0,0.0,0.0,,,,,
Judge.me Product Reviews App,Search_EN_Features_2024.08.19,2026-02-24,2026-03-17,UTC,USD,free reviews add,amazon reviews importer,broad,5.0,0,0,0.0,0,0.0,0.0,0.0,0.0,0.0,0.0,,,,,
Judge.me Product Reviews App,Search_EN_Features_2024.08.19,2026-02-24,2026-03-17,UTC,USD,free reviewes,amazon reviews importer,broad,5.0,0,0,0.0,0,0.0,0.0,0.0,0.0,0.0,0.0,,,,,
Judge.me Product Reviews App,Search_EN_Features_2024.08.19,2026-02-24,2026-03-17,UTC,USD,free review from supplier,amazon reviews importer,broad,5.0,0,0,0.0,0,0.0,0.0,0.0,0.0,0.0,0.0,,,,,
Judge.me Product Reviews App,Search_EN_Features_2024.08.19,2026-02-24,2026-03-17,UTC,USD,free review apps,amazon reviews importer,broad,5.0,0,0,0.0,0,0.0,0.0,0.0,0.0,0.0,0.0,,,,,
Judge.me Product Reviews App,Search_EN_Features_2024.08.19,2026-02-24,2026-03-17,UTC,USD,free rating review,amazon reviews importer,broad,5.0,0,0,0.0,0,0.0,0.0,0.0,0.0,0.0,0.0,,,,,
Judge.me Product Reviews App,Search_EN_Features_2024.08.19,2026-02-24,2026-03-17,UTC,USD,free product reviews by shopify,amazon reviews importer,broad,5.0,0,0,0.0,0,0.0,0.0,0.0,0.0,0.0,0.0,,,,,
Judge.me Product Reviews App,Search_EN_Features_2024.08.19,2026-02-24,2026-03-17,UTC,USD,free product reviews,amazon reviews importer,broad,5.0,0,0,0.0,0,0.0,0.0,0.0,0.0,0.0,0.0,,,,,
Judge.me Product Reviews App,Search_EN_Features_2024.08.19,2026-02-24,2026-03-17,UTC,USD,free product review apps,amazon reviews importer,broad,5.0,0,0,0.0,0,0.0,0.0,0.0,0.0,0.0,0.0,,,,,
Judge.me Product Reviews App,Search_EN_Features_2024.08.19,2026-02-24,2026-03-17,UTC,USD,free product review app,amazon reviews importer,broad,5.0,0,0,0.0,0,0.0,0.0,0.0,0.0,0.0,0.0,,,,,
Judge.me Product Reviews App,Search_EN_Features_2024.08.19,2026-02-24,2026-03-17,UTC,USD,free product review,amazon reviews importer,broad,5.0,0,0,0.0,0,0.0,0.0,0.0,0.0,0.0,0.0,,,,,
Judge.me Product Reviews App,Search_EN_Features_2024.08.19,2026-02-24,2026-03-17,UTC,USD,free photo review,amazon reviews importer,broad,5.0,0,0,0.0,0,0.0,0.0,0.0,0.0,0.0,0.0,,,,,
Judge.me Product Reviews App,Search_EN_Features_2024.08.19,2026-02-24,2026-03-17,UTC,USD,free hulk reviews,amazon reviews importer,broad,5.0,0,0,0.0,0,0.0,0.0,0.0,0.0,0.0,0.0,,,,,
Judge.me Product Reviews App,Search_EN_Features_2024.08.19,2026-02-24,2026-03-17,UTC,USD,free hulk product reviews,amazon reviews importer,broad,5.0,0,0,0.0,0,0.0,0.0,0.0,0.0,0.0,0.0,,,,,
Judge.me Product Reviews App,Search_EN_Features_2024.08.19,2026-02-24,2026-03-17,UTC,USD,free google reviews,amazon reviews importer,broad,5.0,0,0,0.0,0,0.0,0.0,0.0,0.0,0.0,0.0,,,,,
Judge.me Product Reviews App,Search_EN_Features_2024.08.19,2026-02-24,2026-03-17,UTC,USD,free google review,amazon reviews importer,broad,5.0,0,0,0.0,0,0.0,0.0,0.0,0.0,0.0,0.0,,,,,
Judge.me Product Reviews App,Search_EN_Features_2024.08.19,2026-02-24,2026-03-17,UTC,USD,free apps amazon associates links,amazon reviews importer,broad,5.0,0,0,0.0,0,0.0,0.0,0.0,0.0,0.0,0.0,,,,,
Judge.me Product Reviews App,Search_EN_Features_2024.08.19,2026-02-24,2026-03-17,UTC,USD,free amazon review,amazon reviews importer,broad,5.0,0,0,0.0,0,0.0,0.0,0.0,0.0,0.0,0.0,,,,,
Judge.me Product Reviews App,Search_EN_Features_2024.08.19,2026-02-24,2026-03-17,UTC,USD,free ali reviews,amazon reviews importer,broad,5.0,0,0,0.0,0,0.0,0.0,0.0,0.0,0.0,0.0,,,,,
Judge.me Product Reviews App,Search_EN_Features_2024.08.19,2026-02-24,2026-03-17,UTC,USD,forma review,amazon reviews importer,broad,5.0,0,0,0.0,0,0.0,0.0,0.0,0.0,0.0,0.0,,,,,
Judge.me Product Reviews App,Search_EN_Features_2024.08.19,2026-02-24,2026-03-17,UTC,USD,forfiliment by amazon,amazon reviews importer,broad,5.0,0,0,0.0,0,0.0,0.0,0.0,0.0,0.0,0.0,,,,,
Judge.me Product Reviews App,Search_EN_Features_2024.08.19,2026-02-24,2026-03-17,UTC,USD,for review,amazon reviews importer,broad,5.0,0,0,0.0,0,0.0,0.0,0.0,0.0,0.0,0.0,,,,,
Judge.me Product Reviews App,Search_EN_Features_2024.08.19,2026-02-24,2026-03-17,UTC,USD,fomo reviews,amazon reviews importer,broad,5.0,0,0,0.0,0,0.0,0.0,0.0,0.0,0.0,0.0,,,,,
Judge.me Product Reviews App,Search_EN_Features_2024.08.19,2026-02-24,2026-03-17,UTC,USD,fomo review,amazon reviews importer,broad,5.0,0,0,0.0,0,0.0,0.0,0.0,0.0,0.0,0.0,,,,,
Judge.me Product Reviews App,Search_EN_Features_2024.08.19,2026-02-24,2026-03-17,UTC,USD,flux amazon,amazon reviews importer,broad,5.0,0,0,0.0,0,0.0,0.0,0.0,0.0,0.0,0.0,,,,,
Judge.me Product Reviews App,Search_EN_Features_2024.08.19,2026-02-24,2026-03-17,UTC,USD,floating google reviews,amazon reviews importer,broad,5.0,0,0,0.0,0,0.0,0.0,0.0,0.0,0.0,0.0,,,,,
Judge.me Product Reviews App,Search_EN_Features_2024.08.19,2026-02-24,2026-03-17,UTC,USD,flag high-risk orders for fraud review,amazon reviews importer,broad,5.0,0,0,0.0,0,0.0,0.0,0.0,0.0,0.0,0.0,,,,,
Judge.me Product Reviews App,Search_EN_Features_2024.08.19,2026-02-24,2026-03-17,UTC,USD,fera product reviews app,amazon reviews importer,broad,5.0,0,0,0.0,0,0.0,0.0,0.0,0.0,0.0,0.0,,,,,
Judge.me Product Reviews App,Search_EN_Features_2024.08.19,2026-02-24,2026-03-17,UTC,USD,fera product reviews ai:,amazon reviews importer,broad,5.0,0,0,0.0,0,0.0,0.0,0.0,0.0,0.0,0.0,,,,,
Judge.me Product Reviews App,Search_EN_Features_2024.08.19,2026-02-24,2026-03-17,UTC,USD,fera product reviews,amazon reviews importer,broad,5.0,0,0,0.0,0,0.0,0.0,0.0,0.0,0.0,0.0,,,,,
Judge.me Product Reviews App,Search_EN_Features_2024.08.19,2026-02-24,2026-03-17,UTC,USD,fera product review,amazon reviews importer,broad,5.0,0,0,0.0,0,0.0,0.0,0.0,0.0,0.0,0.0,,,,,
Judge.me Product Reviews App,Search_EN_Features_2024.08.19,2026-02-24,2026-03-17,UTC,USD,fera ? reviews & ratings,amazon reviews importer,broad,5.0,0,0,0.0,0,0.0,0.0,0.0,0.0,0.0,0.0,,,,,
Judge.me Product Reviews App,Search_EN_Features_2024.08.19,2026-02-24,2026-03-17,UTC,USD,feefo product reviews,amazon reviews importer,broad,5.0,0,0,0.0,0,0.0,0.0,0.0,0.0,0.0,0.0,,,,,
Judge.me Product Reviews App,Search_EN_Features_2024.08.19,2026-02-24,2026-03-17,UTC,USD,feedbacks and review,amazon reviews importer,broad,5.0,0,0,0.0,0,0.0,0.0,0.0,0.0,0.0,0.0,,,,,
Judge.me Product Reviews App,Search_EN_Features_2024.08.19,2026-02-24,2026-03-17,UTC,USD,feedback review,amazon reviews importer,broad,5.0,0,0,0.0,0,0.0,0.0,0.0,0.0,0.0,0.0,,,,,
Judge.me Product Reviews App,Search_EN_Features_2024.08.19,2026-02-24,2026-03-17,UTC,USD,featured reviews,amazon reviews importer,broad,5.0,0,0,0.0,0,0.0,0.0,0.0,0.0,0.0,0.0,,,,,
Judge.me Product Reviews App,Search_EN_Features_2024.08.19,2026-02-24,2026-03-17,UTC,USD,feature review course,amazon reviews importer,broad,5.0,0,0,0.0,0,0.0,0.0,0.0,0.0,0.0,0.0,,,,,
Judge.me Product Reviews App,Search_EN_Features_2024.08.19,2026-02-24,2026-03-17,UTC,USD,feature review,amazon reviews importer,broad,5.0,0,0,0.0,0,0.0,0.0,0.0,0.0,0.0,0.0,,,,,
Judge.me Product Reviews App,Search_EN_Features_2024.08.19,2026-02-24,2026-03-17,UTC,USD,fbt amazon,amazon reviews importer,broad,5.0,0,0,0.0,0,0.0,0.0,0.0,0.0,0.0,0.0,,,,,
Judge.me Product Reviews App,Search_EN_Features_2024.08.19,2026-02-24,2026-03-17,UTC,USD,fba ship amazon,amazon reviews importer,broad,5.0,0,0,0.0,0,0.0,0.0,0.0,0.0,0.0,0.0,,,,,
Judge.me Product Reviews App,Search_EN_Features_2024.08.19,2026-02-24,2026-03-17,UTC,USD,false reviews,amazon reviews importer,broad,5.0,0,0,0.0,0,0.0,0.0,0.0,0.0,0.0,0.0,,,,,
Judge.me Product Reviews App,Search_EN_Features_2024.08.19,2026-02-24,2026-03-17,UTC,USD,fake reviews product page,amazon reviews importer,broad,5.0,0,0,0.0,0,0.0,0.0,0.0,0.0,0.0,0.0,,,,,
Judge.me Product Reviews App,Search_EN_Features_2024.08.19,2026-02-24,2026-03-17,UTC,USD,fake reviews bulgarian,amazon reviews importer,broad,5.0,0,0,0.0,0,0.0,0.0,0.0,0.0,0.0,0.0,,,,,
Judge.me Product Reviews App,Search_EN_Features_2024.08.19,2026-02-24,2026-03-17,UTC,USD,fake product reviews,amazon reviews importer,broad,5.0,0,0,0.0,0,0.0,0.0,0.0,0.0,0.0,0.0,,,,,
Judge.me Product Reviews App,Search_EN_Features_2024.08.19,2026-02-24,2026-03-17,UTC,USD,facebook reviews by omega,amazon reviews importer,broad,5.0,0,0,0.0,0,0.0,0.0,0.0,0.0,0.0,0.0,,,,,
Judge.me Product Reviews App,Search_EN_Features_2024.08.19,2026-02-24,2026-03-17,UTC,USD,facebook review,amazon reviews importer,broad,5.0,0,0,0.0,0,0.0,0.0,0.0,0.0,0.0,0.0,,,,,
Judge.me Product Reviews App,Search_EN_Features_2024.08.19,2026-02-24,2026-03-17,UTC,USD,facebook and amazon,amazon reviews importer,broad,5.0,0,0,0.0,0,0.0,0.0,0.0,0.0,0.0,0.0,,,,,
Judge.me Product Reviews App,Search_EN_Features_2024.08.19,2026-02-24,2026-03-17,UTC,USD,facebook & instagram shop 4.9out of 5 stars (246) 246 total reviews ? free plan available,amazon reviews importer,broad,5.0,0,0,0.0,0,0.0,0.0,0.0,0.0,0.0,0.0,,,,,
Judge.me Product Reviews App,Search_EN_Features_2024.08.19,2026-02-24,2026-03-17,UTC,USD,ez reviews,amazon reviews importer,broad,5.0,0,0,0.0,0,0.0,0.0,0.0,0.0,0.0,0.0,,,,,
Judge.me Product Reviews App,Search_EN_Features_2024.08.19,2026-02-24,2026-03-17,UTC,USD,ez review and seo,amazon reviews importer,broad,5.0,0,0,0.0,0,0.0,0.0,0.0,0.0,0.0,0.0,,,,,
Judge.me Product Reviews App,Search_EN_Features_2024.08.19,2026-02-24,2026-03-17,UTC,USD,ez google reviews,amazon reviews importer,broad,5.0,0,0,0.0,0,0.0,0.0,0.0,0.0,0.0,0.0,,,,,
Judge.me Product Reviews App,Search_EN_Features_2024.08.19,2026-02-24,2026-03-17,UTC,USD,ez amazon reviews import,amazon reviews importer,broad,5.0,0,0,0.0,0,0.0,0.0,0.0,0.0,0.0,0.0,,,,,
Judge.me Product Reviews App,Search_EN_Features_2024.08.19,2026-02-24,2026-03-17,UTC,USD,ez amazon reviews impo,amazon reviews importer,broad,5.0,0,0,0.0,0,0.0,0.0,0.0,0.0,0.0,0.0,,,,,
Judge.me Product Reviews App,Search_EN_Features_2024.08.19,2026-02-24,2026-03-17,UTC,USD,ez amazon review importer,amazon reviews importer,broad,5.0,0,0,0.0,0,0.0,0.0,0.0,0.0,0.0,0.0,,,,,
Judge.me Product Reviews App,Search_EN_Features_2024.08.19,2026-02-24,2026-03-17,UTC,USD,ez amazon review im,amazon reviews importer,broad,5.0,0,0,0.0,0,0.0,0.0,0.0,0.0,0.0,0.0,,,,,
Judge.me Product Reviews App,Search_EN_Features_2024.08.19,2026-02-24,2026-03-17,UTC,USD,ez amazon review app,amazon reviews importer,broad,5.0,0,0,0.0,0,0.0,0.0,0.0,0.0,0.0,0.0,,,,,
Judge.me Product Reviews App,Search_EN_Features_2024.08.19,2026-02-24,2026-03-17,UTC,USD,ez amazon review,amazon reviews importer,broad,5.0,0,0,0.0,0,0.0,0.0,0.0,0.0,0.0,0.0,,,,,
Judge.me Product Reviews App,Search_EN_Features_2024.08.19,2026-02-24,2026-03-17,UTC,USD,ez amazon reveiws importer,amazon reviews importer,broad,5.0,0,0,0.0,0,0.0,0.0,0.0,0.0,0.0,0.0,,,,,
Judge.me Product Reviews App,Search_EN_Features_2024.08.19,2026-02-24,2026-03-17,UTC,USD,ez amazon re,amazon reviews importer,broad,5.0,0,0,0.0,0,0.0,0.0,0.0,0.0,0.0,0.0,,,,,
Judge.me Product Reviews App,Search_EN_Features_2024.08.19,2026-02-24,2026-03-17,UTC,USD,extrait review from website to shopify,amazon reviews importer,broad,5.0,0,0,0.0,0,0.0,0.0,0.0,0.0,0.0,0.0,,,,,
Judge.me Product Reviews App,Search_EN_Features_2024.08.19,2026-02-24,2026-03-17,UTC,USD,export products from shopify to amazon,amazon reviews importer,broad,5.0,0,0,0.0,0,0.0,0.0,0.0,0.0,0.0,0.0,,,,,
Judge.me Product Reviews App,Search_EN_Features_2024.08.19,2026-02-24,2026-03-17,UTC,USD,export products from amazon,amazon reviews importer,broad,5.0,0,0,0.0,0,0.0,0.0,0.0,0.0,0.0,0.0,,,,,
Judge.me Product Reviews App,Search_EN_Features_2024.08.19,2026-02-24,2026-03-17,UTC,USD,expedition amazon fba depuis shopify,amazon reviews importer,broad,5.0,0,0,0.0,0,0.0,0.0,0.0,0.0,0.0,0.0,,,,,
Judge.me Product Reviews App,Search_EN_Features_2024.08.19,2026-02-24,2026-03-17,UTC,USD,ex amazon reviews importer,amazon reviews importer,broad,5.0,0,0,0.0,0,0.0,0.0,0.0,0.0,0.0,0.0,,,,,
Judge.me Product Reviews App,Search_EN_Features_2024.08.19,2026-02-24,2026-03-17,UTC,USD,etsy ebay amazon dropshipping no inventory plugin connect,amazon reviews importer,broad,5.0,0,0,0.0,0,0.0,0.0,0.0,0.0,0.0,0.0,,,,,
Judge.me Product Reviews App,Search_EN_Features_2024.08.19,2026-02-24,2026-03-17,UTC,USD,etsy amazon,amazon reviews importer,broad,5.0,0,0,0.0,0,0.0,0.0,0.0,0.0,0.0,0.0,,,,,
Judge.me Product Reviews App,Search_EN_Features_2024.08.19,2026-02-24,2026-03-17,UTC,USD,esty review,amazon reviews importer,broad,5.0,0,0,0.0,0,0.0,0.0,0.0,0.0,0.0,0.0,,,,,
Judge.me Product Reviews App,Search_EN_Features_2024.08.19,2026-02-24,2026-03-17,UTC,USD,estoy reviews,amazon reviews importer,broad,5.0,0,0,0.0,0,0.0,0.0,0.0,0.0,0.0,0.0,,,,,
Judge.me Product Reviews App,Search_EN_Features_2024.08.19,2026-02-24,2026-03-17,UTC,USD,essential reviews,amazon reviews importer,broad,5.0,0,0,0.0,0,0.0,0.0,0.0,0.0,0.0,0.0,,,,,
Judge.me Product Reviews App,Search_EN_Features_2024.08.19,2026-02-24,2026-03-17,UTC,USD,er amazon reviews empo,amazon reviews importer,broad,5.0,0,0,0.0,0,0.0,0.0,0.0,0.0,0.0,0.0,,,,,
Judge.me Product Reviews App,Search_EN_Features_2024.08.19,2026-02-24,2026-03-17,UTC,USD,enorm - product reviews,amazon reviews importer,broad,5.0,0,0,0.0,0,0.0,0.0,0.0,0.0,0.0,0.0,,,,,
Judge.me Product Reviews App,Search_EN_Features_2024.08.19,2026-02-24,2026-03-17,UTC,USD,enable custom scripts or google customer reviews integration on lower-tier plans,amazon reviews importer,broad,5.0,0,0,0.0,0,0.0,0.0,0.0,0.0,0.0,0.0,,,,,
Judge.me Product Reviews App,Search_EN_Features_2024.08.19,2026-02-24,2026-03-17,UTC,USD,embeds blocks lai productive reviews,amazon reviews importer,broad,5.0,0,0,0.0,0,0.0,0.0,0.0,0.0,0.0,0.0,,,,,
Judge.me Product Reviews App,Search_EN_Features_2024.08.19,2026-02-24,2026-03-17,UTC,USD,embed review,amazon reviews importer,broad,5.0,0,0,0.0,0,0.0,0.0,0.0,0.0,0.0,0.0,,,,,
Judge.me Product Reviews App,Search_EN_Features_2024.08.19,2026-02-24,2026-03-17,UTC,USD,embed google reviews,amazon reviews importer,broad,5.0,0,0,0.0,0,0.0,0.0,0.0,0.0,0.0,0.0,,,,,
Judge.me Product Reviews App,Search_EN_Features_2024.08.19,2026-02-24,2026-03-17,UTC,USD,email marketing reviews seo,amazon reviews importer,broad,5.0,0,0,0.0,0,0.0,0.0,0.0,0.0,0.0,0.0,,,,,
Judge.me Product Reviews App,Search_EN_Features_2024.08.19,2026-02-24,2026-03-17,UTC,USD,elfsight reviews widget,amazon reviews importer,broad,5.0,0,0,0.0,0,0.0,0.0,0.0,0.0,0.0,0.0,,,,,
Judge.me Product Reviews App,Search_EN_Features_2024.08.19,2026-02-24,2026-03-17,UTC,USD,elfsight reviews,amazon reviews importer,broad,5.0,0,0,0.0,0,0.0,0.0,0.0,0.0,0.0,0.0,,,,,
Judge.me Product Reviews App,Search_EN_Features_2024.08.19,2026-02-24,2026-03-17,UTC,USD,elfsight review,amazon reviews importer,broad,5.0,0,0,0.0,0,0.0,0.0,0.0,0.0,0.0,0.0,,,,,
Judge.me Product Reviews App,Search_EN_Features_2024.08.19,2026-02-24,2026-03-17,UTC,USD,elfsight google review,amazon reviews importer,broad,5.0,0,0,0.0,0,0.0,0.0,0.0,0.0,0.0,0.0,,,,,
Judge.me Product Reviews App,Search_EN_Features_2024.08.19,2026-02-24,2026-03-17,UTC,USD,elfsight amazon,amazon reviews importer,broad,5.0,0,0,0.0,0,0.0,0.0,0.0,0.0,0.0,0.0,,,,,
Judge.me Product Reviews App,Search_EN_Features_2024.08.19,2026-02-24,2026-03-17,UTC,USD,elfsight ? google reviews widget,amazon reviews importer,broad,5.0,0,0,0.0,0,0.0,0.0,0.0,0.0,0.0,0.0,,,,,
Judge.me Product Reviews App,Search_EN_Features_2024.08.19,2026-02-24,2026-03-17,UTC,USD,elfish google reviews,amazon reviews importer,broad,5.0,0,0,0.0,0,0.0,0.0,0.0,0.0,0.0,0.0,,,,,
Judge.me Product Reviews App,Search_EN_Features_2024.08.19,2026-02-24,2026-03-17,UTC,USD,ekcom product review,amazon reviews importer,broad,5.0,0,0,0.0,0,0.0,0.0,0.0,0.0,0.0,0.0,,,,,
Judge.me Product Reviews App,Search_EN_Features_2024.08.19,2026-02-24,2026-03-17,UTC,USD,edit review,amazon reviews importer,broad,5.0,0,0,0.0,0,0.0,0.0,0.0,0.0,0.0,0.0,,,,,
Judge.me Product Reviews App,Search_EN_Features_2024.08.19,2026-02-24,2026-03-17,UTC,USD,ebay store reviews,amazon reviews importer,broad,5.0,0,0,0.0,0,0.0,0.0,0.0,0.0,0.0,0.0,,,,,
Judge.me Product Reviews App,Search_EN_Features_2024.08.19,2026-02-24,2026-03-17,UTC,USD,ebay reviews#,amazon reviews importer,broad,5.0,0,0,0.0,0,0.0,0.0,0.0,0.0,0.0,0.0,,,,,
Judge.me Product Reviews App,Search_EN_Features_2024.08.19,2026-02-24,2026-03-17,UTC,USD,ebay reviews reputon,amazon reviews importer,broad,5.0,0,0,0.0,0,0.0,0.0,0.0,0.0,0.0,0.0,,,,,
Judge.me Product Reviews App,Search_EN_Features_2024.08.19,2026-02-24,2026-03-17,UTC,USD,ebay and amazon connection,amazon reviews importer,broad,5.0,0,0,0.0,0,0.0,0.0,0.0,0.0,0.0,0.0,,,,,
Judge.me Product Reviews App,Search_EN_Features_2024.08.19,2026-02-24,2026-03-17,UTC,USD,ebay amazon,amazon reviews importer,broad,5.0,0,0,0.0,0,0.0,0.0,0.0,0.0,0.0,0.0,,,,,
Judge.me Product Reviews App,Search_EN_Features_2024.08.19,2026-02-24,2026-03-17,UTC,USD,easy order review,amazon reviews importer,broad,5.0,0,0,0.0,0,0.0,0.0,0.0,0.0,0.0,0.0,,,,,
Judge.me Product Reviews App,Search_EN_Features_2024.08.19,2026-02-24,2026-03-17,UTC,USD,easy multi store google reviews and ratings widge,amazon reviews importer,broad,5.0,0,0,0.0,0,0.0,0.0,0.0,0.0,0.0,0.0,,,,,
Judge.me Product Reviews App,Search_EN_Features_2024.08.19,2026-02-24,2026-03-17,UTC,USD,easy google reviews,amazon reviews importer,broad,5.0,0,0,0.0,0,0.0,0.0,0.0,0.0,0.0,0.0,,,,,
Judge.me Product Reviews App,Search_EN_Features_2024.08.19,2026-02-24,2026-03-17,UTC,USD,easy google customer reviews shopify app,amazon reviews importer,broad,5.0,0,0,0.0,0,0.0,0.0,0.0,0.0,0.0,0.0,,,,,
Judge.me Product Reviews App,Search_EN_Features_2024.08.19,2026-02-24,2026-03-17,UTC,USD,easy google customer reviews,amazon reviews importer,broad,5.0,0,0,0.0,0,0.0,0.0,0.0,0.0,0.0,0.0,,,,,
Judge.me Product Reviews App,Search_EN_Features_2024.08.19,2026-02-24,2026-03-17,UTC,USD,easy google costumer reviews,amazon reviews importer,broad,5.0,0,0,0.0,0,0.0,0.0,0.0,0.0,0.0,0.0,,,,,
Judge.me Product Reviews App,Search_EN_Features_2024.08.19,2026-02-24,2026-03-17,UTC,USD,ease review,amazon reviews importer,broad,5.0,0,0,0.0,0,0.0,0.0,0.0,0.0,0.0,0.0,,,,,
Judge.me Product Reviews App,Search_EN_Features_2024.08.19,2026-02-24,2026-03-17,UTC,USD,ea amazon review,amazon reviews importer,broad,5.0,0,0,0.0,0,0.0,0.0,0.0,0.0,0.0,0.0,,,,,
Judge.me Product Reviews App,Search_EN_Features_2024.08.19,2026-02-24,2026-03-17,UTC,USD,e-commerce review app,amazon reviews importer,broad,5.0,0,0,0.0,0,0.0,0.0,0.0,0.0,0.0,0.0,,,,,
Judge.me Product Reviews App,Search_EN_Features_2024.08.19,2026-02-24,2026-03-17,UTC,USD,e judge.me product reviews,amazon reviews importer,broad,5.0,0,0,0.0,0,0.0,0.0,0.0,0.0,0.0,0.0,,,,,
Judge.me Product Reviews App,Search_EN_Features_2024.08.19,2026-02-24,2026-03-17,UTC,USD,dudje me product review product,amazon reviews importer,broad,5.0,0,0,0.0,0,0.0,0.0,0.0,0.0,0.0,0.0,,,,,
Judge.me Product Reviews App,Search_EN_Features_2024.08.19,2026-02-24,2026-03-17,UTC,USD,dsers reviews,amazon reviews importer,broad,5.0,0,0,0.0,0,0.0,0.0,0.0,0.0,0.0,0.0,,,,,
Judge.me Product Reviews App,Search_EN_Features_2024.08.19,2026-02-24,2026-03-17,UTC,USD,"dropshipping in india flipkart, ebay amazon",amazon reviews importer,broad,5.0,0,0,0.0,0,0.0,0.0,0.0,0.0,0.0,0.0,,,,,
Judge.me Product Reviews App,Search_EN_Features_2024.08.19,2026-02-24,2026-03-17,UTC,USD,dropshipping for amazon,amazon reviews importer,broad,5.0,0,0,0.0,0,0.0,0.0,0.0,0.0,0.0,0.0,,,,,
Judge.me Product Reviews App,Search_EN_Features_2024.08.19,2026-02-24,2026-03-17,UTC,USD,dropshipping amazon,amazon reviews importer,broad,5.0,0,0,0.0,0,0.0,0.0,0.0,0.0,0.0,0.0,,,,,
Judge.me Product Reviews App,Search_EN_Features_2024.08.19,2026-02-24,2026-03-17,UTC,USD,dropship to amazon,amazon reviews importer,broad,5.0,0,0,0.0,0,0.0,0.0,0.0,0.0,0.0,0.0,,,,,
Judge.me Product Reviews App,Search_EN_Features_2024.08.19,2026-02-24,2026-03-17,UTC,USD,dropship from amazon,amazon reviews importer,broad,5.0,0,0,0.0,0,0.0,0.0,0.0,0.0,0.0,0.0,,,,,
Judge.me Product Reviews App,Search_EN_Features_2024.08.19,2026-02-24,2026-03-17,UTC,USD,dropship amazon,amazon reviews importer,broad,5.0,0,0,0.0,0,0.0,0.0,0.0,0.0,0.0,0.0,,,,,
Judge.me Product Reviews App,Search_EN_Features_2024.08.19,2026-02-24,2026-03-17,UTC,USD,dropi reviews,amazon reviews importer,broad,5.0,0,0,0.0,0,0.0,0.0,0.0,0.0,0.0,0.0,,,,,
Judge.me Product Reviews App,Search_EN_Features_2024.08.19,2026-02-24,2026-03-17,UTC,USD,doron product review,amazon reviews importer,broad,5.0,0,0,0.0,0,0.0,0.0,0.0,0.0,0.0,0.0,,,,,
Judge.me Product Reviews App,Search_EN_Features_2024.08.19,2026-02-24,2026-03-17,UTC,USD,display trustpilot reviews,amazon reviews importer,broad,5.0,0,0,0.0,0,0.0,0.0,0.0,0.0,0.0,0.0,,,,,
Judge.me Product Reviews App,Search_EN_Features_2024.08.19,2026-02-24,2026-03-17,UTC,USD,display reviews on site,amazon reviews importer,broad,5.0,0,0,0.0,0,0.0,0.0,0.0,0.0,0.0,0.0,,,,,
Judge.me Product Reviews App,Search_EN_Features_2024.08.19,2026-02-24,2026-03-17,UTC,USD,display google reviews,amazon reviews importer,broad,5.0,0,0,0.0,0,0.0,0.0,0.0,0.0,0.0,0.0,,,,,
Judge.me Product Reviews App,Search_EN_Features_2024.08.19,2026-02-24,2026-03-17,UTC,USD,display google review,amazon reviews importer,broad,5.0,0,0,0.0,0,0.0,0.0,0.0,0.0,0.0,0.0,,,,,
Judge.me Product Reviews App,Search_EN_Features_2024.08.19,2026-02-24,2026-03-17,UTC,USD,digital download amazon,amazon reviews importer,broad,5.0,0,0,0.0,0,0.0,0.0,0.0,0.0,0.0,0.0,,,,,
Judge.me Product Reviews App,Search_EN_Features_2024.08.19,2026-02-24,2026-03-17,UTC,USD,dedicated reviews,amazon reviews importer,broad,5.0,0,0,0.0,0,0.0,0.0,0.0,0.0,0.0,0.0,,,,,
Judge.me Product Reviews App,Search_EN_Features_2024.08.19,2026-02-24,2026-03-17,UTC,USD,debutify review,amazon reviews importer,broad,5.0,0,0,0.0,0,0.0,0.0,0.0,0.0,0.0,0.0,,,,,
Judge.me Product Reviews App,Search_EN_Features_2024.08.19,2026-02-24,2026-03-17,UTC,USD,debutify product reviews qa,amazon reviews importer,broad,5.0,0,0,0.0,0,0.0,0.0,0.0,0.0,0.0,0.0,,,,,
Judge.me Product Reviews App,Search_EN_Features_2024.08.19,2026-02-24,2026-03-17,UTC,USD,dash reviews,amazon reviews importer,broad,5.0,0,0,0.0,0,0.0,0.0,0.0,0.0,0.0,0.0,,,,,
Judge.me Product Reviews App,Search_EN_Features_2024.08.19,2026-02-24,2026-03-17,UTC,USD,dash google reviews,amazon reviews importer,broad,5.0,0,0,0.0,0,0.0,0.0,0.0,0.0,0.0,0.0,,,,,
Judge.me Product Reviews App,Search_EN_Features_2024.08.19,2026-02-24,2026-03-17,UTC,USD,dash - google customer reviews,amazon reviews importer,broad,5.0,0,0,0.0,0,0.0,0.0,0.0,0.0,0.0,0.0,,,,,
Judge.me Product Reviews App,Search_EN_Features_2024.08.19,2026-02-24,2026-03-17,UTC,USD,dadao product reviews,amazon reviews importer,broad,5.0,0,0,0.0,0,0.0,0.0,0.0,0.0,0.0,0.0,,,,,
Judge.me Product Reviews App,Search_EN_Features_2024.08.19,2026-02-24,2026-03-17,UTC,USD,dadao product review,amazon reviews importer,broad,5.0,0,0,0.0,0,0.0,0.0,0.0,0.0,0.0,0.0,,,,,
Judge.me Product Reviews App,Search_EN_Features_2024.08.19,2026-02-24,2026-03-17,UTC,USD,custromer review,amazon reviews importer,broad,5.0,0,0,0.0,0,0.0,0.0,0.0,0.0,0.0,0.0,,,,,
Judge.me Product Reviews App,Search_EN_Features_2024.08.19,2026-02-24,2026-03-17,UTC,USD,customize product review,amazon reviews importer,broad,5.0,0,0,0.0,0,0.0,0.0,0.0,0.0,0.0,0.0,,,,,
Judge.me Product Reviews App,Search_EN_Features_2024.08.19,2026-02-24,2026-03-17,UTC,USD,customisable reviews,amazon reviews importer,broad,5.0,0,0,0.0,0,0.0,0.0,0.0,0.0,0.0,0.0,,,,,
Judge.me Product Reviews App,Search_EN_Features_2024.08.19,2026-02-24,2026-03-17,UTC,USD,customer reviews section,amazon reviews importer,broad,5.0,0,0,0.0,0,0.0,0.0,0.0,0.0,0.0,0.0,,,,,
Judge.me Product Reviews App,Search_EN_Features_2024.08.19,2026-02-24,2026-03-17,UTC,USD,customer reviews on product pages,amazon reviews importer,broad,5.0,0,0,0.0,0,0.0,0.0,0.0,0.0,0.0,0.0,,,,,
Judge.me Product Reviews App,Search_EN_Features_2024.08.19,2026-02-24,2026-03-17,UTC,USD,customer reviews google,amazon reviews importer,broad,5.0,0,0,0.0,0,0.0,0.0,0.0,0.0,0.0,0.0,,,,,
Judge.me Product Reviews App,Search_EN_Features_2024.08.19,2026-02-24,2026-03-17,UTC,USD,customer reviews free,amazon reviews importer,broad,5.0,0,0,0.0,0,0.0,0.0,0.0,0.0,0.0,0.0,,,,,
Judge.me Product Reviews App,Search_EN_Features_2024.08.19,2026-02-24,2026-03-17,UTC,USD,customer reviews app,amazon reviews importer,broad,5.0,0,0,0.0,0,0.0,0.0,0.0,0.0,0.0,0.0,,,,,
Judge.me Product Reviews App,Search_EN_Features_2024.08.19,2026-02-24,2026-03-17,UTC,USD,customer reviews & testimonials,amazon reviews importer,broad,5.0,0,0,0.0,0,0.0,0.0,0.0,0.0,0.0,0.0,,,,,
Judge.me Product Reviews App,Search_EN_Features_2024.08.19,2026-02-24,2026-03-17,UTC,USD,customer review free,amazon reviews importer,broad,5.0,0,0,0.0,0,0.0,0.0,0.0,0.0,0.0,0.0,,,,,
Judge.me Product Reviews App,Search_EN_Features_2024.08.19,2026-02-24,2026-03-17,UTC,USD,customer review fr,amazon reviews importer,broad,5.0,0,0,0.0,0,0.0,0.0,0.0,0.0,0.0,0.0,,,,,
Judge.me Product Reviews App,Search_EN_Features_2024.08.19,2026-02-24,2026-03-17,UTC,USD,customer review card,amazon reviews importer,broad,5.0,0,0,0.0,0,0.0,0.0,0.0,0.0,0.0,0.0,,,,,
Judge.me Product Reviews App,Search_EN_Features_2024.08.19,2026-02-24,2026-03-17,UTC,USD,customer review app,amazon reviews importer,broad,5.0,0,0,0.0,0,0.0,0.0,0.0,0.0,0.0,0.0,,,,,
Judge.me Product Reviews App,Search_EN_Features_2024.08.19,2026-02-24,2026-03-17,UTC,USD,customer ratings and reviews,amazon reviews importer,broad,5.0,0,0,0.0,0,0.0,0.0,0.0,0.0,0.0,0.0,,,,,
Judge.me Product Reviews App,Search_EN_Features_2024.08.19,2026-02-24,2026-03-17,UTC,USD,customer producxt review,amazon reviews importer,broad,5.0,0,0,0.0,0,0.0,0.0,0.0,0.0,0.0,0.0,,,,,
Judge.me Product Reviews App,Search_EN_Features_2024.08.19,2026-02-24,2026-03-17,UTC,USD,customer product review,amazon reviews importer,broad,5.0,0,0,0.0,0,0.0,0.0,0.0,0.0,0.0,0.0,,,,,
Judge.me Product Reviews App,Search_EN_Features_2024.08.19,2026-02-24,2026-03-17,UTC,USD,custome review,amazon reviews importer,broad,5.0,0,0,0.0,0,0.0,0.0,0.0,0.0,0.0,0.0,,,,,
Judge.me Product Reviews App,Search_EN_Features_2024.08.19,2026-02-24,2026-03-17,UTC,USD,custom-review-reward-app-1\,amazon reviews importer,broad,5.0,0,0,0.0,0,0.0,0.0,0.0,0.0,0.0,0.0,,,,,
Judge.me Product Reviews App,Search_EN_Features_2024.08.19,2026-02-24,2026-03-17,UTC,USD,custom-review-reward-app-1,amazon reviews importer,broad,5.0,0,0,0.0,0,0.0,0.0,0.0,0.0,0.0,0.0,,,,,
Judge.me Product Reviews App,Search_EN_Features_2024.08.19,2026-02-24,2026-03-17,UTC,USD,custom reviews app,amazon reviews importer,broad,5.0,0,0,0.0,0,0.0,0.0,0.0,0.0,0.0,0.0,,,,,
Judge.me Product Reviews App,Search_EN_Features_2024.08.19,2026-02-24,2026-03-17,UTC,USD,custom reviews,amazon reviews importer,broad,5.0,0,0,0.0,0,0.0,0.0,0.0,0.0,0.0,0.0,,,,,
Judge.me Product Reviews App,Search_EN_Features_2024.08.19,2026-02-24,2026-03-17,UTC,USD,custom review reward app,amazon reviews importer,broad,5.0,0,0,0.0,0,0.0,0.0,0.0,0.0,0.0,0.0,,,,,
Judge.me Product Reviews App,Search_EN_Features_2024.08.19,2026-02-24,2026-03-17,UTC,USD,custom review,amazon reviews importer,broad,5.0,0,0,0.0,0,0.0,0.0,0.0,0.0,0.0,0.0,,,,,
Judge.me Product Reviews App,Search_EN_Features_2024.08.19,2026-02-24,2026-03-17,UTC,USD,cs amazon sync,amazon reviews importer,broad,5.0,0,0,0.0,0,0.0,0.0,0.0,0.0,0.0,0.0,,,,,
Judge.me Product Reviews App,Search_EN_Features_2024.08.19,2026-02-24,2026-03-17,UTC,USD,cs amazon sink,amazon reviews importer,broad,5.0,0,0,0.0,0,0.0,0.0,0.0,0.0,0.0,0.0,,,,,
Judge.me Product Reviews App,Search_EN_Features_2024.08.19,2026-02-24,2026-03-17,UTC,USD,cs amazon integration & sync,amazon reviews importer,broad,5.0,0,0,0.0,0,0.0,0.0,0.0,0.0,0.0,0.0,,,,,
Judge.me Product Reviews App,Search_EN_Features_2024.08.19,2026-02-24,2026-03-17,UTC,USD,cs amazon integration,amazon reviews importer,broad,5.0,0,0,0.0,0,0.0,0.0,0.0,0.0,0.0,0.0,,,,,
Judge.me Product Reviews App,Search_EN_Features_2024.08.19,2026-02-24,2026-03-17,UTC,USD,creviews: product reviews,amazon reviews importer,broad,5.0,0,0,0.0,0,0.0,0.0,0.0,0.0,0.0,0.0,,,,,
Judge.me Product Reviews App,Search_EN_Features_2024.08.19,2026-02-24,2026-03-17,UTC,USD,create reviews,amazon reviews importer,broad,5.0,0,0,0.0,0,0.0,0.0,0.0,0.0,0.0,0.0,,,,,
Judge.me Product Reviews App,Search_EN_Features_2024.08.19,2026-02-24,2026-03-17,UTC,USD,covet instagram feed & reviews,amazon reviews importer,broad,5.0,0,0,0.0,0,0.0,0.0,0.0,0.0,0.0,0.0,,,,,
Judge.me Product Reviews App,Search_EN_Features_2024.08.19,2026-02-24,2026-03-17,UTC,USD,coustomer review app,amazon reviews importer,broad,5.0,0,0,0.0,0,0.0,0.0,0.0,0.0,0.0,0.0,,,,,
Judge.me Product Reviews App,Search_EN_Features_2024.08.19,2026-02-24,2026-03-17,UTC,USD,costumer reviews,amazon reviews importer,broad,5.0,0,0,0.0,0,0.0,0.0,0.0,0.0,0.0,0.0,,,,,
Judge.me Product Reviews App,Search_EN_Features_2024.08.19,2026-02-24,2026-03-17,UTC,USD,cora review,amazon reviews importer,broad,5.0,0,0,0.0,0,0.0,0.0,0.0,0.0,0.0,0.0,,,,,
Judge.me Product Reviews App,Search_EN_Features_2024.08.19,2026-02-24,2026-03-17,UTC,USD,copy amazon products,amazon reviews importer,broad,5.0,0,0,0.0,0,0.0,0.0,0.0,0.0,0.0,0.0,,,,,
Judge.me Product Reviews App,Search_EN_Features_2024.08.19,2026-02-24,2026-03-17,UTC,USD,conversational review,amazon reviews importer,broad,5.0,0,0,0.0,0,0.0,0.0,0.0,0.0,0.0,0.0,,,,,
Judge.me Product Reviews App,Search_EN_Features_2024.08.19,2026-02-24,2026-03-17,UTC,USD,contains thc unisex hoodie | 420 streetwear | the stoner review*,amazon reviews importer,broad,5.0,0,0,0.0,0,0.0,0.0,0.0,0.0,0.0,0.0,,,,,
Judge.me Product Reviews App,Search_EN_Features_2024.08.19,2026-02-24,2026-03-17,UTC,USD,connecteur amazon,amazon reviews importer,broad,5.0,0,0,0.0,0,0.0,0.0,0.0,0.0,0.0,0.0,,,,,
Judge.me Product Reviews App,Search_EN_Features_2024.08.19,2026-02-24,2026-03-17,UTC,USD,connect to amazon,amazon reviews importer,broad,5.0,0,0,0.0,0,0.0,0.0,0.0,0.0,0.0,0.0,,,,,
Judge.me Product Reviews App,Search_EN_Features_2024.08.19,2026-02-24,2026-03-17,UTC,USD,connect ebay amazon,amazon reviews importer,broad,5.0,0,0,0.0,0,0.0,0.0,0.0,0.0,0.0,0.0,,,,,
Judge.me Product Reviews App,Search_EN_Features_2024.08.19,2026-02-24,2026-03-17,UTC,USD,connect amazon to shopify,amazon reviews importer,broad,5.0,0,0,0.0,0,0.0,0.0,0.0,0.0,0.0,0.0,,,,,
Judge.me Product Reviews App,Search_EN_Features_2024.08.19,2026-02-24,2026-03-17,UTC,USD,competitor review analysis,amazon reviews importer,broad,5.0,0,0,0.0,0,0.0,0.0,0.0,0.0,0.0,0.0,,,,,
Judge.me Product Reviews App,Search_EN_Features_2024.08.19,2026-02-24,2026-03-17,UTC,USD,common ninja google reviews,amazon reviews importer,broad,5.0,0,0,0.0,0,0.0,0.0,0.0,0.0,0.0,0.0,,,,,
Judge.me Product Reviews App,Search_EN_Features_2024.08.19,2026-02-24,2026-03-17,UTC,USD,combine google reviews,amazon reviews importer,broad,5.0,0,0,0.0,0,0.0,0.0,0.0,0.0,0.0,0.0,,,,,
Judge.me Product Reviews App,Search_EN_Features_2024.08.19,2026-02-24,2026-03-17,UTC,USD,collection review,amazon reviews importer,broad,5.0,0,0,0.0,0,0.0,0.0,0.0,0.0,0.0,0.0,,,,,
Judge.me Product Reviews App,Search_EN_Features_2024.08.19,2026-02-24,2026-03-17,UTC,USD,collecting reviews for us market,amazon reviews importer,broad,5.0,0,0,0.0,0,0.0,0.0,0.0,0.0,0.0,0.0,,,,,
Judge.me Product Reviews App,Search_EN_Features_2024.08.19,2026-02-24,2026-03-17,UTC,USD,collecting reviews,amazon reviews importer,broad,5.0,0,0,0.0,0,0.0,0.0,0.0,0.0,0.0,0.0,,,,,
Judge.me Product Reviews App,Search_EN_Features_2024.08.19,2026-02-24,2026-03-17,UTC,USD,collect review via whatsapp,amazon reviews importer,broad,5.0,0,0,0.0,0,0.0,0.0,0.0,0.0,0.0,0.0,,,,,
Judge.me Product Reviews App,Search_EN_Features_2024.08.19,2026-02-24,2026-03-17,UTC,USD,collect judge me review,amazon reviews importer,broad,5.0,0,0,0.0,0,0.0,0.0,0.0,0.0,0.0,0.0,,,,,
Judge.me Product Reviews App,Search_EN_Features_2024.08.19,2026-02-24,2026-03-17,UTC,USD,collect google reviews,amazon reviews importer,broad,5.0,0,0,0.0,0,0.0,0.0,0.0,0.0,0.0,0.0,,,,,
Judge.me Product Reviews App,Search_EN_Features_2024.08.19,2026-02-24,2026-03-17,UTC,USD,collect amazon reviews,amazon reviews importer,broad,5.0,0,0,0.0,0,0.0,0.0,0.0,0.0,0.0,0.0,,,,,
Judge.me Product Reviews App,Search_EN_Features_2024.08.19,2026-02-24,2026-03-17,UTC,USD,collapsible reviews,amazon reviews importer,broad,5.0,0,0,0.0,0,0.0,0.0,0.0,0.0,0.0,0.0,,,,,
Judge.me Product Reviews App,Search_EN_Features_2024.08.19,2026-02-24,2026-03-17,UTC,USD,clothing reviews,amazon reviews importer,broad,5.0,0,0,0.0,0,0.0,0.0,0.0,0.0,0.0,0.0,,,,,
Judge.me Product Reviews App,Search_EN_Features_2024.08.19,2026-02-24,2026-03-17,UTC,USD,client reviews,amazon reviews importer,broad,5.0,0,0,0.0,0,0.0,0.0,0.0,0.0,0.0,0.0,,,,,
Judge.me Product Reviews App,Search_EN_Features_2024.08.19,2026-02-24,2026-03-17,UTC,USD,ck google review,amazon reviews importer,broad,5.0,0,0,0.0,0,0.0,0.0,0.0,0.0,0.0,0.0,,,,,
Judge.me Product Reviews App,Search_EN_Features_2024.08.19,2026-02-24,2026-03-17,UTC,USD,cjdropshipping reviews,amazon reviews importer,broad,5.0,0,0,0.0,0,0.0,0.0,0.0,0.0,0.0,0.0,,,,,
Judge.me Product Reviews App,Search_EN_Features_2024.08.19,2026-02-24,2026-03-17,UTC,USD,check out review,amazon reviews importer,broad,5.0,0,0,0.0,0,0.0,0.0,0.0,0.0,0.0,0.0,,,,,
Judge.me Product Reviews App,Search_EN_Features_2024.08.19,2026-02-24,2026-03-17,UTC,USD,cedcommercr amazon,amazon reviews importer,broad,5.0,0,0,0.0,0,0.0,0.0,0.0,0.0,0.0,0.0,,,,,
Judge.me Product Reviews App,Search_EN_Features_2024.08.19,2026-02-24,2026-03-17,UTC,USD,cedcommerce amazon channel for shopify,amazon reviews importer,broad,5.0,0,0,0.0,0,0.0,0.0,0.0,0.0,0.0,0.0,,,,,
Judge.me Product Reviews App,Search_EN_Features_2024.08.19,2026-02-24,2026-03-17,UTC,USD,cedcommerce amazon channel,amazon reviews importer,broad,5.0,0,0,0.0,0,0.0,0.0,0.0,0.0,0.0,0.0,,,,,
Judge.me Product Reviews App,Search_EN_Features_2024.08.19,2026-02-24,2026-03-17,UTC,USD,ced commerce amazon,amazon reviews importer,broad,5.0,0,0,0.0,0,0.0,0.0,0.0,0.0,0.0,0.0,,,,,
Judge.me Product Reviews App,Search_EN_Features_2024.08.19,2026-02-24,2026-03-17,UTC,USD,ced amazon,amazon reviews importer,broad,5.0,0,0,0.0,0,0.0,0.0,0.0,0.0,0.0,0.0,,,,,
Judge.me Product Reviews App,Search_EN_Features_2024.08.19,2026-02-24,2026-03-17,UTC,USD,cde commerce amazon,amazon reviews importer,broad,5.0,0,0,0.0,0,0.0,0.0,0.0,0.0,0.0,0.0,,,,,
Judge.me Product Reviews App,Search_EN_Features_2024.08.19,2026-02-24,2026-03-17,UTC,USD,cart reviews,amazon reviews importer,broad,5.0,0,0,0.0,0,0.0,0.0,0.0,0.0,0.0,0.0,,,,,
Judge.me Product Reviews App,Search_EN_Features_2024.08.19,2026-02-24,2026-03-17,UTC,USD,card reviews,amazon reviews importer,broad,5.0,0,0,0.0,0,0.0,0.0,0.0,0.0,0.0,0.0,,,,,
Judge.me Product Reviews App,Search_EN_Features_2024.08.19,2026-02-24,2026-03-17,UTC,USD,bytestand: amazon?import,amazon reviews importer,broad,5.0,0,0,0.0,0,0.0,0.0,0.0,0.0,0.0,0.0,,,,,
Judge.me Product Reviews App,Search_EN_Features_2024.08.19,2026-02-24,2026-03-17,UTC,USD,buy reviews,amazon reviews importer,broad,5.0,0,0,0.0,0,0.0,0.0,0.0,0.0,0.0,0.0,,,,,
Judge.me Product Reviews App,Search_EN_Features_2024.08.19,2026-02-24,2026-03-17,UTC,USD,buy on amazon button,amazon reviews importer,broad,5.0,0,0,0.0,0,0.0,0.0,0.0,0.0,0.0,0.0,,,,,
Judge.me Product Reviews App,Search_EN_Features_2024.08.19,2026-02-24,2026-03-17,UTC,USD,buy on amazon,amazon reviews importer,broad,5.0,0,0,0.0,0,0.0,0.0,0.0,0.0,0.0,0.0,,,,,
Judge.me Product Reviews App,Search_EN_Features_2024.08.19,2026-02-24,2026-03-17,UTC,USD,buy buttons for amazon,amazon reviews importer,broad,5.0,0,0,0.0,0,0.0,0.0,0.0,0.0,0.0,0.0,,,,,
Judge.me Product Reviews App,Search_EN_Features_2024.08.19,2026-02-24,2026-03-17,UTC,USD,bundle amazon,amazon reviews importer,broad,5.0,0,0,0.0,0,0.0,0.0,0.0,0.0,0.0,0.0,,,,,
Judge.me Product Reviews App,Search_EN_Features_2024.08.19,2026-02-24,2026-03-17,UTC,USD,built for shopify amazon,amazon reviews importer,broad,5.0,0,0,0.0,0,0.0,0.0,0.0,0.0,0.0,0.0,,,,,
Judge.me Product Reviews App,Search_EN_Features_2024.08.19,2026-02-24,2026-03-17,UTC,USD,brk reviews,amazon reviews importer,broad,5.0,0,0,0.0,0,0.0,0.0,0.0,0.0,0.0,0.0,,,,,
Judge.me Product Reviews App,Search_EN_Features_2024.08.19,2026-02-24,2026-03-17,UTC,USD,briobytes reviews,amazon reviews importer,broad,5.0,0,0,0.0,0,0.0,0.0,0.0,0.0,0.0,0.0,,,,,
Judge.me Product Reviews App,Search_EN_Features_2024.08.19,2026-02-24,2026-03-17,UTC,USD,booking reviews,amazon reviews importer,broad,5.0,0,0,0.0,0,0.0,0.0,0.0,0.0,0.0,0.0,,,,,
Judge.me Product Reviews App,Search_EN_Features_2024.08.19,2026-02-24,2026-03-17,UTC,USD,booking app schedule cowlendar (1690 reviews),amazon reviews importer,broad,5.0,0,0,0.0,0,0.0,0.0,0.0,0.0,0.0,0.0,,,,,
Judge.me Product Reviews App,Search_EN_Features_2024.08.19,2026-02-24,2026-03-17,UTC,USD,bnb amazon buy now button+more,amazon reviews importer,broad,5.0,0,0,0.0,0,0.0,0.0,0.0,0.0,0.0,0.0,,,,,
Judge.me Product Reviews App,Search_EN_Features_2024.08.19,2026-02-24,2026-03-17,UTC,USD,bnb amazon buy now button,amazon reviews importer,broad,5.0,0,0,0.0,0,0.0,0.0,0.0,0.0,0.0,0.0,,,,,
Judge.me Product Reviews App,Search_EN_Features_2024.08.19,2026-02-24,2026-03-17,UTC,USD,blinds downunder reviews,amazon reviews importer,broad,5.0,0,0,0.0,0,0.0,0.0,0.0,0.0,0.0,0.0,,,,,
Judge.me Product Reviews App,Search_EN_Features_2024.08.19,2026-02-24,2026-03-17,UTC,USD,bk reviews:,amazon reviews importer,broad,5.0,0,0,0.0,0,0.0,0.0,0.0,0.0,0.0,0.0,,,,,
Judge.me Product Reviews App,Search_EN_Features_2024.08.19,2026-02-24,2026-03-17,UTC,USD,biz review insits,amazon reviews importer,broad,5.0,0,0,0.0,0,0.0,0.0,0.0,0.0,0.0,0.0,,,,,
Judge.me Product Reviews App,Search_EN_Features_2024.08.19,2026-02-24,2026-03-17,UTC,USD,"best reviews importer aliexpress, amazon",amazon reviews importer,broad,5.0,0,0,0.0,0,0.0,0.0,0.0,0.0,0.0,0.0,,,,,
Judge.me Product Reviews App,Search_EN_Features_2024.08.19,2026-02-24,2026-03-17,UTC,USD,best review aap,amazon reviews importer,broad,5.0,0,0,0.0,0,0.0,0.0,0.0,0.0,0.0,0.0,,,,,
Judge.me Product Reviews App,Search_EN_Features_2024.08.19,2026-02-24,2026-03-17,UTC,USD,best google reviews,amazon reviews importer,broad,5.0,0,0,0.0,0,0.0,0.0,0.0,0.0,0.0,0.0,,,,,
Judge.me Product Reviews App,Search_EN_Features_2024.08.19,2026-02-24,2026-03-17,UTC,USD,best cgoogle reviews,amazon reviews importer,broad,5.0,0,0,0.0,0,0.0,0.0,0.0,0.0,0.0,0.0,,,,,
Judge.me Product Reviews App,Search_EN_Features_2024.08.19,2026-02-24,2026-03-17,UTC,USD,before after review,amazon reviews importer,broad,5.0,0,0,0.0,0,0.0,0.0,0.0,0.0,0.0,0.0,,,,,
Judge.me Product Reviews App,Search_EN_Features_2024.08.19,2026-02-24,2026-03-17,UTC,USD,beer review,amazon reviews importer,broad,5.0,0,0,0.0,0,0.0,0.0,0.0,0.0,0.0,0.0,,,,,
Judge.me Product Reviews App,Search_EN_Features_2024.08.19,2026-02-24,2026-03-17,UTC,USD,bazaarvoice reviews & photos.,amazon reviews importer,broad,5.0,0,0,0.0,0,0.0,0.0,0.0,0.0,0.0,0.0,,,,,
Judge.me Product Reviews App,Search_EN_Features_2024.08.19,2026-02-24,2026-03-17,UTC,USD,bazaarvoice reviews & photos app review,amazon reviews importer,broad,5.0,0,0,0.0,0,0.0,0.0,0.0,0.0,0.0,0.0,,,,,
Judge.me Product Reviews App,Search_EN_Features_2024.08.19,2026-02-24,2026-03-17,UTC,USD,bazaarvoice reviews & photos,amazon reviews importer,broad,5.0,0,0,0.0,0,0.0,0.0,0.0,0.0,0.0,0.0,,,,,
Judge.me Product Reviews App,Search_EN_Features_2024.08.19,2026-02-24,2026-03-17,UTC,USD,bazaarvoice reviews & ph,amazon reviews importer,broad,5.0,0,0,0.0,0,0.0,0.0,0.0,0.0,0.0,0.0,,,,,
Judge.me Product Reviews App,Search_EN_Features_2024.08.19,2026-02-24,2026-03-17,UTC,USD,basic review,amazon reviews importer,broad,5.0,0,0,0.0,0,0.0,0.0,0.0,0.0,0.0,0.0,,,,,
Judge.me Product Reviews App,Search_EN_Features_2024.08.19,2026-02-24,2026-03-17,UTC,USD,banggood reviews,amazon reviews importer,broad,5.0,0,0,0.0,0,0.0,0.0,0.0,0.0,0.0,0.0,,,,,
Judge.me Product Reviews App,Search_EN_Features_2024.08.19,2026-02-24,2026-03-17,UTC,USD,avis reviews,amazon reviews importer,broad,5.0,0,0,0.0,0,0.0,0.0,0.0,0.0,0.0,0.0,,,,,
Judge.me Product Reviews App,Search_EN_Features_2024.08.19,2026-02-24,2026-03-17,UTC,USD,avada air product review,amazon reviews importer,broad,5.0,0,0,0.0,0,0.0,0.0,0.0,0.0,0.0,0.0,,,,,
Judge.me Product Reviews App,Search_EN_Features_2024.08.19,2026-02-24,2026-03-17,UTC,USD,automizely review,amazon reviews importer,broad,5.0,0,0,0.0,0,0.0,0.0,0.0,0.0,0.0,0.0,,,,,
Judge.me Product Reviews App,Search_EN_Features_2024.08.19,2026-02-24,2026-03-17,UTC,USD,"automate order fulfillment globally with amazon mcf, 3pl support, and location based inventory",amazon reviews importer,broad,5.0,0,0,0.0,0,0.0,0.0,0.0,0.0,0.0,0.0,,,,,
Judge.me Product Reviews App,Search_EN_Features_2024.08.19,2026-02-24,2026-03-17,UTC,USD,auto slider review,amazon reviews importer,broad,5.0,0,0,0.0,0,0.0,0.0,0.0,0.0,0.0,0.0,,,,,
Judge.me Product Reviews App,Search_EN_Features_2024.08.19,2026-02-24,2026-03-17,UTC,USD,auiden review,amazon reviews importer,broad,5.0,0,0,0.0,0,0.0,0.0,0.0,0.0,0.0,0.0,,,,,
Judge.me Product Reviews App,Search_EN_Features_2024.08.19,2026-02-24,2026-03-17,UTC,USD,audio reviews,amazon reviews importer,broad,5.0,0,0,0.0,0,0.0,0.0,0.0,0.0,0.0,0.0,,,,,
Judge.me Product Reviews App,Search_EN_Features_2024.08.19,2026-02-24,2026-03-17,UTC,USD,audience reviews,amazon reviews importer,broad,5.0,0,0,0.0,0,0.0,0.0,0.0,0.0,0.0,0.0,,,,,
Judge.me Product Reviews App,Search_EN_Features_2024.08.19,2026-02-24,2026-03-17,UTC,USD,audience review,amazon reviews importer,broad,5.0,0,0,0.0,0,0.0,0.0,0.0,0.0,0.0,0.0,,,,,
Judge.me Product Reviews App,Search_EN_Features_2024.08.19,2026-02-24,2026-03-17,UTC,USD,audien reviews,amazon reviews importer,broad,5.0,0,0,0.0,0,0.0,0.0,0.0,0.0,0.0,0.0,,,,,
Judge.me Product Reviews App,Search_EN_Features_2024.08.19,2026-02-24,2026-03-17,UTC,USD,audien review,amazon reviews importer,broad,5.0,0,0,0.0,0,0.0,0.0,0.0,0.0,0.0,0.0,,,,,
Judge.me Product Reviews App,Search_EN_Features_2024.08.19,2026-02-24,2026-03-17,UTC,USD,audian reviews,amazon reviews importer,broad,5.0,0,0,0.0,0,0.0,0.0,0.0,0.0,0.0,0.0,,,,,
Judge.me Product Reviews App,Search_EN_Features_2024.08.19,2026-02-24,2026-03-17,UTC,USD,audein review,amazon reviews importer,broad,5.0,0,0,0.0,0,0.0,0.0,0.0,0.0,0.0,0.0,,,,,
Judge.me Product Reviews App,Search_EN_Features_2024.08.19,2026-02-24,2026-03-17,UTC,USD,atlas review,amazon reviews importer,broad,5.0,0,0,0.0,0,0.0,0.0,0.0,0.0,0.0,0.0,,,,,
Judge.me Product Reviews App,Search_EN_Features_2024.08.19,2026-02-24,2026-03-17,UTC,USD,at reviews,amazon reviews importer,broad,5.0,0,0,0.0,0,0.0,0.0,0.0,0.0,0.0,0.0,,,,,
Judge.me Product Reviews App,Search_EN_Features_2024.08.19,2026-02-24,2026-03-17,UTC,USD,associate amazon,amazon reviews importer,broad,5.0,0,0,0.0,0,0.0,0.0,0.0,0.0,0.0,0.0,,,,,
Judge.me Product Reviews App,Search_EN_Features_2024.08.19,2026-02-24,2026-03-17,UTC,USD,asin generator for amazon,amazon reviews importer,broad,5.0,0,0,0.0,0,0.0,0.0,0.0,0.0,0.0,0.0,,,,,
Judge.me Product Reviews App,Search_EN_Features_2024.08.19,2026-02-24,2026-03-17,UTC,USD,arewiew review,amazon reviews importer,broad,5.0,0,0,0.0,0,0.0,0.0,0.0,0.0,0.0,0.0,,,,,
Judge.me Product Reviews App,Search_EN_Features_2024.08.19,2026-02-24,2026-03-17,UTC,USD,are review,amazon reviews importer,broad,5.0,0,0,0.0,0,0.0,0.0,0.0,0.0,0.0,0.0,,,,,
Judge.me Product Reviews App,Search_EN_Features_2024.08.19,2026-02-24,2026-03-17,UTC,USD,ar review app,amazon reviews importer,broad,5.0,0,0,0.0,0,0.0,0.0,0.0,0.0,0.0,0.0,,,,,
Judge.me Product Reviews App,Search_EN_Features_2024.08.19,2026-02-24,2026-03-17,UTC,USD,appstle reviews,amazon reviews importer,broad,5.0,0,0,0.0,0,0.0,0.0,0.0,0.0,0.0,0.0,,,,,
Judge.me Product Reviews App,Search_EN_Features_2024.08.19,2026-02-24,2026-03-17,UTC,USD,apps to connect to tiktok ebay amazon,amazon reviews importer,broad,5.0,0,0,0.0,0,0.0,0.0,0.0,0.0,0.0,0.0,,,,,
Judge.me Product Reviews App,Search_EN_Features_2024.08.19,2026-02-24,2026-03-17,UTC,USD,apps reviews,amazon reviews importer,broad,5.0,0,0,0.0,0,0.0,0.0,0.0,0.0,0.0,0.0,,,,,
Judge.me Product Reviews App,Search_EN_Features_2024.08.19,2026-02-24,2026-03-17,UTC,USD,apps amazon importer,amazon reviews importer,broad,5.0,0,0,0.0,0,0.0,0.0,0.0,0.0,0.0,0.0,,,,,
Judge.me Product Reviews App,Search_EN_Features_2024.08.19,2026-02-24,2026-03-17,UTC,USD,appio vs repution google reviews shopify,amazon reviews importer,broad,5.0,0,0,0.0,0,0.0,0.0,0.0,0.0,0.0,0.0,,,,,
Judge.me Product Reviews App,Search_EN_Features_2024.08.19,2026-02-24,2026-03-17,UTC,USD,appio reviews,amazon reviews importer,broad,5.0,0,0,0.0,0,0.0,0.0,0.0,0.0,0.0,0.0,,,,,
Judge.me Product Reviews App,Search_EN_Features_2024.08.19,2026-02-24,2026-03-17,UTC,USD,appio google reviews,amazon reviews importer,broad,5.0,0,0,0.0,0,0.0,0.0,0.0,0.0,0.0,0.0,,,,,
Judge.me Product Reviews App,Search_EN_Features_2024.08.19,2026-02-24,2026-03-17,UTC,USD,appio amazon review\],amazon reviews importer,broad,5.0,0,0,0.0,0,0.0,0.0,0.0,0.0,0.0,0.0,,,,,
Judge.me Product Reviews App,Search_EN_Features_2024.08.19,2026-02-24,2026-03-17,UTC,USD,appio amazon review,amazon reviews importer,broad,5.0,0,0,0.0,0,0.0,0.0,0.0,0.0,0.0,0.0,,,,,
Judge.me Product Reviews App,Search_EN_Features_2024.08.19,2026-02-24,2026-03-17,UTC,USD,app etoile review,amazon reviews importer,broad,5.0,0,0,0.0,0,0.0,0.0,0.0,0.0,0.0,0.0,,,,,
Judge.me Product Reviews App,Search_EN_Features_2024.08.19,2026-02-24,2026-03-17,UTC,USD,aov review,amazon reviews importer,broad,5.0,0,0,0.0,0,0.0,0.0,0.0,0.0,0.0,0.0,,,,,
Judge.me Product Reviews App,Search_EN_Features_2024.08.19,2026-02-24,2026-03-17,UTC,USD,anonymous reviews free,amazon reviews importer,broad,5.0,0,0,0.0,0,0.0,0.0,0.0,0.0,0.0,0.0,,,,,
Judge.me Product Reviews App,Search_EN_Features_2024.08.19,2026-02-24,2026-03-17,UTC,USD,andra appar som amazone,amazon reviews importer,broad,5.0,0,0,0.0,0,0.0,0.0,0.0,0.0,0.0,0.0,,,,,
Judge.me Product Reviews App,Search_EN_Features_2024.08.19,2026-02-24,2026-03-17,UTC,USD,amzon review,amazon reviews importer,broad,5.0,0,0,0.0,0,0.0,0.0,0.0,0.0,0.0,0.0,,,,,
Judge.me Product Reviews App,Search_EN_Features_2024.08.19,2026-02-24,2026-03-17,UTC,USD,amazone seller central,amazon reviews importer,broad,5.0,0,0,0.0,0,0.0,0.0,0.0,0.0,0.0,0.0,,,,,
Judge.me Product Reviews App,Search_EN_Features_2024.08.19,2026-02-24,2026-03-17,UTC,USD,amazone review,amazon reviews importer,broad,5.0,0,0,0.0,0,0.0,0.0,0.0,0.0,0.0,0.0,,,,,
Judge.me Product Reviews App,Search_EN_Features_2024.08.19,2026-02-24,2026-03-17,UTC,USD,amazone importer,amazon reviews importer,broad,5.0,0,0,0.0,0,0.0,0.0,0.0,0.0,0.0,0.0,,,,,
Judge.me Product Reviews App,Search_EN_Features_2024.08.19,2026-02-24,2026-03-17,UTC,USD,amazone import,amazon reviews importer,broad,5.0,0,0,0.0,0,0.0,0.0,0.0,0.0,0.0,0.0,,,,,
Judge.me Product Reviews App,Search_EN_Features_2024.08.19,2026-02-24,2026-03-17,UTC,USD,amazone dropshipper & affiliate,amazon reviews importer,broad,5.0,0,0,0.0,0,0.0,0.0,0.0,0.0,0.0,0.0,,,,,
Judge.me Product Reviews App,Search_EN_Features_2024.08.19,2026-02-24,2026-03-17,UTC,USD,amazon+,amazon reviews importer,broad,5.0,0,0,0.0,0,0.0,0.0,0.0,0.0,0.0,0.0,,,,,
Judge.me Product Reviews App,Search_EN_Features_2024.08.19,2026-02-24,2026-03-17,UTC,USD,amazon],amazon reviews importer,broad,5.0,0,0,0.0,0,0.0,0.0,0.0,0.0,0.0,0.0,,,,,
Judge.me Product Reviews App,Search_EN_Features_2024.08.19,2026-02-24,2026-03-17,UTC,USD,amazon',amazon reviews importer,broad,5.0,0,0,0.0,0,0.0,0.0,0.0,0.0,0.0,0.0,,,,,
Judge.me Product Reviews App,Search_EN_Features_2024.08.19,2026-02-24,2026-03-17,UTC,USD,amazon?s official multichannel fulfillment app,amazon reviews importer,broad,5.0,0,0,0.0,0,0.0,0.0,0.0,0.0,0.0,0.0,,,,,
Judge.me Product Reviews App,Search_EN_Features_2024.08.19,2026-02-24,2026-03-17,UTC,USD,amazon?import,amazon reviews importer,broad,5.0,0,0,0.0,0,0.0,0.0,0.0,0.0,0.0,0.0,,,,,
Judge.me Product Reviews App,Search_EN_Features_2024.08.19,2026-02-24,2026-03-17,UTC,USD,"amazon,ebay,etsy",amazon reviews importer,broad,5.0,0,0,0.0,0,0.0,0.0,0.0,0.0,0.0,0.0,,,,,
Judge.me Product Reviews App,Search_EN_Features_2024.08.19,2026-02-24,2026-03-17,UTC,USD,"amazon, ebay walamrt",amazon reviews importer,broad,5.0,0,0,0.0,0,0.0,0.0,0.0,0.0,0.0,0.0,,,,,
Judge.me Product Reviews App,Search_EN_Features_2024.08.19,2026-02-24,2026-03-17,UTC,USD,amazon-mcf app,amazon reviews importer,broad,5.0,0,0,0.0,0,0.0,0.0,0.0,0.0,0.0,0.0,,,,,
Judge.me Product Reviews App,Search_EN_Features_2024.08.19,2026-02-24,2026-03-17,UTC,USD,amazon yorumlari,amazon reviews importer,broad,5.0,0,0,0.0,0,0.0,0.0,0.0,0.0,0.0,0.0,,,,,
Judge.me Product Reviews App,Search_EN_Features_2024.08.19,2026-02-24,2026-03-17,UTC,USD,amazon wallet,amazon reviews importer,broad,5.0,0,0,0.0,0,0.0,0.0,0.0,0.0,0.0,0.0,,,,,
Judge.me Product Reviews App,Search_EN_Features_2024.08.19,2026-02-24,2026-03-17,UTC,USD,amazon versand,amazon reviews importer,broad,5.0,0,0,0.0,0,0.0,0.0,0.0,0.0,0.0,0.0,,,,,
Judge.me Product Reviews App,Search_EN_Features_2024.08.19,2026-02-24,2026-03-17,UTC,USD,amazon ventes multi,amazon reviews importer,broad,5.0,0,0,0.0,0,0.0,0.0,0.0,0.0,0.0,0.0,,,,,
Judge.me Product Reviews App,Search_EN_Features_2024.08.19,2026-02-24,2026-03-17,UTC,USD,amazon vendor,amazon reviews importer,broad,5.0,0,0,0.0,0,0.0,0.0,0.0,0.0,0.0,0.0,,,,,
Judge.me Product Reviews App,Search_EN_Features_2024.08.19,2026-02-24,2026-03-17,UTC,USD,amazon ve,amazon reviews importer,broad,5.0,0,0,0.0,0,0.0,0.0,0.0,0.0,0.0,0.0,,,,,
Judge.me Product Reviews App,Search_EN_Features_2024.08.19,2026-02-24,2026-03-17,UTC,USD,amazon vcs,amazon reviews importer,broad,5.0,0,0,0.0,0,0.0,0.0,0.0,0.0,0.0,0.0,,,,,
Judge.me Product Reviews App,Search_EN_Features_2024.08.19,2026-02-24,2026-03-17,UTC,USD,amazon variants,amazon reviews importer,broad,5.0,0,0,0.0,0,0.0,0.0,0.0,0.0,0.0,0.0,,,,,
Judge.me Product Reviews App,Search_EN_Features_2024.08.19,2026-02-24,2026-03-17,UTC,USD,amazon uoc generat,amazon reviews importer,broad,5.0,0,0,0.0,0,0.0,0.0,0.0,0.0,0.0,0.0,,,,,
Judge.me Product Reviews App,Search_EN_Features_2024.08.19,2026-02-24,2026-03-17,UTC,USD,amazon to shopify,amazon reviews importer,broad,5.0,0,0,0.0,0,0.0,0.0,0.0,0.0,0.0,0.0,,,,,
Judge.me Product Reviews App,Search_EN_Features_2024.08.19,2026-02-24,2026-03-17,UTC,USD,amazon to shipify,amazon reviews importer,broad,5.0,0,0,0.0,0,0.0,0.0,0.0,0.0,0.0,0.0,,,,,
Judge.me Product Reviews App,Search_EN_Features_2024.08.19,2026-02-24,2026-03-17,UTC,USD,amazon to ebay,amazon reviews importer,broad,5.0,0,0,0.0,0,0.0,0.0,0.0,0.0,0.0,0.0,,,,,
Judge.me Product Reviews App,Search_EN_Features_2024.08.19,2026-02-24,2026-03-17,UTC,USD,amazon tiktok etsy,amazon reviews importer,broad,5.0,0,0,0.0,0,0.0,0.0,0.0,0.0,0.0,0.0,,,,,
Judge.me Product Reviews App,Search_EN_Features_2024.08.19,2026-02-24,2026-03-17,UTC,USD,amazon syncronyc,amazon reviews importer,broad,5.0,0,0,0.0,0,0.0,0.0,0.0,0.0,0.0,0.0,,,,,
Judge.me Product Reviews App,Search_EN_Features_2024.08.19,2026-02-24,2026-03-17,UTC,USD,amazon synchronisation,amazon reviews importer,broad,5.0,0,0,0.0,0,0.0,0.0,0.0,0.0,0.0,0.0,,,,,
Judge.me Product Reviews App,Search_EN_Features_2024.08.19,2026-02-24,2026-03-17,UTC,USD,amazon syc,amazon reviews importer,broad,5.0,0,0,0.0,0,0.0,0.0,0.0,0.0,0.0,0.0,,,,,
Judge.me Product Reviews App,Search_EN_Features_2024.08.19,2026-02-24,2026-03-17,UTC,USD,amazon store,amazon reviews importer,broad,5.0,0,0,0.0,0,0.0,0.0,0.0,0.0,0.0,0.0,,,,,
Judge.me Product Reviews App,Search_EN_Features_2024.08.19,2026-02-24,2026-03-17,UTC,USD,amazon stor,amazon reviews importer,broad,5.0,0,0,0.0,0,0.0,0.0,0.0,0.0,0.0,0.0,,,,,
Judge.me Product Reviews App,Search_EN_Features_2024.08.19,2026-02-24,2026-03-17,UTC,USD,amazon spredr,amazon reviews importer,broad,5.0,0,0,0.0,0,0.0,0.0,0.0,0.0,0.0,0.0,,,,,
Judge.me Product Reviews App,Search_EN_Features_2024.08.19,2026-02-24,2026-03-17,UTC,USD,amazon spreadr app,amazon reviews importer,broad,5.0,0,0,0.0,0,0.0,0.0,0.0,0.0,0.0,0.0,,,,,
Judge.me Product Reviews App,Search_EN_Features_2024.08.19,2026-02-24,2026-03-17,UTC,USD,amazon spreadr,amazon reviews importer,broad,5.0,0,0,0.0,0,0.0,0.0,0.0,0.0,0.0,0.0,,,,,
Judge.me Product Reviews App,Search_EN_Features_2024.08.19,2026-02-24,2026-03-17,UTC,USD,amazon spread,amazon reviews importer,broad,5.0,0,0,0.0,0,0.0,0.0,0.0,0.0,0.0,0.0,,,,,
Judge.me Product Reviews App,Search_EN_Features_2024.08.19,2026-02-24,2026-03-17,UTC,USD,amazon spre,amazon reviews importer,broad,5.0,0,0,0.0,0,0.0,0.0,0.0,0.0,0.0,0.0,,,,,
Judge.me Product Reviews App,Search_EN_Features_2024.08.19,2026-02-24,2026-03-17,UTC,USD,amazon smartbeez,amazon reviews importer,broad,5.0,0,0,0.0,0,0.0,0.0,0.0,0.0,0.0,0.0,,,,,
Judge.me Product Reviews App,Search_EN_Features_2024.08.19,2026-02-24,2026-03-17,UTC,USD,amazon shoptify,amazon reviews importer,broad,5.0,0,0,0.0,0,0.0,0.0,0.0,0.0,0.0,0.0,,,,,
Judge.me Product Reviews App,Search_EN_Features_2024.08.19,2026-02-24,2026-03-17,UTC,USD,amazon shopping,amazon reviews importer,broad,5.0,0,0,0.0,0,0.0,0.0,0.0,0.0,0.0,0.0,,,,,
Judge.me Product Reviews App,Search_EN_Features_2024.08.19,2026-02-24,2026-03-17,UTC,USD,amazon shopify,amazon reviews importer,broad,5.0,0,0,0.0,0,0.0,0.0,0.0,0.0,0.0,0.0,,,,,
Judge.me Product Reviews App,Search_EN_Features_2024.08.19,2026-02-24,2026-03-17,UTC,USD,amazon shopfy,amazon reviews importer,broad,5.0,0,0,0.0,0,0.0,0.0,0.0,0.0,0.0,0.0,,,,,
Judge.me Product Reviews App,Search_EN_Features_2024.08.19,2026-02-24,2026-03-17,UTC,USD,amazon shipping services ats,amazon reviews importer,broad,5.0,0,0,0.0,0,0.0,0.0,0.0,0.0,0.0,0.0,,,,,
Judge.me Product Reviews App,Search_EN_Features_2024.08.19,2026-02-24,2026-03-17,UTC,USD,amazon shipping rates,amazon reviews importer,broad,5.0,0,0,0.0,0,0.0,0.0,0.0,0.0,0.0,0.0,,,,,
Judge.me Product Reviews App,Search_EN_Features_2024.08.19,2026-02-24,2026-03-17,UTC,USD,amazon shipping label,amazon reviews importer,broad,5.0,0,0,0.0,0,0.0,0.0,0.0,0.0,0.0,0.0,,,,,
Judge.me Product Reviews App,Search_EN_Features_2024.08.19,2026-02-24,2026-03-17,UTC,USD,amazon shipping estimated delivery date and rates,amazon reviews importer,broad,5.0,0,0,0.0,0,0.0,0.0,0.0,0.0,0.0,0.0,,,,,
Judge.me Product Reviews App,Search_EN_Features_2024.08.19,2026-02-24,2026-03-17,UTC,USD,amazon ship,amazon reviews importer,broad,5.0,0,0,0.0,0,0.0,0.0,0.0,0.0,0.0,0.0,,,,,
Judge.me Product Reviews App,Search_EN_Features_2024.08.19,2026-02-24,2026-03-17,UTC,USD,amazon selling partner api (sp-api),amazon reviews importer,broad,5.0,0,0,0.0,0,0.0,0.0,0.0,0.0,0.0,0.0,,,,,
Judge.me Product Reviews App,Search_EN_Features_2024.08.19,2026-02-24,2026-03-17,UTC,USD,amazon sellers central,amazon reviews importer,broad,5.0,0,0,0.0,0,0.0,0.0,0.0,0.0,0.0,0.0,,,,,
Judge.me Product Reviews App,Search_EN_Features_2024.08.19,2026-02-24,2026-03-17,UTC,USD,amazon sellercentral,amazon reviews importer,broad,5.0,0,0,0.0,0,0.0,0.0,0.0,0.0,0.0,0.0,,,,,
Judge.me Product Reviews App,Search_EN_Features_2024.08.19,2026-02-24,2026-03-17,UTC,USD,amazon seller fulfilled,amazon reviews importer,broad,5.0,0,0,0.0,0,0.0,0.0,0.0,0.0,0.0,0.0,,,,,
Judge.me Product Reviews App,Search_EN_Features_2024.08.19,2026-02-24,2026-03-17,UTC,USD,amazon seller free,amazon reviews importer,broad,5.0,0,0,0.0,0,0.0,0.0,0.0,0.0,0.0,0.0,,,,,
Judge.me Product Reviews App,Search_EN_Features_2024.08.19,2026-02-24,2026-03-17,UTC,USD,amazon seller deutsch,amazon reviews importer,broad,5.0,0,0,0.0,0,0.0,0.0,0.0,0.0,0.0,0.0,,,,,
Judge.me Product Reviews App,Search_EN_Features_2024.08.19,2026-02-24,2026-03-17,UTC,USD,amazon seller connect,amazon reviews importer,broad,5.0,0,0,0.0,0,0.0,0.0,0.0,0.0,0.0,0.0,,,,,
Judge.me Product Reviews App,Search_EN_Features_2024.08.19,2026-02-24,2026-03-17,UTC,USD,amazon seller central,amazon reviews importer,broad,5.0,0,0,0.0,0,0.0,0.0,0.0,0.0,0.0,0.0,,,,,
Judge.me Product Reviews App,Search_EN_Features_2024.08.19,2026-02-24,2026-03-17,UTC,USD,amazon seller cent,amazon reviews importer,broad,5.0,0,0,0.0,0,0.0,0.0,0.0,0.0,0.0,0.0,,,,,
Judge.me Product Reviews App,Search_EN_Features_2024.08.19,2026-02-24,2026-03-17,UTC,USD,amazon sell,amazon reviews importer,broad,5.0,0,0,0.0,0,0.0,0.0,0.0,0.0,0.0,0.0,,,,,
Judge.me Product Reviews App,Search_EN_Features_2024.08.19,2026-02-24,2026-03-17,UTC,USD,amazon sel,amazon reviews importer,broad,5.0,0,0,0.0,0,0.0,0.0,0.0,0.0,0.0,0.0,,,,,
Judge.me Product Reviews App,Search_EN_Features_2024.08.19,2026-02-24,2026-03-17,UTC,USD,amazon scrap,amazon reviews importer,broad,5.0,0,0,0.0,0,0.0,0.0,0.0,0.0,0.0,0.0,,,,,
Judge.me Product Reviews App,Search_EN_Features_2024.08.19,2026-02-24,2026-03-17,UTC,USD,amazon sales channel by shopify,amazon reviews importer,broad,5.0,0,0,0.0,0,0.0,0.0,0.0,0.0,0.0,0.0,,,,,
Judge.me Product Reviews App,Search_EN_Features_2024.08.19,2026-02-24,2026-03-17,UTC,USD,amazon sales channel (oficial),amazon reviews importer,broad,5.0,0,0,0.0,0,0.0,0.0,0.0,0.0,0.0,0.0,,,,,
Judge.me Product Reviews App,Search_EN_Features_2024.08.19,2026-02-24,2026-03-17,UTC,USD,amazon sales channel,amazon reviews importer,broad,5.0,0,0,0.0,0,0.0,0.0,0.0,0.0,0.0,0.0,,,,,
Judge.me Product Reviews App,Search_EN_Features_2024.08.19,2026-02-24,2026-03-17,UTC,USD,amazon sales chanel,amazon reviews importer,broad,5.0,0,0,0.0,0,0.0,0.0,0.0,0.0,0.0,0.0,,,,,
Judge.me Product Reviews App,Search_EN_Features_2024.08.19,2026-02-24,2026-03-17,UTC,USD,amazon reviews sync,amazon reviews importer,broad,5.0,0,0,0.0,0,0.0,0.0,0.0,0.0,0.0,0.0,,,,,
Judge.me Product Reviews App,Search_EN_Features_2024.08.19,2026-02-24,2026-03-17,UTC,USD,amazon reviews integration,amazon reviews importer,broad,5.0,0,0,0.0,0,0.0,0.0,0.0,0.0,0.0,0.0,,,,,
Judge.me Product Reviews App,Search_EN_Features_2024.08.19,2026-02-24,2026-03-17,UTC,USD,amazon reviews importer +ai,amazon reviews importer,broad,5.0,0,0,0.0,0,0.0,0.0,0.0,0.0,0.0,0.0,,,,,
Judge.me Product Reviews App,Search_EN_Features_2024.08.19,2026-02-24,2026-03-17,UTC,USD,amazon reviews import,amazon reviews importer,broad,5.0,0,0,0.0,0,0.0,0.0,0.0,0.0,0.0,0.0,,,,,
Judge.me Product Reviews App,Search_EN_Features_2024.08.19,2026-02-24,2026-03-17,UTC,USD,amazon reviews extractor,amazon reviews importer,broad,5.0,0,0,0.0,0,0.0,0.0,0.0,0.0,0.0,0.0,,,,,
Judge.me Product Reviews App,Search_EN_Features_2024.08.19,2026-02-24,2026-03-17,UTC,USD,amazon reviews exporter,amazon reviews importer,broad,5.0,0,0,0.0,0,0.0,0.0,0.0,0.0,0.0,0.0,,,,,
Judge.me Product Reviews App,Search_EN_Features_2024.08.19,2026-02-24,2026-03-17,UTC,USD,amazon reviews downloader,amazon reviews importer,broad,5.0,0,0,0.0,0,0.0,0.0,0.0,0.0,0.0,0.0,,,,,
Judge.me Product Reviews App,Search_EN_Features_2024.08.19,2026-02-24,2026-03-17,UTC,USD,Amazon Reviews by Appio 標誌 Amazon Reviews by Appio,amazon reviews importer,broad,5.0,0,0,0.0,0,0.0,0.0,0.0,0.0,0.0,0.0,,,,,
Judge.me Product Reviews App,Search_EN_Features_2024.08.19,2026-02-24,2026-03-17,UTC,USD,amazon reviews by appio,amazon reviews importer,broad,5.0,0,0,0.0,0,0.0,0.0,0.0,0.0,0.0,0.0,,,,,
Judge.me Product Reviews App,Search_EN_Features_2024.08.19,2026-02-24,2026-03-17,UTC,USD,amazon reviews by apio,amazon reviews importer,broad,5.0,0,0,0.0,0,0.0,0.0,0.0,0.0,0.0,0.0,,,,,
Judge.me Product Reviews App,Search_EN_Features_2024.08.19,2026-02-24,2026-03-17,UTC,USD,amazon reviews app,amazon reviews importer,broad,5.0,0,0,0.0,0,0.0,0.0,0.0,0.0,0.0,0.0,,,,,
Judge.me Product Reviews App,Search_EN_Features_2024.08.19,2026-02-24,2026-03-17,UTC,USD,amazon reviewa,amazon reviews importer,broad,5.0,0,0,0.0,0,0.0,0.0,0.0,0.0,0.0,0.0,,,,,
Judge.me Product Reviews App,Search_EN_Features_2024.08.19,2026-02-24,2026-03-17,UTC,USD,amazon review scraper,amazon reviews importer,broad,5.0,0,0,0.0,0,0.0,0.0,0.0,0.0,0.0,0.0,,,,,
Judge.me Product Reviews App,Search_EN_Features_2024.08.19,2026-02-24,2026-03-17,UTC,USD,amazon review impoter,amazon reviews importer,broad,5.0,0,0,0.0,0,0.0,0.0,0.0,0.0,0.0,0.0,,,,,
Judge.me Product Reviews App,Search_EN_Features_2024.08.19,2026-02-24,2026-03-17,UTC,USD,amazon review importer (sense theme),amazon reviews importer,broad,5.0,0,0,0.0,0,0.0,0.0,0.0,0.0,0.0,0.0,,,,,
Judge.me Product Reviews App,Search_EN_Features_2024.08.19,2026-02-24,2026-03-17,UTC,USD,amazon review extractor,amazon reviews importer,broad,5.0,0,0,0.0,0,0.0,0.0,0.0,0.0,0.0,0.0,,,,,
Judge.me Product Reviews App,Search_EN_Features_2024.08.19,2026-02-24,2026-03-17,UTC,USD,amazon review export,amazon reviews importer,broad,5.0,0,0,0.0,0,0.0,0.0,0.0,0.0,0.0,0.0,,,,,
Judge.me Product Reviews App,Search_EN_Features_2024.08.19,2026-02-24,2026-03-17,UTC,USD,amazon review by appio,amazon reviews importer,broad,5.0,0,0,0.0,0,0.0,0.0,0.0,0.0,0.0,0.0,,,,,
Judge.me Product Reviews App,Search_EN_Features_2024.08.19,2026-02-24,2026-03-17,UTC,USD,amazon review app,amazon reviews importer,broad,5.0,0,0,0.0,0,0.0,0.0,0.0,0.0,0.0,0.0,,,,,
Judge.me Product Reviews App,Search_EN_Features_2024.08.19,2026-02-24,2026-03-17,UTC,USD,amazon revies,amazon reviews importer,broad,5.0,0,0,0.0,0,0.0,0.0,0.0,0.0,0.0,0.0,,,,,
Judge.me Product Reviews App,Search_EN_Features_2024.08.19,2026-02-24,2026-03-17,UTC,USD,amazon revie,amazon reviews importer,broad,5.0,0,0,0.0,0,0.0,0.0,0.0,0.0,0.0,0.0,,,,,
Judge.me Product Reviews App,Search_EN_Features_2024.08.19,2026-02-24,2026-03-17,UTC,USD,amazon returns,amazon reviews importer,broad,5.0,0,0,0.0,0,0.0,0.0,0.0,0.0,0.0,0.0,,,,,
Judge.me Product Reviews App,Search_EN_Features_2024.08.19,2026-02-24,2026-03-17,UTC,USD,amazon rely,amazon reviews importer,broad,5.0,0,0,0.0,0,0.0,0.0,0.0,0.0,0.0,0.0,,,,,
Judge.me Product Reviews App,Search_EN_Features_2024.08.19,2026-02-24,2026-03-17,UTC,USD,amazon re,amazon reviews importer,broad,5.0,0,0,0.0,0,0.0,0.0,0.0,0.0,0.0,0.0,,,,,
Judge.me Product Reviews App,Search_EN_Features_2024.08.19,2026-02-24,2026-03-17,UTC,USD,amazon rating,amazon reviews importer,broad,5.0,0,0,0.0,0,0.0,0.0,0.0,0.0,0.0,0.0,,,,,
Judge.me Product Reviews App,Search_EN_Features_2024.08.19,2026-02-24,2026-03-17,UTC,USD,amazon products importer,amazon reviews importer,broad,5.0,0,0,0.0,0,0.0,0.0,0.0,0.0,0.0,0.0,,,,,
Judge.me Product Reviews App,Search_EN_Features_2024.08.19,2026-02-24,2026-03-17,UTC,USD,amazon products,amazon reviews importer,broad,5.0,0,0,0.0,0,0.0,0.0,0.0,0.0,0.0,0.0,,,,,
Judge.me Product Reviews App,Search_EN_Features_2024.08.19,2026-02-24,2026-03-17,UTC,USD,amazon product sync,amazon reviews importer,broad,5.0,0,0,0.0,0,0.0,0.0,0.0,0.0,0.0,0.0,,,,,
Judge.me Product Reviews App,Search_EN_Features_2024.08.19,2026-02-24,2026-03-17,UTC,USD,amazon product review,amazon reviews importer,broad,5.0,0,0,0.0,0,0.0,0.0,0.0,0.0,0.0,0.0,,,,,
Judge.me Product Reviews App,Search_EN_Features_2024.08.19,2026-02-24,2026-03-17,UTC,USD,amazon product options,amazon reviews importer,broad,5.0,0,0,0.0,0,0.0,0.0,0.0,0.0,0.0,0.0,,,,,
Judge.me Product Reviews App,Search_EN_Features_2024.08.19,2026-02-24,2026-03-17,UTC,USD,amazon product listing,amazon reviews importer,broad,5.0,0,0,0.0,0,0.0,0.0,0.0,0.0,0.0,0.0,,,,,
Judge.me Product Reviews App,Search_EN_Features_2024.08.19,2026-02-24,2026-03-17,UTC,USD,amazon product impot,amazon reviews importer,broad,5.0,0,0,0.0,0,0.0,0.0,0.0,0.0,0.0,0.0,,,,,
Judge.me Product Reviews App,Search_EN_Features_2024.08.19,2026-02-24,2026-03-17,UTC,USD,amazon product importer spreadr,amazon reviews importer,broad,5.0,0,0,0.0,0,0.0,0.0,0.0,0.0,0.0,0.0,,,,,
Judge.me Product Reviews App,Search_EN_Features_2024.08.19,2026-02-24,2026-03-17,UTC,USD,amazon product impor,amazon reviews importer,broad,5.0,0,0,0.0,0,0.0,0.0,0.0,0.0,0.0,0.0,,,,,
Judge.me Product Reviews App,Search_EN_Features_2024.08.19,2026-02-24,2026-03-17,UTC,USD,amazon product impo,amazon reviews importer,broad,5.0,0,0,0.0,0,0.0,0.0,0.0,0.0,0.0,0.0,,,,,
Judge.me Product Reviews App,Search_EN_Features_2024.08.19,2026-02-24,2026-03-17,UTC,USD,amazon product imp,amazon reviews importer,broad,5.0,0,0,0.0,0,0.0,0.0,0.0,0.0,0.0,0.0,,,,,
Judge.me Product Reviews App,Search_EN_Features_2024.08.19,2026-02-24,2026-03-17,UTC,USD,amazon product im,amazon reviews importer,broad,5.0,0,0,0.0,0,0.0,0.0,0.0,0.0,0.0,0.0,,,,,
Judge.me Product Reviews App,Search_EN_Features_2024.08.19,2026-02-24,2026-03-17,UTC,USD,amazon product,amazon reviews importer,broad,5.0,0,0,0.0,0,0.0,0.0,0.0,0.0,0.0,0.0,,,,,
Judge.me Product Reviews App,Search_EN_Features_2024.08.19,2026-02-24,2026-03-17,UTC,USD,amazon prodcut importe,amazon reviews importer,broad,5.0,0,0,0.0,0,0.0,0.0,0.0,0.0,0.0,0.0,,,,,
Judge.me Product Reviews App,Search_EN_Features_2024.08.19,2026-02-24,2026-03-17,UTC,USD,amazon print,amazon reviews importer,broad,5.0,0,0,0.0,0,0.0,0.0,0.0,0.0,0.0,0.0,,,,,
Judge.me Product Reviews App,Search_EN_Features_2024.08.19,2026-02-24,2026-03-17,UTC,USD,amazon prime,amazon reviews importer,broad,5.0,0,0,0.0,0,0.0,0.0,0.0,0.0,0.0,0.0,,,,,
Judge.me Product Reviews App,Search_EN_Features_2024.08.19,2026-02-24,2026-03-17,UTC,USD,amazon pixel,amazon reviews importer,broad,5.0,0,0,0.0,0,0.0,0.0,0.0,0.0,0.0,0.0,,,,,
Judge.me Product Reviews App,Search_EN_Features_2024.08.19,2026-02-24,2026-03-17,UTC,USD,amazon payment serv,amazon reviews importer,broad,5.0,0,0,0.0,0,0.0,0.0,0.0,0.0,0.0,0.0,,,,,
Judge.me Product Reviews App,Search_EN_Features_2024.08.19,2026-02-24,2026-03-17,UTC,USD,amazon payment ser,amazon reviews importer,broad,5.0,0,0,0.0,0,0.0,0.0,0.0,0.0,0.0,0.0,,,,,
Judge.me Product Reviews App,Search_EN_Features_2024.08.19,2026-02-24,2026-03-17,UTC,USD,amazon payment,amazon reviews importer,broad,5.0,0,0,0.0,0,0.0,0.0,0.0,0.0,0.0,0.0,,,,,
Judge.me Product Reviews App,Search_EN_Features_2024.08.19,2026-02-24,2026-03-17,UTC,USD,amazon pay japan,amazon reviews importer,broad,5.0,0,0,0.0,0,0.0,0.0,0.0,0.0,0.0,0.0,,,,,
Judge.me Product Reviews App,Search_EN_Features_2024.08.19,2026-02-24,2026-03-17,UTC,USD,amazon partn,amazon reviews importer,broad,5.0,0,0,0.0,0,0.0,0.0,0.0,0.0,0.0,0.0,,,,,
Judge.me Product Reviews App,Search_EN_Features_2024.08.19,2026-02-24,2026-03-17,UTC,USD,amazon paid marketing,amazon reviews importer,broad,5.0,0,0,0.0,0,0.0,0.0,0.0,0.0,0.0,0.0,,,,,
Judge.me Product Reviews App,Search_EN_Features_2024.08.19,2026-02-24,2026-03-17,UTC,USD,amazon pa,amazon reviews importer,broad,5.0,0,0,0.0,0,0.0,0.0,0.0,0.0,0.0,0.0,,,,,
Judge.me Product Reviews App,Search_EN_Features_2024.08.19,2026-02-24,2026-03-17,UTC,USD,amazon ordini,amazon reviews importer,broad,5.0,0,0,0.0,0,0.0,0.0,0.0,0.0,0.0,0.0,,,,,
Judge.me Product Reviews App,Search_EN_Features_2024.08.19,2026-02-24,2026-03-17,UTC,USD,amazon orders,amazon reviews importer,broad,5.0,0,0,0.0,0,0.0,0.0,0.0,0.0,0.0,0.0,,,,,
Judge.me Product Reviews App,Search_EN_Features_2024.08.19,2026-02-24,2026-03-17,UTC,USD,amazon order sync,amazon reviews importer,broad,5.0,0,0,0.0,0,0.0,0.0,0.0,0.0,0.0,0.0,,,,,
Judge.me Product Reviews App,Search_EN_Features_2024.08.19,2026-02-24,2026-03-17,UTC,USD,amazon order,amazon reviews importer,broad,5.0,0,0,0.0,0,0.0,0.0,0.0,0.0,0.0,0.0,,,,,
Judge.me Product Reviews App,Search_EN_Features_2024.08.19,2026-02-24,2026-03-17,UTC,USD,amazon options,amazon reviews importer,broad,5.0,0,0,0.0,0,0.0,0.0,0.0,0.0,0.0,0.0,,,,,
Judge.me Product Reviews App,Search_EN_Features_2024.08.19,2026-02-24,2026-03-17,UTC,USD,amazon multichannel fulfillment,amazon reviews importer,broad,5.0,0,0,0.0,0,0.0,0.0,0.0,0.0,0.0,0.0,,,,,
Judge.me Product Reviews App,Search_EN_Features_2024.08.19,2026-02-24,2026-03-17,UTC,USD,amazon multichannel,amazon reviews importer,broad,5.0,0,0,0.0,0,0.0,0.0,0.0,0.0,0.0,0.0,,,,,
Judge.me Product Reviews App,Search_EN_Features_2024.08.19,2026-02-24,2026-03-17,UTC,USD,amazon multi?channel fulfillment,amazon reviews importer,broad,5.0,0,0,0.0,0,0.0,0.0,0.0,0.0,0.0,0.0,,,,,
Judge.me Product Reviews App,Search_EN_Features_2024.08.19,2026-02-24,2026-03-17,UTC,USD,amazon multi-channel',amazon reviews importer,broad,5.0,0,0,0.0,0,0.0,0.0,0.0,0.0,0.0,0.0,,,,,
Judge.me Product Reviews App,Search_EN_Features_2024.08.19,2026-02-24,2026-03-17,UTC,USD,amazon multi-channel fulfillment & buy with prime,amazon reviews importer,broad,5.0,0,0,0.0,0,0.0,0.0,0.0,0.0,0.0,0.0,,,,,
Judge.me Product Reviews App,Search_EN_Features_2024.08.19,2026-02-24,2026-03-17,UTC,USD,amazon multi-channel fulfil,amazon reviews importer,broad,5.0,0,0,0.0,0,0.0,0.0,0.0,0.0,0.0,0.0,,,,,
Judge.me Product Reviews App,Search_EN_Features_2024.08.19,2026-02-24,2026-03-17,UTC,USD,amazon multi-channel,amazon reviews importer,broad,5.0,0,0,0.0,0,0.0,0.0,0.0,0.0,0.0,0.0,,,,,
Judge.me Product Reviews App,Search_EN_Features_2024.08.19,2026-02-24,2026-03-17,UTC,USD,amazon multi channel fulfillment,amazon reviews importer,broad,5.0,0,0,0.0,0,0.0,0.0,0.0,0.0,0.0,0.0,,,,,
Judge.me Product Reviews App,Search_EN_Features_2024.08.19,2026-02-24,2026-03-17,UTC,USD,amazon multi channel fulfil,amazon reviews importer,broad,5.0,0,0,0.0,0,0.0,0.0,0.0,0.0,0.0,0.0,,,,,
Judge.me Product Reviews App,Search_EN_Features_2024.08.19,2026-02-24,2026-03-17,UTC,USD,amazon multi channel,amazon reviews importer,broad,5.0,0,0,0.0,0,0.0,0.0,0.0,0.0,0.0,0.0,,,,,
Judge.me Product Reviews App,Search_EN_Features_2024.08.19,2026-02-24,2026-03-17,UTC,USD,amazon multi channal fulfillment mcf,amazon reviews importer,broad,5.0,0,0,0.0,0,0.0,0.0,0.0,0.0,0.0,0.0,,,,,
Judge.me Product Reviews App,Search_EN_Features_2024.08.19,2026-02-24,2026-03-17,UTC,USD,amazon mfc seller,amazon reviews importer,broad,5.0,0,0,0.0,0,0.0,0.0,0.0,0.0,0.0,0.0,,,,,
Judge.me Product Reviews App,Search_EN_Features_2024.08.19,2026-02-24,2026-03-17,UTC,USD,amazon merch,amazon reviews importer,broad,5.0,0,0,0.0,0,0.0,0.0,0.0,0.0,0.0,0.0,,,,,
Judge.me Product Reviews App,Search_EN_Features_2024.08.19,2026-02-24,2026-03-17,UTC,USD,amazon mcf returns,amazon reviews importer,broad,5.0,0,0,0.0,0,0.0,0.0,0.0,0.0,0.0,0.0,,,,,
Judge.me Product Reviews App,Search_EN_Features_2024.08.19,2026-02-24,2026-03-17,UTC,USD,amazon mcf fba,amazon reviews importer,broad,5.0,0,0,0.0,0,0.0,0.0,0.0,0.0,0.0,0.0,,,,,
Judge.me Product Reviews App,Search_EN_Features_2024.08.19,2026-02-24,2026-03-17,UTC,USD,amazon mcf by webbee,amazon reviews importer,broad,5.0,0,0,0.0,0,0.0,0.0,0.0,0.0,0.0,0.0,,,,,
Judge.me Product Reviews App,Search_EN_Features_2024.08.19,2026-02-24,2026-03-17,UTC,USD,amazon mcf by bytestand,amazon reviews importer,broad,5.0,0,0,0.0,0,0.0,0.0,0.0,0.0,0.0,0.0,,,,,
Judge.me Product Reviews App,Search_EN_Features_2024.08.19,2026-02-24,2026-03-17,UTC,USD,amazon mcf buy,amazon reviews importer,broad,5.0,0,0,0.0,0,0.0,0.0,0.0,0.0,0.0,0.0,,,,,
Judge.me Product Reviews App,Search_EN_Features_2024.08.19,2026-02-24,2026-03-17,UTC,USD,amazon mcf beta,amazon reviews importer,broad,5.0,0,0,0.0,0,0.0,0.0,0.0,0.0,0.0,0.0,,,,,
Judge.me Product Reviews App,Search_EN_Features_2024.08.19,2026-02-24,2026-03-17,UTC,USD,amazon mcf and buy with prime for shopify,amazon reviews importer,broad,5.0,0,0,0.0,0,0.0,0.0,0.0,0.0,0.0,0.0,,,,,
Judge.me Product Reviews App,Search_EN_Features_2024.08.19,2026-02-24,2026-03-17,UTC,USD,amazon mcf and buy with prime app for shopify,amazon reviews importer,broad,5.0,0,0,0.0,0,0.0,0.0,0.0,0.0,0.0,0.0,,,,,
Judge.me Product Reviews App,Search_EN_Features_2024.08.19,2026-02-24,2026-03-17,UTC,USD,amazon mcf and buy with prime app,amazon reviews importer,broad,5.0,0,0,0.0,0,0.0,0.0,0.0,0.0,0.0,0.0,,,,,
Judge.me Product Reviews App,Search_EN_Features_2024.08.19,2026-02-24,2026-03-17,UTC,USD,amazon mcf and buy with prime,amazon reviews importer,broad,5.0,0,0,0.0,0,0.0,0.0,0.0,0.0,0.0,0.0,,,,,
Judge.me Product Reviews App,Search_EN_Features_2024.08.19,2026-02-24,2026-03-17,UTC,USD,amazon mcf and buy with pri,amazon reviews importer,broad,5.0,0,0,0.0,0,0.0,0.0,0.0,0.0,0.0,0.0,,,,,
Judge.me Product Reviews App,Search_EN_Features_2024.08.19,2026-02-24,2026-03-17,UTC,USD,amazon mcf and,amazon reviews importer,broad,5.0,0,0,0.0,0,0.0,0.0,0.0,0.0,0.0,0.0,,,,,
Judge.me Product Reviews App,Search_EN_Features_2024.08.19,2026-02-24,2026-03-17,UTC,USD,amazon mcf & buy with prime,amazon reviews importer,broad,5.0,0,0,0.0,0,0.0,0.0,0.0,0.0,0.0,0.0,,,,,
Judge.me Product Reviews App,Search_EN_Features_2024.08.19,2026-02-24,2026-03-17,UTC,USD,amazon mc,amazon reviews importer,broad,5.0,0,0,0.0,0,0.0,0.0,0.0,0.0,0.0,0.0,,,,,
Judge.me Product Reviews App,Search_EN_Features_2024.08.19,2026-02-24,2026-03-17,UTC,USD,amazon marketplaces,amazon reviews importer,broad,5.0,0,0,0.0,0,0.0,0.0,0.0,0.0,0.0,0.0,,,,,
Judge.me Product Reviews App,Search_EN_Features_2024.08.19,2026-02-24,2026-03-17,UTC,USD,amazon marketplace brasil,amazon reviews importer,broad,5.0,0,0,0.0,0,0.0,0.0,0.0,0.0,0.0,0.0,,,,,
Judge.me Product Reviews App,Search_EN_Features_2024.08.19,2026-02-24,2026-03-17,UTC,USD,amazon marketplace app,amazon reviews importer,broad,5.0,0,0,0.0,0,0.0,0.0,0.0,0.0,0.0,0.0,,,,,
Judge.me Product Reviews App,Search_EN_Features_2024.08.19,2026-02-24,2026-03-17,UTC,USD,amazon marketplace,amazon reviews importer,broad,5.0,0,0,0.0,0,0.0,0.0,0.0,0.0,0.0,0.0,,,,,
Judge.me Product Reviews App,Search_EN_Features_2024.08.19,2026-02-24,2026-03-17,UTC,USD,amazon magnalister,amazon reviews importer,broad,5.0,0,0,0.0,0,0.0,0.0,0.0,0.0,0.0,0.0,,,,,
Judge.me Product Reviews App,Search_EN_Features_2024.08.19,2026-02-24,2026-03-17,UTC,USD,amazon m2e,amazon reviews importer,broad,5.0,0,0,0.0,0,0.0,0.0,0.0,0.0,0.0,0.0,,,,,
Judge.me Product Reviews App,Search_EN_Features_2024.08.19,2026-02-24,2026-03-17,UTC,USD,amazon login,amazon reviews importer,broad,5.0,0,0,0.0,0,0.0,0.0,0.0,0.0,0.0,0.0,,,,,
Judge.me Product Reviews App,Search_EN_Features_2024.08.19,2026-02-24,2026-03-17,UTC,USD,amazon locker,amazon reviews importer,broad,5.0,0,0,0.0,0,0.0,0.0,0.0,0.0,0.0,0.0,,,,,
Judge.me Product Reviews App,Search_EN_Features_2024.08.19,2026-02-24,2026-03-17,UTC,USD,amazon listings sync,amazon reviews importer,broad,5.0,0,0,0.0,0,0.0,0.0,0.0,0.0,0.0,0.0,,,,,
Judge.me Product Reviews App,Search_EN_Features_2024.08.19,2026-02-24,2026-03-17,UTC,USD,amazon listing impoerter,amazon reviews importer,broad,5.0,0,0,0.0,0,0.0,0.0,0.0,0.0,0.0,0.0,,,,,
Judge.me Product Reviews App,Search_EN_Features_2024.08.19,2026-02-24,2026-03-17,UTC,USD,amazon listing,amazon reviews importer,broad,5.0,0,0,0.0,0,0.0,0.0,0.0,0.0,0.0,0.0,,,,,
Judge.me Product Reviews App,Search_EN_Features_2024.08.19,2026-02-24,2026-03-17,UTC,USD,amazon link buy button,amazon reviews importer,broad,5.0,0,0,0.0,0,0.0,0.0,0.0,0.0,0.0,0.0,,,,,
Judge.me Product Reviews App,Search_EN_Features_2024.08.19,2026-02-24,2026-03-17,UTC,USD,amazon lgo,amazon reviews importer,broad,5.0,0,0,0.0,0,0.0,0.0,0.0,0.0,0.0,0.0,,,,,
Judge.me Product Reviews App,Search_EN_Features_2024.08.19,2026-02-24,2026-03-17,UTC,USD,amazon landing page,amazon reviews importer,broad,5.0,0,0,0.0,0,0.0,0.0,0.0,0.0,0.0,0.0,,,,,
Judge.me Product Reviews App,Search_EN_Features_2024.08.19,2026-02-24,2026-03-17,UTC,USD,amazon kept,amazon reviews importer,broad,5.0,0,0,0.0,0,0.0,0.0,0.0,0.0,0.0,0.0,,,,,
Judge.me Product Reviews App,Search_EN_Features_2024.08.19,2026-02-24,2026-03-17,UTC,USD,amazon inventory to shopify,amazon reviews importer,broad,5.0,0,0,0.0,0,0.0,0.0,0.0,0.0,0.0,0.0,,,,,
Judge.me Product Reviews App,Search_EN_Features_2024.08.19,2026-02-24,2026-03-17,UTC,USD,amazon inventory,amazon reviews importer,broad,5.0,0,0,0.0,0,0.0,0.0,0.0,0.0,0.0,0.0,,,,,
Judge.me Product Reviews App,Search_EN_Features_2024.08.19,2026-02-24,2026-03-17,UTC,USD,amazon intergration,amazon reviews importer,broad,5.0,0,0,0.0,0,0.0,0.0,0.0,0.0,0.0,0.0,,,,,
Judge.me Product Reviews App,Search_EN_Features_2024.08.19,2026-02-24,2026-03-17,UTC,USD,amazon integrazion,amazon reviews importer,broad,5.0,0,0,0.0,0,0.0,0.0,0.0,0.0,0.0,0.0,,,,,
Judge.me Product Reviews App,Search_EN_Features_2024.08.19,2026-02-24,2026-03-17,UTC,USD,amazon integration pim,amazon reviews importer,broad,5.0,0,0,0.0,0,0.0,0.0,0.0,0.0,0.0,0.0,,,,,
Judge.me Product Reviews App,Search_EN_Features_2024.08.19,2026-02-24,2026-03-17,UTC,USD,amazon integration and prime buy,amazon reviews importer,broad,5.0,0,0,0.0,0,0.0,0.0,0.0,0.0,0.0,0.0,,,,,
Judge.me Product Reviews App,Search_EN_Features_2024.08.19,2026-02-24,2026-03-17,UTC,USD,amazon integratio,amazon reviews importer,broad,5.0,0,0,0.0,0,0.0,0.0,0.0,0.0,0.0,0.0,,,,,
Judge.me Product Reviews App,Search_EN_Features_2024.08.19,2026-02-24,2026-03-17,UTC,USD,amazon integ,amazon reviews importer,broad,5.0,0,0,0.0,0,0.0,0.0,0.0,0.0,0.0,0.0,,,,,
Judge.me Product Reviews App,Search_EN_Features_2024.08.19,2026-02-24,2026-03-17,UTC,USD,amazon india,amazon reviews importer,broad,5.0,0,0,0.0,0,0.0,0.0,0.0,0.0,0.0,0.0,,,,,
Judge.me Product Reviews App,Search_EN_Features_2024.08.19,2026-02-24,2026-03-17,UTC,USD,amazon in,amazon reviews importer,broad,5.0,0,0,0.0,0,0.0,0.0,0.0,0.0,0.0,0.0,,,,,
Judge.me Product Reviews App,Search_EN_Features_2024.08.19,2026-02-24,2026-03-17,UTC,USD,amazon importer: seamless product import for shopify,amazon reviews importer,broad,5.0,0,0,0.0,0,0.0,0.0,0.0,0.0,0.0,0.0,,,,,
Judge.me Product Reviews App,Search_EN_Features_2024.08.19,2026-02-24,2026-03-17,UTC,USD,amazon importer spreadr app by thalia,amazon reviews importer,broad,5.0,0,0,0.0,0,0.0,0.0,0.0,0.0,0.0,0.0,,,,,
Judge.me Product Reviews App,Search_EN_Features_2024.08.19,2026-02-24,2026-03-17,UTC,USD,amazon importer spreader,amazon reviews importer,broad,5.0,0,0,0.0,0,0.0,0.0,0.0,0.0,0.0,0.0,,,,,
Judge.me Product Reviews App,Search_EN_Features_2024.08.19,2026-02-24,2026-03-17,UTC,USD,amazon importer spread,amazon reviews importer,broad,5.0,0,0,0.0,0,0.0,0.0,0.0,0.0,0.0,0.0,,,,,
Judge.me Product Reviews App,Search_EN_Features_2024.08.19,2026-02-24,2026-03-17,UTC,USD,amazon importer reputon,amazon reviews importer,broad,5.0,0,0,0.0,0,0.0,0.0,0.0,0.0,0.0,0.0,,,,,
Judge.me Product Reviews App,Search_EN_Features_2024.08.19,2026-02-24,2026-03-17,UTC,USD,amazon importer reputom,amazon reviews importer,broad,5.0,0,0,0.0,0,0.0,0.0,0.0,0.0,0.0,0.0,,,,,
Judge.me Product Reviews App,Search_EN_Features_2024.08.19,2026-02-24,2026-03-17,UTC,USD,amazon importer for associates,amazon reviews importer,broad,5.0,0,0,0.0,0,0.0,0.0,0.0,0.0,0.0,0.0,,,,,
Judge.me Product Reviews App,Search_EN_Features_2024.08.19,2026-02-24,2026-03-17,UTC,USD,amazon importer cart2cart app,amazon reviews importer,broad,5.0,0,0,0.0,0,0.0,0.0,0.0,0.0,0.0,0.0,,,,,
Judge.me Product Reviews App,Search_EN_Features_2024.08.19,2026-02-24,2026-03-17,UTC,USD,amazon importer by shopupz,amazon reviews importer,broad,5.0,0,0,0.0,0,0.0,0.0,0.0,0.0,0.0,0.0,,,,,
Judge.me Product Reviews App,Search_EN_Features_2024.08.19,2026-02-24,2026-03-17,UTC,USD,amazon importer by shopmaster,amazon reviews importer,broad,5.0,0,0,0.0,0,0.0,0.0,0.0,0.0,0.0,0.0,,,,,
Judge.me Product Reviews App,Search_EN_Features_2024.08.19,2026-02-24,2026-03-17,UTC,USD,amazon importer affiliate spreadr,amazon reviews importer,broad,5.0,0,0,0.0,0,0.0,0.0,0.0,0.0,0.0,0.0,,,,,
Judge.me Product Reviews App,Search_EN_Features_2024.08.19,2026-02-24,2026-03-17,UTC,USD,amazon importer affiliate,amazon reviews importer,broad,5.0,0,0,0.0,0,0.0,0.0,0.0,0.0,0.0,0.0,,,,,
Judge.me Product Reviews App,Search_EN_Features_2024.08.19,2026-02-24,2026-03-17,UTC,USD,amazon importe,amazon reviews importer,broad,5.0,0,0,0.0,0,0.0,0.0,0.0,0.0,0.0,0.0,,,,,
Judge.me Product Reviews App,Search_EN_Features_2024.08.19,2026-02-24,2026-03-17,UTC,USD,amazon import spredr,amazon reviews importer,broad,5.0,0,0,0.0,0,0.0,0.0,0.0,0.0,0.0,0.0,,,,,
Judge.me Product Reviews App,Search_EN_Features_2024.08.19,2026-02-24,2026-03-17,UTC,USD,amazon import spreater,amazon reviews importer,broad,5.0,0,0,0.0,0,0.0,0.0,0.0,0.0,0.0,0.0,,,,,
Judge.me Product Reviews App,Search_EN_Features_2024.08.19,2026-02-24,2026-03-17,UTC,USD,amazon import spreadr,amazon reviews importer,broad,5.0,0,0,0.0,0,0.0,0.0,0.0,0.0,0.0,0.0,,,,,
Judge.me Product Reviews App,Search_EN_Features_2024.08.19,2026-02-24,2026-03-17,UTC,USD,amazon import reviews,amazon reviews importer,broad,5.0,0,0,0.0,0,0.0,0.0,0.0,0.0,0.0,0.0,,,,,
Judge.me Product Reviews App,Search_EN_Features_2024.08.19,2026-02-24,2026-03-17,UTC,USD,amazon import products,amazon reviews importer,broad,5.0,0,0,0.0,0,0.0,0.0,0.0,0.0,0.0,0.0,,,,,
Judge.me Product Reviews App,Search_EN_Features_2024.08.19,2026-02-24,2026-03-17,UTC,USD,amazon import product,amazon reviews importer,broad,5.0,0,0,0.0,0,0.0,0.0,0.0,0.0,0.0,0.0,,,,,
Judge.me Product Reviews App,Search_EN_Features_2024.08.19,2026-02-24,2026-03-17,UTC,USD,amazon import & sync,amazon reviews importer,broad,5.0,0,0,0.0,0,0.0,0.0,0.0,0.0,0.0,0.0,,,,,
Judge.me Product Reviews App,Search_EN_Features_2024.08.19,2026-02-24,2026-03-17,UTC,USD,amazon handmade,amazon reviews importer,broad,5.0,0,0,0.0,0,0.0,0.0,0.0,0.0,0.0,0.0,,,,,
Judge.me Product Reviews App,Search_EN_Features_2024.08.19,2026-02-24,2026-03-17,UTC,USD,amazon hand,amazon reviews importer,broad,5.0,0,0,0.0,0,0.0,0.0,0.0,0.0,0.0,0.0,,,,,
Judge.me Product Reviews App,Search_EN_Features_2024.08.19,2026-02-24,2026-03-17,UTC,USD,amazon gratuit,amazon reviews importer,broad,5.0,0,0,0.0,0,0.0,0.0,0.0,0.0,0.0,0.0,,,,,
Judge.me Product Reviews App,Search_EN_Features_2024.08.19,2026-02-24,2026-03-17,UTC,USD,amazon gift card,amazon reviews importer,broad,5.0,0,0,0.0,0,0.0,0.0,0.0,0.0,0.0,0.0,,,,,
Judge.me Product Reviews App,Search_EN_Features_2024.08.19,2026-02-24,2026-03-17,UTC,USD,amazon gd,amazon reviews importer,broad,5.0,0,0,0.0,0,0.0,0.0,0.0,0.0,0.0,0.0,,,,,
Judge.me Product Reviews App,Search_EN_Features_2024.08.19,2026-02-24,2026-03-17,UTC,USD,amazon fulfilment,amazon reviews importer,broad,5.0,0,0,0.0,0,0.0,0.0,0.0,0.0,0.0,0.0,,,,,
Judge.me Product Reviews App,Search_EN_Features_2024.08.19,2026-02-24,2026-03-17,UTC,USD,amazon fulfillment service',amazon reviews importer,broad,5.0,0,0,0.0,0,0.0,0.0,0.0,0.0,0.0,0.0,,,,,
Judge.me Product Reviews App,Search_EN_Features_2024.08.19,2026-02-24,2026-03-17,UTC,USD,amazon fulfillment service,amazon reviews importer,broad,5.0,0,0,0.0,0,0.0,0.0,0.0,0.0,0.0,0.0,,,,,
Judge.me Product Reviews App,Search_EN_Features_2024.08.19,2026-02-24,2026-03-17,UTC,USD,amazon fulfillment (mcf),amazon reviews importer,broad,5.0,0,0,0.0,0,0.0,0.0,0.0,0.0,0.0,0.0,,,,,
Judge.me Product Reviews App,Search_EN_Features_2024.08.19,2026-02-24,2026-03-17,UTC,USD,amazon fulfillment,amazon reviews importer,broad,5.0,0,0,0.0,0,0.0,0.0,0.0,0.0,0.0,0.0,,,,,
Judge.me Product Reviews App,Search_EN_Features_2024.08.19,2026-02-24,2026-03-17,UTC,USD,amazon frop shipping,amazon reviews importer,broad,5.0,0,0,0.0,0,0.0,0.0,0.0,0.0,0.0,0.0,,,,,
Judge.me Product Reviews App,Search_EN_Features_2024.08.19,2026-02-24,2026-03-17,UTC,USD,amazon forfillment,amazon reviews importer,broad,5.0,0,0,0.0,0,0.0,0.0,0.0,0.0,0.0,0.0,,,,,
Judge.me Product Reviews App,Search_EN_Features_2024.08.19,2026-02-24,2026-03-17,UTC,USD,amazon flex,amazon reviews importer,broad,5.0,0,0,0.0,0,0.0,0.0,0.0,0.0,0.0,0.0,,,,,
Judge.me Product Reviews App,Search_EN_Features_2024.08.19,2026-02-24,2026-03-17,UTC,USD,amazon fire stick,amazon reviews importer,broad,5.0,0,0,0.0,0,0.0,0.0,0.0,0.0,0.0,0.0,,,,,
Judge.me Product Reviews App,Search_EN_Features_2024.08.19,2026-02-24,2026-03-17,UTC,USD,amazon fbm,amazon reviews importer,broad,5.0,0,0,0.0,0,0.0,0.0,0.0,0.0,0.0,0.0,,,,,
Judge.me Product Reviews App,Search_EN_Features_2024.08.19,2026-02-24,2026-03-17,UTC,USD,amazon fba/ multi-channel fulfillment,amazon reviews importer,broad,5.0,0,0,0.0,0,0.0,0.0,0.0,0.0,0.0,0.0,,,,,
Judge.me Product Reviews App,Search_EN_Features_2024.08.19,2026-02-24,2026-03-17,UTC,USD,amazon fba right now,amazon reviews importer,broad,5.0,0,0,0.0,0,0.0,0.0,0.0,0.0,0.0,0.0,,,,,
Judge.me Product Reviews App,Search_EN_Features_2024.08.19,2026-02-24,2026-03-17,UTC,USD,amazon fba no inventory,amazon reviews importer,broad,5.0,0,0,0.0,0,0.0,0.0,0.0,0.0,0.0,0.0,,,,,
Judge.me Product Reviews App,Search_EN_Features_2024.08.19,2026-02-24,2026-03-17,UTC,USD,amazon fba fba,amazon reviews importer,broad,5.0,0,0,0.0,0,0.0,0.0,0.0,0.0,0.0,0.0,,,,,
Judge.me Product Reviews App,Search_EN_Features_2024.08.19,2026-02-24,2026-03-17,UTC,USD,amazon fba amazon,amazon reviews importer,broad,5.0,0,0,0.0,0,0.0,0.0,0.0,0.0,0.0,0.0,,,,,
Judge.me Product Reviews App,Search_EN_Features_2024.08.19,2026-02-24,2026-03-17,UTC,USD,amazon fba (บรการ fulfillment by amazon),amazon reviews importer,broad,5.0,0,0,0.0,0,0.0,0.0,0.0,0.0,0.0,0.0,,,,,
Judge.me Product Reviews App,Search_EN_Features_2024.08.19,2026-02-24,2026-03-17,UTC,USD,amazon ez,amazon reviews importer,broad,5.0,0,0,0.0,0,0.0,0.0,0.0,0.0,0.0,0.0,,,,,
Judge.me Product Reviews App,Search_EN_Features_2024.08.19,2026-02-24,2026-03-17,UTC,USD,amazon exporter,amazon reviews importer,broad,5.0,0,0,0.0,0,0.0,0.0,0.0,0.0,0.0,0.0,,,,,
Judge.me Product Reviews App,Search_EN_Features_2024.08.19,2026-02-24,2026-03-17,UTC,USD,amazon export,amazon reviews importer,broad,5.0,0,0,0.0,0,0.0,0.0,0.0,0.0,0.0,0.0,,,,,
Judge.me Product Reviews App,Search_EN_Features_2024.08.19,2026-02-24,2026-03-17,UTC,USD,amazon entegrasyon,amazon reviews importer,broad,5.0,0,0,0.0,0,0.0,0.0,0.0,0.0,0.0,0.0,,,,,
Judge.me Product Reviews App,Search_EN_Features_2024.08.19,2026-02-24,2026-03-17,UTC,USD,amazon electronics,amazon reviews importer,broad,5.0,0,0,0.0,0,0.0,0.0,0.0,0.0,0.0,0.0,,,,,
Judge.me Product Reviews App,Search_EN_Features_2024.08.19,2026-02-24,2026-03-17,UTC,USD,amazon ebay mcf,amazon reviews importer,broad,5.0,0,0,0.0,0,0.0,0.0,0.0,0.0,0.0,0.0,,,,,
Judge.me Product Reviews App,Search_EN_Features_2024.08.19,2026-02-24,2026-03-17,UTC,USD,amazon ebay,amazon reviews importer,broad,5.0,0,0,0.0,0,0.0,0.0,0.0,0.0,0.0,0.0,,,,,
Judge.me Product Reviews App,Search_EN_Features_2024.08.19,2026-02-24,2026-03-17,UTC,USD,amazon easy tool,amazon reviews importer,broad,5.0,0,0,0.0,0,0.0,0.0,0.0,0.0,0.0,0.0,,,,,
Judge.me Product Reviews App,Search_EN_Features_2024.08.19,2026-02-24,2026-03-17,UTC,USD,amazon easy sync,amazon reviews importer,broad,5.0,0,0,0.0,0,0.0,0.0,0.0,0.0,0.0,0.0,,,,,
Judge.me Product Reviews App,Search_EN_Features_2024.08.19,2026-02-24,2026-03-17,UTC,USD,amazon easy,amazon reviews importer,broad,5.0,0,0,0.0,0,0.0,0.0,0.0,0.0,0.0,0.0,,,,,
Judge.me Product Reviews App,Search_EN_Features_2024.08.19,2026-02-24,2026-03-17,UTC,USD,amazon dz,amazon reviews importer,broad,5.0,0,0,0.0,0,0.0,0.0,0.0,0.0,0.0,0.0,,,,,
Judge.me Product Reviews App,Search_EN_Features_2024.08.19,2026-02-24,2026-03-17,UTC,USD,amazon dropshipping zonify,amazon reviews importer,broad,5.0,0,0,0.0,0,0.0,0.0,0.0,0.0,0.0,0.0,,,,,
Judge.me Product Reviews App,Search_EN_Features_2024.08.19,2026-02-24,2026-03-17,UTC,USD,amazon dropshipping zon,amazon reviews importer,broad,5.0,0,0,0.0,0,0.0,0.0,0.0,0.0,0.0,0.0,,,,,
Judge.me Product Reviews App,Search_EN_Features_2024.08.19,2026-02-24,2026-03-17,UTC,USD,amazon dropshipping free,amazon reviews importer,broad,5.0,0,0,0.0,0,0.0,0.0,0.0,0.0,0.0,0.0,,,,,
Judge.me Product Reviews App,Search_EN_Features_2024.08.19,2026-02-24,2026-03-17,UTC,USD,amazon dropshippin,amazon reviews importer,broad,5.0,0,0,0.0,0,0.0,0.0,0.0,0.0,0.0,0.0,,,,,
Judge.me Product Reviews App,Search_EN_Features_2024.08.19,2026-02-24,2026-03-17,UTC,USD,amazon dropshipper + walmart,amazon reviews importer,broad,5.0,0,0,0.0,0,0.0,0.0,0.0,0.0,0.0,0.0,,,,,
Judge.me Product Reviews App,Search_EN_Features_2024.08.19,2026-02-24,2026-03-17,UTC,USD,amazon dropshipper,amazon reviews importer,broad,5.0,0,0,0.0,0,0.0,0.0,0.0,0.0,0.0,0.0,,,,,
Judge.me Product Reviews App,Search_EN_Features_2024.08.19,2026-02-24,2026-03-17,UTC,USD,amazon dropshipp,amazon reviews importer,broad,5.0,0,0,0.0,0,0.0,0.0,0.0,0.0,0.0,0.0,,,,,
Judge.me Product Reviews App,Search_EN_Features_2024.08.19,2026-02-24,2026-03-17,UTC,USD,amazon dropshiper,amazon reviews importer,broad,5.0,0,0,0.0,0,0.0,0.0,0.0,0.0,0.0,0.0,,,,,
Judge.me Product Reviews App,Search_EN_Features_2024.08.19,2026-02-24,2026-03-17,UTC,USD,amazon drop shipping,amazon reviews importer,broad,5.0,0,0,0.0,0,0.0,0.0,0.0,0.0,0.0,0.0,,,,,
Judge.me Product Reviews App,Search_EN_Features_2024.08.19,2026-02-24,2026-03-17,UTC,USD,amazon drop,amazon reviews importer,broad,5.0,0,0,0.0,0,0.0,0.0,0.0,0.0,0.0,0.0,,,,,
Judge.me Product Reviews App,Search_EN_Features_2024.08.19,2026-02-24,2026-03-17,UTC,USD,amazon dpl,amazon reviews importer,broad,5.0,0,0,0.0,0,0.0,0.0,0.0,0.0,0.0,0.0,,,,,
Judge.me Product Reviews App,Search_EN_Features_2024.08.19,2026-02-24,2026-03-17,UTC,USD,amazon d,amazon reviews importer,broad,5.0,0,0,0.0,0,0.0,0.0,0.0,0.0,0.0,0.0,,,,,
Judge.me Product Reviews App,Search_EN_Features_2024.08.19,2026-02-24,2026-03-17,UTC,USD,amazon courier,amazon reviews importer,broad,5.0,0,0,0.0,0,0.0,0.0,0.0,0.0,0.0,0.0,,,,,
Judge.me Product Reviews App,Search_EN_Features_2024.08.19,2026-02-24,2026-03-17,UTC,USD,amazon copy,amazon reviews importer,broad,5.0,0,0,0.0,0,0.0,0.0,0.0,0.0,0.0,0.0,,,,,
Judge.me Product Reviews App,Search_EN_Features_2024.08.19,2026-02-24,2026-03-17,UTC,USD,amazon connectr & fba sync,amazon reviews importer,broad,5.0,0,0,0.0,0,0.0,0.0,0.0,0.0,0.0,0.0,,,,,
Judge.me Product Reviews App,Search_EN_Features_2024.08.19,2026-02-24,2026-03-17,UTC,USD,amazon connectr,amazon reviews importer,broad,5.0,0,0,0.0,0,0.0,0.0,0.0,0.0,0.0,0.0,,,,,
Judge.me Product Reviews App,Search_EN_Features_2024.08.19,2026-02-24,2026-03-17,UTC,USD,amazon connector and fba sync,amazon reviews importer,broad,5.0,0,0,0.0,0,0.0,0.0,0.0,0.0,0.0,0.0,,,,,
Judge.me Product Reviews App,Search_EN_Features_2024.08.19,2026-02-24,2026-03-17,UTC,USD,amazon connector & fba sync,amazon reviews importer,broad,5.0,0,0,0.0,0,0.0,0.0,0.0,0.0,0.0,0.0,,,,,
Judge.me Product Reviews App,Search_EN_Features_2024.08.19,2026-02-24,2026-03-17,UTC,USD,amazon connector,amazon reviews importer,broad,5.0,0,0,0.0,0,0.0,0.0,0.0,0.0,0.0,0.0,,,,,
Judge.me Product Reviews App,Search_EN_Features_2024.08.19,2026-02-24,2026-03-17,UTC,USD,amazon connecter app,amazon reviews importer,broad,5.0,0,0,0.0,0,0.0,0.0,0.0,0.0,0.0,0.0,,,,,
Judge.me Product Reviews App,Search_EN_Features_2024.08.19,2026-02-24,2026-03-17,UTC,USD,amazon connecter,amazon reviews importer,broad,5.0,0,0,0.0,0,0.0,0.0,0.0,0.0,0.0,0.0,,,,,
Judge.me Product Reviews App,Search_EN_Features_2024.08.19,2026-02-24,2026-03-17,UTC,USD,amazon codisto,amazon reviews importer,broad,5.0,0,0,0.0,0,0.0,0.0,0.0,0.0,0.0,0.0,,,,,
Judge.me Product Reviews App,Search_EN_Features_2024.08.19,2026-02-24,2026-03-17,UTC,USD,amazon cod,amazon reviews importer,broad,5.0,0,0,0.0,0,0.0,0.0,0.0,0.0,0.0,0.0,,,,,
Judge.me Product Reviews App,Search_EN_Features_2024.08.19,2026-02-24,2026-03-17,UTC,USD,amazon channel ced commerce mcf,amazon reviews importer,broad,5.0,0,0,0.0,0,0.0,0.0,0.0,0.0,0.0,0.0,,,,,
Judge.me Product Reviews App,Search_EN_Features_2024.08.19,2026-02-24,2026-03-17,UTC,USD,amazon channel ced,amazon reviews importer,broad,5.0,0,0,0.0,0,0.0,0.0,0.0,0.0,0.0,0.0,,,,,
Judge.me Product Reviews App,Search_EN_Features_2024.08.19,2026-02-24,2026-03-17,UTC,USD,amazon channel - ced (uninstalled,amazon reviews importer,broad,5.0,0,0,0.0,0,0.0,0.0,0.0,0.0,0.0,0.0,,,,,
Judge.me Product Reviews App,Search_EN_Features_2024.08.19,2026-02-24,2026-03-17,UTC,USD,amazon channel - ced,amazon reviews importer,broad,5.0,0,0,0.0,0,0.0,0.0,0.0,0.0,0.0,0.0,,,,,
Judge.me Product Reviews App,Search_EN_Features_2024.08.19,2026-02-24,2026-03-17,UTC,USD,amazon channel,amazon reviews importer,broad,5.0,0,0,0.0,0,0.0,0.0,0.0,0.0,0.0,0.0,,,,,
Judge.me Product Reviews App,Search_EN_Features_2024.08.19,2026-02-24,2026-03-17,UTC,USD,amazon cedcommerce,amazon reviews importer,broad,5.0,0,0,0.0,0,0.0,0.0,0.0,0.0,0.0,0.0,,,,,
Judge.me Product Reviews App,Search_EN_Features_2024.08.19,2026-02-24,2026-03-17,UTC,USD,amazon by with prime,amazon reviews importer,broad,5.0,0,0,0.0,0,0.0,0.0,0.0,0.0,0.0,0.0,,,,,
Judge.me Product Reviews App,Search_EN_Features_2024.08.19,2026-02-24,2026-03-17,UTC,USD,amazon by with pr,amazon reviews importer,broad,5.0,0,0,0.0,0,0.0,0.0,0.0,0.0,0.0,0.0,,,,,
Judge.me Product Reviews App,Search_EN_Features_2024.08.19,2026-02-24,2026-03-17,UTC,USD,amazon by sj,amazon reviews importer,broad,5.0,0,0,0.0,0,0.0,0.0,0.0,0.0,0.0,0.0,,,,,
Judge.me Product Reviews App,Search_EN_Features_2024.08.19,2026-02-24,2026-03-17,UTC,USD,amazon by shoping feed,amazon reviews importer,broad,5.0,0,0,0.0,0,0.0,0.0,0.0,0.0,0.0,0.0,,,,,
Judge.me Product Reviews App,Search_EN_Features_2024.08.19,2026-02-24,2026-03-17,UTC,USD,amazon by shopify marketplace connect,amazon reviews importer,broad,5.0,0,0,0.0,0,0.0,0.0,0.0,0.0,0.0,0.0,,,,,
Judge.me Product Reviews App,Search_EN_Features_2024.08.19,2026-02-24,2026-03-17,UTC,USD,amazon by shopify,amazon reviews importer,broad,5.0,0,0,0.0,0,0.0,0.0,0.0,0.0,0.0,0.0,,,,,
Judge.me Product Reviews App,Search_EN_Features_2024.08.19,2026-02-24,2026-03-17,UTC,USD,amazon by shopi,amazon reviews importer,broad,5.0,0,0,0.0,0,0.0,0.0,0.0,0.0,0.0,0.0,,,,,
Judge.me Product Reviews App,Search_EN_Features_2024.08.19,2026-02-24,2026-03-17,UTC,USD,amazon by cedcommerce,amazon reviews importer,broad,5.0,0,0,0.0,0,0.0,0.0,0.0,0.0,0.0,0.0,,,,,
Judge.me Product Reviews App,Search_EN_Features_2024.08.19,2026-02-24,2026-03-17,UTC,USD,amazon buy with prime,amazon reviews importer,broad,5.0,0,0,0.0,0,0.0,0.0,0.0,0.0,0.0,0.0,,,,,
Judge.me Product Reviews App,Search_EN_Features_2024.08.19,2026-02-24,2026-03-17,UTC,USD,amazon buy free,amazon reviews importer,broad,5.0,0,0,0.0,0,0.0,0.0,0.0,0.0,0.0,0.0,,,,,
Judge.me Product Reviews App,Search_EN_Features_2024.08.19,2026-02-24,2026-03-17,UTC,USD,amazon buy button app,amazon reviews importer,broad,5.0,0,0,0.0,0,0.0,0.0,0.0,0.0,0.0,0.0,,,,,
Judge.me Product Reviews App,Search_EN_Features_2024.08.19,2026-02-24,2026-03-17,UTC,USD,amazon buy but,amazon reviews importer,broad,5.0,0,0,0.0,0,0.0,0.0,0.0,0.0,0.0,0.0,,,,,
Judge.me Product Reviews App,Search_EN_Features_2024.08.19,2026-02-24,2026-03-17,UTC,USD,amazon buy botton,amazon reviews importer,broad,5.0,0,0,0.0,0,0.0,0.0,0.0,0.0,0.0,0.0,,,,,
Judge.me Product Reviews App,Search_EN_Features_2024.08.19,2026-02-24,2026-03-17,UTC,USD,amazon buy,amazon reviews importer,broad,5.0,0,0,0.0,0,0.0,0.0,0.0,0.0,0.0,0.0,,,,,
Judge.me Product Reviews App,Search_EN_Features_2024.08.19,2026-02-24,2026-03-17,UTC,USD,amazon button,amazon reviews importer,broad,5.0,0,0,0.0,0,0.0,0.0,0.0,0.0,0.0,0.0,,,,,
Judge.me Product Reviews App,Search_EN_Features_2024.08.19,2026-02-24,2026-03-17,UTC,USD,amazon bulk importer,amazon reviews importer,broad,5.0,0,0,0.0,0,0.0,0.0,0.0,0.0,0.0,0.0,,,,,
Judge.me Product Reviews App,Search_EN_Features_2024.08.19,2026-02-24,2026-03-17,UTC,USD,amazon bulk,amazon reviews importer,broad,5.0,0,0,0.0,0,0.0,0.0,0.0,0.0,0.0,0.0,,,,,
Judge.me Product Reviews App,Search_EN_Features_2024.08.19,2026-02-24,2026-03-17,UTC,USD,amazon block,amazon reviews importer,broad,5.0,0,0,0.0,0,0.0,0.0,0.0,0.0,0.0,0.0,,,,,
Judge.me Product Reviews App,Search_EN_Features_2024.08.19,2026-02-24,2026-03-17,UTC,USD,amazon blo,amazon reviews importer,broad,5.0,0,0,0.0,0,0.0,0.0,0.0,0.0,0.0,0.0,,,,,
Judge.me Product Reviews App,Search_EN_Features_2024.08.19,2026-02-24,2026-03-17,UTC,USD,amazon best seller,amazon reviews importer,broad,5.0,0,0,0.0,0,0.0,0.0,0.0,0.0,0.0,0.0,,,,,
Judge.me Product Reviews App,Search_EN_Features_2024.08.19,2026-02-24,2026-03-17,UTC,USD,amazon barcodes,amazon reviews importer,broad,5.0,0,0,0.0,0,0.0,0.0,0.0,0.0,0.0,0.0,,,,,
Judge.me Product Reviews App,Search_EN_Features_2024.08.19,2026-02-24,2026-03-17,UTC,USD,amazon automation,amazon reviews importer,broad,5.0,0,0,0.0,0,0.0,0.0,0.0,0.0,0.0,0.0,,,,,
Judge.me Product Reviews App,Search_EN_Features_2024.08.19,2026-02-24,2026-03-17,UTC,USD,amazon australia,amazon reviews importer,broad,5.0,0,0,0.0,0,0.0,0.0,0.0,0.0,0.0,0.0,,,,,
Judge.me Product Reviews App,Search_EN_Features_2024.08.19,2026-02-24,2026-03-17,UTC,USD,amazon au dropship,amazon reviews importer,broad,5.0,0,0,0.0,0,0.0,0.0,0.0,0.0,0.0,0.0,,,,,
Judge.me Product Reviews App,Search_EN_Features_2024.08.19,2026-02-24,2026-03-17,UTC,USD,amazon au,amazon reviews importer,broad,5.0,0,0,0.0,0,0.0,0.0,0.0,0.0,0.0,0.0,,,,,
Judge.me Product Reviews App,Search_EN_Features_2024.08.19,2026-02-24,2026-03-17,UTC,USD,amazon associates,amazon reviews importer,broad,5.0,0,0,0.0,0,0.0,0.0,0.0,0.0,0.0,0.0,,,,,
Judge.me Product Reviews App,Search_EN_Features_2024.08.19,2026-02-24,2026-03-17,UTC,USD,amazon associate spreadr,amazon reviews importer,broad,5.0,0,0,0.0,0,0.0,0.0,0.0,0.0,0.0,0.0,,,,,
Judge.me Product Reviews App,Search_EN_Features_2024.08.19,2026-02-24,2026-03-17,UTC,USD,amazon associate connector app,amazon reviews importer,broad,5.0,0,0,0.0,0,0.0,0.0,0.0,0.0,0.0,0.0,,,,,
Judge.me Product Reviews App,Search_EN_Features_2024.08.19,2026-02-24,2026-03-17,UTC,USD,amazon associate connector,amazon reviews importer,broad,5.0,0,0,0.0,0,0.0,0.0,0.0,0.0,0.0,0.0,,,,,
Judge.me Product Reviews App,Search_EN_Features_2024.08.19,2026-02-24,2026-03-17,UTC,USD,amazon associate,amazon reviews importer,broad,5.0,0,0,0.0,0,0.0,0.0,0.0,0.0,0.0,0.0,,,,,
Judge.me Product Reviews App,Search_EN_Features_2024.08.19,2026-02-24,2026-03-17,UTC,USD,amazon ass,amazon reviews importer,broad,5.0,0,0,0.0,0,0.0,0.0,0.0,0.0,0.0,0.0,,,,,
Judge.me Product Reviews App,Search_EN_Features_2024.08.19,2026-02-24,2026-03-17,UTC,USD,amazon apps,amazon reviews importer,broad,5.0,0,0,0.0,0,0.0,0.0,0.0,0.0,0.0,0.0,,,,,
Judge.me Product Reviews App,Search_EN_Features_2024.08.19,2026-02-24,2026-03-17,UTC,USD,amazon app,amazon reviews importer,broad,5.0,0,0,0.0,0,0.0,0.0,0.0,0.0,0.0,0.0,,,,,
Judge.me Product Reviews App,Search_EN_Features_2024.08.19,2026-02-24,2026-03-17,UTC,USD,amazon and website store sync,amazon reviews importer,broad,5.0,0,0,0.0,0,0.0,0.0,0.0,0.0,0.0,0.0,,,,,
Judge.me Product Reviews App,Search_EN_Features_2024.08.19,2026-02-24,2026-03-17,UTC,USD,amazon and shopify inventory management,amazon reviews importer,broad,5.0,0,0,0.0,0,0.0,0.0,0.0,0.0,0.0,0.0,,,,,
Judge.me Product Reviews App,Search_EN_Features_2024.08.19,2026-02-24,2026-03-17,UTC,USD,amazon and eba,amazon reviews importer,broad,5.0,0,0,0.0,0,0.0,0.0,0.0,0.0,0.0,0.0,,,,,
Judge.me Product Reviews App,Search_EN_Features_2024.08.19,2026-02-24,2026-03-17,UTC,USD,amazon and all review,amazon reviews importer,broad,5.0,0,0,0.0,0,0.0,0.0,0.0,0.0,0.0,0.0,,,,,
Judge.me Product Reviews App,Search_EN_Features_2024.08.19,2026-02-24,2026-03-17,UTC,USD,amazon afilliate,amazon reviews importer,broad,5.0,0,0,0.0,0,0.0,0.0,0.0,0.0,0.0,0.0,,,,,
Judge.me Product Reviews App,Search_EN_Features_2024.08.19,2026-02-24,2026-03-17,UTC,USD,amazon afialiante,amazon reviews importer,broad,5.0,0,0,0.0,0,0.0,0.0,0.0,0.0,0.0,0.0,,,,,
Judge.me Product Reviews App,Search_EN_Features_2024.08.19,2026-02-24,2026-03-17,UTC,USD,amazon afialiados,amazon reviews importer,broad,5.0,0,0,0.0,0,0.0,0.0,0.0,0.0,0.0,0.0,,,,,
Judge.me Product Reviews App,Search_EN_Features_2024.08.19,2026-02-24,2026-03-17,UTC,USD,amazon affilite,amazon reviews importer,broad,5.0,0,0,0.0,0,0.0,0.0,0.0,0.0,0.0,0.0,,,,,
Judge.me Product Reviews App,Search_EN_Features_2024.08.19,2026-02-24,2026-03-17,UTC,USD,amazon affiliatee,amazon reviews importer,broad,5.0,0,0,0.0,0,0.0,0.0,0.0,0.0,0.0,0.0,,,,,
Judge.me Product Reviews App,Search_EN_Features_2024.08.19,2026-02-24,2026-03-17,UTC,USD,amazon affiliated,amazon reviews importer,broad,5.0,0,0,0.0,0,0.0,0.0,0.0,0.0,0.0,0.0,,,,,
Judge.me Product Reviews App,Search_EN_Features_2024.08.19,2026-02-24,2026-03-17,UTC,USD,amazon affiliate importer,amazon reviews importer,broad,5.0,0,0,0.0,0,0.0,0.0,0.0,0.0,0.0,0.0,,,,,
Judge.me Product Reviews App,Search_EN_Features_2024.08.19,2026-02-24,2026-03-17,UTC,USD,amazon affiliate gratis,amazon reviews importer,broad,5.0,0,0,0.0,0,0.0,0.0,0.0,0.0,0.0,0.0,,,,,
Judge.me Product Reviews App,Search_EN_Features_2024.08.19,2026-02-24,2026-03-17,UTC,USD,amazon ads,amazon reviews importer,broad,5.0,0,0,0.0,0,0.0,0.0,0.0,0.0,0.0,0.0,,,,,
Judge.me Product Reviews App,Search_EN_Features_2024.08.19,2026-02-24,2026-03-17,UTC,USD,amazon ad spy,amazon reviews importer,broad,5.0,0,0,0.0,0,0.0,0.0,0.0,0.0,0.0,0.0,,,,,
Judge.me Product Reviews App,Search_EN_Features_2024.08.19,2026-02-24,2026-03-17,UTC,USD,amazon ad pixel,amazon reviews importer,broad,5.0,0,0,0.0,0,0.0,0.0,0.0,0.0,0.0,0.0,,,,,
Judge.me Product Reviews App,Search_EN_Features_2024.08.19,2026-02-24,2026-03-17,UTC,USD,amazon account products,amazon reviews importer,broad,5.0,0,0,0.0,0,0.0,0.0,0.0,0.0,0.0,0.0,,,,,
Judge.me Product Reviews App,Search_EN_Features_2024.08.19,2026-02-24,2026-03-17,UTC,USD,amazon & marketplace connect,amazon reviews importer,broad,5.0,0,0,0.0,0,0.0,0.0,0.0,0.0,0.0,0.0,,,,,
Judge.me Product Reviews App,Search_EN_Features_2024.08.19,2026-02-24,2026-03-17,UTC,USD,alpha review,amazon reviews importer,broad,5.0,0,0,0.0,0,0.0,0.0,0.0,0.0,0.0,0.0,,,,,
Judge.me Product Reviews App,Search_EN_Features_2024.08.19,2026-02-24,2026-03-17,UTC,USD,all-in-one reviews,amazon reviews importer,broad,5.0,0,0,0.0,0,0.0,0.0,0.0,0.0,0.0,0.0,,,,,
Judge.me Product Reviews App,Search_EN_Features_2024.08.19,2026-02-24,2026-03-17,UTC,USD,all reviews- product reviews,amazon reviews importer,broad,5.0,0,0,0.0,0,0.0,0.0,0.0,0.0,0.0,0.0,,,,,
Judge.me Product Reviews App,Search_EN_Features_2024.08.19,2026-02-24,2026-03-17,UTC,USD,all reviews product reviews,amazon reviews importer,broad,5.0,0,0,0.0,0,0.0,0.0,0.0,0.0,0.0,0.0,,,,,
Judge.me Product Reviews App,Search_EN_Features_2024.08.19,2026-02-24,2026-03-17,UTC,USD,all reviews elfsight,amazon reviews importer,broad,5.0,0,0,0.0,0,0.0,0.0,0.0,0.0,0.0,0.0,,,,,
Judge.me Product Reviews App,Search_EN_Features_2024.08.19,2026-02-24,2026-03-17,UTC,USD,all products review,amazon reviews importer,broad,5.0,0,0,0.0,0,0.0,0.0,0.0,0.0,0.0,0.0,,,,,
Judge.me Product Reviews App,Search_EN_Features_2024.08.19,2026-02-24,2026-03-17,UTC,USD,all product reviews,amazon reviews importer,broad,5.0,0,0,0.0,0,0.0,0.0,0.0,0.0,0.0,0.0,,,,,
Judge.me Product Reviews App,Search_EN_Features_2024.08.19,2026-02-24,2026-03-17,UTC,USD,all product review app,amazon reviews importer,broad,5.0,0,0,0.0,0,0.0,0.0,0.0,0.0,0.0,0.0,,,,,
Judge.me Product Reviews App,Search_EN_Features_2024.08.19,2026-02-24,2026-03-17,UTC,USD,all product review,amazon reviews importer,broad,5.0,0,0,0.0,0,0.0,0.0,0.0,0.0,0.0,0.0,,,,,
Judge.me Product Reviews App,Search_EN_Features_2024.08.19,2026-02-24,2026-03-17,UTC,USD,alireviews: ali reviews app,amazon reviews importer,broad,5.0,0,0,0.0,0,0.0,0.0,0.0,0.0,0.0,0.0,,,,,
Judge.me Product Reviews App,Search_EN_Features_2024.08.19,2026-02-24,2026-03-17,UTC,USD,alireviews product reviews,amazon reviews importer,broad,5.0,0,0,0.0,0,0.0,0.0,0.0,0.0,0.0,0.0,,,,,
Judge.me Product Reviews App,Search_EN_Features_2024.08.19,2026-02-24,2026-03-17,UTC,USD,aliexpresse review,amazon reviews importer,broad,5.0,0,0,0.0,0,0.0,0.0,0.0,0.0,0.0,0.0,,,,,
Judge.me Product Reviews App,Search_EN_Features_2024.08.19,2026-02-24,2026-03-17,UTC,USD,aliexpress product reviews,amazon reviews importer,broad,5.0,0,0,0.0,0,0.0,0.0,0.0,0.0,0.0,0.0,,,,,
Judge.me Product Reviews App,Search_EN_Features_2024.08.19,2026-02-24,2026-03-17,UTC,USD,aliexpres reviews app,amazon reviews importer,broad,5.0,0,0,0.0,0,0.0,0.0,0.0,0.0,0.0,0.0,,,,,
Judge.me Product Reviews App,Search_EN_Features_2024.08.19,2026-02-24,2026-03-17,UTC,USD,aliexpreess reviews,amazon reviews importer,broad,5.0,0,0,0.0,0,0.0,0.0,0.0,0.0,0.0,0.0,,,,,
Judge.me Product Reviews App,Search_EN_Features_2024.08.19,2026-02-24,2026-03-17,UTC,USD,alie express reviews,amazon reviews importer,broad,5.0,0,0,0.0,0,0.0,0.0,0.0,0.0,0.0,0.0,,,,,
Judge.me Product Reviews App,Search_EN_Features_2024.08.19,2026-02-24,2026-03-17,UTC,USD,alibaba reviews,amazon reviews importer,broad,5.0,0,0,0.0,0,0.0,0.0,0.0,0.0,0.0,0.0,,,,,
Judge.me Product Reviews App,Search_EN_Features_2024.08.19,2026-02-24,2026-03-17,UTC,USD,alibaba review,amazon reviews importer,broad,5.0,0,0,0.0,0,0.0,0.0,0.0,0.0,0.0,0.0,,,,,
Judge.me Product Reviews App,Search_EN_Features_2024.08.19,2026-02-24,2026-03-17,UTC,USD,ali reviews: kudosi reviews,amazon reviews importer,broad,5.0,0,0,0.0,0,0.0,0.0,0.0,0.0,0.0,0.0,,,,,
Judge.me Product Reviews App,Search_EN_Features_2024.08.19,2026-02-24,2026-03-17,UTC,USD,ali reviews: ai product review,amazon reviews importer,broad,5.0,0,0,0.0,0,0.0,0.0,0.0,0.0,0.0,0.0,,,,,
Judge.me Product Reviews App,Search_EN_Features_2024.08.19,2026-02-24,2026-03-17,UTC,USD,ali reviews: ai,amazon reviews importer,broad,5.0,0,0,0.0,0,0.0,0.0,0.0,0.0,0.0,0.0,,,,,
Judge.me Product Reviews App,Search_EN_Features_2024.08.19,2026-02-24,2026-03-17,UTC,USD,ali reviews product reviews,amazon reviews importer,broad,5.0,0,0,0.0,0,0.0,0.0,0.0,0.0,0.0,0.0,,,,,
Judge.me Product Reviews App,Search_EN_Features_2024.08.19,2026-02-24,2026-03-17,UTC,USD,ali reviews kudosi reviews,amazon reviews importer,broad,5.0,0,0,0.0,0,0.0,0.0,0.0,0.0,0.0,0.0,,,,,
Judge.me Product Reviews App,Search_EN_Features_2024.08.19,2026-02-24,2026-03-17,UTC,USD,ali reviews ai product review,amazon reviews importer,broad,5.0,0,0,0.0,0,0.0,0.0,0.0,0.0,0.0,0.0,,,,,
Judge.me Product Reviews App,Search_EN_Features_2024.08.19,2026-02-24,2026-03-17,UTC,USD,ali reviews ? product reviews,amazon reviews importer,broad,5.0,0,0,0.0,0,0.0,0.0,0.0,0.0,0.0,0.0,,,,,
Judge.me Product Reviews App,Search_EN_Features_2024.08.19,2026-02-24,2026-03-17,UTC,USD,ali reviews - product reviews app,amazon reviews importer,broad,5.0,0,0,0.0,0,0.0,0.0,0.0,0.0,0.0,0.0,,,,,
Judge.me Product Reviews App,Search_EN_Features_2024.08.19,2026-02-24,2026-03-17,UTC,USD,ali reviewes,amazon reviews importer,broad,5.0,0,0,0.0,0,0.0,0.0,0.0,0.0,0.0,0.0,,,,,
Judge.me Product Reviews App,Search_EN_Features_2024.08.19,2026-02-24,2026-03-17,UTC,USD,ali review product review,amazon reviews importer,broad,5.0,0,0,0.0,0,0.0,0.0,0.0,0.0,0.0,0.0,,,,,
Judge.me Product Reviews App,Search_EN_Features_2024.08.19,2026-02-24,2026-03-17,UTC,USD,ali express product review,amazon reviews importer,broad,5.0,0,0,0.0,0,0.0,0.0,0.0,0.0,0.0,0.0,,,,,
Judge.me Product Reviews App,Search_EN_Features_2024.08.19,2026-02-24,2026-03-17,UTC,USD,al reviews,amazon reviews importer,broad,5.0,0,0,0.0,0,0.0,0.0,0.0,0.0,0.0,0.0,,,,,
Judge.me Product Reviews App,Search_EN_Features_2024.08.19,2026-02-24,2026-03-17,UTC,USD,al products review app,amazon reviews importer,broad,5.0,0,0,0.0,0,0.0,0.0,0.0,0.0,0.0,0.0,,,,,
Judge.me Product Reviews App,Search_EN_Features_2024.08.19,2026-02-24,2026-03-17,UTC,USD,airproduct reviews,amazon reviews importer,broad,5.0,0,0,0.0,0,0.0,0.0,0.0,0.0,0.0,0.0,,,,,
Judge.me Product Reviews App,Search_EN_Features_2024.08.19,2026-02-24,2026-03-17,UTC,USD,airproduc reviews,amazon reviews importer,broad,5.0,0,0,0.0,0,0.0,0.0,0.0,0.0,0.0,0.0,,,,,
Judge.me Product Reviews App,Search_EN_Features_2024.08.19,2026-02-24,2026-03-17,UTC,USD,airbnb reviews,amazon reviews importer,broad,5.0,0,0,0.0,0,0.0,0.0,0.0,0.0,0.0,0.0,,,,,
Judge.me Product Reviews App,Search_EN_Features_2024.08.19,2026-02-24,2026-03-17,UTC,USD,air review avada,amazon reviews importer,broad,5.0,0,0,0.0,0,0.0,0.0,0.0,0.0,0.0,0.0,,,,,
Judge.me Product Reviews App,Search_EN_Features_2024.08.19,2026-02-24,2026-03-17,UTC,USD,air review apps,amazon reviews importer,broad,5.0,0,0,0.0,0,0.0,0.0,0.0,0.0,0.0,0.0,,,,,
Judge.me Product Reviews App,Search_EN_Features_2024.08.19,2026-02-24,2026-03-17,UTC,USD,air profuct reviews,amazon reviews importer,broad,5.0,0,0,0.0,0,0.0,0.0,0.0,0.0,0.0,0.0,,,,,
Judge.me Product Reviews App,Search_EN_Features_2024.08.19,2026-02-24,2026-03-17,UTC,USD,air products reviews,amazon reviews importer,broad,5.0,0,0,0.0,0,0.0,0.0,0.0,0.0,0.0,0.0,,,,,
Judge.me Product Reviews App,Search_EN_Features_2024.08.19,2026-02-24,2026-03-17,UTC,USD,air products review,amazon reviews importer,broad,5.0,0,0,0.0,0,0.0,0.0,0.0,0.0,0.0,0.0,,,,,
Judge.me Product Reviews App,Search_EN_Features_2024.08.19,2026-02-24,2026-03-17,UTC,USD,air product reviews avada,amazon reviews importer,broad,5.0,0,0,0.0,0,0.0,0.0,0.0,0.0,0.0,0.0,,,,,
Judge.me Product Reviews App,Search_EN_Features_2024.08.19,2026-02-24,2026-03-17,UTC,USD,air product reviews app,amazon reviews importer,broad,5.0,0,0,0.0,0,0.0,0.0,0.0,0.0,0.0,0.0,,,,,
Judge.me Product Reviews App,Search_EN_Features_2024.08.19,2026-02-24,2026-03-17,UTC,USD,air product review app,amazon reviews importer,broad,5.0,0,0,0.0,0,0.0,0.0,0.0,0.0,0.0,0.0,,,,,
Judge.me Product Reviews App,Search_EN_Features_2024.08.19,2026-02-24,2026-03-17,UTC,USD,air product and review,amazon reviews importer,broad,5.0,0,0,0.0,0,0.0,0.0,0.0,0.0,0.0,0.0,,,,,
Judge.me Product Reviews App,Search_EN_Features_2024.08.19,2026-02-24,2026-03-17,UTC,USD,air producr reviews,amazon reviews importer,broad,5.0,0,0,0.0,0,0.0,0.0,0.0,0.0,0.0,0.0,,,,,
Judge.me Product Reviews App,Search_EN_Features_2024.08.19,2026-02-24,2026-03-17,UTC,USD,air produc review,amazon reviews importer,broad,5.0,0,0,0.0,0,0.0,0.0,0.0,0.0,0.0,0.0,,,,,
Judge.me Product Reviews App,Search_EN_Features_2024.08.19,2026-02-24,2026-03-17,UTC,USD,air prodcut reviews,amazon reviews importer,broad,5.0,0,0,0.0,0,0.0,0.0,0.0,0.0,0.0,0.0,,,,,
Judge.me Product Reviews App,Search_EN_Features_2024.08.19,2026-02-24,2026-03-17,UTC,USD,aiexpress review,amazon reviews importer,broad,5.0,0,0,0.0,0,0.0,0.0,0.0,0.0,0.0,0.0,,,,,
Judge.me Product Reviews App,Search_EN_Features_2024.08.19,2026-02-24,2026-03-17,UTC,USD,ai reviews free,amazon reviews importer,broad,5.0,0,0,0.0,0,0.0,0.0,0.0,0.0,0.0,0.0,,,,,
Judge.me Product Reviews App,Search_EN_Features_2024.08.19,2026-02-24,2026-03-17,UTC,USD,ai reviews,amazon reviews importer,broad,5.0,0,0,0.0,0,0.0,0.0,0.0,0.0,0.0,0.0,,,,,
Judge.me Product Reviews App,Search_EN_Features_2024.08.19,2026-02-24,2026-03-17,UTC,USD,ai review widget,amazon reviews importer,broad,5.0,0,0,0.0,0,0.0,0.0,0.0,0.0,0.0,0.0,,,,,
Judge.me Product Reviews App,Search_EN_Features_2024.08.19,2026-02-24,2026-03-17,UTC,USD,ai review swiper,amazon reviews importer,broad,5.0,0,0,0.0,0,0.0,0.0,0.0,0.0,0.0,0.0,,,,,
Judge.me Product Reviews App,Search_EN_Features_2024.08.19,2026-02-24,2026-03-17,UTC,USD,ai review summary pdp,amazon reviews importer,broad,5.0,0,0,0.0,0,0.0,0.0,0.0,0.0,0.0,0.0,,,,,
Judge.me Product Reviews App,Search_EN_Features_2024.08.19,2026-02-24,2026-03-17,UTC,USD,ai review summary,amazon reviews importer,broad,5.0,0,0,0.0,0,0.0,0.0,0.0,0.0,0.0,0.0,,,,,
Judge.me Product Reviews App,Search_EN_Features_2024.08.19,2026-02-24,2026-03-17,UTC,USD,ai review summarize,amazon reviews importer,broad,5.0,0,0,0.0,0,0.0,0.0,0.0,0.0,0.0,0.0,,,,,
Judge.me Product Reviews App,Search_EN_Features_2024.08.19,2026-02-24,2026-03-17,UTC,USD,ai review response,amazon reviews importer,broad,5.0,0,0,0.0,0,0.0,0.0,0.0,0.0,0.0,0.0,,,,,
Judge.me Product Reviews App,Search_EN_Features_2024.08.19,2026-02-24,2026-03-17,UTC,USD,ai review responder or review reply ai,amazon reviews importer,broad,5.0,0,0,0.0,0,0.0,0.0,0.0,0.0,0.0,0.0,,,,,
Judge.me Product Reviews App,Search_EN_Features_2024.08.19,2026-02-24,2026-03-17,UTC,USD,ai review generator,amazon reviews importer,broad,5.0,0,0,0.0,0,0.0,0.0,0.0,0.0,0.0,0.0,,,,,
Judge.me Product Reviews App,Search_EN_Features_2024.08.19,2026-02-24,2026-03-17,UTC,USD,ai product reviews app,amazon reviews importer,broad,5.0,0,0,0.0,0,0.0,0.0,0.0,0.0,0.0,0.0,,,,,
Judge.me Product Reviews App,Search_EN_Features_2024.08.19,2026-02-24,2026-03-17,UTC,USD,ai product reviews,amazon reviews importer,broad,5.0,0,0,0.0,0,0.0,0.0,0.0,0.0,0.0,0.0,,,,,
Judge.me Product Reviews App,Search_EN_Features_2024.08.19,2026-02-24,2026-03-17,UTC,USD,ai product review,amazon reviews importer,broad,5.0,0,0,0.0,0,0.0,0.0,0.0,0.0,0.0,0.0,,,,,
Judge.me Product Reviews App,Search_EN_Features_2024.08.19,2026-02-24,2026-03-17,UTC,USD,ai generation reviews,amazon reviews importer,broad,5.0,0,0,0.0,0,0.0,0.0,0.0,0.0,0.0,0.0,,,,,
Judge.me Product Reviews App,Search_EN_Features_2024.08.19,2026-02-24,2026-03-17,UTC,USD,agora amazon listing importer,amazon reviews importer,broad,5.0,0,0,0.0,0,0.0,0.0,0.0,0.0,0.0,0.0,,,,,
Judge.me Product Reviews App,Search_EN_Features_2024.08.19,2026-02-24,2026-03-17,UTC,USD,agora amazon listing import,amazon reviews importer,broad,5.0,0,0,0.0,0,0.0,0.0,0.0,0.0,0.0,0.0,,,,,
Judge.me Product Reviews App,Search_EN_Features_2024.08.19,2026-02-24,2026-03-17,UTC,USD,aftership reviews,amazon reviews importer,broad,5.0,0,0,0.0,0,0.0,0.0,0.0,0.0,0.0,0.0,,,,,
Judge.me Product Reviews App,Search_EN_Features_2024.08.19,2026-02-24,2026-03-17,UTC,USD,aftership product reviews ? collecting and displaying review,amazon reviews importer,broad,5.0,0,0,0.0,0,0.0,0.0,0.0,0.0,0.0,0.0,,,,,
Judge.me Product Reviews App,Search_EN_Features_2024.08.19,2026-02-24,2026-03-17,UTC,USD,aftership product reviews,amazon reviews importer,broad,5.0,0,0,0.0,0,0.0,0.0,0.0,0.0,0.0,0.0,,,,,
Judge.me Product Reviews App,Search_EN_Features_2024.08.19,2026-02-24,2026-03-17,UTC,USD,aftership product review,amazon reviews importer,broad,5.0,0,0,0.0,0,0.0,0.0,0.0,0.0,0.0,0.0,,,,,
Judge.me Product Reviews App,Search_EN_Features_2024.08.19,2026-02-24,2026-03-17,UTC,USD,aftership amazon,amazon reviews importer,broad,5.0,0,0,0.0,0,0.0,0.0,0.0,0.0,0.0,0.0,,,,,
Judge.me Product Reviews App,Search_EN_Features_2024.08.19,2026-02-24,2026-03-17,UTC,USD,affiliate buttons for links of amazon,amazon reviews importer,broad,5.0,0,0,0.0,0,0.0,0.0,0.0,0.0,0.0,0.0,,,,,
Judge.me Product Reviews App,Search_EN_Features_2024.08.19,2026-02-24,2026-03-17,UTC,USD,adnabu?s google customer reviews,amazon reviews importer,broad,5.0,0,0,0.0,0,0.0,0.0,0.0,0.0,0.0,0.0,,,,,
Judge.me Product Reviews App,Search_EN_Features_2024.08.19,2026-02-24,2026-03-17,UTC,USD,adnabu for google customer reviews,amazon reviews importer,broad,5.0,0,0,0.0,0,0.0,0.0,0.0,0.0,0.0,0.0,,,,,
Judge.me Product Reviews App,Search_EN_Features_2024.08.19,2026-02-24,2026-03-17,UTC,USD,adding reviews,amazon reviews importer,broad,5.0,0,0,0.0,0,0.0,0.0,0.0,0.0,0.0,0.0,,,,,
Judge.me Product Reviews App,Search_EN_Features_2024.08.19,2026-02-24,2026-03-17,UTC,USD,add trustpilot reviews,amazon reviews importer,broad,5.0,0,0,0.0,0,0.0,0.0,0.0,0.0,0.0,0.0,,,,,
Judge.me Product Reviews App,Search_EN_Features_2024.08.19,2026-02-24,2026-03-17,UTC,USD,add reviews to shopify,amazon reviews importer,broad,5.0,0,0,0.0,0,0.0,0.0,0.0,0.0,0.0,0.0,,,,,
Judge.me Product Reviews App,Search_EN_Features_2024.08.19,2026-02-24,2026-03-17,UTC,USD,add reviews google reviews,amazon reviews importer,broad,5.0,0,0,0.0,0,0.0,0.0,0.0,0.0,0.0,0.0,,,,,
Judge.me Product Reviews App,Search_EN_Features_2024.08.19,2026-02-24,2026-03-17,UTC,USD,add reviews ali,amazon reviews importer,broad,5.0,0,0,0.0,0,0.0,0.0,0.0,0.0,0.0,0.0,,,,,
Judge.me Product Reviews App,Search_EN_Features_2024.08.19,2026-02-24,2026-03-17,UTC,USD,add reviews,amazon reviews importer,broad,5.0,0,0,0.0,0,0.0,0.0,0.0,0.0,0.0,0.0,,,,,
Judge.me Product Reviews App,Search_EN_Features_2024.08.19,2026-02-24,2026-03-17,UTC,USD,add review,amazon reviews importer,broad,5.0,0,0,0.0,0,0.0,0.0,0.0,0.0,0.0,0.0,,,,,
Judge.me Product Reviews App,Search_EN_Features_2024.08.19,2026-02-24,2026-03-17,UTC,USD,add google review,amazon reviews importer,broad,5.0,0,0,0.0,0,0.0,0.0,0.0,0.0,0.0,0.0,,,,,
Judge.me Product Reviews App,Search_EN_Features_2024.08.19,2026-02-24,2026-03-17,UTC,USD,ad reviews,amazon reviews importer,broad,5.0,0,0,0.0,0,0.0,0.0,0.0,0.0,0.0,0.0,,,,,
Judge.me Product Reviews App,Search_EN_Features_2024.08.19,2026-02-24,2026-03-17,UTC,USD,active right now review,amazon reviews importer,broad,5.0,0,0,0.0,0,0.0,0.0,0.0,0.0,0.0,0.0,,,,,
Judge.me Product Reviews App,Search_EN_Features_2024.08.19,2026-02-24,2026-03-17,UTC,USD,a2reviews product reviews,amazon reviews importer,broad,5.0,0,0,0.0,0,0.0,0.0,0.0,0.0,0.0,0.0,,,,,
Judge.me Product Reviews App,Search_EN_Features_2024.08.19,2026-02-24,2026-03-17,UTC,USD,a2r reviews product reviews,amazon reviews importer,broad,5.0,0,0,0.0,0,0.0,0.0,0.0,0.0,0.0,0.0,,,,,
Judge.me Product Reviews App,Search_EN_Features_2024.08.19,2026-02-24,2026-03-17,UTC,USD,a2 review product review,amazon reviews importer,broad,5.0,0,0,0.0,0,0.0,0.0,0.0,0.0,0.0,0.0,,,,,
Judge.me Product Reviews App,Search_EN_Features_2024.08.19,2026-02-24,2026-03-17,UTC,USD,a review,amazon reviews importer,broad,5.0,0,0,0.0,0,0.0,0.0,0.0,0.0,0.0,0.0,,,,,
Judge.me Product Reviews App,Search_EN_Features_2024.08.19,2026-02-24,2026-03-17,UTC,USD,2. dash - google customer reviews,amazon reviews importer,broad,5.0,0,0,0.0,0,0.0,0.0,0.0,0.0,0.0,0.0,,,,,
Judge.me Product Reviews App,Search_EN_Features_2024.08.19,2026-02-24,2026-03-17,UTC,USD,1?? spreadr ? amazon importer ? (most popular),amazon reviews importer,broad,5.0,0,0,0.0,0,0.0,0.0,0.0,0.0,0.0,0.0,,,,,
Judge.me Product Reviews App,Search_EN_Features_2024.08.19,2026-02-24,2026-03-17,UTC,USD,1?? judge.me product reviews,amazon reviews importer,broad,5.0,0,0,0.0,0,0.0,0.0,0.0,0.0,0.0,0.0,,,,,
Judge.me Product Reviews App,Search_EN_Features_2024.08.19,2026-02-24,2026-03-17,UTC,USD,\ lai product reviews,amazon reviews importer,broad,5.0,0,0,0.0,0,0.0,0.0,0.0,0.0,0.0,0.0,,,,,
Judge.me Product Reviews App,Search_EN_Features_2024.08.19,2026-02-24,2026-03-17,UTC,USD,"""unified notetaker"" product review",amazon reviews importer,broad,5.0,0,0,0.0,0,0.0,0.0,0.0,0.0,0.0,0.0,,,,,
Judge.me Product Reviews App,Search_EN_Features_2024.08.19,2026-02-24,2026-03-17,UTC,USD,"""solutions for missing tracking ids"" review comments",amazon reviews importer,broad,5.0,0,0,0.0,0,0.0,0.0,0.0,0.0,0.0,0.0,,,,,
Judge.me Product Reviews App,Search_EN_Features_2024.08.19,2026-02-24,2026-03-17,UTC,USD,"""shopify reviews""",amazon reviews importer,broad,5.0,0,0,0.0,0,0.0,0.0,0.0,0.0,0.0,0.0,,,,,
Judge.me Product Reviews App,Search_EN_Features_2024.08.19,2026-02-24,2026-03-17,UTC,USD,"""shopify ratings & reviews""",amazon reviews importer,broad,5.0,0,0,0.0,0,0.0,0.0,0.0,0.0,0.0,0.0,,,,,
Judge.me Product Reviews App,Search_EN_Features_2024.08.19,2026-02-24,2026-03-17,UTC,USD,"""shopify product reviews""",amazon reviews importer,broad,5.0,0,0,0.0,0,0.0,0.0,0.0,0.0,0.0,0.0,,,,,
Judge.me Product Reviews App,Search_EN_Features_2024.08.19,2026-02-24,2026-03-17,UTC,USD,"""reviews mentioning friction with app switching for help""",amazon reviews importer,broad,5.0,0,0,0.0,0,0.0,0.0,0.0,0.0,0.0,0.0,,,,,
Judge.me Product Reviews App,Search_EN_Features_2024.08.19,2026-02-24,2026-03-17,UTC,USD,"""review of cloud quota management solutions""",amazon reviews importer,broad,5.0,0,0,0.0,0,0.0,0.0,0.0,0.0,0.0,0.0,,,,,
Judge.me Product Reviews App,Search_EN_Features_2024.08.19,2026-02-24,2026-03-17,UTC,USD,"""project?integrated media management"" review",amazon reviews importer,broad,5.0,0,0,0.0,0,0.0,0.0,0.0,0.0,0.0,0.0,,,,,
Judge.me Product Reviews App,Search_EN_Features_2024.08.19,2026-02-24,2026-03-17,UTC,USD,"""portable pdf annotation tool"" review forum",amazon reviews importer,broad,5.0,0,0,0.0,0,0.0,0.0,0.0,0.0,0.0,0.0,,,,,
Judge.me Product Reviews App,Search_EN_Features_2024.08.19,2026-02-24,2026-03-17,UTC,USD,"""no monthly fee productivity software"" user reviews",amazon reviews importer,broad,5.0,0,0,0.0,0,0.0,0.0,0.0,0.0,0.0,0.0,,,,,
Judge.me Product Reviews App,Search_EN_Features_2024.08.19,2026-02-24,2026-03-17,UTC,USD,"""naming convention enforcement tool"" review",amazon reviews importer,broad,5.0,0,0,0.0,0,0.0,0.0,0.0,0.0,0.0,0.0,,,,,
Judge.me Product Reviews App,Search_EN_Features_2024.08.19,2026-02-24,2026-03-17,UTC,USD,"""name selection tools"" reviews and complaints",amazon reviews importer,broad,5.0,0,0,0.0,0,0.0,0.0,0.0,0.0,0.0,0.0,,,,,
Judge.me Product Reviews App,Search_EN_Features_2024.08.19,2026-02-24,2026-03-17,UTC,USD,"""lux reviews""",amazon reviews importer,broad,5.0,0,0,0.0,0,0.0,0.0,0.0,0.0,0.0,0.0,,,,,
Judge.me Product Reviews App,Search_EN_Features_2024.08.19,2026-02-24,2026-03-17,UTC,USD,"""judge.me product reviews"".",amazon reviews importer,broad,5.0,0,0,0.0,0,0.0,0.0,0.0,0.0,0.0,0.0,,,,,
Judge.me Product Reviews App,Search_EN_Features_2024.08.19,2026-02-24,2026-03-17,UTC,USD,"""folder hierarchy mapping tool"" ""review""",amazon reviews importer,broad,5.0,0,0,0.0,0,0.0,0.0,0.0,0.0,0.0,0.0,,,,,
Judge.me Product Reviews App,Search_EN_Features_2024.08.19,2026-02-24,2026-03-17,UTC,USD,"""file type agnostic search tool"" review complaints",amazon reviews importer,broad,5.0,0,0,0.0,0,0.0,0.0,0.0,0.0,0.0,0.0,,,,,
Judge.me Product Reviews App,Search_EN_Features_2024.08.19,2026-02-24,2026-03-17,UTC,USD,"""file naming standards"" software review",amazon reviews importer,broad,5.0,0,0,0.0,0,0.0,0.0,0.0,0.0,0.0,0.0,,,,,
Judge.me Product Reviews App,Search_EN_Features_2024.08.19,2026-02-24,2026-03-17,UTC,USD,"""file metadata search tool"" ""review""",amazon reviews importer,broad,5.0,0,0,0.0,0,0.0,0.0,0.0,0.0,0.0,0.0,,,,,
Judge.me Product Reviews App,Search_EN_Features_2024.08.19,2026-02-24,2026-03-17,UTC,USD,"""enorm - product reviews",amazon reviews importer,broad,5.0,0,0,0.0,0,0.0,0.0,0.0,0.0,0.0,0.0,,,,,
Judge.me Product Reviews App,Search_EN_Features_2024.08.19,2026-02-24,2026-03-17,UTC,USD,"""document classification automation"" user reviews",amazon reviews importer,broad,5.0,0,0,0.0,0,0.0,0.0,0.0,0.0,0.0,0.0,,,,,
Judge.me Product Reviews App,Search_EN_Features_2024.08.19,2026-02-24,2026-03-17,UTC,USD,"""cross?platform file sync"" ""metadata retention"" review",amazon reviews importer,broad,5.0,0,0,0.0,0,0.0,0.0,0.0,0.0,0.0,0.0,,,,,
Judge.me Product Reviews App,Search_EN_Features_2024.08.19,2026-02-24,2026-03-17,UTC,USD,"""bim photo integration tools"" market review",amazon reviews importer,broad,5.0,0,0,0.0,0,0.0,0.0,0.0,0.0,0.0,0.0,,,,,
Judge.me Product Reviews App,Search_EN_Features_2024.08.19,2026-02-24,2026-03-17,UTC,USD,"""best tools for meeting note taking"" ""review""",amazon reviews importer,broad,5.0,0,0,0.0,0,0.0,0.0,0.0,0.0,0.0,0.0,,,,,
Judge.me Product Reviews App,Search_EN_Features_2024.08.19,2026-02-24,2026-03-17,UTC,USD,"""amazon sales channel""",amazon reviews importer,broad,5.0,0,0,0.0,0,0.0,0.0,0.0,0.0,0.0,0.0,,,,,
Judge.me Product Reviews App,Search_EN_Features_2024.08.19,2026-02-24,2026-03-17,UTC,USD,"""amazon mcf and buy with prime",amazon reviews importer,broad,5.0,0,0,0.0,0,0.0,0.0,0.0,0.0,0.0,0.0,,,,,
Judge.me Product Reviews App,Search_EN_Features_2024.08.19,2026-02-24,2026-03-17,UTC,USD,"""ai assistant for productivity setup"" reviews",amazon reviews importer,broad,5.0,0,0,0.0,0,0.0,0.0,0.0,0.0,0.0,0.0,,,,,
Judge.me Product Reviews App,Search_EN_Features_2024.08.19,2026-02-24,2026-03-17,UTC,USD,. shopify product reviews,amazon reviews importer,broad,5.0,0,0,0.0,0,0.0,0.0,0.0,0.0,0.0,0.0,,,,,
Judge.me Product Reviews App,Search_EN_Features_2024.08.19,2026-02-24,2026-03-17,UTC,USD,?trust shop: product reviews,amazon reviews importer,broad,5.0,0,0,0.0,0,0.0,0.0,0.0,0.0,0.0,0.0,,,,,
Judge.me Product Reviews App,Search_EN_Features_2024.08.19,2026-02-24,2026-03-17,UTC,USD,?ryviu: product review,amazon reviews importer,broad,5.0,0,0,0.0,0,0.0,0.0,0.0,0.0,0.0,0.0,,,,,
Judge.me Product Reviews App,Search_EN_Features_2024.08.19,2026-02-24,2026-03-17,UTC,USD,?product review?,amazon reviews importer,broad,5.0,0,0,0.0,0,0.0,0.0,0.0,0.0,0.0,0.0,,,,,
Judge.me Product Reviews App,Search_EN_Features_2024.08.19,2026-02-24,2026-03-17,UTC,USD,?judge.me product reviews?,amazon reviews importer,broad,5.0,0,0,0.0,0,0.0,0.0,0.0,0.0,0.0,0.0,,,,,
Judge.me Product Reviews App,Search_EN_Features_2024.08.19,2026-02-24,2026-03-17,UTC,USD,? spreadr amazon importer (best long term),amazon reviews importer,broad,5.0,0,0,0.0,0,0.0,0.0,0.0,0.0,0.0,0.0,,,,,
Judge.me Product Reviews App,Search_EN_Features_2024.08.19,2026-02-24,2026-03-17,UTC,USD,?	shopify product reviews,amazon reviews importer,broad,5.0,0,0,0.0,0,0.0,0.0,0.0,0.0,0.0,0.0,,,,,
Judge.me Product Reviews App,Search_EN_Features_2024.08.19,2026-02-24,2026-03-17,UTC,USD,?	reviews & ratings with moderation,amazon reviews importer,broad,5.0,0,0,0.0,0,0.0,0.0,0.0,0.0,0.0,0.0,,,,,
Judge.me Product Reviews App,Search_EN_Features_2024.08.19,2026-02-24,2026-03-17,UTC,USD,?	reviews & ratings system with moderation,amazon reviews importer,broad,5.0,0,0,0.0,0,0.0,0.0,0.0,0.0,0.0,0.0,,,,,
Judge.me Product Reviews App,Search_EN_Features_2024.08.19,2026-02-24,2026-03-17,UTC,USD,?	ez amazon reviews importer,amazon reviews importer,broad,5.0,0,0,0.0,0,0.0,0.0,0.0,0.0,0.0,0.0,,,,,
Judge.me Product Reviews App,Search_EN_Features_2024.08.19,2026-02-24,2026-03-17,UTC,USD,yupoo importer - product scrapper,etsy importer,broad,5.0,0,0,0.0,0,0.0,0.0,0.0,0.0,0.0,0.0,,,,,
Judge.me Product Reviews App,Search_EN_Features_2024.08.19,2026-02-24,2026-03-17,UTC,USD,yupoo importer - product scraper,etsy importer,broad,5.0,0,0,0.0,0,0.0,0.0,0.0,0.0,0.0,0.0,,,,,
Judge.me Product Reviews App,Search_EN_Features_2024.08.19,2026-02-24,2026-03-17,UTC,USD,yupoo importer,etsy importer,broad,5.0,0,0,0.0,0,0.0,0.0,0.0,0.0,0.0,0.0,,,,,
Judge.me Product Reviews App,Search_EN_Features_2024.08.19,2026-02-24,2026-03-17,UTC,USD,yelp reviews importer,etsy importer,broad,5.0,0,0,0.0,0,0.0,0.0,0.0,0.0,0.0,0.0,,,,,
Judge.me Product Reviews App,Search_EN_Features_2024.08.19,2026-02-24,2026-03-17,UTC,USD,yelp review importer,etsy importer,broad,5.0,0,0,0.0,0,0.0,0.0,0.0,0.0,0.0,0.0,,,,,
Judge.me Product Reviews App,Search_EN_Features_2024.08.19,2026-02-24,2026-03-17,UTC,USD,yelp import reviews,etsy importer,broad,5.0,0,0,0.0,0,0.0,0.0,0.0,0.0,0.0,0.0,,,,,
Judge.me Product Reviews App,Search_EN_Features_2024.08.19,2026-02-24,2026-03-17,UTC,USD,xml product import feed,etsy importer,broad,5.0,0,0,0.0,0,0.0,0.0,0.0,0.0,0.0,0.0,,,,,
Judge.me Product Reviews App,Search_EN_Features_2024.08.19,2026-02-24,2026-03-17,UTC,USD,xml product import,etsy importer,broad,5.0,0,0,0.0,0,0.0,0.0,0.0,0.0,0.0,0.0,,,,,
Judge.me Product Reviews App,Search_EN_Features_2024.08.19,2026-02-24,2026-03-17,UTC,USD,xml import sync,etsy importer,broad,5.0,0,0,0.0,0,0.0,0.0,0.0,0.0,0.0,0.0,,,,,
Judge.me Product Reviews App,Search_EN_Features_2024.08.19,2026-02-24,2026-03-17,UTC,USD,xml import link,etsy importer,broad,5.0,0,0,0.0,0,0.0,0.0,0.0,0.0,0.0,0.0,,,,,
Judge.me Product Reviews App,Search_EN_Features_2024.08.19,2026-02-24,2026-03-17,UTC,USD,xml import feed,etsy importer,broad,5.0,0,0,0.0,0,0.0,0.0,0.0,0.0,0.0,0.0,,,,,
Judge.me Product Reviews App,Search_EN_Features_2024.08.19,2026-02-24,2026-03-17,UTC,USD,xml import dropshipping,etsy importer,broad,5.0,0,0,0.0,0,0.0,0.0,0.0,0.0,0.0,0.0,,,,,
Judge.me Product Reviews App,Search_EN_Features_2024.08.19,2026-02-24,2026-03-17,UTC,USD,xlsx import,etsy importer,broad,5.0,0,0,0.0,0,0.0,0.0,0.0,0.0,0.0,0.0,,,,,
Judge.me Product Reviews App,Search_EN_Features_2024.08.19,2026-02-24,2026-03-17,UTC,USD,xlsm to shopify product import,etsy importer,broad,5.0,0,0,0.0,0,0.0,0.0,0.0,0.0,0.0,0.0,,,,,
Judge.me Product Reviews App,Search_EN_Features_2024.08.19,2026-02-24,2026-03-17,UTC,USD,wp all import + shopify,etsy importer,broad,5.0,0,0,0.0,0,0.0,0.0,0.0,0.0,0.0,0.0,,,,,
Judge.me Product Reviews App,Search_EN_Features_2024.08.19,2026-02-24,2026-03-17,UTC,USD,wordpress to shopify product import,etsy importer,broad,5.0,0,0,0.0,0,0.0,0.0,0.0,0.0,0.0,0.0,,,,,
Judge.me Product Reviews App,Search_EN_Features_2024.08.19,2026-02-24,2026-03-17,UTC,USD,wordpress to shopify importer,etsy importer,broad,5.0,0,0,0.0,0,0.0,0.0,0.0,0.0,0.0,0.0,,,,,
Judge.me Product Reviews App,Search_EN_Features_2024.08.19,2026-02-24,2026-03-17,UTC,USD,wordpress to shopify import,etsy importer,broad,5.0,0,0,0.0,0,0.0,0.0,0.0,0.0,0.0,0.0,,,,,
Judge.me Product Reviews App,Search_EN_Features_2024.08.19,2026-02-24,2026-03-17,UTC,USD,wordpress to shopify blog importer,etsy importer,broad,5.0,0,0,0.0,0,0.0,0.0,0.0,0.0,0.0,0.0,,,,,
Judge.me Product Reviews App,Search_EN_Features_2024.08.19,2026-02-24,2026-03-17,UTC,USD,wordpress product import,etsy importer,broad,5.0,0,0,0.0,0,0.0,0.0,0.0,0.0,0.0,0.0,,,,,
Judge.me Product Reviews App,Search_EN_Features_2024.08.19,2026-02-24,2026-03-17,UTC,USD,wordpress media importer,etsy importer,broad,5.0,0,0,0.0,0,0.0,0.0,0.0,0.0,0.0,0.0,,,,,
Judge.me Product Reviews App,Search_EN_Features_2024.08.19,2026-02-24,2026-03-17,UTC,USD,wordpress import,etsy importer,broad,5.0,0,0,0.0,0,0.0,0.0,0.0,0.0,0.0,0.0,,,,,
Judge.me Product Reviews App,Search_EN_Features_2024.08.19,2026-02-24,2026-03-17,UTC,USD,wordpress blogs import,etsy importer,broad,5.0,0,0,0.0,0,0.0,0.0,0.0,0.0,0.0,0.0,,,,,
Judge.me Product Reviews App,Search_EN_Features_2024.08.19,2026-02-24,2026-03-17,UTC,USD,wordpres product import,etsy importer,broad,5.0,0,0,0.0,0,0.0,0.0,0.0,0.0,0.0,0.0,,,,,
Judge.me Product Reviews App,Search_EN_Features_2024.08.19,2026-02-24,2026-03-17,UTC,USD,woocommercw importer,etsy importer,broad,5.0,0,0,0.0,0,0.0,0.0,0.0,0.0,0.0,0.0,,,,,
Judge.me Product Reviews App,Search_EN_Features_2024.08.19,2026-02-24,2026-03-17,UTC,USD,woocommerce store importer,etsy importer,broad,5.0,0,0,0.0,0,0.0,0.0,0.0,0.0,0.0,0.0,,,,,
Judge.me Product Reviews App,Search_EN_Features_2024.08.19,2026-02-24,2026-03-17,UTC,USD,woocommerce product import,etsy importer,broad,5.0,0,0,0.0,0,0.0,0.0,0.0,0.0,0.0,0.0,,,,,
Judge.me Product Reviews App,Search_EN_Features_2024.08.19,2026-02-24,2026-03-17,UTC,USD,woocommerce order importer,etsy importer,broad,5.0,0,0,0.0,0,0.0,0.0,0.0,0.0,0.0,0.0,,,,,
Judge.me Product Reviews App,Search_EN_Features_2024.08.19,2026-02-24,2026-03-17,UTC,USD,woocommerce media importer,etsy importer,broad,5.0,0,0,0.0,0,0.0,0.0,0.0,0.0,0.0,0.0,,,,,
Judge.me Product Reviews App,Search_EN_Features_2024.08.19,2026-02-24,2026-03-17,UTC,USD,woocommerce import product photos,etsy importer,broad,5.0,0,0,0.0,0,0.0,0.0,0.0,0.0,0.0,0.0,,,,,
Judge.me Product Reviews App,Search_EN_Features_2024.08.19,2026-02-24,2026-03-17,UTC,USD,woocommerce import orders,etsy importer,broad,5.0,0,0,0.0,0,0.0,0.0,0.0,0.0,0.0,0.0,,,,,
Judge.me Product Reviews App,Search_EN_Features_2024.08.19,2026-02-24,2026-03-17,UTC,USD,woocommerce cvs import,etsy importer,broad,5.0,0,0,0.0,0,0.0,0.0,0.0,0.0,0.0,0.0,,,,,
Judge.me Product Reviews App,Search_EN_Features_2024.08.19,2026-02-24,2026-03-17,UTC,USD,woo-importer,etsy importer,broad,5.0,0,0,0.0,0,0.0,0.0,0.0,0.0,0.0,0.0,,,,,
Judge.me Product Reviews App,Search_EN_Features_2024.08.19,2026-02-24,2026-03-17,UTC,USD,woo commerse to shopify product import,etsy importer,broad,5.0,0,0,0.0,0,0.0,0.0,0.0,0.0,0.0,0.0,,,,,
Judge.me Product Reviews App,Search_EN_Features_2024.08.19,2026-02-24,2026-03-17,UTC,USD,woo commerse product import,etsy importer,broad,5.0,0,0,0.0,0,0.0,0.0,0.0,0.0,0.0,0.0,,,,,
Judge.me Product Reviews App,Search_EN_Features_2024.08.19,2026-02-24,2026-03-17,UTC,USD,woo commerce import,etsy importer,broad,5.0,0,0,0.0,0,0.0,0.0,0.0,0.0,0.0,0.0,,,,,
Judge.me Product Reviews App,Search_EN_Features_2024.08.19,2026-02-24,2026-03-17,UTC,USD,wocommerce import,etsy importer,broad,5.0,0,0,0.0,0,0.0,0.0,0.0,0.0,0.0,0.0,,,,,
Judge.me Product Reviews App,Search_EN_Features_2024.08.19,2026-02-24,2026-03-17,UTC,USD,wix product import,etsy importer,broad,5.0,0,0,0.0,0,0.0,0.0,0.0,0.0,0.0,0.0,,,,,
Judge.me Product Reviews App,Search_EN_Features_2024.08.19,2026-02-24,2026-03-17,UTC,USD,wix data import by cart2cart,etsy importer,broad,5.0,0,0,0.0,0,0.0,0.0,0.0,0.0,0.0,0.0,,,,,
Judge.me Product Reviews App,Search_EN_Features_2024.08.19,2026-02-24,2026-03-17,UTC,USD,why is storage so important in your business?,etsy importer,broad,5.0,0,0,0.0,0,0.0,0.0,0.0,0.0,0.0,0.0,,,,,
Judge.me Product Reviews App,Search_EN_Features_2024.08.19,2026-02-24,2026-03-17,UTC,USD,wholesale import,etsy importer,broad,5.0,0,0,0.0,0,0.0,0.0,0.0,0.0,0.0,0.0,,,,,
Judge.me Product Reviews App,Search_EN_Features_2024.08.19,2026-02-24,2026-03-17,UTC,USD,website importer,etsy importer,broad,5.0,0,0,0.0,0,0.0,0.0,0.0,0.0,0.0,0.0,,,,,
Judge.me Product Reviews App,Search_EN_Features_2024.08.19,2026-02-24,2026-03-17,UTC,USD,wayfair review import apps,etsy importer,broad,5.0,0,0,0.0,0,0.0,0.0,0.0,0.0,0.0,0.0,,,,,
Judge.me Product Reviews App,Search_EN_Features_2024.08.19,2026-02-24,2026-03-17,UTC,USD,walmart import reviews,etsy importer,broad,5.0,0,0,0.0,0,0.0,0.0,0.0,0.0,0.0,0.0,,,,,
Judge.me Product Reviews App,Search_EN_Features_2024.08.19,2026-02-24,2026-03-17,UTC,USD,walmart import,etsy importer,broad,5.0,0,0,0.0,0,0.0,0.0,0.0,0.0,0.0,0.0,,,,,
Judge.me Product Reviews App,Search_EN_Features_2024.08.19,2026-02-24,2026-03-17,UTC,USD,voucher codes import,etsy importer,broad,5.0,0,0,0.0,0,0.0,0.0,0.0,0.0,0.0,0.0,,,,,
Judge.me Product Reviews App,Search_EN_Features_2024.08.19,2026-02-24,2026-03-17,UTC,USD,variant metafield in bulk import,etsy importer,broad,5.0,0,0,0.0,0,0.0,0.0,0.0,0.0,0.0,0.0,,,,,
Judge.me Product Reviews App,Search_EN_Features_2024.08.19,2026-02-24,2026-03-17,UTC,USD,tt ali reviws reviews importer,etsy importer,broad,5.0,0,0,0.0,0,0.0,0.0,0.0,0.0,0.0,0.0,,,,,
Judge.me Product Reviews App,Search_EN_Features_2024.08.19,2026-02-24,2026-03-17,UTC,USD,trustoo review importer,etsy importer,broad,5.0,0,0,0.0,0,0.0,0.0,0.0,0.0,0.0,0.0,,,,,
Judge.me Product Reviews App,Search_EN_Features_2024.08.19,2026-02-24,2026-03-17,UTC,USD,trustoo ali reviews importer,etsy importer,broad,5.0,0,0,0.0,0,0.0,0.0,0.0,0.0,0.0,0.0,,,,,
Judge.me Product Reviews App,Search_EN_Features_2024.08.19,2026-02-24,2026-03-17,UTC,USD,trust pilot review import,etsy importer,broad,5.0,0,0,0.0,0,0.0,0.0,0.0,0.0,0.0,0.0,,,,,
Judge.me Product Reviews App,Search_EN_Features_2024.08.19,2026-02-24,2026-03-17,UTC,USD,trendyol reviews importer,etsy importer,broad,5.0,0,0,0.0,0,0.0,0.0,0.0,0.0,0.0,0.0,,,,,
Judge.me Product Reviews App,Search_EN_Features_2024.08.19,2026-02-24,2026-03-17,UTC,USD,translation import,etsy importer,broad,5.0,0,0,0.0,0,0.0,0.0,0.0,0.0,0.0,0.0,,,,,
Judge.me Product Reviews App,Search_EN_Features_2024.08.19,2026-02-24,2026-03-17,UTC,USD,translater to importe,etsy importer,broad,5.0,0,0,0.0,0,0.0,0.0,0.0,0.0,0.0,0.0,,,,,
Judge.me Product Reviews App,Search_EN_Features_2024.08.19,2026-02-24,2026-03-17,UTC,USD,transfer from etsy to shopify,etsy importer,broad,5.0,0,0,0.0,0,0.0,0.0,0.0,0.0,0.0,0.0,,,,,
Judge.me Product Reviews App,Search_EN_Features_2024.08.19,2026-02-24,2026-03-17,UTC,USD,transfer from etsy,etsy importer,broad,5.0,0,0,0.0,0,0.0,0.0,0.0,0.0,0.0,0.0,,,,,
Judge.me Product Reviews App,Search_EN_Features_2024.08.19,2026-02-24,2026-03-17,UTC,USD,transfer etsy reviews,etsy importer,broad,5.0,0,0,0.0,0,0.0,0.0,0.0,0.0,0.0,0.0,,,,,
Judge.me Product Reviews App,Search_EN_Features_2024.08.19,2026-02-24,2026-03-17,UTC,USD,transfer etsy,etsy importer,broad,5.0,0,0,0.0,0,0.0,0.0,0.0,0.0,0.0,0.0,,,,,
Judge.me Product Reviews App,Search_EN_Features_2024.08.19,2026-02-24,2026-03-17,UTC,USD,tiktok shop review import,etsy importer,broad,5.0,0,0,0.0,0,0.0,0.0,0.0,0.0,0.0,0.0,,,,,
Judge.me Product Reviews App,Search_EN_Features_2024.08.19,2026-02-24,2026-03-17,UTC,USD,tiktok shop import connector,etsy importer,broad,5.0,0,0,0.0,0,0.0,0.0,0.0,0.0,0.0,0.0,,,,,
Judge.me Product Reviews App,Search_EN_Features_2024.08.19,2026-02-24,2026-03-17,UTC,USD,tiktok review importer,etsy importer,broad,5.0,0,0,0.0,0,0.0,0.0,0.0,0.0,0.0,0.0,,,,,
Judge.me Product Reviews App,Search_EN_Features_2024.08.19,2026-02-24,2026-03-17,UTC,USD,tiktok importer,etsy importer,broad,5.0,0,0,0.0,0,0.0,0.0,0.0,0.0,0.0,0.0,,,,,
Judge.me Product Reviews App,Search_EN_Features_2024.08.19,2026-02-24,2026-03-17,UTC,USD,tiktok import shopify,etsy importer,broad,5.0,0,0,0.0,0,0.0,0.0,0.0,0.0,0.0,0.0,,,,,
Judge.me Product Reviews App,Search_EN_Features_2024.08.19,2026-02-24,2026-03-17,UTC,USD,tiktok import,etsy importer,broad,5.0,0,0,0.0,0,0.0,0.0,0.0,0.0,0.0,0.0,,,,,
Judge.me Product Reviews App,Search_EN_Features_2024.08.19,2026-02-24,2026-03-17,UTC,USD,theme import,etsy importer,broad,5.0,0,0,0.0,0,0.0,0.0,0.0,0.0,0.0,0.0,,,,,
Judge.me Product Reviews App,Search_EN_Features_2024.08.19,2026-02-24,2026-03-17,UTC,USD,the4?s demo import app,etsy importer,broad,5.0,0,0,0.0,0,0.0,0.0,0.0,0.0,0.0,0.0,,,,,
Judge.me Product Reviews App,Search_EN_Features_2024.08.19,2026-02-24,2026-03-17,UTC,USD,temu reviews importer,etsy importer,broad,5.0,0,0,0.0,0,0.0,0.0,0.0,0.0,0.0,0.0,,,,,
Judge.me Product Reviews App,Search_EN_Features_2024.08.19,2026-02-24,2026-03-17,UTC,USD,temu product import,etsy importer,broad,5.0,0,0,0.0,0,0.0,0.0,0.0,0.0,0.0,0.0,,,,,
Judge.me Product Reviews App,Search_EN_Features_2024.08.19,2026-02-24,2026-03-17,UTC,USD,temu import product,etsy importer,broad,5.0,0,0,0.0,0,0.0,0.0,0.0,0.0,0.0,0.0,,,,,
Judge.me Product Reviews App,Search_EN_Features_2024.08.19,2026-02-24,2026-03-17,UTC,USD,tea importer,etsy importer,broad,5.0,0,0,0.0,0,0.0,0.0,0.0,0.0,0.0,0.0,,,,,
Judge.me Product Reviews App,Search_EN_Features_2024.08.19,2026-02-24,2026-03-17,UTC,USD,target review import,etsy importer,broad,5.0,0,0,0.0,0,0.0,0.0,0.0,0.0,0.0,0.0,,,,,
Judge.me Product Reviews App,Search_EN_Features_2024.08.19,2026-02-24,2026-03-17,UTC,USD,table data import,etsy importer,broad,5.0,0,0,0.0,0,0.0,0.0,0.0,0.0,0.0,0.0,,,,,
Judge.me Product Reviews App,Search_EN_Features_2024.08.19,2026-02-24,2026-03-17,UTC,USD,t ali reviws reviews importer,etsy importer,broad,5.0,0,0,0.0,0,0.0,0.0,0.0,0.0,0.0,0.0,,,,,
Judge.me Product Reviews App,Search_EN_Features_2024.08.19,2026-02-24,2026-03-17,UTC,USD,sync to etsy,etsy importer,broad,5.0,0,0,0.0,0,0.0,0.0,0.0,0.0,0.0,0.0,,,,,
Judge.me Product Reviews App,Search_EN_Features_2024.08.19,2026-02-24,2026-03-17,UTC,USD,sync shopify with etsy,etsy importer,broad,5.0,0,0,0.0,0,0.0,0.0,0.0,0.0,0.0,0.0,,,,,
Judge.me Product Reviews App,Search_EN_Features_2024.08.19,2026-02-24,2026-03-17,UTC,USD,sync listings with etsy,etsy importer,broad,5.0,0,0,0.0,0,0.0,0.0,0.0,0.0,0.0,0.0,,,,,
Judge.me Product Reviews App,Search_EN_Features_2024.08.19,2026-02-24,2026-03-17,UTC,USD,sync listings to etsy,etsy importer,broad,5.0,0,0,0.0,0,0.0,0.0,0.0,0.0,0.0,0.0,,,,,
Judge.me Product Reviews App,Search_EN_Features_2024.08.19,2026-02-24,2026-03-17,UTC,USD,sync inventory etsy,etsy importer,broad,5.0,0,0,0.0,0,0.0,0.0,0.0,0.0,0.0,0.0,,,,,
Judge.me Product Reviews App,Search_EN_Features_2024.08.19,2026-02-24,2026-03-17,UTC,USD,sync import ebay,etsy importer,broad,5.0,0,0,0.0,0,0.0,0.0,0.0,0.0,0.0,0.0,,,,,
Judge.me Product Reviews App,Search_EN_Features_2024.08.19,2026-02-24,2026-03-17,UTC,USD,sync etsy reviews,etsy importer,broad,5.0,0,0,0.0,0,0.0,0.0,0.0,0.0,0.0,0.0,,,,,
Judge.me Product Reviews App,Search_EN_Features_2024.08.19,2026-02-24,2026-03-17,UTC,USD,sync etsy orders,etsy importer,broad,5.0,0,0,0.0,0,0.0,0.0,0.0,0.0,0.0,0.0,,,,,
Judge.me Product Reviews App,Search_EN_Features_2024.08.19,2026-02-24,2026-03-17,UTC,USD,sync etsy,etsy importer,broad,5.0,0,0,0.0,0,0.0,0.0,0.0,0.0,0.0,0.0,,,,,
Judge.me Product Reviews App,Search_EN_Features_2024.08.19,2026-02-24,2026-03-17,UTC,USD,supplier import,etsy importer,broad,5.0,0,0,0.0,0,0.0,0.0,0.0,0.0,0.0,0.0,,,,,
Judge.me Product Reviews App,Search_EN_Features_2024.08.19,2026-02-24,2026-03-17,UTC,USD,supplier feed catalog import,etsy importer,broad,5.0,0,0,0.0,0,0.0,0.0,0.0,0.0,0.0,0.0,,,,,
Judge.me Product Reviews App,Search_EN_Features_2024.08.19,2026-02-24,2026-03-17,UTC,USD,supplier data import,etsy importer,broad,5.0,0,0,0.0,0,0.0,0.0,0.0,0.0,0.0,0.0,,,,,
Judge.me Product Reviews App,Search_EN_Features_2024.08.19,2026-02-24,2026-03-17,UTC,USD,storerobo importer,etsy importer,broad,5.0,0,0,0.0,0,0.0,0.0,0.0,0.0,0.0,0.0,,,,,
Judge.me Product Reviews App,Search_EN_Features_2024.08.19,2026-02-24,2026-03-17,UTC,USD,store robo import expoort su,etsy importer,broad,5.0,0,0,0.0,0,0.0,0.0,0.0,0.0,0.0,0.0,,,,,
Judge.me Product Reviews App,Search_EN_Features_2024.08.19,2026-02-24,2026-03-17,UTC,USD,store migration export import,etsy importer,broad,5.0,0,0,0.0,0,0.0,0.0,0.0,0.0,0.0,0.0,,,,,
Judge.me Product Reviews App,Search_EN_Features_2024.08.19,2026-02-24,2026-03-17,UTC,USD,store migration & import,etsy importer,broad,5.0,0,0,0.0,0,0.0,0.0,0.0,0.0,0.0,0.0,,,,,
Judge.me Product Reviews App,Search_EN_Features_2024.08.19,2026-02-24,2026-03-17,UTC,USD,store migrate & order import,etsy importer,broad,5.0,0,0,0.0,0,0.0,0.0,0.0,0.0,0.0,0.0,,,,,
Judge.me Product Reviews App,Search_EN_Features_2024.08.19,2026-02-24,2026-03-17,UTC,USD,store imports,etsy importer,broad,5.0,0,0,0.0,0,0.0,0.0,0.0,0.0,0.0,0.0,,,,,
Judge.me Product Reviews App,Search_EN_Features_2024.08.19,2026-02-24,2026-03-17,UTC,USD,store importer woocommerce,etsy importer,broad,5.0,0,0,0.0,0,0.0,0.0,0.0,0.0,0.0,0.0,,,,,
Judge.me Product Reviews App,Search_EN_Features_2024.08.19,2026-02-24,2026-03-17,UTC,USD,store importer shopify,etsy importer,broad,5.0,0,0,0.0,0,0.0,0.0,0.0,0.0,0.0,0.0,,,,,
Judge.me Product Reviews App,Search_EN_Features_2024.08.19,2026-02-24,2026-03-17,UTC,USD,store importer etsy,etsy importer,broad,5.0,0,0,0.0,0,0.0,0.0,0.0,0.0,0.0,0.0,,,,,
Judge.me Product Reviews App,Search_EN_Features_2024.08.19,2026-02-24,2026-03-17,UTC,USD,store importer byb,etsy importer,broad,5.0,0,0,0.0,0,0.0,0.0,0.0,0.0,0.0,0.0,,,,,
Judge.me Product Reviews App,Search_EN_Features_2024.08.19,2026-02-24,2026-03-17,UTC,USD,store importer by appsbyb,etsy importer,broad,5.0,0,0,0.0,0,0.0,0.0,0.0,0.0,0.0,0.0,,,,,
Judge.me Product Reviews App,Search_EN_Features_2024.08.19,2026-02-24,2026-03-17,UTC,USD,store importer blogs,etsy importer,broad,5.0,0,0,0.0,0,0.0,0.0,0.0,0.0,0.0,0.0,,,,,
Judge.me Product Reviews App,Search_EN_Features_2024.08.19,2026-02-24,2026-03-17,UTC,USD,store importer appsbyb,etsy importer,broad,5.0,0,0,0.0,0,0.0,0.0,0.0,0.0,0.0,0.0,,,,,
Judge.me Product Reviews App,Search_EN_Features_2024.08.19,2026-02-24,2026-03-17,UTC,USD,store importer apps byb,etsy importer,broad,5.0,0,0,0.0,0,0.0,0.0,0.0,0.0,0.0,0.0,,,,,
Judge.me Product Reviews App,Search_EN_Features_2024.08.19,2026-02-24,2026-03-17,UTC,USD,store importer app,etsy importer,broad,5.0,0,0,0.0,0,0.0,0.0,0.0,0.0,0.0,0.0,,,,,
Judge.me Product Reviews App,Search_EN_Features_2024.08.19,2026-02-24,2026-03-17,UTC,USD,store importer & cloner,etsy importer,broad,5.0,0,0,0.0,0,0.0,0.0,0.0,0.0,0.0,0.0,,,,,
Judge.me Product Reviews App,Search_EN_Features_2024.08.19,2026-02-24,2026-03-17,UTC,USD,store importe,etsy importer,broad,5.0,0,0,0.0,0,0.0,0.0,0.0,0.0,0.0,0.0,,,,,
Judge.me Product Reviews App,Search_EN_Features_2024.08.19,2026-02-24,2026-03-17,UTC,USD,store import,etsy importer,broad,5.0,0,0,0.0,0,0.0,0.0,0.0,0.0,0.0,0.0,,,,,
Judge.me Product Reviews App,Search_EN_Features_2024.08.19,2026-02-24,2026-03-17,UTC,USD,store data importer,etsy importer,broad,5.0,0,0,0.0,0,0.0,0.0,0.0,0.0,0.0,0.0,,,,,
Judge.me Product Reviews App,Search_EN_Features_2024.08.19,2026-02-24,2026-03-17,UTC,USD,store credit import,etsy importer,broad,5.0,0,0,0.0,0,0.0,0.0,0.0,0.0,0.0,0.0,,,,,
Judge.me Product Reviews App,Search_EN_Features_2024.08.19,2026-02-24,2026-03-17,UTC,USD,stein review importer,etsy importer,broad,5.0,0,0,0.0,0,0.0,0.0,0.0,0.0,0.0,0.0,,,,,
Judge.me Product Reviews App,Search_EN_Features_2024.08.19,2026-02-24,2026-03-17,UTC,USD,square order import,etsy importer,broad,5.0,0,0,0.0,0,0.0,0.0,0.0,0.0,0.0,0.0,,,,,
Judge.me Product Reviews App,Search_EN_Features_2024.08.19,2026-02-24,2026-03-17,UTC,USD,smart import & sync,etsy importer,broad,5.0,0,0,0.0,0,0.0,0.0,0.0,0.0,0.0,0.0,,,,,
Judge.me Product Reviews App,Search_EN_Features_2024.08.19,2026-02-24,2026-03-17,UTC,USD,smart image import,etsy importer,broad,5.0,0,0,0.0,0,0.0,0.0,0.0,0.0,0.0,0.0,,,,,
Judge.me Product Reviews App,Search_EN_Features_2024.08.19,2026-02-24,2026-03-17,UTC,USD,smart bulk image import,etsy importer,broad,5.0,0,0,0.0,0,0.0,0.0,0.0,0.0,0.0,0.0,,,,,
Judge.me Product Reviews App,Search_EN_Features_2024.08.19,2026-02-24,2026-03-17,UTC,USD,size chart in import photo,etsy importer,broad,5.0,0,0,0.0,0,0.0,0.0,0.0,0.0,0.0,0.0,,,,,
Judge.me Product Reviews App,Search_EN_Features_2024.08.19,2026-02-24,2026-03-17,UTC,USD,simple order import,etsy importer,broad,5.0,0,0,0.0,0,0.0,0.0,0.0,0.0,0.0,0.0,,,,,
Judge.me Product Reviews App,Search_EN_Features_2024.08.19,2026-02-24,2026-03-17,UTC,USD,shuttle sync with etsy,etsy importer,broad,5.0,0,0,0.0,0,0.0,0.0,0.0,0.0,0.0,0.0,,,,,
Judge.me Product Reviews App,Search_EN_Features_2024.08.19,2026-02-24,2026-03-17,UTC,USD,shuttle ? sync with etsy,etsy importer,broad,5.0,0,0,0.0,0,0.0,0.0,0.0,0.0,0.0,0.0,,,,,
Judge.me Product Reviews App,Search_EN_Features_2024.08.19,2026-02-24,2026-03-17,UTC,USD,shuttle - sync with etsy (shopify app),etsy importer,broad,5.0,0,0,0.0,0,0.0,0.0,0.0,0.0,0.0,0.0,,,,,
Judge.me Product Reviews App,Search_EN_Features_2024.08.19,2026-02-24,2026-03-17,UTC,USD,shuttle - etsy to shopify,etsy importer,broad,5.0,0,0,0.0,0,0.0,0.0,0.0,0.0,0.0,0.0,,,,,
Judge.me Product Reviews App,Search_EN_Features_2024.08.19,2026-02-24,2026-03-17,UTC,USD,shopify to shopifyproduct import,etsy importer,broad,5.0,0,0,0.0,0,0.0,0.0,0.0,0.0,0.0,0.0,,,,,
Judge.me Product Reviews App,Search_EN_Features_2024.08.19,2026-02-24,2026-03-17,UTC,USD,shopify to shopify reviews import,etsy importer,broad,5.0,0,0,0.0,0,0.0,0.0,0.0,0.0,0.0,0.0,,,,,
Judge.me Product Reviews App,Search_EN_Features_2024.08.19,2026-02-24,2026-03-17,UTC,USD,shopify to shopify product import,etsy importer,broad,5.0,0,0,0.0,0,0.0,0.0,0.0,0.0,0.0,0.0,,,,,
Judge.me Product Reviews App,Search_EN_Features_2024.08.19,2026-02-24,2026-03-17,UTC,USD,shopify to mypost business importer,etsy importer,broad,5.0,0,0,0.0,0,0.0,0.0,0.0,0.0,0.0,0.0,,,,,
Judge.me Product Reviews App,Search_EN_Features_2024.08.19,2026-02-24,2026-03-17,UTC,USD,shopify to etsy import,etsy importer,broad,5.0,0,0,0.0,0,0.0,0.0,0.0,0.0,0.0,0.0,,,,,
Judge.me Product Reviews App,Search_EN_Features_2024.08.19,2026-02-24,2026-03-17,UTC,USD,shopify to ebay importer,etsy importer,broad,5.0,0,0,0.0,0,0.0,0.0,0.0,0.0,0.0,0.0,,,,,
Judge.me Product Reviews App,Search_EN_Features_2024.08.19,2026-02-24,2026-03-17,UTC,USD,shopify store product reviews import,etsy importer,broad,5.0,0,0,0.0,0,0.0,0.0,0.0,0.0,0.0,0.0,,,,,
Judge.me Product Reviews App,Search_EN_Features_2024.08.19,2026-02-24,2026-03-17,UTC,USD,shopify store importer,etsy importer,broad,5.0,0,0,0.0,0,0.0,0.0,0.0,0.0,0.0,0.0,,,,,
Judge.me Product Reviews App,Search_EN_Features_2024.08.19,2026-02-24,2026-03-17,UTC,USD,shopify sales import,etsy importer,broad,5.0,0,0,0.0,0,0.0,0.0,0.0,0.0,0.0,0.0,,,,,
Judge.me Product Reviews App,Search_EN_Features_2024.08.19,2026-02-24,2026-03-17,UTC,USD,shopify reviews importer,etsy importer,broad,5.0,0,0,0.0,0,0.0,0.0,0.0,0.0,0.0,0.0,,,,,
Judge.me Product Reviews App,Search_EN_Features_2024.08.19,2026-02-24,2026-03-17,UTC,USD,shopify product review import,etsy importer,broad,5.0,0,0,0.0,0,0.0,0.0,0.0,0.0,0.0,0.0,,,,,
Judge.me Product Reviews App,Search_EN_Features_2024.08.19,2026-02-24,2026-03-17,UTC,USD,shopify product importer,etsy importer,broad,5.0,0,0,0.0,0,0.0,0.0,0.0,0.0,0.0,0.0,,,,,
Judge.me Product Reviews App,Search_EN_Features_2024.08.19,2026-02-24,2026-03-17,UTC,USD,shopify product import,etsy importer,broad,5.0,0,0,0.0,0,0.0,0.0,0.0,0.0,0.0,0.0,,,,,
Judge.me Product Reviews App,Search_EN_Features_2024.08.19,2026-02-24,2026-03-17,UTC,USD,shopify prduct import,etsy importer,broad,5.0,0,0,0.0,0,0.0,0.0,0.0,0.0,0.0,0.0,,,,,
Judge.me Product Reviews App,Search_EN_Features_2024.08.19,2026-02-24,2026-03-17,UTC,USD,shopify order import,etsy importer,broad,5.0,0,0,0.0,0,0.0,0.0,0.0,0.0,0.0,0.0,,,,,
Judge.me Product Reviews App,Search_EN_Features_2024.08.19,2026-02-24,2026-03-17,UTC,USD,shopify matrixify importer,etsy importer,broad,5.0,0,0,0.0,0,0.0,0.0,0.0,0.0,0.0,0.0,,,,,
Judge.me Product Reviews App,Search_EN_Features_2024.08.19,2026-02-24,2026-03-17,UTC,USD,shopify import,etsy importer,broad,5.0,0,0,0.0,0,0.0,0.0,0.0,0.0,0.0,0.0,,,,,
Judge.me Product Reviews App,Search_EN_Features_2024.08.19,2026-02-24,2026-03-17,UTC,USD,shopify blog import app,etsy importer,broad,5.0,0,0,0.0,0,0.0,0.0,0.0,0.0,0.0,0.0,,,,,
Judge.me Product Reviews App,Search_EN_Features_2024.08.19,2026-02-24,2026-03-17,UTC,USD,shopify admin ? apps ? judge.me ? import reviews ? aliexpress,etsy importer,broad,5.0,0,0,0.0,0,0.0,0.0,0.0,0.0,0.0,0.0,,,,,
Judge.me Product Reviews App,Search_EN_Features_2024.08.19,2026-02-24,2026-03-17,UTC,USD,shopee products import,etsy importer,broad,5.0,0,0,0.0,0,0.0,0.0,0.0,0.0,0.0,0.0,,,,,
Judge.me Product Reviews App,Search_EN_Features_2024.08.19,2026-02-24,2026-03-17,UTC,USD,shopee import,etsy importer,broad,5.0,0,0,0.0,0,0.0,0.0,0.0,0.0,0.0,0.0,,,,,
Judge.me Product Reviews App,Search_EN_Features_2024.08.19,2026-02-24,2026-03-17,UTC,USD,shop importer,etsy importer,broad,5.0,0,0,0.0,0,0.0,0.0,0.0,0.0,0.0,0.0,,,,,
Judge.me Product Reviews App,Search_EN_Features_2024.08.19,2026-02-24,2026-03-17,UTC,USD,shop import,etsy importer,broad,5.0,0,0,0.0,0,0.0,0.0,0.0,0.0,0.0,0.0,,,,,
Judge.me Product Reviews App,Search_EN_Features_2024.08.19,2026-02-24,2026-03-17,UTC,USD,shein review importer,etsy importer,broad,5.0,0,0,0.0,0,0.0,0.0,0.0,0.0,0.0,0.0,,,,,
Judge.me Product Reviews App,Search_EN_Features_2024.08.19,2026-02-24,2026-03-17,UTC,USD,shein importer,etsy importer,broad,5.0,0,0,0.0,0,0.0,0.0,0.0,0.0,0.0,0.0,,,,,
Judge.me Product Reviews App,Search_EN_Features_2024.08.19,2026-02-24,2026-03-17,UTC,USD,set up google analytics for etsy,etsy importer,broad,5.0,0,0,0.0,0,0.0,0.0,0.0,0.0,0.0,0.0,,,,,
Judge.me Product Reviews App,Search_EN_Features_2024.08.19,2026-02-24,2026-03-17,UTC,USD,send to many bulk order import,etsy importer,broad,5.0,0,0,0.0,0,0.0,0.0,0.0,0.0,0.0,0.0,,,,,
Judge.me Product Reviews App,Search_EN_Features_2024.08.19,2026-02-24,2026-03-17,UTC,USD,salestio product import,etsy importer,broad,5.0,0,0,0.0,0,0.0,0.0,0.0,0.0,0.0,0.0,,,,,
Judge.me Product Reviews App,Search_EN_Features_2024.08.19,2026-02-24,2026-03-17,UTC,USD,sales channels etsy,etsy importer,broad,5.0,0,0,0.0,0,0.0,0.0,0.0,0.0,0.0,0.0,,,,,
Judge.me Product Reviews App,Search_EN_Features_2024.08.19,2026-02-24,2026-03-17,UTC,USD,s2w import,etsy importer,broad,5.0,0,0,0.0,0,0.0,0.0,0.0,0.0,0.0,0.0,,,,,
Judge.me Product Reviews App,Search_EN_Features_2024.08.19,2026-02-24,2026-03-17,UTC,USD,ryviu aliexpress reviews importer,etsy importer,broad,5.0,0,0,0.0,0,0.0,0.0,0.0,0.0,0.0,0.0,,,,,
Judge.me Product Reviews App,Search_EN_Features_2024.08.19,2026-02-24,2026-03-17,UTC,USD,robo product importere,etsy importer,broad,5.0,0,0,0.0,0,0.0,0.0,0.0,0.0,0.0,0.0,,,,,
Judge.me Product Reviews App,Search_EN_Features_2024.08.19,2026-02-24,2026-03-17,UTC,USD,robo product importer,etsy importer,broad,5.0,0,0,0.0,0,0.0,0.0,0.0,0.0,0.0,0.0,,,,,
Judge.me Product Reviews App,Search_EN_Features_2024.08.19,2026-02-24,2026-03-17,UTC,USD,robo product import,etsy importer,broad,5.0,0,0,0.0,0,0.0,0.0,0.0,0.0,0.0,0.0,,,,,
Judge.me Product Reviews App,Search_EN_Features_2024.08.19,2026-02-24,2026-03-17,UTC,USD,reviews importer tiktok shop,etsy importer,broad,5.0,0,0,0.0,0,0.0,0.0,0.0,0.0,0.0,0.0,,,,,
Judge.me Product Reviews App,Search_EN_Features_2024.08.19,2026-02-24,2026-03-17,UTC,USD,reviews importer synce,etsy importer,broad,5.0,0,0,0.0,0,0.0,0.0,0.0,0.0,0.0,0.0,,,,,
Judge.me Product Reviews App,Search_EN_Features_2024.08.19,2026-02-24,2026-03-17,UTC,USD,reviews importer shop,etsy importer,broad,5.0,0,0,0.0,0,0.0,0.0,0.0,0.0,0.0,0.0,,,,,
Judge.me Product Reviews App,Search_EN_Features_2024.08.19,2026-02-24,2026-03-17,UTC,USD,reviews importer etsy,etsy importer,broad,5.0,0,0,0.0,0,0.0,0.0,0.0,0.0,0.0,0.0,,,,,
Judge.me Product Reviews App,Search_EN_Features_2024.08.19,2026-02-24,2026-03-17,UTC,USD,reviews importer ebay,etsy importer,broad,5.0,0,0,0.0,0,0.0,0.0,0.0,0.0,0.0,0.0,,,,,
Judge.me Product Reviews App,Search_EN_Features_2024.08.19,2026-02-24,2026-03-17,UTC,USD,reviews importer csv,etsy importer,broad,5.0,0,0,0.0,0,0.0,0.0,0.0,0.0,0.0,0.0,,,,,
Judge.me Product Reviews App,Search_EN_Features_2024.08.19,2026-02-24,2026-03-17,UTC,USD,reviews importer ali express,etsy importer,broad,5.0,0,0,0.0,0,0.0,0.0,0.0,0.0,0.0,0.0,,,,,
Judge.me Product Reviews App,Search_EN_Features_2024.08.19,2026-02-24,2026-03-17,UTC,USD,reviews import dsers,etsy importer,broad,5.0,0,0,0.0,0,0.0,0.0,0.0,0.0,0.0,0.0,,,,,
Judge.me Product Reviews App,Search_EN_Features_2024.08.19,2026-02-24,2026-03-17,UTC,USD,reviews import ali express,etsy importer,broad,5.0,0,0,0.0,0,0.0,0.0,0.0,0.0,0.0,0.0,,,,,
Judge.me Product Reviews App,Search_EN_Features_2024.08.19,2026-02-24,2026-03-17,UTC,USD,reviews import ali epress,etsy importer,broad,5.0,0,0,0.0,0,0.0,0.0,0.0,0.0,0.0,0.0,,,,,
Judge.me Product Reviews App,Search_EN_Features_2024.08.19,2026-02-24,2026-03-17,UTC,USD,reviews etsy,etsy importer,broad,5.0,0,0,0.0,0,0.0,0.0,0.0,0.0,0.0,0.0,,,,,
Judge.me Product Reviews App,Search_EN_Features_2024.08.19,2026-02-24,2026-03-17,UTC,USD,reviews csv import,etsy importer,broad,5.0,0,0,0.0,0,0.0,0.0,0.0,0.0,0.0,0.0,,,,,
Judge.me Product Reviews App,Search_EN_Features_2024.08.19,2026-02-24,2026-03-17,UTC,USD,review importer wayfair,etsy importer,broad,5.0,0,0,0.0,0,0.0,0.0,0.0,0.0,0.0,0.0,,,,,
Judge.me Product Reviews App,Search_EN_Features_2024.08.19,2026-02-24,2026-03-17,UTC,USD,review importer unlimited,etsy importer,broad,5.0,0,0,0.0,0,0.0,0.0,0.0,0.0,0.0,0.0,,,,,
Judge.me Product Reviews App,Search_EN_Features_2024.08.19,2026-02-24,2026-03-17,UTC,USD,review importer from vendor,etsy importer,broad,5.0,0,0,0.0,0,0.0,0.0,0.0,0.0,0.0,0.0,,,,,
Judge.me Product Reviews App,Search_EN_Features_2024.08.19,2026-02-24,2026-03-17,UTC,USD,review import woocommerce,etsy importer,broad,5.0,0,0,0.0,0,0.0,0.0,0.0,0.0,0.0,0.0,,,,,
Judge.me Product Reviews App,Search_EN_Features_2024.08.19,2026-02-24,2026-03-17,UTC,USD,review import tokopedia,etsy importer,broad,5.0,0,0,0.0,0,0.0,0.0,0.0,0.0,0.0,0.0,,,,,
Judge.me Product Reviews App,Search_EN_Features_2024.08.19,2026-02-24,2026-03-17,UTC,USD,review import alibab,etsy importer,broad,5.0,0,0,0.0,0,0.0,0.0,0.0,0.0,0.0,0.0,,,,,
Judge.me Product Reviews App,Search_EN_Features_2024.08.19,2026-02-24,2026-03-17,UTC,USD,review etsy migration,etsy importer,broad,5.0,0,0,0.0,0,0.0,0.0,0.0,0.0,0.0,0.0,,,,,
Judge.me Product Reviews App,Search_EN_Features_2024.08.19,2026-02-24,2026-03-17,UTC,USD,review etsy,etsy importer,broad,5.0,0,0,0.0,0,0.0,0.0,0.0,0.0,0.0,0.0,,,,,
Judge.me Product Reviews App,Search_EN_Features_2024.08.19,2026-02-24,2026-03-17,UTC,USD,review apps that work with etsy,etsy importer,broad,5.0,0,0,0.0,0,0.0,0.0,0.0,0.0,0.0,0.0,,,,,
Judge.me Product Reviews App,Search_EN_Features_2024.08.19,2026-02-24,2026-03-17,UTC,USD,revies importer,etsy importer,broad,5.0,0,0,0.0,0,0.0,0.0,0.0,0.0,0.0,0.0,,,,,
Judge.me Product Reviews App,Search_EN_Features_2024.08.19,2026-02-24,2026-03-17,UTC,USD,rest api import,etsy importer,broad,5.0,0,0,0.0,0,0.0,0.0,0.0,0.0,0.0,0.0,,,,,
Judge.me Product Reviews App,Search_EN_Features_2024.08.19,2026-02-24,2026-03-17,UTC,USD,reputon etsy reviews,etsy importer,broad,5.0,0,0,0.0,0,0.0,0.0,0.0,0.0,0.0,0.0,,,,,
Judge.me Product Reviews App,Search_EN_Features_2024.08.19,2026-02-24,2026-03-17,UTC,USD,reputed etsy reviews,etsy importer,broad,5.0,0,0,0.0,0,0.0,0.0,0.0,0.0,0.0,0.0,,,,,
Judge.me Product Reviews App,Search_EN_Features_2024.08.19,2026-02-24,2026-03-17,UTC,USD,purchase order import,etsy importer,broad,5.0,0,0,0.0,0,0.0,0.0,0.0,0.0,0.0,0.0,,,,,
Judge.me Product Reviews App,Search_EN_Features_2024.08.19,2026-02-24,2026-03-17,UTC,USD,produkt import,etsy importer,broad,5.0,0,0,0.0,0,0.0,0.0,0.0,0.0,0.0,0.0,,,,,
Judge.me Product Reviews App,Search_EN_Features_2024.08.19,2026-02-24,2026-03-17,UTC,USD,products importer,etsy importer,broad,5.0,0,0,0.0,0,0.0,0.0,0.0,0.0,0.0,0.0,,,,,
Judge.me Product Reviews App,Search_EN_Features_2024.08.19,2026-02-24,2026-03-17,UTC,USD,products import wizard pro,etsy importer,broad,5.0,0,0,0.0,0,0.0,0.0,0.0,0.0,0.0,0.0,,,,,
Judge.me Product Reviews App,Search_EN_Features_2024.08.19,2026-02-24,2026-03-17,UTC,USD,product xml import by proxi,etsy importer,broad,5.0,0,0,0.0,0,0.0,0.0,0.0,0.0,0.0,0.0,,,,,
Judge.me Product Reviews App,Search_EN_Features_2024.08.19,2026-02-24,2026-03-17,UTC,USD,product xml import,etsy importer,broad,5.0,0,0,0.0,0,0.0,0.0,0.0,0.0,0.0,0.0,,,,,
Judge.me Product Reviews App,Search_EN_Features_2024.08.19,2026-02-24,2026-03-17,UTC,USD,product temu import,etsy importer,broad,5.0,0,0,0.0,0,0.0,0.0,0.0,0.0,0.0,0.0,,,,,
Judge.me Product Reviews App,Search_EN_Features_2024.08.19,2026-02-24,2026-03-17,UTC,USD,product sheet import,etsy importer,broad,5.0,0,0,0.0,0,0.0,0.0,0.0,0.0,0.0,0.0,,,,,
Judge.me Product Reviews App,Search_EN_Features_2024.08.19,2026-02-24,2026-03-17,UTC,USD,product scraper import,etsy importer,broad,5.0,0,0,0.0,0,0.0,0.0,0.0,0.0,0.0,0.0,,,,,
Judge.me Product Reviews App,Search_EN_Features_2024.08.19,2026-02-24,2026-03-17,UTC,USD,product review etsy,etsy importer,broad,5.0,0,0,0.0,0,0.0,0.0,0.0,0.0,0.0,0.0,,,,,
Judge.me Product Reviews App,Search_EN_Features_2024.08.19,2026-02-24,2026-03-17,UTC,USD,product review and importer,etsy importer,broad,5.0,0,0,0.0,0,0.0,0.0,0.0,0.0,0.0,0.0,,,,,
Judge.me Product Reviews App,Search_EN_Features_2024.08.19,2026-02-24,2026-03-17,UTC,USD,product link importer,etsy importer,broad,5.0,0,0,0.0,0,0.0,0.0,0.0,0.0,0.0,0.0,,,,,
Judge.me Product Reviews App,Search_EN_Features_2024.08.19,2026-02-24,2026-03-17,UTC,USD,product link import,etsy importer,broad,5.0,0,0,0.0,0,0.0,0.0,0.0,0.0,0.0,0.0,,,,,
Judge.me Product Reviews App,Search_EN_Features_2024.08.19,2026-02-24,2026-03-17,UTC,USD,product importers,etsy importer,broad,5.0,0,0,0.0,0,0.0,0.0,0.0,0.0,0.0,0.0,,,,,
Judge.me Product Reviews App,Search_EN_Features_2024.08.19,2026-02-24,2026-03-17,UTC,USD,product importer xml,etsy importer,broad,5.0,0,0,0.0,0,0.0,0.0,0.0,0.0,0.0,0.0,,,,,
Judge.me Product Reviews App,Search_EN_Features_2024.08.19,2026-02-24,2026-03-17,UTC,USD,product importer url,etsy importer,broad,5.0,0,0,0.0,0,0.0,0.0,0.0,0.0,0.0,0.0,,,,,
Judge.me Product Reviews App,Search_EN_Features_2024.08.19,2026-02-24,2026-03-17,UTC,USD,product importer shopify,etsy importer,broad,5.0,0,0,0.0,0,0.0,0.0,0.0,0.0,0.0,0.0,,,,,
Judge.me Product Reviews App,Search_EN_Features_2024.08.19,2026-02-24,2026-03-17,UTC,USD,product importer scraper,etsy importer,broad,5.0,0,0,0.0,0,0.0,0.0,0.0,0.0,0.0,0.0,,,,,
Judge.me Product Reviews App,Search_EN_Features_2024.08.19,2026-02-24,2026-03-17,UTC,USD,product importer from temu,etsy importer,broad,5.0,0,0,0.0,0,0.0,0.0,0.0,0.0,0.0,0.0,,,,,
Judge.me Product Reviews App,Search_EN_Features_2024.08.19,2026-02-24,2026-03-17,UTC,USD,product importer from amaz,etsy importer,broad,5.0,0,0,0.0,0,0.0,0.0,0.0,0.0,0.0,0.0,,,,,
Judge.me Product Reviews App,Search_EN_Features_2024.08.19,2026-02-24,2026-03-17,UTC,USD,product importer free,etsy importer,broad,5.0,0,0,0.0,0,0.0,0.0,0.0,0.0,0.0,0.0,,,,,
Judge.me Product Reviews App,Search_EN_Features_2024.08.19,2026-02-24,2026-03-17,UTC,USD,product importer form website,etsy importer,broad,5.0,0,0,0.0,0,0.0,0.0,0.0,0.0,0.0,0.0,,,,,
Judge.me Product Reviews App,Search_EN_Features_2024.08.19,2026-02-24,2026-03-17,UTC,USD,product importer form shopify other website,etsy importer,broad,5.0,0,0,0.0,0,0.0,0.0,0.0,0.0,0.0,0.0,,,,,
Judge.me Product Reviews App,Search_EN_Features_2024.08.19,2026-02-24,2026-03-17,UTC,USD,product importer bulk,etsy importer,broad,5.0,0,0,0.0,0,0.0,0.0,0.0,0.0,0.0,0.0,,,,,
Judge.me Product Reviews App,Search_EN_Features_2024.08.19,2026-02-24,2026-03-17,UTC,USD,product importer aliexpress,etsy importer,broad,5.0,0,0,0.0,0,0.0,0.0,0.0,0.0,0.0,0.0,,,,,
Judge.me Product Reviews App,Search_EN_Features_2024.08.19,2026-02-24,2026-03-17,UTC,USD,product importer alibaba,etsy importer,broad,5.0,0,0,0.0,0,0.0,0.0,0.0,0.0,0.0,0.0,,,,,
Judge.me Product Reviews App,Search_EN_Features_2024.08.19,2026-02-24,2026-03-17,UTC,USD,product importer ai,etsy importer,broad,5.0,0,0,0.0,0,0.0,0.0,0.0,0.0,0.0,0.0,,,,,
Judge.me Product Reviews App,Search_EN_Features_2024.08.19,2026-02-24,2026-03-17,UTC,USD,product importe,etsy importer,broad,5.0,0,0,0.0,0,0.0,0.0,0.0,0.0,0.0,0.0,,,,,
Judge.me Product Reviews App,Search_EN_Features_2024.08.19,2026-02-24,2026-03-17,UTC,USD,product import woocommerce,etsy importer,broad,5.0,0,0,0.0,0,0.0,0.0,0.0,0.0,0.0,0.0,,,,,
Judge.me Product Reviews App,Search_EN_Features_2024.08.19,2026-02-24,2026-03-17,UTC,USD,product import wizard,etsy importer,broad,5.0,0,0,0.0,0,0.0,0.0,0.0,0.0,0.0,0.0,,,,,
Judge.me Product Reviews App,Search_EN_Features_2024.08.19,2026-02-24,2026-03-17,UTC,USD,product import supplier sync,etsy importer,broad,5.0,0,0,0.0,0,0.0,0.0,0.0,0.0,0.0,0.0,,,,,
Judge.me Product Reviews App,Search_EN_Features_2024.08.19,2026-02-24,2026-03-17,UTC,USD,product import shopline,etsy importer,broad,5.0,0,0,0.0,0,0.0,0.0,0.0,0.0,0.0,0.0,,,,,
Judge.me Product Reviews App,Search_EN_Features_2024.08.19,2026-02-24,2026-03-17,UTC,USD,product import shopl,etsy importer,broad,5.0,0,0,0.0,0,0.0,0.0,0.0,0.0,0.0,0.0,,,,,
Judge.me Product Reviews App,Search_EN_Features_2024.08.19,2026-02-24,2026-03-17,UTC,USD,product import scan,etsy importer,broad,5.0,0,0,0.0,0,0.0,0.0,0.0,0.0,0.0,0.0,,,,,
Judge.me Product Reviews App,Search_EN_Features_2024.08.19,2026-02-24,2026-03-17,UTC,USD,product import reviews,etsy importer,broad,5.0,0,0,0.0,0,0.0,0.0,0.0,0.0,0.0,0.0,,,,,
Judge.me Product Reviews App,Search_EN_Features_2024.08.19,2026-02-24,2026-03-17,UTC,USD,product import rest api json b2b,etsy importer,broad,5.0,0,0,0.0,0,0.0,0.0,0.0,0.0,0.0,0.0,,,,,
Judge.me Product Reviews App,Search_EN_Features_2024.08.19,2026-02-24,2026-03-17,UTC,USD,product import rest api json,etsy importer,broad,5.0,0,0,0.0,0,0.0,0.0,0.0,0.0,0.0,0.0,,,,,
Judge.me Product Reviews App,Search_EN_Features_2024.08.19,2026-02-24,2026-03-17,UTC,USD,product import rest api,etsy importer,broad,5.0,0,0,0.0,0,0.0,0.0,0.0,0.0,0.0,0.0,,,,,
Judge.me Product Reviews App,Search_EN_Features_2024.08.19,2026-02-24,2026-03-17,UTC,USD,product import meta fields,etsy importer,broad,5.0,0,0,0.0,0,0.0,0.0,0.0,0.0,0.0,0.0,,,,,
Judge.me Product Reviews App,Search_EN_Features_2024.08.19,2026-02-24,2026-03-17,UTC,USD,product import from shopify,etsy importer,broad,5.0,0,0,0.0,0,0.0,0.0,0.0,0.0,0.0,0.0,,,,,
Judge.me Product Reviews App,Search_EN_Features_2024.08.19,2026-02-24,2026-03-17,UTC,USD,product import free,etsy importer,broad,5.0,0,0,0.0,0,0.0,0.0,0.0,0.0,0.0,0.0,,,,,
Judge.me Product Reviews App,Search_EN_Features_2024.08.19,2026-02-24,2026-03-17,UTC,USD,product import feed processor,etsy importer,broad,5.0,0,0,0.0,0,0.0,0.0,0.0,0.0,0.0,0.0,,,,,
Judge.me Product Reviews App,Search_EN_Features_2024.08.19,2026-02-24,2026-03-17,UTC,USD,product import feed,etsy importer,broad,5.0,0,0,0.0,0,0.0,0.0,0.0,0.0,0.0,0.0,,,,,
Judge.me Product Reviews App,Search_EN_Features_2024.08.19,2026-02-24,2026-03-17,UTC,USD,product import export,etsy importer,broad,5.0,0,0,0.0,0,0.0,0.0,0.0,0.0,0.0,0.0,,,,,
Judge.me Product Reviews App,Search_EN_Features_2024.08.19,2026-02-24,2026-03-17,UTC,USD,product import dropshipping,etsy importer,broad,5.0,0,0,0.0,0,0.0,0.0,0.0,0.0,0.0,0.0,,,,,
Judge.me Product Reviews App,Search_EN_Features_2024.08.19,2026-02-24,2026-03-17,UTC,USD,product import cleanup assistant,etsy importer,broad,5.0,0,0,0.0,0,0.0,0.0,0.0,0.0,0.0,0.0,,,,,
Judge.me Product Reviews App,Search_EN_Features_2024.08.19,2026-02-24,2026-03-17,UTC,USD,product import chrome extension,etsy importer,broad,5.0,0,0,0.0,0,0.0,0.0,0.0,0.0,0.0,0.0,,,,,
Judge.me Product Reviews App,Search_EN_Features_2024.08.19,2026-02-24,2026-03-17,UTC,USD,product import and export,etsy importer,broad,5.0,0,0,0.0,0,0.0,0.0,0.0,0.0,0.0,0.0,,,,,
Judge.me Product Reviews App,Search_EN_Features_2024.08.19,2026-02-24,2026-03-17,UTC,USD,product import ai,etsy importer,broad,5.0,0,0,0.0,0,0.0,0.0,0.0,0.0,0.0,0.0,,,,,
Judge.me Product Reviews App,Search_EN_Features_2024.08.19,2026-02-24,2026-03-17,UTC,USD,product import,etsy importer,broad,5.0,0,0,0.0,0,0.0,0.0,0.0,0.0,0.0,0.0,,,,,
Judge.me Product Reviews App,Search_EN_Features_2024.08.19,2026-02-24,2026-03-17,UTC,USD,product feed import csv,etsy importer,broad,5.0,0,0,0.0,0,0.0,0.0,0.0,0.0,0.0,0.0,,,,,
Judge.me Product Reviews App,Search_EN_Features_2024.08.19,2026-02-24,2026-03-17,UTC,USD,product data import,etsy importer,broad,5.0,0,0,0.0,0,0.0,0.0,0.0,0.0,0.0,0.0,,,,,
Judge.me Product Reviews App,Search_EN_Features_2024.08.19,2026-02-24,2026-03-17,UTC,USD,product csv importers,etsy importer,broad,5.0,0,0,0.0,0,0.0,0.0,0.0,0.0,0.0,0.0,,,,,
Judge.me Product Reviews App,Search_EN_Features_2024.08.19,2026-02-24,2026-03-17,UTC,USD,product csv importer,etsy importer,broad,5.0,0,0,0.0,0,0.0,0.0,0.0,0.0,0.0,0.0,,,,,
Judge.me Product Reviews App,Search_EN_Features_2024.08.19,2026-02-24,2026-03-17,UTC,USD,product csv import,etsy importer,broad,5.0,0,0,0.0,0,0.0,0.0,0.0,0.0,0.0,0.0,,,,,
Judge.me Product Reviews App,Search_EN_Features_2024.08.19,2026-02-24,2026-03-17,UTC,USD,pro importer,etsy importer,broad,5.0,0,0,0.0,0,0.0,0.0,0.0,0.0,0.0,0.0,,,,,
Judge.me Product Reviews App,Search_EN_Features_2024.08.19,2026-02-24,2026-03-17,UTC,USD,print on demand etsy,etsy importer,broad,5.0,0,0,0.0,0,0.0,0.0,0.0,0.0,0.0,0.0,,,,,
Judge.me Product Reviews App,Search_EN_Features_2024.08.19,2026-02-24,2026-03-17,UTC,USD,priduct data import,etsy importer,broad,5.0,0,0,0.0,0,0.0,0.0,0.0,0.0,0.0,0.0,,,,,
Judge.me Product Reviews App,Search_EN_Features_2024.08.19,2026-02-24,2026-03-17,UTC,USD,prestashop order import csv,etsy importer,broad,5.0,0,0,0.0,0,0.0,0.0,0.0,0.0,0.0,0.0,,,,,
Judge.me Product Reviews App,Search_EN_Features_2024.08.19,2026-02-24,2026-03-17,UTC,USD,prestashop importer,etsy importer,broad,5.0,0,0,0.0,0,0.0,0.0,0.0,0.0,0.0,0.0,,,,,
Judge.me Product Reviews App,Search_EN_Features_2024.08.19,2026-02-24,2026-03-17,UTC,USD,prestashop import,etsy importer,broad,5.0,0,0,0.0,0,0.0,0.0,0.0,0.0,0.0,0.0,,,,,
Judge.me Product Reviews App,Search_EN_Features_2024.08.19,2026-02-24,2026-03-17,UTC,USD,post blog import,etsy importer,broad,5.0,0,0,0.0,0,0.0,0.0,0.0,0.0,0.0,0.0,,,,,
Judge.me Product Reviews App,Search_EN_Features_2024.08.19,2026-02-24,2026-03-17,UTC,USD,poky-product importer,etsy importer,broad,5.0,0,0,0.0,0,0.0,0.0,0.0,0.0,0.0,0.0,,,,,
Judge.me Product Reviews App,Search_EN_Features_2024.08.19,2026-02-24,2026-03-17,UTC,USD,poky importer,etsy importer,broad,5.0,0,0,0.0,0,0.0,0.0,0.0,0.0,0.0,0.0,,,,,
Judge.me Product Reviews App,Search_EN_Features_2024.08.19,2026-02-24,2026-03-17,UTC,USD,poky ? product importer,etsy importer,broad,5.0,0,0,0.0,0,0.0,0.0,0.0,0.0,0.0,0.0,,,,,
Judge.me Product Reviews App,Search_EN_Features_2024.08.19,2026-02-24,2026-03-17,UTC,USD,poki product importer,etsy importer,broad,5.0,0,0,0.0,0,0.0,0.0,0.0,0.0,0.0,0.0,,,,,
Judge.me Product Reviews App,Search_EN_Features_2024.08.19,2026-02-24,2026-03-17,UTC,USD,po import,etsy importer,broad,5.0,0,0,0.0,0,0.0,0.0,0.0,0.0,0.0,0.0,,,,,
Judge.me Product Reviews App,Search_EN_Features_2024.08.19,2026-02-24,2026-03-17,UTC,USD,pixc import,etsy importer,broad,5.0,0,0,0.0,0,0.0,0.0,0.0,0.0,0.0,0.0,,,,,
Judge.me Product Reviews App,Search_EN_Features_2024.08.19,2026-02-24,2026-03-17,UTC,USD,ph csv import & inventory update,etsy importer,broad,5.0,0,0,0.0,0,0.0,0.0,0.0,0.0,0.0,0.0,,,,,
Judge.me Product Reviews App,Search_EN_Features_2024.08.19,2026-02-24,2026-03-17,UTC,USD,password import,etsy importer,broad,5.0,0,0,0.0,0,0.0,0.0,0.0,0.0,0.0,0.0,,,,,
Judge.me Product Reviews App,Search_EN_Features_2024.08.19,2026-02-24,2026-03-17,UTC,USD,pages import,etsy importer,broad,5.0,0,0,0.0,0,0.0,0.0,0.0,0.0,0.0,0.0,,,,,
Judge.me Product Reviews App,Search_EN_Features_2024.08.19,2026-02-24,2026-03-17,UTC,USD,page import,etsy importer,broad,5.0,0,0,0.0,0,0.0,0.0,0.0,0.0,0.0,0.0,,,,,
Judge.me Product Reviews App,Search_EN_Features_2024.08.19,2026-02-24,2026-03-17,UTC,USD,outlink product importer,etsy importer,broad,5.0,0,0,0.0,0,0.0,0.0,0.0,0.0,0.0,0.0,,,,,
Judge.me Product Reviews App,Search_EN_Features_2024.08.19,2026-02-24,2026-03-17,UTC,USD,order's up! csv order importer,etsy importer,broad,5.0,0,0,0.0,0,0.0,0.0,0.0,0.0,0.0,0.0,,,,,
Judge.me Product Reviews App,Search_EN_Features_2024.08.19,2026-02-24,2026-03-17,UTC,USD,order importer mini,etsy importer,broad,5.0,0,0,0.0,0,0.0,0.0,0.0,0.0,0.0,0.0,,,,,
Judge.me Product Reviews App,Search_EN_Features_2024.08.19,2026-02-24,2026-03-17,UTC,USD,order import,etsy importer,broad,5.0,0,0,0.0,0,0.0,0.0,0.0,0.0,0.0,0.0,,,,,
Judge.me Product Reviews App,Search_EN_Features_2024.08.19,2026-02-24,2026-03-17,UTC,USD,order history importer,etsy importer,broad,5.0,0,0,0.0,0,0.0,0.0,0.0,0.0,0.0,0.0,,,,,
Judge.me Product Reviews App,Search_EN_Features_2024.08.19,2026-02-24,2026-03-17,UTC,USD,order data import,etsy importer,broad,5.0,0,0,0.0,0,0.0,0.0,0.0,0.0,0.0,0.0,,,,,
Judge.me Product Reviews App,Search_EN_Features_2024.08.19,2026-02-24,2026-03-17,UTC,USD,one click product importer,etsy importer,broad,5.0,0,0,0.0,0,0.0,0.0,0.0,0.0,0.0,0.0,,,,,
Judge.me Product Reviews App,Search_EN_Features_2024.08.19,2026-02-24,2026-03-17,UTC,USD,omar's etsy importer,etsy importer,broad,5.0,0,0,0.0,0,0.0,0.0,0.0,0.0,0.0,0.0,,,,,
Judge.me Product Reviews App,Search_EN_Features_2024.08.19,2026-02-24,2026-03-17,UTC,USD,old orders etsy importer,etsy importer,broad,5.0,0,0,0.0,0,0.0,0.0,0.0,0.0,0.0,0.0,,,,,
Judge.me Product Reviews App,Search_EN_Features_2024.08.19,2026-02-24,2026-03-17,UTC,USD,odoo products import,etsy importer,broad,5.0,0,0,0.0,0,0.0,0.0,0.0,0.0,0.0,0.0,,,,,
Judge.me Product Reviews App,Search_EN_Features_2024.08.19,2026-02-24,2026-03-17,UTC,USD,myshop ? product xml import 1?? feed einrichten,etsy importer,broad,5.0,0,0,0.0,0,0.0,0.0,0.0,0.0,0.0,0.0,,,,,
Judge.me Product Reviews App,Search_EN_Features_2024.08.19,2026-02-24,2026-03-17,UTC,USD,mypost business importer,etsy importer,broad,5.0,0,0,0.0,0,0.0,0.0,0.0,0.0,0.0,0.0,,,,,
Judge.me Product Reviews App,Search_EN_Features_2024.08.19,2026-02-24,2026-03-17,UTC,USD,myntra product import,etsy importer,broad,5.0,0,0,0.0,0,0.0,0.0,0.0,0.0,0.0,0.0,,,,,
Judge.me Product Reviews App,Search_EN_Features_2024.08.19,2026-02-24,2026-03-17,UTC,USD,multichannel importer,etsy importer,broad,5.0,0,0,0.0,0,0.0,0.0,0.0,0.0,0.0,0.0,,,,,
Judge.me Product Reviews App,Search_EN_Features_2024.08.19,2026-02-24,2026-03-17,UTC,USD,multi-channel importer,etsy importer,broad,5.0,0,0,0.0,0,0.0,0.0,0.0,0.0,0.0,0.0,,,,,
Judge.me Product Reviews App,Search_EN_Features_2024.08.19,2026-02-24,2026-03-17,UTC,USD,mp store migration import,etsy importer,broad,5.0,0,0,0.0,0,0.0,0.0,0.0,0.0,0.0,0.0,,,,,
Judge.me Product Reviews App,Search_EN_Features_2024.08.19,2026-02-24,2026-03-17,UTC,USD,mp ? store migration & import,etsy importer,broad,5.0,0,0,0.0,0,0.0,0.0,0.0,0.0,0.0,0.0,,,,,
Judge.me Product Reviews App,Search_EN_Features_2024.08.19,2026-02-24,2026-03-17,UTC,USD,migrate & import store data,etsy importer,broad,5.0,0,0,0.0,0,0.0,0.0,0.0,0.0,0.0,0.0,,,,,
Judge.me Product Reviews App,Search_EN_Features_2024.08.19,2026-02-24,2026-03-17,UTC,USD,metaobject import free,etsy importer,broad,5.0,0,0,0.0,0,0.0,0.0,0.0,0.0,0.0,0.0,,,,,
Judge.me Product Reviews App,Search_EN_Features_2024.08.19,2026-02-24,2026-03-17,UTC,USD,metaobject import,etsy importer,broad,5.0,0,0,0.0,0,0.0,0.0,0.0,0.0,0.0,0.0,,,,,
Judge.me Product Reviews App,Search_EN_Features_2024.08.19,2026-02-24,2026-03-17,UTC,USD,metafield translation import,etsy importer,broad,5.0,0,0,0.0,0,0.0,0.0,0.0,0.0,0.0,0.0,,,,,
Judge.me Product Reviews App,Search_EN_Features_2024.08.19,2026-02-24,2026-03-17,UTC,USD,menu import export,etsy importer,broad,5.0,0,0,0.0,0,0.0,0.0,0.0,0.0,0.0,0.0,,,,,
Judge.me Product Reviews App,Search_EN_Features_2024.08.19,2026-02-24,2026-03-17,UTC,USD,menu import,etsy importer,broad,5.0,0,0,0.0,0,0.0,0.0,0.0,0.0,0.0,0.0,,,,,
Judge.me Product Reviews App,Search_EN_Features_2024.08.19,2026-02-24,2026-03-17,UTC,USD,meet collections import export,etsy importer,broad,5.0,0,0,0.0,0,0.0,0.0,0.0,0.0,0.0,0.0,,,,,
Judge.me Product Reviews App,Search_EN_Features_2024.08.19,2026-02-24,2026-03-17,UTC,USD,matrixrates import/export,etsy importer,broad,5.0,0,0,0.0,0,0.0,0.0,0.0,0.0,0.0,0.0,,,,,
Judge.me Product Reviews App,Search_EN_Features_2024.08.19,2026-02-24,2026-03-17,UTC,USD,matrixify ? excel & csv import export,etsy importer,broad,5.0,0,0,0.0,0,0.0,0.0,0.0,0.0,0.0,0.0,,,,,
Judge.me Product Reviews App,Search_EN_Features_2024.08.19,2026-02-24,2026-03-17,UTC,USD,marketplace connect etsy,etsy importer,broad,5.0,0,0,0.0,0,0.0,0.0,0.0,0.0,0.0,0.0,,,,,
Judge.me Product Reviews App,Search_EN_Features_2024.08.19,2026-02-24,2026-03-17,UTC,USD,m2e cloud temu importer,etsy importer,broad,5.0,0,0,0.0,0,0.0,0.0,0.0,0.0,0.0,0.0,,,,,
Judge.me Product Reviews App,Search_EN_Features_2024.08.19,2026-02-24,2026-03-17,UTC,USD,m2e cloud - kaufland importer,etsy importer,broad,5.0,0,0,0.0,0,0.0,0.0,0.0,0.0,0.0,0.0,,,,,
Judge.me Product Reviews App,Search_EN_Features_2024.08.19,2026-02-24,2026-03-17,UTC,USD,loox reviews importer,etsy importer,broad,5.0,0,0,0.0,0,0.0,0.0,0.0,0.0,0.0,0.0,,,,,
Judge.me Product Reviews App,Search_EN_Features_2024.08.19,2026-02-24,2026-03-17,UTC,USD,locations import,etsy importer,broad,5.0,0,0,0.0,0,0.0,0.0,0.0,0.0,0.0,0.0,,,,,
Judge.me Product Reviews App,Search_EN_Features_2024.08.19,2026-02-24,2026-03-17,UTC,USD,litcommerce etsy integrati,etsy importer,broad,5.0,0,0,0.0,0,0.0,0.0,0.0,0.0,0.0,0.0,,,,,
Judge.me Product Reviews App,Search_EN_Features_2024.08.19,2026-02-24,2026-03-17,UTC,USD,listing etsy,etsy importer,broad,5.0,0,0,0.0,0,0.0,0.0,0.0,0.0,0.0,0.0,,,,,
Judge.me Product Reviews App,Search_EN_Features_2024.08.19,2026-02-24,2026-03-17,UTC,USD,le ? store migration & import,etsy importer,broad,5.0,0,0,0.0,0,0.0,0.0,0.0,0.0,0.0,0.0,,,,,
Judge.me Product Reviews App,Search_EN_Features_2024.08.19,2026-02-24,2026-03-17,UTC,USD,kopy?fy import copy products,etsy importer,broad,5.0,0,0,0.0,0,0.0,0.0,0.0,0.0,0.0,0.0,,,,,
Judge.me Product Reviews App,Search_EN_Features_2024.08.19,2026-02-24,2026-03-17,UTC,USD,kopy-fy import copy products,etsy importer,broad,5.0,0,0,0.0,0,0.0,0.0,0.0,0.0,0.0,0.0,,,,,
Judge.me Product Reviews App,Search_EN_Features_2024.08.19,2026-02-24,2026-03-17,UTC,USD,kopy product importer,etsy importer,broad,5.0,0,0,0.0,0,0.0,0.0,0.0,0.0,0.0,0.0,,,,,
Judge.me Product Reviews App,Search_EN_Features_2024.08.19,2026-02-24,2026-03-17,UTC,USD,kopy import,etsy importer,broad,5.0,0,0,0.0,0,0.0,0.0,0.0,0.0,0.0,0.0,,,,,
Judge.me Product Reviews App,Search_EN_Features_2024.08.19,2026-02-24,2026-03-17,UTC,USD,k: google reviews importer,etsy importer,broad,5.0,0,0,0.0,0,0.0,0.0,0.0,0.0,0.0,0.0,,,,,
Judge.me Product Reviews App,Search_EN_Features_2024.08.19,2026-02-24,2026-03-17,UTC,USD,jugme importer,etsy importer,broad,5.0,0,0,0.0,0,0.0,0.0,0.0,0.0,0.0,0.0,,,,,
Judge.me Product Reviews App,Search_EN_Features_2024.08.19,2026-02-24,2026-03-17,UTC,USD,judme import,etsy importer,broad,5.0,0,0,0.0,0,0.0,0.0,0.0,0.0,0.0,0.0,,,,,
Judge.me Product Reviews App,Search_EN_Features_2024.08.19,2026-02-24,2026-03-17,UTC,USD,judje me ali reviews importer,etsy importer,broad,5.0,0,0,0.0,0,0.0,0.0,0.0,0.0,0.0,0.0,,,,,
Judge.me Product Reviews App,Search_EN_Features_2024.08.19,2026-02-24,2026-03-17,UTC,USD,judge.me import,etsy importer,broad,5.0,0,0,0.0,0,0.0,0.0,0.0,0.0,0.0,0.0,,,,,
Judge.me Product Reviews App,Search_EN_Features_2024.08.19,2026-02-24,2026-03-17,UTC,USD,judge. me all reviews importer,etsy importer,broad,5.0,0,0,0.0,0,0.0,0.0,0.0,0.0,0.0,0.0,,,,,
Judge.me Product Reviews App,Search_EN_Features_2024.08.19,2026-02-24,2026-03-17,UTC,USD,judge me tiktok importer,etsy importer,broad,5.0,0,0,0.0,0,0.0,0.0,0.0,0.0,0.0,0.0,,,,,
Judge.me Product Reviews App,Search_EN_Features_2024.08.19,2026-02-24,2026-03-17,UTC,USD,judge me reviews import,etsy importer,broad,5.0,0,0,0.0,0,0.0,0.0,0.0,0.0,0.0,0.0,,,,,
Judge.me Product Reviews App,Search_EN_Features_2024.08.19,2026-02-24,2026-03-17,UTC,USD,judge me importer aliexpress,etsy importer,broad,5.0,0,0,0.0,0,0.0,0.0,0.0,0.0,0.0,0.0,,,,,
Judge.me Product Reviews App,Search_EN_Features_2024.08.19,2026-02-24,2026-03-17,UTC,USD,jewelry importer,etsy importer,broad,5.0,0,0,0.0,0,0.0,0.0,0.0,0.0,0.0,0.0,,,,,
Judge.me Product Reviews App,Search_EN_Features_2024.08.19,2026-02-24,2026-03-17,UTC,USD,inventory syncing etsy,etsy importer,broad,5.0,0,0,0.0,0,0.0,0.0,0.0,0.0,0.0,0.0,,,,,
Judge.me Product Reviews App,Search_EN_Features_2024.08.19,2026-02-24,2026-03-17,UTC,USD,inventory sync etsy ebay,etsy importer,broad,5.0,0,0,0.0,0,0.0,0.0,0.0,0.0,0.0,0.0,,,,,
Judge.me Product Reviews App,Search_EN_Features_2024.08.19,2026-02-24,2026-03-17,UTC,USD,inventory sync etsy,etsy importer,broad,5.0,0,0,0.0,0,0.0,0.0,0.0,0.0,0.0,0.0,,,,,
Judge.me Product Reviews App,Search_EN_Features_2024.08.19,2026-02-24,2026-03-17,UTC,USD,inventory importer,etsy importer,broad,5.0,0,0,0.0,0,0.0,0.0,0.0,0.0,0.0,0.0,,,,,
Judge.me Product Reviews App,Search_EN_Features_2024.08.19,2026-02-24,2026-03-17,UTC,USD,inventory import by upc,etsy importer,broad,5.0,0,0,0.0,0,0.0,0.0,0.0,0.0,0.0,0.0,,,,,
Judge.me Product Reviews App,Search_EN_Features_2024.08.19,2026-02-24,2026-03-17,UTC,USD,inventory import,etsy importer,broad,5.0,0,0,0.0,0,0.0,0.0,0.0,0.0,0.0,0.0,,,,,
Judge.me Product Reviews App,Search_EN_Features_2024.08.19,2026-02-24,2026-03-17,UTC,USD,in store order import,etsy importer,broad,5.0,0,0,0.0,0,0.0,0.0,0.0,0.0,0.0,0.0,,,,,
Judge.me Product Reviews App,Search_EN_Features_2024.08.19,2026-02-24,2026-03-17,UTC,USD,importity,etsy importer,broad,5.0,0,0,0.0,0,0.0,0.0,0.0,0.0,0.0,0.0,,,,,
Judge.me Product Reviews App,Search_EN_Features_2024.08.19,2026-02-24,2026-03-17,UTC,USD,importing suppliers to shopify,etsy importer,broad,5.0,0,0,0.0,0,0.0,0.0,0.0,0.0,0.0,0.0,,,,,
Judge.me Product Reviews App,Search_EN_Features_2024.08.19,2026-02-24,2026-03-17,UTC,USD,importing products from websites,etsy importer,broad,5.0,0,0,0.0,0,0.0,0.0,0.0,0.0,0.0,0.0,,,,,
Judge.me Product Reviews App,Search_EN_Features_2024.08.19,2026-02-24,2026-03-17,UTC,USD,importing product,etsy importer,broad,5.0,0,0,0.0,0,0.0,0.0,0.0,0.0,0.0,0.0,,,,,
Judge.me Product Reviews App,Search_EN_Features_2024.08.19,2026-02-24,2026-03-17,UTC,USD,importing inventory,etsy importer,broad,5.0,0,0,0.0,0,0.0,0.0,0.0,0.0,0.0,0.0,,,,,
Judge.me Product Reviews App,Search_EN_Features_2024.08.19,2026-02-24,2026-03-17,UTC,USD,importing categories and sub categories,etsy importer,broad,5.0,0,0,0.0,0,0.0,0.0,0.0,0.0,0.0,0.0,,,,,
Judge.me Product Reviews App,Search_EN_Features_2024.08.19,2026-02-24,2026-03-17,UTC,USD,importer woocomerce,etsy importer,broad,5.0,0,0,0.0,0,0.0,0.0,0.0,0.0,0.0,0.0,,,,,
Judge.me Product Reviews App,Search_EN_Features_2024.08.19,2026-02-24,2026-03-17,UTC,USD,importer une boutique,etsy importer,broad,5.0,0,0,0.0,0,0.0,0.0,0.0,0.0,0.0,0.0,,,,,
Judge.me Product Reviews App,Search_EN_Features_2024.08.19,2026-02-24,2026-03-17,UTC,USD,importer store,etsy importer,broad,5.0,0,0,0.0,0,0.0,0.0,0.0,0.0,0.0,0.0,,,,,
Judge.me Product Reviews App,Search_EN_Features_2024.08.19,2026-02-24,2026-03-17,UTC,USD,importer review,etsy importer,broad,5.0,0,0,0.0,0,0.0,0.0,0.0,0.0,0.0,0.0,,,,,
Judge.me Product Reviews App,Search_EN_Features_2024.08.19,2026-02-24,2026-03-17,UTC,USD,importer products,etsy importer,broad,5.0,0,0,0.0,0,0.0,0.0,0.0,0.0,0.0,0.0,,,,,
Judge.me Product Reviews App,Search_EN_Features_2024.08.19,2026-02-24,2026-03-17,UTC,USD,importer post,etsy importer,broad,5.0,0,0,0.0,0,0.0,0.0,0.0,0.0,0.0,0.0,,,,,
Judge.me Product Reviews App,Search_EN_Features_2024.08.19,2026-02-24,2026-03-17,UTC,USD,importer orders,etsy importer,broad,5.0,0,0,0.0,0,0.0,0.0,0.0,0.0,0.0,0.0,,,,,
Judge.me Product Reviews App,Search_EN_Features_2024.08.19,2026-02-24,2026-03-17,UTC,USD,importer le themes,etsy importer,broad,5.0,0,0,0.0,0,0.0,0.0,0.0,0.0,0.0,0.0,,,,,
Judge.me Product Reviews App,Search_EN_Features_2024.08.19,2026-02-24,2026-03-17,UTC,USD,importer from ebay to shopify,etsy importer,broad,5.0,0,0,0.0,0,0.0,0.0,0.0,0.0,0.0,0.0,,,,,
Judge.me Product Reviews App,Search_EN_Features_2024.08.19,2026-02-24,2026-03-17,UTC,USD,importer avis,etsy importer,broad,5.0,0,0,0.0,0,0.0,0.0,0.0,0.0,0.0,0.0,,,,,
Judge.me Product Reviews App,Search_EN_Features_2024.08.19,2026-02-24,2026-03-17,UTC,USD,importer and sync sp etsy,etsy importer,broad,5.0,0,0,0.0,0,0.0,0.0,0.0,0.0,0.0,0.0,,,,,
Judge.me Product Reviews App,Search_EN_Features_2024.08.19,2026-02-24,2026-03-17,UTC,USD,importer and sync,etsy importer,broad,5.0,0,0,0.0,0,0.0,0.0,0.0,0.0,0.0,0.0,,,,,
Judge.me Product Reviews App,Search_EN_Features_2024.08.19,2026-02-24,2026-03-17,UTC,USD,imported review,etsy importer,broad,5.0,0,0,0.0,0,0.0,0.0,0.0,0.0,0.0,0.0,,,,,
Judge.me Product Reviews App,Search_EN_Features_2024.08.19,2026-02-24,2026-03-17,UTC,USD,import&export,etsy importer,broad,5.0,0,0,0.0,0,0.0,0.0,0.0,0.0,0.0,0.0,,,,,
Judge.me Product Reviews App,Search_EN_Features_2024.08.19,2026-02-24,2026-03-17,UTC,USD,import/export metaobjects,etsy importer,broad,5.0,0,0,0.0,0,0.0,0.0,0.0,0.0,0.0,0.0,,,,,
Judge.me Product Reviews App,Search_EN_Features_2024.08.19,2026-02-24,2026-03-17,UTC,USD,import xml,etsy importer,broad,5.0,0,0,0.0,0,0.0,0.0,0.0,0.0,0.0,0.0,,,,,
Judge.me Product Reviews App,Search_EN_Features_2024.08.19,2026-02-24,2026-03-17,UTC,USD,import wordpress order,etsy importer,broad,5.0,0,0,0.0,0,0.0,0.0,0.0,0.0,0.0,0.0,,,,,
Judge.me Product Reviews App,Search_EN_Features_2024.08.19,2026-02-24,2026-03-17,UTC,USD,import woocommerce product,etsy importer,broad,5.0,0,0,0.0,0,0.0,0.0,0.0,0.0,0.0,0.0,,,,,
Judge.me Product Reviews App,Search_EN_Features_2024.08.19,2026-02-24,2026-03-17,UTC,USD,import woo,etsy importer,broad,5.0,0,0,0.0,0,0.0,0.0,0.0,0.0,0.0,0.0,,,,,
Judge.me Product Reviews App,Search_EN_Features_2024.08.19,2026-02-24,2026-03-17,UTC,USD,import wix products,etsy importer,broad,5.0,0,0,0.0,0,0.0,0.0,0.0,0.0,0.0,0.0,,,,,
Judge.me Product Reviews App,Search_EN_Features_2024.08.19,2026-02-24,2026-03-17,UTC,USD,import website files from etsy,etsy importer,broad,5.0,0,0,0.0,0,0.0,0.0,0.0,0.0,0.0,0.0,,,,,
Judge.me Product Reviews App,Search_EN_Features_2024.08.19,2026-02-24,2026-03-17,UTC,USD,import video,etsy importer,broad,5.0,0,0,0.0,0,0.0,0.0,0.0,0.0,0.0,0.0,,,,,
Judge.me Product Reviews App,Search_EN_Features_2024.08.19,2026-02-24,2026-03-17,UTC,USD,import translations,etsy importer,broad,5.0,0,0,0.0,0,0.0,0.0,0.0,0.0,0.0,0.0,,,,,
Judge.me Product Reviews App,Search_EN_Features_2024.08.19,2026-02-24,2026-03-17,UTC,USD,import traduction,etsy importer,broad,5.0,0,0,0.0,0,0.0,0.0,0.0,0.0,0.0,0.0,,,,,
Judge.me Product Reviews App,Search_EN_Features_2024.08.19,2026-02-24,2026-03-17,UTC,USD,import to shopify,etsy importer,broad,5.0,0,0,0.0,0,0.0,0.0,0.0,0.0,0.0,0.0,,,,,
Judge.me Product Reviews App,Search_EN_Features_2024.08.19,2026-02-24,2026-03-17,UTC,USD,import to qb,etsy importer,broad,5.0,0,0,0.0,0,0.0,0.0,0.0,0.0,0.0,0.0,,,,,
Judge.me Product Reviews App,Search_EN_Features_2024.08.19,2026-02-24,2026-03-17,UTC,USD,import tiktok,etsy importer,broad,5.0,0,0,0.0,0,0.0,0.0,0.0,0.0,0.0,0.0,,,,,
Judge.me Product Reviews App,Search_EN_Features_2024.08.19,2026-02-24,2026-03-17,UTC,USD,import theme,etsy importer,broad,5.0,0,0,0.0,0,0.0,0.0,0.0,0.0,0.0,0.0,,,,,
Judge.me Product Reviews App,Search_EN_Features_2024.08.19,2026-02-24,2026-03-17,UTC,USD,import tax,etsy importer,broad,5.0,0,0,0.0,0,0.0,0.0,0.0,0.0,0.0,0.0,,,,,
Judge.me Product Reviews App,Search_EN_Features_2024.08.19,2026-02-24,2026-03-17,UTC,USD,import supplier pdforder form upload,etsy importer,broad,5.0,0,0,0.0,0,0.0,0.0,0.0,0.0,0.0,0.0,,,,,
Judge.me Product Reviews App,Search_EN_Features_2024.08.19,2026-02-24,2026-03-17,UTC,USD,import supplier pdf,etsy importer,broad,5.0,0,0,0.0,0,0.0,0.0,0.0,0.0,0.0,0.0,,,,,
Judge.me Product Reviews App,Search_EN_Features_2024.08.19,2026-02-24,2026-03-17,UTC,USD,import summary,etsy importer,broad,5.0,0,0,0.0,0,0.0,0.0,0.0,0.0,0.0,0.0,,,,,
Judge.me Product Reviews App,Search_EN_Features_2024.08.19,2026-02-24,2026-03-17,UTC,USD,import store by shopify,etsy importer,broad,5.0,0,0,0.0,0,0.0,0.0,0.0,0.0,0.0,0.0,,,,,
Judge.me Product Reviews App,Search_EN_Features_2024.08.19,2026-02-24,2026-03-17,UTC,USD,import store,etsy importer,broad,5.0,0,0,0.0,0,0.0,0.0,0.0,0.0,0.0,0.0,,,,,
Judge.me Product Reviews App,Search_EN_Features_2024.08.19,2026-02-24,2026-03-17,UTC,USD,import square,etsy importer,broad,5.0,0,0,0.0,0,0.0,0.0,0.0,0.0,0.0,0.0,,,,,
Judge.me Product Reviews App,Search_EN_Features_2024.08.19,2026-02-24,2026-03-17,UTC,USD,import software,etsy importer,broad,5.0,0,0,0.0,0,0.0,0.0,0.0,0.0,0.0,0.0,,,,,
Judge.me Product Reviews App,Search_EN_Features_2024.08.19,2026-02-24,2026-03-17,UTC,USD,import shopify to wordpress,etsy importer,broad,5.0,0,0,0.0,0,0.0,0.0,0.0,0.0,0.0,0.0,,,,,
Judge.me Product Reviews App,Search_EN_Features_2024.08.19,2026-02-24,2026-03-17,UTC,USD,import shopify to woo commerce,etsy importer,broad,5.0,0,0,0.0,0,0.0,0.0,0.0,0.0,0.0,0.0,,,,,
Judge.me Product Reviews App,Search_EN_Features_2024.08.19,2026-02-24,2026-03-17,UTC,USD,import shopify to wirdpress,etsy importer,broad,5.0,0,0,0.0,0,0.0,0.0,0.0,0.0,0.0,0.0,,,,,
Judge.me Product Reviews App,Search_EN_Features_2024.08.19,2026-02-24,2026-03-17,UTC,USD,import shopify to ebay,etsy importer,broad,5.0,0,0,0.0,0,0.0,0.0,0.0,0.0,0.0,0.0,,,,,
Judge.me Product Reviews App,Search_EN_Features_2024.08.19,2026-02-24,2026-03-17,UTC,USD,import shopify page,etsy importer,broad,5.0,0,0,0.0,0,0.0,0.0,0.0,0.0,0.0,0.0,,,,,
Judge.me Product Reviews App,Search_EN_Features_2024.08.19,2026-02-24,2026-03-17,UTC,USD,import shopify,etsy importer,broad,5.0,0,0,0.0,0,0.0,0.0,0.0,0.0,0.0,0.0,,,,,
Judge.me Product Reviews App,Search_EN_Features_2024.08.19,2026-02-24,2026-03-17,UTC,USD,import shipping,etsy importer,broad,5.0,0,0,0.0,0,0.0,0.0,0.0,0.0,0.0,0.0,,,,,
Judge.me Product Reviews App,Search_EN_Features_2024.08.19,2026-02-24,2026-03-17,UTC,USD,import sessions,etsy importer,broad,5.0,0,0,0.0,0,0.0,0.0,0.0,0.0,0.0,0.0,,,,,
Judge.me Product Reviews App,Search_EN_Features_2024.08.19,2026-02-24,2026-03-17,UTC,USD,import sales orders,etsy importer,broad,5.0,0,0,0.0,0,0.0,0.0,0.0,0.0,0.0,0.0,,,,,
Judge.me Product Reviews App,Search_EN_Features_2024.08.19,2026-02-24,2026-03-17,UTC,USD,import sales order,etsy importer,broad,5.0,0,0,0.0,0,0.0,0.0,0.0,0.0,0.0,0.0,,,,,
Judge.me Product Reviews App,Search_EN_Features_2024.08.19,2026-02-24,2026-03-17,UTC,USD,import reviewss,etsy importer,broad,5.0,0,0,0.0,0,0.0,0.0,0.0,0.0,0.0,0.0,,,,,
Judge.me Product Reviews App,Search_EN_Features_2024.08.19,2026-02-24,2026-03-17,UTC,USD,import reviews from etsy,etsy importer,broad,5.0,0,0,0.0,0,0.0,0.0,0.0,0.0,0.0,0.0,,,,,
Judge.me Product Reviews App,Search_EN_Features_2024.08.19,2026-02-24,2026-03-17,UTC,USD,import reviews ebay,etsy importer,broad,5.0,0,0,0.0,0,0.0,0.0,0.0,0.0,0.0,0.0,,,,,
Judge.me Product Reviews App,Search_EN_Features_2024.08.19,2026-02-24,2026-03-17,UTC,USD,import reviews csv,etsy importer,broad,5.0,0,0,0.0,0,0.0,0.0,0.0,0.0,0.0,0.0,,,,,
Judge.me Product Reviews App,Search_EN_Features_2024.08.19,2026-02-24,2026-03-17,UTC,USD,import reviews ali,etsy importer,broad,5.0,0,0,0.0,0,0.0,0.0,0.0,0.0,0.0,0.0,,,,,
Judge.me Product Reviews App,Search_EN_Features_2024.08.19,2026-02-24,2026-03-17,UTC,USD,import review from website to shopify,etsy importer,broad,5.0,0,0,0.0,0,0.0,0.0,0.0,0.0,0.0,0.0,,,,,
Judge.me Product Reviews App,Search_EN_Features_2024.08.19,2026-02-24,2026-03-17,UTC,USD,import review from,etsy importer,broad,5.0,0,0,0.0,0,0.0,0.0,0.0,0.0,0.0,0.0,,,,,
Judge.me Product Reviews App,Search_EN_Features_2024.08.19,2026-02-24,2026-03-17,UTC,USD,import revie,etsy importer,broad,5.0,0,0,0.0,0,0.0,0.0,0.0,0.0,0.0,0.0,,,,,
Judge.me Product Reviews App,Search_EN_Features_2024.08.19,2026-02-24,2026-03-17,UTC,USD,import revi,etsy importer,broad,5.0,0,0,0.0,0,0.0,0.0,0.0,0.0,0.0,0.0,,,,,
Judge.me Product Reviews App,Search_EN_Features_2024.08.19,2026-02-24,2026-03-17,UTC,USD,import reveiws,etsy importer,broad,5.0,0,0,0.0,0,0.0,0.0,0.0,0.0,0.0,0.0,,,,,
Judge.me Product Reviews App,Search_EN_Features_2024.08.19,2026-02-24,2026-03-17,UTC,USD,import rev,etsy importer,broad,5.0,0,0,0.0,0,0.0,0.0,0.0,0.0,0.0,0.0,,,,,
Judge.me Product Reviews App,Search_EN_Features_2024.08.19,2026-02-24,2026-03-17,UTC,USD,import reivew app,etsy importer,broad,5.0,0,0,0.0,0,0.0,0.0,0.0,0.0,0.0,0.0,,,,,
Judge.me Product Reviews App,Search_EN_Features_2024.08.19,2026-02-24,2026-03-17,UTC,USD,import redirect into shopify store,etsy importer,broad,5.0,0,0,0.0,0,0.0,0.0,0.0,0.0,0.0,0.0,,,,,
Judge.me Product Reviews App,Search_EN_Features_2024.08.19,2026-02-24,2026-03-17,UTC,USD,import re,etsy importer,broad,5.0,0,0,0.0,0,0.0,0.0,0.0,0.0,0.0,0.0,,,,,
Judge.me Product Reviews App,Search_EN_Features_2024.08.19,2026-02-24,2026-03-17,UTC,USD,import r,etsy importer,broad,5.0,0,0,0.0,0,0.0,0.0,0.0,0.0,0.0,0.0,,,,,
Judge.me Product Reviews App,Search_EN_Features_2024.08.19,2026-02-24,2026-03-17,UTC,USD,import purchase order,etsy importer,broad,5.0,0,0,0.0,0,0.0,0.0,0.0,0.0,0.0,0.0,,,,,
Judge.me Product Reviews App,Search_EN_Features_2024.08.19,2026-02-24,2026-03-17,UTC,USD,import produucts,etsy importer,broad,5.0,0,0,0.0,0,0.0,0.0,0.0,0.0,0.0,0.0,,,,,
Judge.me Product Reviews App,Search_EN_Features_2024.08.19,2026-02-24,2026-03-17,UTC,USD,import productshopify to ebay,etsy importer,broad,5.0,0,0,0.0,0,0.0,0.0,0.0,0.0,0.0,0.0,,,,,
Judge.me Product Reviews App,Search_EN_Features_2024.08.19,2026-02-24,2026-03-17,UTC,USD,import products xlsx,etsy importer,broad,5.0,0,0,0.0,0,0.0,0.0,0.0,0.0,0.0,0.0,,,,,
Judge.me Product Reviews App,Search_EN_Features_2024.08.19,2026-02-24,2026-03-17,UTC,USD,import products with sub categoriesprinting,etsy importer,broad,5.0,0,0,0.0,0,0.0,0.0,0.0,0.0,0.0,0.0,,,,,
Judge.me Product Reviews App,Search_EN_Features_2024.08.19,2026-02-24,2026-03-17,UTC,USD,import products url,etsy importer,broad,5.0,0,0,0.0,0,0.0,0.0,0.0,0.0,0.0,0.0,,,,,
Judge.me Product Reviews App,Search_EN_Features_2024.08.19,2026-02-24,2026-03-17,UTC,USD,import products store,etsy importer,broad,5.0,0,0,0.0,0,0.0,0.0,0.0,0.0,0.0,0.0,,,,,
Judge.me Product Reviews App,Search_EN_Features_2024.08.19,2026-02-24,2026-03-17,UTC,USD,import products square,etsy importer,broad,5.0,0,0,0.0,0,0.0,0.0,0.0,0.0,0.0,0.0,,,,,
Judge.me Product Reviews App,Search_EN_Features_2024.08.19,2026-02-24,2026-03-17,UTC,USD,import products shopify,etsy importer,broad,5.0,0,0,0.0,0,0.0,0.0,0.0,0.0,0.0,0.0,,,,,
Judge.me Product Reviews App,Search_EN_Features_2024.08.19,2026-02-24,2026-03-17,UTC,USD,import products printing,etsy importer,broad,5.0,0,0,0.0,0,0.0,0.0,0.0,0.0,0.0,0.0,,,,,
Judge.me Product Reviews App,Search_EN_Features_2024.08.19,2026-02-24,2026-03-17,UTC,USD,import products migratify,etsy importer,broad,5.0,0,0,0.0,0,0.0,0.0,0.0,0.0,0.0,0.0,,,,,
Judge.me Product Reviews App,Search_EN_Features_2024.08.19,2026-02-24,2026-03-17,UTC,USD,import products merchant,etsy importer,broad,5.0,0,0,0.0,0,0.0,0.0,0.0,0.0,0.0,0.0,,,,,
Judge.me Product Reviews App,Search_EN_Features_2024.08.19,2026-02-24,2026-03-17,UTC,USD,import products magento,etsy importer,broad,5.0,0,0,0.0,0,0.0,0.0,0.0,0.0,0.0,0.0,,,,,
Judge.me Product Reviews App,Search_EN_Features_2024.08.19,2026-02-24,2026-03-17,UTC,USD,import products link,etsy importer,broad,5.0,0,0,0.0,0,0.0,0.0,0.0,0.0,0.0,0.0,,,,,
Judge.me Product Reviews App,Search_EN_Features_2024.08.19,2026-02-24,2026-03-17,UTC,USD,import products in bulk from other store,etsy importer,broad,5.0,0,0,0.0,0,0.0,0.0,0.0,0.0,0.0,0.0,,,,,
Judge.me Product Reviews App,Search_EN_Features_2024.08.19,2026-02-24,2026-03-17,UTC,USD,import products in bulk,etsy importer,broad,5.0,0,0,0.0,0,0.0,0.0,0.0,0.0,0.0,0.0,,,,,
Judge.me Product Reviews App,Search_EN_Features_2024.08.19,2026-02-24,2026-03-17,UTC,USD,"import products from wordpress, wix",etsy importer,broad,5.0,0,0,0.0,0,0.0,0.0,0.0,0.0,0.0,0.0,,,,,
Judge.me Product Reviews App,Search_EN_Features_2024.08.19,2026-02-24,2026-03-17,UTC,USD,import products from woocommerce,etsy importer,broad,5.0,0,0,0.0,0,0.0,0.0,0.0,0.0,0.0,0.0,,,,,
Judge.me Product Reviews App,Search_EN_Features_2024.08.19,2026-02-24,2026-03-17,UTC,USD,import products from ebay,etsy importer,broad,5.0,0,0,0.0,0,0.0,0.0,0.0,0.0,0.0,0.0,,,,,
Judge.me Product Reviews App,Search_EN_Features_2024.08.19,2026-02-24,2026-03-17,UTC,USD,import products excel,etsy importer,broad,5.0,0,0,0.0,0,0.0,0.0,0.0,0.0,0.0,0.0,,,,,
Judge.me Product Reviews App,Search_EN_Features_2024.08.19,2026-02-24,2026-03-17,UTC,USD,import products ebay,etsy importer,broad,5.0,0,0,0.0,0,0.0,0.0,0.0,0.0,0.0,0.0,,,,,
Judge.me Product Reviews App,Search_EN_Features_2024.08.19,2026-02-24,2026-03-17,UTC,USD,import products by url,etsy importer,broad,5.0,0,0,0.0,0,0.0,0.0,0.0,0.0,0.0,0.0,,,,,
Judge.me Product Reviews App,Search_EN_Features_2024.08.19,2026-02-24,2026-03-17,UTC,USD,import products by upc,etsy importer,broad,5.0,0,0,0.0,0,0.0,0.0,0.0,0.0,0.0,0.0,,,,,
Judge.me Product Reviews App,Search_EN_Features_2024.08.19,2026-02-24,2026-03-17,UTC,USD,import products by image,etsy importer,broad,5.0,0,0,0.0,0,0.0,0.0,0.0,0.0,0.0,0.0,,,,,
Judge.me Product Reviews App,Search_EN_Features_2024.08.19,2026-02-24,2026-03-17,UTC,USD,import products aliexpress,etsy importer,broad,5.0,0,0,0.0,0,0.0,0.0,0.0,0.0,0.0,0.0,,,,,
Judge.me Product Reviews App,Search_EN_Features_2024.08.19,2026-02-24,2026-03-17,UTC,USD,import products aliexpres,etsy importer,broad,5.0,0,0,0.0,0,0.0,0.0,0.0,0.0,0.0,0.0,,,,,
Judge.me Product Reviews App,Search_EN_Features_2024.08.19,2026-02-24,2026-03-17,UTC,USD,import products ai,etsy importer,broad,5.0,0,0,0.0,0,0.0,0.0,0.0,0.0,0.0,0.0,,,,,
Judge.me Product Reviews App,Search_EN_Features_2024.08.19,2026-02-24,2026-03-17,UTC,USD,import productrs,etsy importer,broad,5.0,0,0,0.0,0,0.0,0.0,0.0,0.0,0.0,0.0,,,,,
Judge.me Product Reviews App,Search_EN_Features_2024.08.19,2026-02-24,2026-03-17,UTC,USD,import product xml,etsy importer,broad,5.0,0,0,0.0,0,0.0,0.0,0.0,0.0,0.0,0.0,,,,,
Judge.me Product Reviews App,Search_EN_Features_2024.08.19,2026-02-24,2026-03-17,UTC,USD,import product woth links,etsy importer,broad,5.0,0,0,0.0,0,0.0,0.0,0.0,0.0,0.0,0.0,,,,,
Judge.me Product Reviews App,Search_EN_Features_2024.08.19,2026-02-24,2026-03-17,UTC,USD,import product vela,etsy importer,broad,5.0,0,0,0.0,0,0.0,0.0,0.0,0.0,0.0,0.0,,,,,
Judge.me Product Reviews App,Search_EN_Features_2024.08.19,2026-02-24,2026-03-17,UTC,USD,import product tiktok,etsy importer,broad,5.0,0,0,0.0,0,0.0,0.0,0.0,0.0,0.0,0.0,,,,,
Judge.me Product Reviews App,Search_EN_Features_2024.08.19,2026-02-24,2026-03-17,UTC,USD,import product temu,etsy importer,broad,5.0,0,0,0.0,0,0.0,0.0,0.0,0.0,0.0,0.0,,,,,
Judge.me Product Reviews App,Search_EN_Features_2024.08.19,2026-02-24,2026-03-17,UTC,USD,import product shopify to ebay,etsy importer,broad,5.0,0,0,0.0,0,0.0,0.0,0.0,0.0,0.0,0.0,,,,,
Judge.me Product Reviews App,Search_EN_Features_2024.08.19,2026-02-24,2026-03-17,UTC,USD,import product link,etsy importer,broad,5.0,0,0,0.0,0,0.0,0.0,0.0,0.0,0.0,0.0,,,,,
Judge.me Product Reviews App,Search_EN_Features_2024.08.19,2026-02-24,2026-03-17,UTC,USD,import product from shopify to ebay,etsy importer,broad,5.0,0,0,0.0,0,0.0,0.0,0.0,0.0,0.0,0.0,,,,,
Judge.me Product Reviews App,Search_EN_Features_2024.08.19,2026-02-24,2026-03-17,UTC,USD,import product from 1688,etsy importer,broad,5.0,0,0,0.0,0,0.0,0.0,0.0,0.0,0.0,0.0,,,,,
Judge.me Product Reviews App,Search_EN_Features_2024.08.19,2026-02-24,2026-03-17,UTC,USD,import product free,etsy importer,broad,5.0,0,0,0.0,0,0.0,0.0,0.0,0.0,0.0,0.0,,,,,
Judge.me Product Reviews App,Search_EN_Features_2024.08.19,2026-02-24,2026-03-17,UTC,USD,import product excel,etsy importer,broad,5.0,0,0,0.0,0,0.0,0.0,0.0,0.0,0.0,0.0,,,,,
Judge.me Product Reviews App,Search_EN_Features_2024.08.19,2026-02-24,2026-03-17,UTC,USD,import product csv file,etsy importer,broad,5.0,0,0,0.0,0,0.0,0.0,0.0,0.0,0.0,0.0,,,,,
Judge.me Product Reviews App,Search_EN_Features_2024.08.19,2026-02-24,2026-03-17,UTC,USD,import product csv,etsy importer,broad,5.0,0,0,0.0,0,0.0,0.0,0.0,0.0,0.0,0.0,,,,,
Judge.me Product Reviews App,Search_EN_Features_2024.08.19,2026-02-24,2026-03-17,UTC,USD,import product colections in bulk,etsy importer,broad,5.0,0,0,0.0,0,0.0,0.0,0.0,0.0,0.0,0.0,,,,,
Judge.me Product Reviews App,Search_EN_Features_2024.08.19,2026-02-24,2026-03-17,UTC,USD,import product cfv,etsy importer,broad,5.0,0,0,0.0,0,0.0,0.0,0.0,0.0,0.0,0.0,,,,,
Judge.me Product Reviews App,Search_EN_Features_2024.08.19,2026-02-24,2026-03-17,UTC,USD,import product aliexpress,etsy importer,broad,5.0,0,0,0.0,0,0.0,0.0,0.0,0.0,0.0,0.0,,,,,
Judge.me Product Reviews App,Search_EN_Features_2024.08.19,2026-02-24,2026-03-17,UTC,USD,import product ali express,etsy importer,broad,5.0,0,0,0.0,0,0.0,0.0,0.0,0.0,0.0,0.0,,,,,
Judge.me Product Reviews App,Search_EN_Features_2024.08.19,2026-02-24,2026-03-17,UTC,USD,import product al,etsy importer,broad,5.0,0,0,0.0,0,0.0,0.0,0.0,0.0,0.0,0.0,,,,,
Judge.me Product Reviews App,Search_EN_Features_2024.08.19,2026-02-24,2026-03-17,UTC,USD,import port products,etsy importer,broad,5.0,0,0,0.0,0,0.0,0.0,0.0,0.0,0.0,0.0,,,,,
Judge.me Product Reviews App,Search_EN_Features_2024.08.19,2026-02-24,2026-03-17,UTC,USD,import pictures,etsy importer,broad,5.0,0,0,0.0,0,0.0,0.0,0.0,0.0,0.0,0.0,,,,,
Judge.me Product Reviews App,Search_EN_Features_2024.08.19,2026-02-24,2026-03-17,UTC,USD,import pages zip,etsy importer,broad,5.0,0,0,0.0,0,0.0,0.0,0.0,0.0,0.0,0.0,,,,,
Judge.me Product Reviews App,Search_EN_Features_2024.08.19,2026-02-24,2026-03-17,UTC,USD,import page,etsy importer,broad,5.0,0,0,0.0,0,0.0,0.0,0.0,0.0,0.0,0.0,,,,,
Judge.me Product Reviews App,Search_EN_Features_2024.08.19,2026-02-24,2026-03-17,UTC,USD,import orders via csv,etsy importer,broad,5.0,0,0,0.0,0,0.0,0.0,0.0,0.0,0.0,0.0,,,,,
Judge.me Product Reviews App,Search_EN_Features_2024.08.19,2026-02-24,2026-03-17,UTC,USD,import orders easily,etsy importer,broad,5.0,0,0,0.0,0,0.0,0.0,0.0,0.0,0.0,0.0,,,,,
Judge.me Product Reviews App,Search_EN_Features_2024.08.19,2026-02-24,2026-03-17,UTC,USD,import orders cs,etsy importer,broad,5.0,0,0,0.0,0,0.0,0.0,0.0,0.0,0.0,0.0,,,,,
Judge.me Product Reviews App,Search_EN_Features_2024.08.19,2026-02-24,2026-03-17,UTC,USD,import orders by csv,etsy importer,broad,5.0,0,0,0.0,0,0.0,0.0,0.0,0.0,0.0,0.0,,,,,
Judge.me Product Reviews App,Search_EN_Features_2024.08.19,2026-02-24,2026-03-17,UTC,USD,import order from message,etsy importer,broad,5.0,0,0,0.0,0,0.0,0.0,0.0,0.0,0.0,0.0,,,,,
Judge.me Product Reviews App,Search_EN_Features_2024.08.19,2026-02-24,2026-03-17,UTC,USD,import order excel,etsy importer,broad,5.0,0,0,0.0,0,0.0,0.0,0.0,0.0,0.0,0.0,,,,,
Judge.me Product Reviews App,Search_EN_Features_2024.08.19,2026-02-24,2026-03-17,UTC,USD,import order,etsy importer,broad,5.0,0,0,0.0,0,0.0,0.0,0.0,0.0,0.0,0.0,,,,,
Judge.me Product Reviews App,Search_EN_Features_2024.08.19,2026-02-24,2026-03-17,UTC,USD,import metaobjects,etsy importer,broad,5.0,0,0,0.0,0,0.0,0.0,0.0,0.0,0.0,0.0,,,,,
Judge.me Product Reviews App,Search_EN_Features_2024.08.19,2026-02-24,2026-03-17,UTC,USD,import metaobject,etsy importer,broad,5.0,0,0,0.0,0,0.0,0.0,0.0,0.0,0.0,0.0,,,,,
Judge.me Product Reviews App,Search_EN_Features_2024.08.19,2026-02-24,2026-03-17,UTC,USD,import metafields,etsy importer,broad,5.0,0,0,0.0,0,0.0,0.0,0.0,0.0,0.0,0.0,,,,,
Judge.me Product Reviews App,Search_EN_Features_2024.08.19,2026-02-24,2026-03-17,UTC,USD,import meta,etsy importer,broad,5.0,0,0,0.0,0,0.0,0.0,0.0,0.0,0.0,0.0,,,,,
Judge.me Product Reviews App,Search_EN_Features_2024.08.19,2026-02-24,2026-03-17,UTC,USD,import merchant feed free,etsy importer,broad,5.0,0,0,0.0,0,0.0,0.0,0.0,0.0,0.0,0.0,,,,,
Judge.me Product Reviews App,Search_EN_Features_2024.08.19,2026-02-24,2026-03-17,UTC,USD,import logo,etsy importer,broad,5.0,0,0,0.0,0,0.0,0.0,0.0,0.0,0.0,0.0,,,,,
Judge.me Product Reviews App,Search_EN_Features_2024.08.19,2026-02-24,2026-03-17,UTC,USD,import llisting,etsy importer,broad,5.0,0,0,0.0,0,0.0,0.0,0.0,0.0,0.0,0.0,,,,,
Judge.me Product Reviews App,Search_EN_Features_2024.08.19,2026-02-24,2026-03-17,UTC,USD,import listing any store,etsy importer,broad,5.0,0,0,0.0,0,0.0,0.0,0.0,0.0,0.0,0.0,,,,,
Judge.me Product Reviews App,Search_EN_Features_2024.08.19,2026-02-24,2026-03-17,UTC,USD,import list,etsy importer,broad,5.0,0,0,0.0,0,0.0,0.0,0.0,0.0,0.0,0.0,,,,,
Judge.me Product Reviews App,Search_EN_Features_2024.08.19,2026-02-24,2026-03-17,UTC,USD,import json,etsy importer,broad,5.0,0,0,0.0,0,0.0,0.0,0.0,0.0,0.0,0.0,,,,,
Judge.me Product Reviews App,Search_EN_Features_2024.08.19,2026-02-24,2026-03-17,UTC,USD,import job,etsy importer,broad,5.0,0,0,0.0,0,0.0,0.0,0.0,0.0,0.0,0.0,,,,,
Judge.me Product Reviews App,Search_EN_Features_2024.08.19,2026-02-24,2026-03-17,UTC,USD,import inventory,etsy importer,broad,5.0,0,0,0.0,0,0.0,0.0,0.0,0.0,0.0,0.0,,,,,
Judge.me Product Reviews App,Search_EN_Features_2024.08.19,2026-02-24,2026-03-17,UTC,USD,import images,etsy importer,broad,5.0,0,0,0.0,0,0.0,0.0,0.0,0.0,0.0,0.0,,,,,
Judge.me Product Reviews App,Search_EN_Features_2024.08.19,2026-02-24,2026-03-17,UTC,USD,import ia,etsy importer,broad,5.0,0,0,0.0,0,0.0,0.0,0.0,0.0,0.0,0.0,,,,,
Judge.me Product Reviews App,Search_EN_Features_2024.08.19,2026-02-24,2026-03-17,UTC,USD,import history,etsy importer,broad,5.0,0,0,0.0,0,0.0,0.0,0.0,0.0,0.0,0.0,,,,,
Judge.me Product Reviews App,Search_EN_Features_2024.08.19,2026-02-24,2026-03-17,UTC,USD,import google reviews,etsy importer,broad,5.0,0,0,0.0,0,0.0,0.0,0.0,0.0,0.0,0.0,,,,,
Judge.me Product Reviews App,Search_EN_Features_2024.08.19,2026-02-24,2026-03-17,UTC,USD,import google revie,etsy importer,broad,5.0,0,0,0.0,0,0.0,0.0,0.0,0.0,0.0,0.0,,,,,
Judge.me Product Reviews App,Search_EN_Features_2024.08.19,2026-02-24,2026-03-17,UTC,USD,import gift cards,etsy importer,broad,5.0,0,0,0.0,0,0.0,0.0,0.0,0.0,0.0,0.0,,,,,
Judge.me Product Reviews App,Search_EN_Features_2024.08.19,2026-02-24,2026-03-17,UTC,USD,import from tiktok,etsy importer,broad,5.0,0,0,0.0,0,0.0,0.0,0.0,0.0,0.0,0.0,,,,,
Judge.me Product Reviews App,Search_EN_Features_2024.08.19,2026-02-24,2026-03-17,UTC,USD,import from store to ebay,etsy importer,broad,5.0,0,0,0.0,0,0.0,0.0,0.0,0.0,0.0,0.0,,,,,
Judge.me Product Reviews App,Search_EN_Features_2024.08.19,2026-02-24,2026-03-17,UTC,USD,import from squarespace,etsy importer,broad,5.0,0,0,0.0,0,0.0,0.0,0.0,0.0,0.0,0.0,,,,,
Judge.me Product Reviews App,Search_EN_Features_2024.08.19,2026-02-24,2026-03-17,UTC,USD,import from square,etsy importer,broad,5.0,0,0,0.0,0,0.0,0.0,0.0,0.0,0.0,0.0,,,,,
Judge.me Product Reviews App,Search_EN_Features_2024.08.19,2026-02-24,2026-03-17,UTC,USD,import from shopify,etsy importer,broad,5.0,0,0,0.0,0,0.0,0.0,0.0,0.0,0.0,0.0,,,,,
Judge.me Product Reviews App,Search_EN_Features_2024.08.19,2026-02-24,2026-03-17,UTC,USD,import from google,etsy importer,broad,5.0,0,0,0.0,0,0.0,0.0,0.0,0.0,0.0,0.0,,,,,
Judge.me Product Reviews App,Search_EN_Features_2024.08.19,2026-02-24,2026-03-17,UTC,USD,import from etsy,etsy importer,broad,5.0,0,0,0.0,0,0.0,0.0,0.0,0.0,0.0,0.0,,,,,
Judge.me Product Reviews App,Search_EN_Features_2024.08.19,2026-02-24,2026-03-17,UTC,USD,import from ebay,etsy importer,broad,5.0,0,0,0.0,0,0.0,0.0,0.0,0.0,0.0,0.0,,,,,
Judge.me Product Reviews App,Search_EN_Features_2024.08.19,2026-02-24,2026-03-17,UTC,USD,import from eay,etsy importer,broad,5.0,0,0,0.0,0,0.0,0.0,0.0,0.0,0.0,0.0,,,,,
Judge.me Product Reviews App,Search_EN_Features_2024.08.19,2026-02-24,2026-03-17,UTC,USD,import from e,etsy importer,broad,5.0,0,0,0.0,0,0.0,0.0,0.0,0.0,0.0,0.0,,,,,
Judge.me Product Reviews App,Search_EN_Features_2024.08.19,2026-02-24,2026-03-17,UTC,USD,import from amzon,etsy importer,broad,5.0,0,0,0.0,0,0.0,0.0,0.0,0.0,0.0,0.0,,,,,
Judge.me Product Reviews App,Search_EN_Features_2024.08.19,2026-02-24,2026-03-17,UTC,USD,import fees,etsy importer,broad,5.0,0,0,0.0,0,0.0,0.0,0.0,0.0,0.0,0.0,,,,,
Judge.me Product Reviews App,Search_EN_Features_2024.08.19,2026-02-24,2026-03-17,UTC,USD,import feed,etsy importer,broad,5.0,0,0,0.0,0,0.0,0.0,0.0,0.0,0.0,0.0,,,,,
Judge.me Product Reviews App,Search_EN_Features_2024.08.19,2026-02-24,2026-03-17,UTC,USD,import f,etsy importer,broad,5.0,0,0,0.0,0,0.0,0.0,0.0,0.0,0.0,0.0,,,,,
Judge.me Product Reviews App,Search_EN_Features_2024.08.19,2026-02-24,2026-03-17,UTC,USD,import export products,etsy importer,broad,5.0,0,0,0.0,0,0.0,0.0,0.0,0.0,0.0,0.0,,,,,
Judge.me Product Reviews App,Search_EN_Features_2024.08.19,2026-02-24,2026-03-17,UTC,USD,import export product app,etsy importer,broad,5.0,0,0,0.0,0,0.0,0.0,0.0,0.0,0.0,0.0,,,,,
Judge.me Product Reviews App,Search_EN_Features_2024.08.19,2026-02-24,2026-03-17,UTC,USD,import export product,etsy importer,broad,5.0,0,0,0.0,0,0.0,0.0,0.0,0.0,0.0,0.0,,,,,
Judge.me Product Reviews App,Search_EN_Features_2024.08.19,2026-02-24,2026-03-17,UTC,USD,import export metaobjects,etsy importer,broad,5.0,0,0,0.0,0,0.0,0.0,0.0,0.0,0.0,0.0,,,,,
Judge.me Product Reviews App,Search_EN_Features_2024.08.19,2026-02-24,2026-03-17,UTC,USD,import export metadata,etsy importer,broad,5.0,0,0,0.0,0,0.0,0.0,0.0,0.0,0.0,0.0,,,,,
Judge.me Product Reviews App,Search_EN_Features_2024.08.19,2026-02-24,2026-03-17,UTC,USD,import export menu,etsy importer,broad,5.0,0,0,0.0,0,0.0,0.0,0.0,0.0,0.0,0.0,,,,,
Judge.me Product Reviews App,Search_EN_Features_2024.08.19,2026-02-24,2026-03-17,UTC,USD,import export inventory,etsy importer,broad,5.0,0,0,0.0,0,0.0,0.0,0.0,0.0,0.0,0.0,,,,,
Judge.me Product Reviews App,Search_EN_Features_2024.08.19,2026-02-24,2026-03-17,UTC,USD,import export app,etsy importer,broad,5.0,0,0,0.0,0,0.0,0.0,0.0,0.0,0.0,0.0,,,,,
Judge.me Product Reviews App,Search_EN_Features_2024.08.19,2026-02-24,2026-03-17,UTC,USD,import export,etsy importer,broad,5.0,0,0,0.0,0,0.0,0.0,0.0,0.0,0.0,0.0,,,,,
Judge.me Product Reviews App,Search_EN_Features_2024.08.19,2026-02-24,2026-03-17,UTC,USD,import existing subscribers,etsy importer,broad,5.0,0,0,0.0,0,0.0,0.0,0.0,0.0,0.0,0.0,,,,,
Judge.me Product Reviews App,Search_EN_Features_2024.08.19,2026-02-24,2026-03-17,UTC,USD,import excel,etsy importer,broad,5.0,0,0,0.0,0,0.0,0.0,0.0,0.0,0.0,0.0,,,,,
Judge.me Product Reviews App,Search_EN_Features_2024.08.19,2026-02-24,2026-03-17,UTC,USD,import ex,etsy importer,broad,5.0,0,0,0.0,0,0.0,0.0,0.0,0.0,0.0,0.0,,,,,
Judge.me Product Reviews App,Search_EN_Features_2024.08.19,2026-02-24,2026-03-17,UTC,USD,import etsy reviews,etsy importer,broad,5.0,0,0,0.0,0,0.0,0.0,0.0,0.0,0.0,0.0,,,,,
Judge.me Product Reviews App,Search_EN_Features_2024.08.19,2026-02-24,2026-03-17,UTC,USD,import etsy products,etsy importer,broad,5.0,0,0,0.0,0,0.0,0.0,0.0,0.0,0.0,0.0,,,,,
Judge.me Product Reviews App,Search_EN_Features_2024.08.19,2026-02-24,2026-03-17,UTC,USD,import etsy,etsy importer,broad,5.0,0,0,0.0,0,0.0,0.0,0.0,0.0,0.0,0.0,,,,,
Judge.me Product Reviews App,Search_EN_Features_2024.08.19,2026-02-24,2026-03-17,UTC,USD,import ebay listings,etsy importer,broad,5.0,0,0,0.0,0,0.0,0.0,0.0,0.0,0.0,0.0,,,,,
Judge.me Product Reviews App,Search_EN_Features_2024.08.19,2026-02-24,2026-03-17,UTC,USD,import easy dropshipping,etsy importer,broad,5.0,0,0,0.0,0,0.0,0.0,0.0,0.0,0.0,0.0,,,,,
Judge.me Product Reviews App,Search_EN_Features_2024.08.19,2026-02-24,2026-03-17,UTC,USD,import dummy data,etsy importer,broad,5.0,0,0,0.0,0,0.0,0.0,0.0,0.0,0.0,0.0,,,,,
Judge.me Product Reviews App,Search_EN_Features_2024.08.19,2026-02-24,2026-03-17,UTC,USD,import dropshiping,etsy importer,broad,5.0,0,0,0.0,0,0.0,0.0,0.0,0.0,0.0,0.0,,,,,
Judge.me Product Reviews App,Search_EN_Features_2024.08.19,2026-02-24,2026-03-17,UTC,USD,import draft order,etsy importer,broad,5.0,0,0,0.0,0,0.0,0.0,0.0,0.0,0.0,0.0,,,,,
Judge.me Product Reviews App,Search_EN_Features_2024.08.19,2026-02-24,2026-03-17,UTC,USD,import discount,etsy importer,broad,5.0,0,0,0.0,0,0.0,0.0,0.0,0.0,0.0,0.0,,,,,
Judge.me Product Reviews App,Search_EN_Features_2024.08.19,2026-02-24,2026-03-17,UTC,USD,import demo,etsy importer,broad,5.0,0,0,0.0,0,0.0,0.0,0.0,0.0,0.0,0.0,,,,,
Judge.me Product Reviews App,Search_EN_Features_2024.08.19,2026-02-24,2026-03-17,UTC,USD,import csv metadata,etsy importer,broad,5.0,0,0,0.0,0,0.0,0.0,0.0,0.0,0.0,0.0,,,,,
Judge.me Product Reviews App,Search_EN_Features_2024.08.19,2026-02-24,2026-03-17,UTC,USD,import csv etsy,etsy importer,broad,5.0,0,0,0.0,0,0.0,0.0,0.0,0.0,0.0,0.0,,,,,
Judge.me Product Reviews App,Search_EN_Features_2024.08.19,2026-02-24,2026-03-17,UTC,USD,import csv daily,etsy importer,broad,5.0,0,0,0.0,0,0.0,0.0,0.0,0.0,0.0,0.0,,,,,
Judge.me Product Reviews App,Search_EN_Features_2024.08.19,2026-02-24,2026-03-17,UTC,USD,import csv,etsy importer,broad,5.0,0,0,0.0,0,0.0,0.0,0.0,0.0,0.0,0.0,,,,,
Judge.me Product Reviews App,Search_EN_Features_2024.08.19,2026-02-24,2026-03-17,UTC,USD,import css theme for store,etsy importer,broad,5.0,0,0,0.0,0,0.0,0.0,0.0,0.0,0.0,0.0,,,,,
Judge.me Product Reviews App,Search_EN_Features_2024.08.19,2026-02-24,2026-03-17,UTC,USD,import css liquid zips for webstie,etsy importer,broad,5.0,0,0,0.0,0,0.0,0.0,0.0,0.0,0.0,0.0,,,,,
Judge.me Product Reviews App,Search_EN_Features_2024.08.19,2026-02-24,2026-03-17,UTC,USD,import coupons,etsy importer,broad,5.0,0,0,0.0,0,0.0,0.0,0.0,0.0,0.0,0.0,,,,,
Judge.me Product Reviews App,Search_EN_Features_2024.08.19,2026-02-24,2026-03-17,UTC,USD,import content,etsy importer,broad,5.0,0,0,0.0,0,0.0,0.0,0.0,0.0,0.0,0.0,,,,,
Judge.me Product Reviews App,Search_EN_Features_2024.08.19,2026-02-24,2026-03-17,UTC,USD,import collections,etsy importer,broad,5.0,0,0,0.0,0,0.0,0.0,0.0,0.0,0.0,0.0,,,,,
Judge.me Product Reviews App,Search_EN_Features_2024.08.19,2026-02-24,2026-03-17,UTC,USD,import collection,etsy importer,broad,5.0,0,0,0.0,0,0.0,0.0,0.0,0.0,0.0,0.0,,,,,
Judge.me Product Reviews App,Search_EN_Features_2024.08.19,2026-02-24,2026-03-17,UTC,USD,import charges,etsy importer,broad,5.0,0,0,0.0,0,0.0,0.0,0.0,0.0,0.0,0.0,,,,,
Judge.me Product Reviews App,Search_EN_Features_2024.08.19,2026-02-24,2026-03-17,UTC,USD,import categories,etsy importer,broad,5.0,0,0,0.0,0,0.0,0.0,0.0,0.0,0.0,0.0,,,,,
Judge.me Product Reviews App,Search_EN_Features_2024.08.19,2026-02-24,2026-03-17,UTC,USD,import catalog,etsy importer,broad,5.0,0,0,0.0,0,0.0,0.0,0.0,0.0,0.0,0.0,,,,,
Judge.me Product Reviews App,Search_EN_Features_2024.08.19,2026-02-24,2026-03-17,UTC,USD,import bundles,etsy importer,broad,5.0,0,0,0.0,0,0.0,0.0,0.0,0.0,0.0,0.0,,,,,
Judge.me Product Reviews App,Search_EN_Features_2024.08.19,2026-02-24,2026-03-17,UTC,USD,import bulk image,etsy importer,broad,5.0,0,0,0.0,0,0.0,0.0,0.0,0.0,0.0,0.0,,,,,
Judge.me Product Reviews App,Search_EN_Features_2024.08.19,2026-02-24,2026-03-17,UTC,USD,import bulk discount codes,etsy importer,broad,5.0,0,0,0.0,0,0.0,0.0,0.0,0.0,0.0,0.0,,,,,
Judge.me Product Reviews App,Search_EN_Features_2024.08.19,2026-02-24,2026-03-17,UTC,USD,import blog wordpress,etsy importer,broad,5.0,0,0,0.0,0,0.0,0.0,0.0,0.0,0.0,0.0,,,,,
Judge.me Product Reviews App,Search_EN_Features_2024.08.19,2026-02-24,2026-03-17,UTC,USD,import blog posts to shopify via csv,etsy importer,broad,5.0,0,0,0.0,0,0.0,0.0,0.0,0.0,0.0,0.0,,,,,
Judge.me Product Reviews App,Search_EN_Features_2024.08.19,2026-02-24,2026-03-17,UTC,USD,import app,etsy importer,broad,5.0,0,0,0.0,0,0.0,0.0,0.0,0.0,0.0,0.0,,,,,
Judge.me Product Reviews App,Search_EN_Features_2024.08.19,2026-02-24,2026-03-17,UTC,USD,import and seo,etsy importer,broad,5.0,0,0,0.0,0,0.0,0.0,0.0,0.0,0.0,0.0,,,,,
Judge.me Product Reviews App,Search_EN_Features_2024.08.19,2026-02-24,2026-03-17,UTC,USD,import and migrate to shopify,etsy importer,broad,5.0,0,0,0.0,0,0.0,0.0,0.0,0.0,0.0,0.0,,,,,
Judge.me Product Reviews App,Search_EN_Features_2024.08.19,2026-02-24,2026-03-17,UTC,USD,import and export pages,etsy importer,broad,5.0,0,0,0.0,0,0.0,0.0,0.0,0.0,0.0,0.0,,,,,
Judge.me Product Reviews App,Search_EN_Features_2024.08.19,2026-02-24,2026-03-17,UTC,USD,import alt,etsy importer,broad,5.0,0,0,0.0,0,0.0,0.0,0.0,0.0,0.0,0.0,,,,,
Judge.me Product Reviews App,Search_EN_Features_2024.08.19,2026-02-24,2026-03-17,UTC,USD,import all products,etsy importer,broad,5.0,0,0,0.0,0,0.0,0.0,0.0,0.0,0.0,0.0,,,,,
Judge.me Product Reviews App,Search_EN_Features_2024.08.19,2026-02-24,2026-03-17,UTC,USD,import aliexpress reviews,etsy importer,broad,5.0,0,0,0.0,0,0.0,0.0,0.0,0.0,0.0,0.0,,,,,
Judge.me Product Reviews App,Search_EN_Features_2024.08.19,2026-02-24,2026-03-17,UTC,USD,import aliexpress r,etsy importer,broad,5.0,0,0,0.0,0,0.0,0.0,0.0,0.0,0.0,0.0,,,,,
Judge.me Product Reviews App,Search_EN_Features_2024.08.19,2026-02-24,2026-03-17,UTC,USD,import aliexpress product reviews,etsy importer,broad,5.0,0,0,0.0,0,0.0,0.0,0.0,0.0,0.0,0.0,,,,,
Judge.me Product Reviews App,Search_EN_Features_2024.08.19,2026-02-24,2026-03-17,UTC,USD,import alibaba products,etsy importer,broad,5.0,0,0,0.0,0,0.0,0.0,0.0,0.0,0.0,0.0,,,,,
Judge.me Product Reviews App,Search_EN_Features_2024.08.19,2026-02-24,2026-03-17,UTC,USD,import ali,etsy importer,broad,5.0,0,0,0.0,0,0.0,0.0,0.0,0.0,0.0,0.0,,,,,
Judge.me Product Reviews App,Search_EN_Features_2024.08.19,2026-02-24,2026-03-17,UTC,USD,import & export tool metafield,etsy importer,broad,5.0,0,0,0.0,0,0.0,0.0,0.0,0.0,0.0,0.0,,,,,
Judge.me Product Reviews App,Search_EN_Features_2024.08.19,2026-02-24,2026-03-17,UTC,USD,import & export,etsy importer,broad,5.0,0,0,0.0,0,0.0,0.0,0.0,0.0,0.0,0.0,,,,,
Judge.me Product Reviews App,Search_EN_Features_2024.08.19,2026-02-24,2026-03-17,UTC,USD,import & copy products,etsy importer,broad,5.0,0,0,0.0,0,0.0,0.0,0.0,0.0,0.0,0.0,,,,,
Judge.me Product Reviews App,Search_EN_Features_2024.08.19,2026-02-24,2026-03-17,UTC,USD,images import,etsy importer,broad,5.0,0,0,0.0,0,0.0,0.0,0.0,0.0,0.0,0.0,,,,,
Judge.me Product Reviews App,Search_EN_Features_2024.08.19,2026-02-24,2026-03-17,UTC,USD,image importer,etsy importer,broad,5.0,0,0,0.0,0,0.0,0.0,0.0,0.0,0.0,0.0,,,,,
Judge.me Product Reviews App,Search_EN_Features_2024.08.19,2026-02-24,2026-03-17,UTC,USD,image import,etsy importer,broad,5.0,0,0,0.0,0,0.0,0.0,0.0,0.0,0.0,0.0,,,,,
Judge.me Product Reviews App,Search_EN_Features_2024.08.19,2026-02-24,2026-03-17,UTC,USD,https://apps.shopify.com/excel-export-import,etsy importer,broad,5.0,0,0,0.0,0,0.0,0.0,0.0,0.0,0.0,0.0,,,,,
Judge.me Product Reviews App,Search_EN_Features_2024.08.19,2026-02-24,2026-03-17,UTC,USD,how to import products from my existing website,etsy importer,broad,5.0,0,0,0.0,0,0.0,0.0,0.0,0.0,0.0,0.0,,,,,
Judge.me Product Reviews App,Search_EN_Features_2024.08.19,2026-02-24,2026-03-17,UTC,USD,google-reviews-importer,etsy importer,broad,5.0,0,0,0.0,0,0.0,0.0,0.0,0.0,0.0,0.0,,,,,
Judge.me Product Reviews App,Search_EN_Features_2024.08.19,2026-02-24,2026-03-17,UTC,USD,google reviews importer,etsy importer,broad,5.0,0,0,0.0,0,0.0,0.0,0.0,0.0,0.0,0.0,,,,,
Judge.me Product Reviews App,Search_EN_Features_2024.08.19,2026-02-24,2026-03-17,UTC,USD,google reviews importe,etsy importer,broad,5.0,0,0,0.0,0,0.0,0.0,0.0,0.0,0.0,0.0,,,,,
Judge.me Product Reviews App,Search_EN_Features_2024.08.19,2026-02-24,2026-03-17,UTC,USD,google reviews import,etsy importer,broad,5.0,0,0,0.0,0,0.0,0.0,0.0,0.0,0.0,0.0,,,,,
Judge.me Product Reviews App,Search_EN_Features_2024.08.19,2026-02-24,2026-03-17,UTC,USD,google review importer,etsy importer,broad,5.0,0,0,0.0,0,0.0,0.0,0.0,0.0,0.0,0.0,,,,,
Judge.me Product Reviews App,Search_EN_Features_2024.08.19,2026-02-24,2026-03-17,UTC,USD,google review import free,etsy importer,broad,5.0,0,0,0.0,0,0.0,0.0,0.0,0.0,0.0,0.0,,,,,
Judge.me Product Reviews App,Search_EN_Features_2024.08.19,2026-02-24,2026-03-17,UTC,USD,google review import,etsy importer,broad,5.0,0,0,0.0,0,0.0,0.0,0.0,0.0,0.0,0.0,,,,,
Judge.me Product Reviews App,Search_EN_Features_2024.08.19,2026-02-24,2026-03-17,UTC,USD,google revies importer,etsy importer,broad,5.0,0,0,0.0,0,0.0,0.0,0.0,0.0,0.0,0.0,,,,,
Judge.me Product Reviews App,Search_EN_Features_2024.08.19,2026-02-24,2026-03-17,UTC,USD,goodreads review import,etsy importer,broad,5.0,0,0,0.0,0,0.0,0.0,0.0,0.0,0.0,0.0,,,,,
Judge.me Product Reviews App,Search_EN_Features_2024.08.19,2026-02-24,2026-03-17,UTC,USD,good apps ebay review importer,etsy importer,broad,5.0,0,0,0.0,0,0.0,0.0,0.0,0.0,0.0,0.0,,,,,
Judge.me Product Reviews App,Search_EN_Features_2024.08.19,2026-02-24,2026-03-17,UTC,USD,ga: etsy reviews importer,etsy importer,broad,5.0,0,0,0.0,0,0.0,0.0,0.0,0.0,0.0,0.0,,,,,
Judge.me Product Reviews App,Search_EN_Features_2024.08.19,2026-02-24,2026-03-17,UTC,USD,"ftp/sftp import"" apps",etsy importer,broad,5.0,0,0,0.0,0,0.0,0.0,0.0,0.0,0.0,0.0,,,,,
Judge.me Product Reviews App,Search_EN_Features_2024.08.19,2026-02-24,2026-03-17,UTC,USD,ftp feed import,etsy importer,broad,5.0,0,0,0.0,0,0.0,0.0,0.0,0.0,0.0,0.0,,,,,
Judge.me Product Reviews App,Search_EN_Features_2024.08.19,2026-02-24,2026-03-17,UTC,USD,free unlimited bulk products importer,etsy importer,broad,5.0,0,0,0.0,0,0.0,0.0,0.0,0.0,0.0,0.0,,,,,
Judge.me Product Reviews App,Search_EN_Features_2024.08.19,2026-02-24,2026-03-17,UTC,USD,free product page importer,etsy importer,broad,5.0,0,0,0.0,0,0.0,0.0,0.0,0.0,0.0,0.0,,,,,
Judge.me Product Reviews App,Search_EN_Features_2024.08.19,2026-02-24,2026-03-17,UTC,USD,free product imports app,etsy importer,broad,5.0,0,0,0.0,0,0.0,0.0,0.0,0.0,0.0,0.0,,,,,
Judge.me Product Reviews App,Search_EN_Features_2024.08.19,2026-02-24,2026-03-17,UTC,USD,free product import,etsy importer,broad,5.0,0,0,0.0,0,0.0,0.0,0.0,0.0,0.0,0.0,,,,,
Judge.me Product Reviews App,Search_EN_Features_2024.08.19,2026-02-24,2026-03-17,UTC,USD,free import reviews,etsy importer,broad,5.0,0,0,0.0,0,0.0,0.0,0.0,0.0,0.0,0.0,,,,,
Judge.me Product Reviews App,Search_EN_Features_2024.08.19,2026-02-24,2026-03-17,UTC,USD,free import,etsy importer,broad,5.0,0,0,0.0,0,0.0,0.0,0.0,0.0,0.0,0.0,,,,,
Judge.me Product Reviews App,Search_EN_Features_2024.08.19,2026-02-24,2026-03-17,UTC,USD,free etsy import,etsy importer,broad,5.0,0,0,0.0,0,0.0,0.0,0.0,0.0,0.0,0.0,,,,,
Judge.me Product Reviews App,Search_EN_Features_2024.08.19,2026-02-24,2026-03-17,UTC,USD,free etsy app,etsy importer,broad,5.0,0,0,0.0,0,0.0,0.0,0.0,0.0,0.0,0.0,,,,,
Judge.me Product Reviews App,Search_EN_Features_2024.08.19,2026-02-24,2026-03-17,UTC,USD,free amazom product importer,etsy importer,broad,5.0,0,0,0.0,0,0.0,0.0,0.0,0.0,0.0,0.0,,,,,
Judge.me Product Reviews App,Search_EN_Features_2024.08.19,2026-02-24,2026-03-17,UTC,USD,font preview for etsy,etsy importer,broad,5.0,0,0,0.0,0,0.0,0.0,0.0,0.0,0.0,0.0,,,,,
Judge.me Product Reviews App,Search_EN_Features_2024.08.19,2026-02-24,2026-03-17,UTC,USD,firebear import & export tool,etsy importer,broad,5.0,0,0,0.0,0,0.0,0.0,0.0,0.0,0.0,0.0,,,,,
Judge.me Product Reviews App,Search_EN_Features_2024.08.19,2026-02-24,2026-03-17,UTC,USD,feed import,etsy importer,broad,5.0,0,0,0.0,0,0.0,0.0,0.0,0.0,0.0,0.0,,,,,
Judge.me Product Reviews App,Search_EN_Features_2024.08.19,2026-02-24,2026-03-17,UTC,USD,fedropa import tool,etsy importer,broad,5.0,0,0,0.0,0,0.0,0.0,0.0,0.0,0.0,0.0,,,,,
Judge.me Product Reviews App,Search_EN_Features_2024.08.19,2026-02-24,2026-03-17,UTC,USD,facebook reviews importer,etsy importer,broad,5.0,0,0,0.0,0,0.0,0.0,0.0,0.0,0.0,0.0,,,,,
Judge.me Product Reviews App,Search_EN_Features_2024.08.19,2026-02-24,2026-03-17,UTC,USD,facebook marketplace import,etsy importer,broad,5.0,0,0,0.0,0,0.0,0.0,0.0,0.0,0.0,0.0,,,,,
Judge.me Product Reviews App,Search_EN_Features_2024.08.19,2026-02-24,2026-03-17,UTC,USD,ezy order importer,etsy importer,broad,5.0,0,0,0.0,0,0.0,0.0,0.0,0.0,0.0,0.0,,,,,
Judge.me Product Reviews App,Search_EN_Features_2024.08.19,2026-02-24,2026-03-17,UTC,USD,ezamazon review importer,etsy importer,broad,5.0,0,0,0.0,0,0.0,0.0,0.0,0.0,0.0,0.0,,,,,
Judge.me Product Reviews App,Search_EN_Features_2024.08.19,2026-02-24,2026-03-17,UTC,USD,ez order importer,etsy importer,broad,5.0,0,0,0.0,0,0.0,0.0,0.0,0.0,0.0,0.0,,,,,
Judge.me Product Reviews App,Search_EN_Features_2024.08.19,2026-02-24,2026-03-17,UTC,USD,ez importer - order importer,etsy importer,broad,5.0,0,0,0.0,0,0.0,0.0,0.0,0.0,0.0,0.0,,,,,
Judge.me Product Reviews App,Search_EN_Features_2024.08.19,2026-02-24,2026-03-17,UTC,USD,ez imported,etsy importer,broad,5.0,0,0,0.0,0,0.0,0.0,0.0,0.0,0.0,0.0,,,,,
Judge.me Product Reviews App,Search_EN_Features_2024.08.19,2026-02-24,2026-03-17,UTC,USD,ez csv import + csv export,etsy importer,broad,5.0,0,0,0.0,0,0.0,0.0,0.0,0.0,0.0,0.0,,,,,
Judge.me Product Reviews App,Search_EN_Features_2024.08.19,2026-02-24,2026-03-17,UTC,USD,exporting your data from shopkeep and preparing it for import into shopify,etsy importer,broad,5.0,0,0,0.0,0,0.0,0.0,0.0,0.0,0.0,0.0,,,,,
Judge.me Product Reviews App,Search_EN_Features_2024.08.19,2026-02-24,2026-03-17,UTC,USD,export listings to etsy,etsy importer,broad,5.0,0,0,0.0,0,0.0,0.0,0.0,0.0,0.0,0.0,,,,,
Judge.me Product Reviews App,Search_EN_Features_2024.08.19,2026-02-24,2026-03-17,UTC,USD,export import translations,etsy importer,broad,5.0,0,0,0.0,0,0.0,0.0,0.0,0.0,0.0,0.0,,,,,
Judge.me Product Reviews App,Search_EN_Features_2024.08.19,2026-02-24,2026-03-17,UTC,USD,export import shopify orders,etsy importer,broad,5.0,0,0,0.0,0,0.0,0.0,0.0,0.0,0.0,0.0,,,,,
Judge.me Product Reviews App,Search_EN_Features_2024.08.19,2026-02-24,2026-03-17,UTC,USD,export import pages creative,etsy importer,broad,5.0,0,0,0.0,0,0.0,0.0,0.0,0.0,0.0,0.0,,,,,
Judge.me Product Reviews App,Search_EN_Features_2024.08.19,2026-02-24,2026-03-17,UTC,USD,export import pag,etsy importer,broad,5.0,0,0,0.0,0,0.0,0.0,0.0,0.0,0.0,0.0,,,,,
Judge.me Product Reviews App,Search_EN_Features_2024.08.19,2026-02-24,2026-03-17,UTC,USD,export import data,etsy importer,broad,5.0,0,0,0.0,0,0.0,0.0,0.0,0.0,0.0,0.0,,,,,
Judge.me Product Reviews App,Search_EN_Features_2024.08.19,2026-02-24,2026-03-17,UTC,USD,export and import orders,etsy importer,broad,5.0,0,0,0.0,0,0.0,0.0,0.0,0.0,0.0,0.0,,,,,
Judge.me Product Reviews App,Search_EN_Features_2024.08.19,2026-02-24,2026-03-17,UTC,USD,export and import data using sqlite,etsy importer,broad,5.0,0,0,0.0,0,0.0,0.0,0.0,0.0,0.0,0.0,,,,,
Judge.me Product Reviews App,Search_EN_Features_2024.08.19,2026-02-24,2026-03-17,UTC,USD,export / import metafields,etsy importer,broad,5.0,0,0,0.0,0,0.0,0.0,0.0,0.0,0.0,0.0,,,,,
Judge.me Product Reviews App,Search_EN_Features_2024.08.19,2026-02-24,2026-03-17,UTC,USD,exml export import page,etsy importer,broad,5.0,0,0,0.0,0,0.0,0.0,0.0,0.0,0.0,0.0,,,,,
Judge.me Product Reviews App,Search_EN_Features_2024.08.19,2026-02-24,2026-03-17,UTC,USD,exml export import pa,etsy importer,broad,5.0,0,0,0.0,0,0.0,0.0,0.0,0.0,0.0,0.0,,,,,
Judge.me Product Reviews App,Search_EN_Features_2024.08.19,2026-02-24,2026-03-17,UTC,USD,exlm - export import pages,etsy importer,broad,5.0,0,0,0.0,0,0.0,0.0,0.0,0.0,0.0,0.0,,,,,
Judge.me Product Reviews App,Search_EN_Features_2024.08.19,2026-02-24,2026-03-17,UTC,USD,exim-export-import-pages-blogs-theme-settings,etsy importer,broad,5.0,0,0,0.0,0,0.0,0.0,0.0,0.0,0.0,0.0,,,,,
Judge.me Product Reviews App,Search_EN_Features_2024.08.19,2026-02-24,2026-03-17,UTC,USD,exim ? export import pages,etsy importer,broad,5.0,0,0,0.0,0,0.0,0.0,0.0,0.0,0.0,0.0,,,,,
Judge.me Product Reviews App,Search_EN_Features_2024.08.19,2026-02-24,2026-03-17,UTC,USD,"exim - export import pages, blogs, theme settings",etsy importer,broad,5.0,0,0,0.0,0,0.0,0.0,0.0,0.0,0.0,0.0,,,,,
Judge.me Product Reviews App,Search_EN_Features_2024.08.19,2026-02-24,2026-03-17,UTC,USD,exim - export import pages,etsy importer,broad,5.0,0,0,0.0,0,0.0,0.0,0.0,0.0,0.0,0.0,,,,,
Judge.me Product Reviews App,Search_EN_Features_2024.08.19,2026-02-24,2026-03-17,UTC,USD,excelify: bulk imports,etsy importer,broad,5.0,0,0,0.0,0,0.0,0.0,0.0,0.0,0.0,0.0,,,,,
Judge.me Product Reviews App,Search_EN_Features_2024.08.19,2026-02-24,2026-03-17,UTC,USD,excel?like product importer,etsy importer,broad,5.0,0,0,0.0,0,0.0,0.0,0.0,0.0,0.0,0.0,,,,,
Judge.me Product Reviews App,Search_EN_Features_2024.08.19,2026-02-24,2026-03-17,UTC,USD,excel import,etsy importer,broad,5.0,0,0,0.0,0,0.0,0.0,0.0,0.0,0.0,0.0,,,,,
Judge.me Product Reviews App,Search_EN_Features_2024.08.19,2026-02-24,2026-03-17,UTC,USD,excel csv bulk tracking import,etsy importer,broad,5.0,0,0,0.0,0,0.0,0.0,0.0,0.0,0.0,0.0,,,,,
Judge.me Product Reviews App,Search_EN_Features_2024.08.19,2026-02-24,2026-03-17,UTC,USD,etsy',etsy importer,broad,5.0,0,0,0.0,0,0.0,0.0,0.0,0.0,0.0,0.0,,,,,
Judge.me Product Reviews App,Search_EN_Features_2024.08.19,2026-02-24,2026-03-17,UTC,USD,etsy zu shopify,etsy importer,broad,5.0,0,0,0.0,0,0.0,0.0,0.0,0.0,0.0,0.0,,,,,
Judge.me Product Reviews App,Search_EN_Features_2024.08.19,2026-02-24,2026-03-17,UTC,USD,etsy via oauth,etsy importer,broad,5.0,0,0,0.0,0,0.0,0.0,0.0,0.0,0.0,0.0,,,,,
Judge.me Product Reviews App,Search_EN_Features_2024.08.19,2026-02-24,2026-03-17,UTC,USD,etsy to shopify,etsy importer,broad,5.0,0,0,0.0,0,0.0,0.0,0.0,0.0,0.0,0.0,,,,,
Judge.me Product Reviews App,Search_EN_Features_2024.08.19,2026-02-24,2026-03-17,UTC,USD,etsy sync lit commerce,etsy importer,broad,5.0,0,0,0.0,0,0.0,0.0,0.0,0.0,0.0,0.0,,,,,
Judge.me Product Reviews App,Search_EN_Features_2024.08.19,2026-02-24,2026-03-17,UTC,USD,etsy sync - veloplab,etsy importer,broad,5.0,0,0,0.0,0,0.0,0.0,0.0,0.0,0.0,0.0,,,,,
Judge.me Product Reviews App,Search_EN_Features_2024.08.19,2026-02-24,2026-03-17,UTC,USD,etsy store,etsy importer,broad,5.0,0,0,0.0,0,0.0,0.0,0.0,0.0,0.0,0.0,,,,,
Judge.me Product Reviews App,Search_EN_Features_2024.08.19,2026-02-24,2026-03-17,UTC,USD,etsy stock sync,etsy importer,broad,5.0,0,0,0.0,0,0.0,0.0,0.0,0.0,0.0,0.0,,,,,
Judge.me Product Reviews App,Search_EN_Features_2024.08.19,2026-02-24,2026-03-17,UTC,USD,etsy specialty printers,etsy importer,broad,5.0,0,0,0.0,0,0.0,0.0,0.0,0.0,0.0,0.0,,,,,
Judge.me Product Reviews App,Search_EN_Features_2024.08.19,2026-02-24,2026-03-17,UTC,USD,etsy shoppify sync,etsy importer,broad,5.0,0,0,0.0,0,0.0,0.0,0.0,0.0,0.0,0.0,,,,,
Judge.me Product Reviews App,Search_EN_Features_2024.08.19,2026-02-24,2026-03-17,UTC,USD,etsy shop,etsy importer,broad,5.0,0,0,0.0,0,0.0,0.0,0.0,0.0,0.0,0.0,,,,,
Judge.me Product Reviews App,Search_EN_Features_2024.08.19,2026-02-24,2026-03-17,UTC,USD,etsy seller,etsy importer,broad,5.0,0,0,0.0,0,0.0,0.0,0.0,0.0,0.0,0.0,,,,,
Judge.me Product Reviews App,Search_EN_Features_2024.08.19,2026-02-24,2026-03-17,UTC,USD,etsy sales channel,etsy importer,broad,5.0,0,0,0.0,0,0.0,0.0,0.0,0.0,0.0,0.0,,,,,
Judge.me Product Reviews App,Search_EN_Features_2024.08.19,2026-02-24,2026-03-17,UTC,USD,etsy reviw,etsy importer,broad,5.0,0,0,0.0,0,0.0,0.0,0.0,0.0,0.0,0.0,,,,,
Judge.me Product Reviews App,Search_EN_Features_2024.08.19,2026-02-24,2026-03-17,UTC,USD,etsy reviews omega,etsy importer,broad,5.0,0,0,0.0,0,0.0,0.0,0.0,0.0,0.0,0.0,,,,,
Judge.me Product Reviews App,Search_EN_Features_2024.08.19,2026-02-24,2026-03-17,UTC,USD,etsy reviews importer,etsy importer,broad,5.0,0,0,0.0,0,0.0,0.0,0.0,0.0,0.0,0.0,,,,,
Judge.me Product Reviews App,Search_EN_Features_2024.08.19,2026-02-24,2026-03-17,UTC,USD,etsy reviews fsl,etsy importer,broad,5.0,0,0,0.0,0,0.0,0.0,0.0,0.0,0.0,0.0,,,,,
Judge.me Product Reviews App,Search_EN_Features_2024.08.19,2026-02-24,2026-03-17,UTC,USD,etsy reviews downloader,etsy importer,broad,5.0,0,0,0.0,0,0.0,0.0,0.0,0.0,0.0,0.0,,,,,
Judge.me Product Reviews App,Search_EN_Features_2024.08.19,2026-02-24,2026-03-17,UTC,USD,etsy reviews download,etsy importer,broad,5.0,0,0,0.0,0,0.0,0.0,0.0,0.0,0.0,0.0,,,,,
Judge.me Product Reviews App,Search_EN_Features_2024.08.19,2026-02-24,2026-03-17,UTC,USD,etsy reviews by omega,etsy importer,broad,5.0,0,0,0.0,0,0.0,0.0,0.0,0.0,0.0,0.0,,,,,
Judge.me Product Reviews App,Search_EN_Features_2024.08.19,2026-02-24,2026-03-17,UTC,USD,etsy review import,etsy importer,broad,5.0,0,0,0.0,0,0.0,0.0,0.0,0.0,0.0,0.0,,,,,
Judge.me Product Reviews App,Search_EN_Features_2024.08.19,2026-02-24,2026-03-17,UTC,USD,etsy review app,etsy importer,broad,5.0,0,0,0.0,0,0.0,0.0,0.0,0.0,0.0,0.0,,,,,
Judge.me Product Reviews App,Search_EN_Features_2024.08.19,2026-02-24,2026-03-17,UTC,USD,etsy revi,etsy importer,broad,5.0,0,0,0.0,0,0.0,0.0,0.0,0.0,0.0,0.0,,,,,
Judge.me Product Reviews App,Search_EN_Features_2024.08.19,2026-02-24,2026-03-17,UTC,USD,etsy rev,etsy importer,broad,5.0,0,0,0.0,0,0.0,0.0,0.0,0.0,0.0,0.0,,,,,
Judge.me Product Reviews App,Search_EN_Features_2024.08.19,2026-02-24,2026-03-17,UTC,USD,etsy reputon,etsy importer,broad,5.0,0,0,0.0,0,0.0,0.0,0.0,0.0,0.0,0.0,,,,,
Judge.me Product Reviews App,Search_EN_Features_2024.08.19,2026-02-24,2026-03-17,UTC,USD,etsy quick sync,etsy importer,broad,5.0,0,0,0.0,0,0.0,0.0,0.0,0.0,0.0,0.0,,,,,
Judge.me Product Reviews App,Search_EN_Features_2024.08.19,2026-02-24,2026-03-17,UTC,USD,etsy quick ship,etsy importer,broad,5.0,0,0,0.0,0,0.0,0.0,0.0,0.0,0.0,0.0,,,,,
Judge.me Product Reviews App,Search_EN_Features_2024.08.19,2026-02-24,2026-03-17,UTC,USD,etsy products,etsy importer,broad,5.0,0,0,0.0,0,0.0,0.0,0.0,0.0,0.0,0.0,,,,,
Judge.me Product Reviews App,Search_EN_Features_2024.08.19,2026-02-24,2026-03-17,UTC,USD,etsy product syn,etsy importer,broad,5.0,0,0,0.0,0,0.0,0.0,0.0,0.0,0.0,0.0,,,,,
Judge.me Product Reviews App,Search_EN_Features_2024.08.19,2026-02-24,2026-03-17,UTC,USD,etsy product interigation,etsy importer,broad,5.0,0,0,0.0,0,0.0,0.0,0.0,0.0,0.0,0.0,,,,,
Judge.me Product Reviews App,Search_EN_Features_2024.08.19,2026-02-24,2026-03-17,UTC,USD,etsy product import,etsy importer,broad,5.0,0,0,0.0,0,0.0,0.0,0.0,0.0,0.0,0.0,,,,,
Judge.me Product Reviews App,Search_EN_Features_2024.08.19,2026-02-24,2026-03-17,UTC,USD,etsy product and review import,etsy importer,broad,5.0,0,0,0.0,0,0.0,0.0,0.0,0.0,0.0,0.0,,,,,
Judge.me Product Reviews App,Search_EN_Features_2024.08.19,2026-02-24,2026-03-17,UTC,USD,etsy product and review,etsy importer,broad,5.0,0,0,0.0,0,0.0,0.0,0.0,0.0,0.0,0.0,,,,,
Judge.me Product Reviews App,Search_EN_Features_2024.08.19,2026-02-24,2026-03-17,UTC,USD,etsy product,etsy importer,broad,5.0,0,0,0.0,0,0.0,0.0,0.0,0.0,0.0,0.0,,,,,
Judge.me Product Reviews App,Search_EN_Features_2024.08.19,2026-02-24,2026-03-17,UTC,USD,etsy print,etsy importer,broad,5.0,0,0,0.0,0,0.0,0.0,0.0,0.0,0.0,0.0,,,,,
Judge.me Product Reviews App,Search_EN_Features_2024.08.19,2026-02-24,2026-03-17,UTC,USD,etsy order sync,etsy importer,broad,5.0,0,0,0.0,0,0.0,0.0,0.0,0.0,0.0,0.0,,,,,
Judge.me Product Reviews App,Search_EN_Features_2024.08.19,2026-02-24,2026-03-17,UTC,USD,etsy order import,etsy importer,broad,5.0,0,0,0.0,0,0.0,0.0,0.0,0.0,0.0,0.0,,,,,
Judge.me Product Reviews App,Search_EN_Features_2024.08.19,2026-02-24,2026-03-17,UTC,USD,etsy marketplace integration for custom items,etsy importer,broad,5.0,0,0,0.0,0,0.0,0.0,0.0,0.0,0.0,0.0,,,,,
Judge.me Product Reviews App,Search_EN_Features_2024.08.19,2026-02-24,2026-03-17,UTC,USD,etsy marketplace integration app,etsy importer,broad,5.0,0,0,0.0,0,0.0,0.0,0.0,0.0,0.0,0.0,,,,,
Judge.me Product Reviews App,Search_EN_Features_2024.08.19,2026-02-24,2026-03-17,UTC,USD,etsy marketplace integration & sync by cedcommerce,etsy importer,broad,5.0,0,0,0.0,0,0.0,0.0,0.0,0.0,0.0,0.0,,,,,
Judge.me Product Reviews App,Search_EN_Features_2024.08.19,2026-02-24,2026-03-17,UTC,USD,etsy marketplace integratio,etsy importer,broad,5.0,0,0,0.0,0,0.0,0.0,0.0,0.0,0.0,0.0,,,,,
Judge.me Product Reviews App,Search_EN_Features_2024.08.19,2026-02-24,2026-03-17,UTC,USD,etsy marketplace integrate,etsy importer,broad,5.0,0,0,0.0,0,0.0,0.0,0.0,0.0,0.0,0.0,,,,,
Judge.me Product Reviews App,Search_EN_Features_2024.08.19,2026-02-24,2026-03-17,UTC,USD,etsy marketplace int,etsy importer,broad,5.0,0,0,0.0,0,0.0,0.0,0.0,0.0,0.0,0.0,,,,,
Judge.me Product Reviews App,Search_EN_Features_2024.08.19,2026-02-24,2026-03-17,UTC,USD,etsy marketplace importer,etsy importer,broad,5.0,0,0,0.0,0,0.0,0.0,0.0,0.0,0.0,0.0,,,,,
Judge.me Product Reviews App,Search_EN_Features_2024.08.19,2026-02-24,2026-03-17,UTC,USD,"etsy marketplace connect,",etsy importer,broad,5.0,0,0,0.0,0,0.0,0.0,0.0,0.0,0.0,0.0,,,,,
Judge.me Product Reviews App,Search_EN_Features_2024.08.19,2026-02-24,2026-03-17,UTC,USD,etsy marketplace connect,etsy importer,broad,5.0,0,0,0.0,0,0.0,0.0,0.0,0.0,0.0,0.0,,,,,
Judge.me Product Reviews App,Search_EN_Features_2024.08.19,2026-02-24,2026-03-17,UTC,USD,etsy marketplace connec,etsy importer,broad,5.0,0,0,0.0,0,0.0,0.0,0.0,0.0,0.0,0.0,,,,,
Judge.me Product Reviews App,Search_EN_Features_2024.08.19,2026-02-24,2026-03-17,UTC,USD,etsy market integration,etsy importer,broad,5.0,0,0,0.0,0,0.0,0.0,0.0,0.0,0.0,0.0,,,,,
Judge.me Product Reviews App,Search_EN_Features_2024.08.19,2026-02-24,2026-03-17,UTC,USD,etsy locations,etsy importer,broad,5.0,0,0,0.0,0,0.0,0.0,0.0,0.0,0.0,0.0,,,,,
Judge.me Product Reviews App,Search_EN_Features_2024.08.19,2026-02-24,2026-03-17,UTC,USD,etsy listing sync,etsy importer,broad,5.0,0,0,0.0,0,0.0,0.0,0.0,0.0,0.0,0.0,,,,,
Judge.me Product Reviews App,Search_EN_Features_2024.08.19,2026-02-24,2026-03-17,UTC,USD,etsy listing,etsy importer,broad,5.0,0,0,0.0,0,0.0,0.0,0.0,0.0,0.0,0.0,,,,,
Judge.me Product Reviews App,Search_EN_Features_2024.08.19,2026-02-24,2026-03-17,UTC,USD,etsy link,etsy importer,broad,5.0,0,0,0.0,0,0.0,0.0,0.0,0.0,0.0,0.0,,,,,
Judge.me Product Reviews App,Search_EN_Features_2024.08.19,2026-02-24,2026-03-17,UTC,USD,etsy inventory sync,etsy importer,broad,5.0,0,0,0.0,0,0.0,0.0,0.0,0.0,0.0,0.0,,,,,
Judge.me Product Reviews App,Search_EN_Features_2024.08.19,2026-02-24,2026-03-17,UTC,USD,etsy inventory,etsy importer,broad,5.0,0,0,0.0,0,0.0,0.0,0.0,0.0,0.0,0.0,,,,,
Judge.me Product Reviews App,Search_EN_Features_2024.08.19,2026-02-24,2026-03-17,UTC,USD,etsy intergration,etsy importer,broad,5.0,0,0,0.0,0,0.0,0.0,0.0,0.0,0.0,0.0,,,,,
Judge.me Product Reviews App,Search_EN_Features_2024.08.19,2026-02-24,2026-03-17,UTC,USD,etsy inter,etsy importer,broad,5.0,0,0,0.0,0,0.0,0.0,0.0,0.0,0.0,0.0,,,,,
Judge.me Product Reviews App,Search_EN_Features_2024.08.19,2026-02-24,2026-03-17,UTC,USD,etsy integration with shopify,etsy importer,broad,5.0,0,0,0.0,0,0.0,0.0,0.0,0.0,0.0,0.0,,,,,
Judge.me Product Reviews App,Search_EN_Features_2024.08.19,2026-02-24,2026-03-17,UTC,USD,etsy integration sync dpl,etsy importer,broad,5.0,0,0,0.0,0,0.0,0.0,0.0,0.0,0.0,0.0,,,,,
Judge.me Product Reviews App,Search_EN_Features_2024.08.19,2026-02-24,2026-03-17,UTC,USD,etsy integration sync,etsy importer,broad,5.0,0,0,0.0,0,0.0,0.0,0.0,0.0,0.0,0.0,,,,,
Judge.me Product Reviews App,Search_EN_Features_2024.08.19,2026-02-24,2026-03-17,UTC,USD,etsy integration shopupz,etsy importer,broad,5.0,0,0,0.0,0,0.0,0.0,0.0,0.0,0.0,0.0,,,,,
Judge.me Product Reviews App,Search_EN_Features_2024.08.19,2026-02-24,2026-03-17,UTC,USD,etsy integration shop,etsy importer,broad,5.0,0,0,0.0,0,0.0,0.0,0.0,0.0,0.0,0.0,,,,,
Judge.me Product Reviews App,Search_EN_Features_2024.08.19,2026-02-24,2026-03-17,UTC,USD,etsy integration litcommerce,etsy importer,broad,5.0,0,0,0.0,0,0.0,0.0,0.0,0.0,0.0,0.0,,,,,
Judge.me Product Reviews App,Search_EN_Features_2024.08.19,2026-02-24,2026-03-17,UTC,USD,etsy integration dpl,etsy importer,broad,5.0,0,0,0.0,0,0.0,0.0,0.0,0.0,0.0,0.0,,,,,
Judge.me Product Reviews App,Search_EN_Features_2024.08.19,2026-02-24,2026-03-17,UTC,USD,etsy integration by shopupz,etsy importer,broad,5.0,0,0,0.0,0,0.0,0.0,0.0,0.0,0.0,0.0,,,,,
Judge.me Product Reviews App,Search_EN_Features_2024.08.19,2026-02-24,2026-03-17,UTC,USD,etsy integration by shop,etsy importer,broad,5.0,0,0,0.0,0,0.0,0.0,0.0,0.0,0.0,0.0,,,,,
Judge.me Product Reviews App,Search_EN_Features_2024.08.19,2026-02-24,2026-03-17,UTC,USD,etsy integration by quicksync,etsy importer,broad,5.0,0,0,0.0,0,0.0,0.0,0.0,0.0,0.0,0.0,,,,,
Judge.me Product Reviews App,Search_EN_Features_2024.08.19,2026-02-24,2026-03-17,UTC,USD,etsy integration by cedcommerce,etsy importer,broad,5.0,0,0,0.0,0,0.0,0.0,0.0,0.0,0.0,0.0,,,,,
Judge.me Product Reviews App,Search_EN_Features_2024.08.19,2026-02-24,2026-03-17,UTC,USD,etsy integration bestellung,etsy importer,broad,5.0,0,0,0.0,0,0.0,0.0,0.0,0.0,0.0,0.0,,,,,
Judge.me Product Reviews App,Search_EN_Features_2024.08.19,2026-02-24,2026-03-17,UTC,USD,etsy integration app,etsy importer,broad,5.0,0,0,0.0,0,0.0,0.0,0.0,0.0,0.0,0.0,,,,,
Judge.me Product Reviews App,Search_EN_Features_2024.08.19,2026-02-24,2026-03-17,UTC,USD,etsy integration & synch-dpl,etsy importer,broad,5.0,0,0,0.0,0,0.0,0.0,0.0,0.0,0.0,0.0,,,,,
Judge.me Product Reviews App,Search_EN_Features_2024.08.19,2026-02-24,2026-03-17,UTC,USD,etsy integration & sync dpl,etsy importer,broad,5.0,0,0,0.0,0,0.0,0.0,0.0,0.0,0.0,0.0,,,,,
Judge.me Product Reviews App,Search_EN_Features_2024.08.19,2026-02-24,2026-03-17,UTC,USD,etsy integration & sync by shopupz,etsy importer,broad,5.0,0,0,0.0,0,0.0,0.0,0.0,0.0,0.0,0.0,,,,,
Judge.me Product Reviews App,Search_EN_Features_2024.08.19,2026-02-24,2026-03-17,UTC,USD,etsy integration & sync ? dpl,etsy importer,broad,5.0,0,0,0.0,0,0.0,0.0,0.0,0.0,0.0,0.0,,,,,
Judge.me Product Reviews App,Search_EN_Features_2024.08.19,2026-02-24,2026-03-17,UTC,USD,etsy integration & sync - dpl,etsy importer,broad,5.0,0,0,0.0,0,0.0,0.0,0.0,0.0,0.0,0.0,,,,,
Judge.me Product Reviews App,Search_EN_Features_2024.08.19,2026-02-24,2026-03-17,UTC,USD,etsy integration & sync,etsy importer,broad,5.0,0,0,0.0,0,0.0,0.0,0.0,0.0,0.0,0.0,,,,,
Judge.me Product Reviews App,Search_EN_Features_2024.08.19,2026-02-24,2026-03-17,UTC,USD,etsy integration ? dpl,etsy importer,broad,5.0,0,0,0.0,0,0.0,0.0,0.0,0.0,0.0,0.0,,,,,
Judge.me Product Reviews App,Search_EN_Features_2024.08.19,2026-02-24,2026-03-17,UTC,USD,etsy integration ? cedcommerce,etsy importer,broad,5.0,0,0,0.0,0,0.0,0.0,0.0,0.0,0.0,0.0,,,,,
Judge.me Product Reviews App,Search_EN_Features_2024.08.19,2026-02-24,2026-03-17,UTC,USD,etsy integration - dpl,etsy importer,broad,5.0,0,0,0.0,0,0.0,0.0,0.0,0.0,0.0,0.0,,,,,
Judge.me Product Reviews App,Search_EN_Features_2024.08.19,2026-02-24,2026-03-17,UTC,USD,etsy improt,etsy importer,broad,5.0,0,0,0.0,0,0.0,0.0,0.0,0.0,0.0,0.0,,,,,
Judge.me Product Reviews App,Search_EN_Features_2024.08.19,2026-02-24,2026-03-17,UTC,USD,etsy importer and sync by sp,etsy importer,broad,5.0,0,0,0.0,0,0.0,0.0,0.0,0.0,0.0,0.0,,,,,
Judge.me Product Reviews App,Search_EN_Features_2024.08.19,2026-02-24,2026-03-17,UTC,USD,etsy importer & sync by sp,etsy importer,broad,5.0,0,0,0.0,0,0.0,0.0,0.0,0.0,0.0,0.0,,,,,
Judge.me Product Reviews App,Search_EN_Features_2024.08.19,2026-02-24,2026-03-17,UTC,USD,etsy importer & sync,etsy importer,broad,5.0,0,0,0.0,0,0.0,0.0,0.0,0.0,0.0,0.0,,,,,
Judge.me Product Reviews App,Search_EN_Features_2024.08.19,2026-02-24,2026-03-17,UTC,USD,etsy import only,etsy importer,broad,5.0,0,0,0.0,0,0.0,0.0,0.0,0.0,0.0,0.0,,,,,
Judge.me Product Reviews App,Search_EN_Features_2024.08.19,2026-02-24,2026-03-17,UTC,USD,etsy import,etsy importer,broad,5.0,0,0,0.0,0,0.0,0.0,0.0,0.0,0.0,0.0,,,,,
Judge.me Product Reviews App,Search_EN_Features_2024.08.19,2026-02-24,2026-03-17,UTC,USD,etsy free,etsy importer,broad,5.0,0,0,0.0,0,0.0,0.0,0.0,0.0,0.0,0.0,,,,,
Judge.me Product Reviews App,Search_EN_Features_2024.08.19,2026-02-24,2026-03-17,UTC,USD,etsy frame,etsy importer,broad,5.0,0,0,0.0,0,0.0,0.0,0.0,0.0,0.0,0.0,,,,,
Judge.me Product Reviews App,Search_EN_Features_2024.08.19,2026-02-24,2026-03-17,UTC,USD,etsy feed,etsy importer,broad,5.0,0,0,0.0,0,0.0,0.0,0.0,0.0,0.0,0.0,,,,,
Judge.me Product Reviews App,Search_EN_Features_2024.08.19,2026-02-24,2026-03-17,UTC,USD,etsy ebay dropshipping no inventory plugin connect,etsy importer,broad,5.0,0,0,0.0,0,0.0,0.0,0.0,0.0,0.0,0.0,,,,,
Judge.me Product Reviews App,Search_EN_Features_2024.08.19,2026-02-24,2026-03-17,UTC,USD,etsy dropshipping no inventory plugin connect,etsy importer,broad,5.0,0,0,0.0,0,0.0,0.0,0.0,0.0,0.0,0.0,,,,,
Judge.me Product Reviews App,Search_EN_Features_2024.08.19,2026-02-24,2026-03-17,UTC,USD,etsy dropshipping no inventory,etsy importer,broad,5.0,0,0,0.0,0,0.0,0.0,0.0,0.0,0.0,0.0,,,,,
Judge.me Product Reviews App,Search_EN_Features_2024.08.19,2026-02-24,2026-03-17,UTC,USD,etsy dpl,etsy importer,broad,5.0,0,0,0.0,0,0.0,0.0,0.0,0.0,0.0,0.0,,,,,
Judge.me Product Reviews App,Search_EN_Features_2024.08.19,2026-02-24,2026-03-17,UTC,USD,etsy digital product labs,etsy importer,broad,5.0,0,0,0.0,0,0.0,0.0,0.0,0.0,0.0,0.0,,,,,
Judge.me Product Reviews App,Search_EN_Features_2024.08.19,2026-02-24,2026-03-17,UTC,USD,etsy connect,etsy importer,broad,5.0,0,0,0.0,0,0.0,0.0,0.0,0.0,0.0,0.0,,,,,
Judge.me Product Reviews App,Search_EN_Features_2024.08.19,2026-02-24,2026-03-17,UTC,USD,etsy buy button,etsy importer,broad,5.0,0,0,0.0,0,0.0,0.0,0.0,0.0,0.0,0.0,,,,,
Judge.me Product Reviews App,Search_EN_Features_2024.08.19,2026-02-24,2026-03-17,UTC,USD,etsy bewertungen,etsy importer,broad,5.0,0,0,0.0,0,0.0,0.0,0.0,0.0,0.0,0.0,,,,,
Judge.me Product Reviews App,Search_EN_Features_2024.08.19,2026-02-24,2026-03-17,UTC,USD,etsy baby clothes,etsy importer,broad,5.0,0,0,0.0,0,0.0,0.0,0.0,0.0,0.0,0.0,,,,,
Judge.me Product Reviews App,Search_EN_Features_2024.08.19,2026-02-24,2026-03-17,UTC,USD,etsy app cedcomerce,etsy importer,broad,5.0,0,0,0.0,0,0.0,0.0,0.0,0.0,0.0,0.0,,,,,
Judge.me Product Reviews App,Search_EN_Features_2024.08.19,2026-02-24,2026-03-17,UTC,USD,etsy and tiktok integration,etsy importer,broad,5.0,0,0,0.0,0,0.0,0.0,0.0,0.0,0.0,0.0,,,,,
Judge.me Product Reviews App,Search_EN_Features_2024.08.19,2026-02-24,2026-03-17,UTC,USD,etsy and shopify connection store,etsy importer,broad,5.0,0,0,0.0,0,0.0,0.0,0.0,0.0,0.0,0.0,,,,,
Judge.me Product Reviews App,Search_EN_Features_2024.08.19,2026-02-24,2026-03-17,UTC,USD,etsy and ebay sync,etsy importer,broad,5.0,0,0,0.0,0,0.0,0.0,0.0,0.0,0.0,0.0,,,,,
Judge.me Product Reviews App,Search_EN_Features_2024.08.19,2026-02-24,2026-03-17,UTC,USD,etsy and ebay,etsy importer,broad,5.0,0,0,0.0,0,0.0,0.0,0.0,0.0,0.0,0.0,,,,,
Judge.me Product Reviews App,Search_EN_Features_2024.08.19,2026-02-24,2026-03-17,UTC,USD,etsy a shopify,etsy importer,broad,5.0,0,0,0.0,0,0.0,0.0,0.0,0.0,0.0,0.0,,,,,
Judge.me Product Reviews App,Search_EN_Features_2024.08.19,2026-02-24,2026-03-17,UTC,USD,esty reviews importe,etsy importer,broad,5.0,0,0,0.0,0,0.0,0.0,0.0,0.0,0.0,0.0,,,,,
Judge.me Product Reviews App,Search_EN_Features_2024.08.19,2026-02-24,2026-03-17,UTC,USD,elettrificati-blog-import,etsy importer,broad,5.0,0,0,0.0,0,0.0,0.0,0.0,0.0,0.0,0.0,,,,,
Judge.me Product Reviews App,Search_EN_Features_2024.08.19,2026-02-24,2026-03-17,UTC,USD,ecwid to shopify import,etsy importer,broad,5.0,0,0,0.0,0,0.0,0.0,0.0,0.0,0.0,0.0,,,,,
Judge.me Product Reviews App,Search_EN_Features_2024.08.19,2026-02-24,2026-03-17,UTC,USD,ecopy: import & copy products logo,etsy importer,broad,5.0,0,0,0.0,0,0.0,0.0,0.0,0.0,0.0,0.0,,,,,
Judge.me Product Reviews App,Search_EN_Features_2024.08.19,2026-02-24,2026-03-17,UTC,USD,ecopy: import & copy products,etsy importer,broad,5.0,0,0,0.0,0,0.0,0.0,0.0,0.0,0.0,0.0,,,,,
Judge.me Product Reviews App,Search_EN_Features_2024.08.19,2026-02-24,2026-03-17,UTC,USD,ebay sync & importer,etsy importer,broad,5.0,0,0,0.0,0,0.0,0.0,0.0,0.0,0.0,0.0,,,,,
Judge.me Product Reviews App,Search_EN_Features_2024.08.19,2026-02-24,2026-03-17,UTC,USD,ebay reviews import,etsy importer,broad,5.0,0,0,0.0,0,0.0,0.0,0.0,0.0,0.0,0.0,,,,,
Judge.me Product Reviews App,Search_EN_Features_2024.08.19,2026-02-24,2026-03-17,UTC,USD,ebay review importer,etsy importer,broad,5.0,0,0,0.0,0,0.0,0.0,0.0,0.0,0.0,0.0,,,,,
Judge.me Product Reviews App,Search_EN_Features_2024.08.19,2026-02-24,2026-03-17,UTC,USD,ebay professional importer,etsy importer,broad,5.0,0,0,0.0,0,0.0,0.0,0.0,0.0,0.0,0.0,,,,,
Judge.me Product Reviews App,Search_EN_Features_2024.08.19,2026-02-24,2026-03-17,UTC,USD,ebay product importer,etsy importer,broad,5.0,0,0,0.0,0,0.0,0.0,0.0,0.0,0.0,0.0,,,,,
Judge.me Product Reviews App,Search_EN_Features_2024.08.19,2026-02-24,2026-03-17,UTC,USD,ebay product importe,etsy importer,broad,5.0,0,0,0.0,0,0.0,0.0,0.0,0.0,0.0,0.0,,,,,
Judge.me Product Reviews App,Search_EN_Features_2024.08.19,2026-02-24,2026-03-17,UTC,USD,ebay product import,etsy importer,broad,5.0,0,0,0.0,0,0.0,0.0,0.0,0.0,0.0,0.0,,,,,
Judge.me Product Reviews App,Search_EN_Features_2024.08.19,2026-02-24,2026-03-17,UTC,USD,ebay photo importer,etsy importer,broad,5.0,0,0,0.0,0,0.0,0.0,0.0,0.0,0.0,0.0,,,,,
Judge.me Product Reviews App,Search_EN_Features_2024.08.19,2026-02-24,2026-03-17,UTC,USD,ebay order importer,etsy importer,broad,5.0,0,0,0.0,0,0.0,0.0,0.0,0.0,0.0,0.0,,,,,
Judge.me Product Reviews App,Search_EN_Features_2024.08.19,2026-02-24,2026-03-17,UTC,USD,ebay listing importer,etsy importer,broad,5.0,0,0,0.0,0,0.0,0.0,0.0,0.0,0.0,0.0,,,,,
Judge.me Product Reviews App,Search_EN_Features_2024.08.19,2026-02-24,2026-03-17,UTC,USD,ebay listing import,etsy importer,broad,5.0,0,0,0.0,0,0.0,0.0,0.0,0.0,0.0,0.0,,,,,
Judge.me Product Reviews App,Search_EN_Features_2024.08.19,2026-02-24,2026-03-17,UTC,USD,ebay integration ? dpl 2. shopupz ? ebay listing importer,etsy importer,broad,5.0,0,0,0.0,0,0.0,0.0,0.0,0.0,0.0,0.0,,,,,
Judge.me Product Reviews App,Search_EN_Features_2024.08.19,2026-02-24,2026-03-17,UTC,USD,"ebay import sehr geehrtes ebay-team, hiermit beantragen wir die uberprufung und entfernung der folg",etsy importer,broad,5.0,0,0,0.0,0,0.0,0.0,0.0,0.0,0.0,0.0,,,,,
Judge.me Product Reviews App,Search_EN_Features_2024.08.19,2026-02-24,2026-03-17,UTC,USD,ebay import migration,etsy importer,broad,5.0,0,0,0.0,0,0.0,0.0,0.0,0.0,0.0,0.0,,,,,
Judge.me Product Reviews App,Search_EN_Features_2024.08.19,2026-02-24,2026-03-17,UTC,USD,ebay import cedcommerce,etsy importer,broad,5.0,0,0,0.0,0,0.0,0.0,0.0,0.0,0.0,0.0,,,,,
Judge.me Product Reviews App,Search_EN_Features_2024.08.19,2026-02-24,2026-03-17,UTC,USD,ebay etsy integration,etsy importer,broad,5.0,0,0,0.0,0,0.0,0.0,0.0,0.0,0.0,0.0,,,,,
Judge.me Product Reviews App,Search_EN_Features_2024.08.19,2026-02-24,2026-03-17,UTC,USD,ebay etsy,etsy importer,broad,5.0,0,0,0.0,0,0.0,0.0,0.0,0.0,0.0,0.0,,,,,
Judge.me Product Reviews App,Search_EN_Features_2024.08.19,2026-02-24,2026-03-17,UTC,USD,ebay and etsy sync,etsy importer,broad,5.0,0,0,0.0,0,0.0,0.0,0.0,0.0,0.0,0.0,,,,,
Judge.me Product Reviews App,Search_EN_Features_2024.08.19,2026-02-24,2026-03-17,UTC,USD,easy:import,etsy importer,broad,5.0,0,0,0.0,0,0.0,0.0,0.0,0.0,0.0,0.0,,,,,
Judge.me Product Reviews App,Search_EN_Features_2024.08.19,2026-02-24,2026-03-17,UTC,USD,easy xml import,etsy importer,broad,5.0,0,0,0.0,0,0.0,0.0,0.0,0.0,0.0,0.0,,,,,
Judge.me Product Reviews App,Search_EN_Features_2024.08.19,2026-02-24,2026-03-17,UTC,USD,easy imports,etsy importer,broad,5.0,0,0,0.0,0,0.0,0.0,0.0,0.0,0.0,0.0,,,,,
Judge.me Product Reviews App,Search_EN_Features_2024.08.19,2026-02-24,2026-03-17,UTC,USD,easy import ? etsy to shopify,etsy importer,broad,5.0,0,0,0.0,0,0.0,0.0,0.0,0.0,0.0,0.0,,,,,
Judge.me Product Reviews App,Search_EN_Features_2024.08.19,2026-02-24,2026-03-17,UTC,USD,easy import ? csv products,etsy importer,broad,5.0,0,0,0.0,0,0.0,0.0,0.0,0.0,0.0,0.0,,,,,
Judge.me Product Reviews App,Search_EN_Features_2024.08.19,2026-02-24,2026-03-17,UTC,USD,easy import - shopify,etsy importer,broad,5.0,0,0,0.0,0,0.0,0.0,0.0,0.0,0.0,0.0,,,,,
Judge.me Product Reviews App,Search_EN_Features_2024.08.19,2026-02-24,2026-03-17,UTC,USD,easy import - products,etsy importer,broad,5.0,0,0,0.0,0,0.0,0.0,0.0,0.0,0.0,0.0,,,,,
Judge.me Product Reviews App,Search_EN_Features_2024.08.19,2026-02-24,2026-03-17,UTC,USD,easy import,etsy importer,broad,5.0,0,0,0.0,0,0.0,0.0,0.0,0.0,0.0,0.0,,,,,
Judge.me Product Reviews App,Search_EN_Features_2024.08.19,2026-02-24,2026-03-17,UTC,USD,easy etsy,etsy importer,broad,5.0,0,0,0.0,0,0.0,0.0,0.0,0.0,0.0,0.0,,,,,
Judge.me Product Reviews App,Search_EN_Features_2024.08.19,2026-02-24,2026-03-17,UTC,USD,easy ebay importer by swiftbee,etsy importer,broad,5.0,0,0,0.0,0,0.0,0.0,0.0,0.0,0.0,0.0,,,,,
Judge.me Product Reviews App,Search_EN_Features_2024.08.19,2026-02-24,2026-03-17,UTC,USD,ean import images,etsy importer,broad,5.0,0,0,0.0,0,0.0,0.0,0.0,0.0,0.0,0.0,,,,,
Judge.me Product Reviews App,Search_EN_Features_2024.08.19,2026-02-24,2026-03-17,UTC,USD,ean find and import easy,etsy importer,broad,5.0,0,0,0.0,0,0.0,0.0,0.0,0.0,0.0,0.0,,,,,
Judge.me Product Reviews App,Search_EN_Features_2024.08.19,2026-02-24,2026-03-17,UTC,USD,ea importer,etsy importer,broad,5.0,0,0,0.0,0,0.0,0.0,0.0,0.0,0.0,0.0,,,,,
Judge.me Product Reviews App,Search_EN_Features_2024.08.19,2026-02-24,2026-03-17,UTC,USD,e commerce etsy,etsy importer,broad,5.0,0,0,0.0,0,0.0,0.0,0.0,0.0,0.0,0.0,,,,,
Judge.me Product Reviews App,Search_EN_Features_2024.08.19,2026-02-24,2026-03-17,UTC,USD,dummy products import,etsy importer,broad,5.0,0,0,0.0,0,0.0,0.0,0.0,0.0,0.0,0.0,,,,,
Judge.me Product Reviews App,Search_EN_Features_2024.08.19,2026-02-24,2026-03-17,UTC,USD,dsers-ailexpress.com product importer,etsy importer,broad,5.0,0,0,0.0,0,0.0,0.0,0.0,0.0,0.0,0.0,,,,,
Judge.me Product Reviews App,Search_EN_Features_2024.08.19,2026-02-24,2026-03-17,UTC,USD,dsers reviews importer,etsy importer,broad,5.0,0,0,0.0,0,0.0,0.0,0.0,0.0,0.0,0.0,,,,,
Judge.me Product Reviews App,Search_EN_Features_2024.08.19,2026-02-24,2026-03-17,UTC,USD,dsers aliexpress.com product importer,etsy importer,broad,5.0,0,0,0.0,0,0.0,0.0,0.0,0.0,0.0,0.0,,,,,
Judge.me Product Reviews App,Search_EN_Features_2024.08.19,2026-02-24,2026-03-17,UTC,USD,dsers - aliexpress.com product importer?.,etsy importer,broad,5.0,0,0,0.0,0,0.0,0.0,0.0,0.0,0.0,0.0,,,,,
Judge.me Product Reviews App,Search_EN_Features_2024.08.19,2026-02-24,2026-03-17,UTC,USD,dsers - aliexpress.com product importer,etsy importer,broad,5.0,0,0,0.0,0,0.0,0.0,0.0,0.0,0.0,0.0,,,,,
Judge.me Product Reviews App,Search_EN_Features_2024.08.19,2026-02-24,2026-03-17,UTC,USD,ds product importer,etsy importer,broad,5.0,0,0,0.0,0,0.0,0.0,0.0,0.0,0.0,0.0,,,,,
Judge.me Product Reviews App,Search_EN_Features_2024.08.19,2026-02-24,2026-03-17,UTC,USD,dropshipping supplier import,etsy importer,broad,5.0,0,0,0.0,0,0.0,0.0,0.0,0.0,0.0,0.0,,,,,
Judge.me Product Reviews App,Search_EN_Features_2024.08.19,2026-02-24,2026-03-17,UTC,USD,dropshipping import products,etsy importer,broad,5.0,0,0,0.0,0,0.0,0.0,0.0,0.0,0.0,0.0,,,,,
Judge.me Product Reviews App,Search_EN_Features_2024.08.19,2026-02-24,2026-03-17,UTC,USD,dropshipping & import apps,etsy importer,broad,5.0,0,0,0.0,0,0.0,0.0,0.0,0.0,0.0,0.0,,,,,
Judge.me Product Reviews App,Search_EN_Features_2024.08.19,2026-02-24,2026-03-17,UTC,USD,dropshippers you can import catalog,etsy importer,broad,5.0,0,0,0.0,0,0.0,0.0,0.0,0.0,0.0,0.0,,,,,
Judge.me Product Reviews App,Search_EN_Features_2024.08.19,2026-02-24,2026-03-17,UTC,USD,dropshipman ? aliexpress & any website importer,etsy importer,broad,5.0,0,0,0.0,0,0.0,0.0,0.0,0.0,0.0,0.0,,,,,
Judge.me Product Reviews App,Search_EN_Features_2024.08.19,2026-02-24,2026-03-17,UTC,USD,dropship importer,etsy importer,broad,5.0,0,0,0.0,0,0.0,0.0,0.0,0.0,0.0,0.0,,,,,
Judge.me Product Reviews App,Search_EN_Features_2024.08.19,2026-02-24,2026-03-17,UTC,USD,draft order importer,etsy importer,broad,5.0,0,0,0.0,0,0.0,0.0,0.0,0.0,0.0,0.0,,,,,
Judge.me Product Reviews App,Search_EN_Features_2024.08.19,2026-02-24,2026-03-17,UTC,USD,dpl ? reviews: etsy integration,etsy importer,broad,5.0,0,0,0.0,0,0.0,0.0,0.0,0.0,0.0,0.0,,,,,
Judge.me Product Reviews App,Search_EN_Features_2024.08.19,2026-02-24,2026-03-17,UTC,USD,doran: product reviews importer,etsy importer,broad,5.0,0,0,0.0,0,0.0,0.0,0.0,0.0,0.0,0.0,,,,,
Judge.me Product Reviews App,Search_EN_Features_2024.08.19,2026-02-24,2026-03-17,UTC,USD,doran product reviews importer,etsy importer,broad,5.0,0,0,0.0,0,0.0,0.0,0.0,0.0,0.0,0.0,,,,,
Judge.me Product Reviews App,Search_EN_Features_2024.08.19,2026-02-24,2026-03-17,UTC,USD,discount import,etsy importer,broad,5.0,0,0,0.0,0,0.0,0.0,0.0,0.0,0.0,0.0,,,,,
Judge.me Product Reviews App,Search_EN_Features_2024.08.19,2026-02-24,2026-03-17,UTC,USD,dhgate product import,etsy importer,broad,5.0,0,0,0.0,0,0.0,0.0,0.0,0.0,0.0,0.0,,,,,
Judge.me Product Reviews App,Search_EN_Features_2024.08.19,2026-02-24,2026-03-17,UTC,USD,databse file import,etsy importer,broad,5.0,0,0,0.0,0,0.0,0.0,0.0,0.0,0.0,0.0,,,,,
Judge.me Product Reviews App,Search_EN_Features_2024.08.19,2026-02-24,2026-03-17,UTC,USD,data import,etsy importer,broad,5.0,0,0,0.0,0,0.0,0.0,0.0,0.0,0.0,0.0,,,,,
Judge.me Product Reviews App,Search_EN_Features_2024.08.19,2026-02-24,2026-03-17,UTC,USD,data feed product import,etsy importer,broad,5.0,0,0,0.0,0,0.0,0.0,0.0,0.0,0.0,0.0,,,,,
Judge.me Product Reviews App,Search_EN_Features_2024.08.19,2026-02-24,2026-03-17,UTC,USD,data export import,etsy importer,broad,5.0,0,0,0.0,0,0.0,0.0,0.0,0.0,0.0,0.0,,,,,
Judge.me Product Reviews App,Search_EN_Features_2024.08.19,2026-02-24,2026-03-17,UTC,USD,cupom import,etsy importer,broad,5.0,0,0,0.0,0,0.0,0.0,0.0,0.0,0.0,0.0,,,,,
Judge.me Product Reviews App,Search_EN_Features_2024.08.19,2026-02-24,2026-03-17,UTC,USD,csv sales order import,etsy importer,broad,5.0,0,0,0.0,0,0.0,0.0,0.0,0.0,0.0,0.0,,,,,
Judge.me Product Reviews App,Search_EN_Features_2024.08.19,2026-02-24,2026-03-17,UTC,USD,csv product importer,etsy importer,broad,5.0,0,0,0.0,0,0.0,0.0,0.0,0.0,0.0,0.0,,,,,
Judge.me Product Reviews App,Search_EN_Features_2024.08.19,2026-02-24,2026-03-17,UTC,USD,csv product import,etsy importer,broad,5.0,0,0,0.0,0,0.0,0.0,0.0,0.0,0.0,0.0,,,,,
Judge.me Product Reviews App,Search_EN_Features_2024.08.19,2026-02-24,2026-03-17,UTC,USD,csv order importer,etsy importer,broad,5.0,0,0,0.0,0,0.0,0.0,0.0,0.0,0.0,0.0,,,,,
Judge.me Product Reviews App,Search_EN_Features_2024.08.19,2026-02-24,2026-03-17,UTC,USD,csv order import,etsy importer,broad,5.0,0,0,0.0,0,0.0,0.0,0.0,0.0,0.0,0.0,,,,,
Judge.me Product Reviews App,Search_EN_Features_2024.08.19,2026-02-24,2026-03-17,UTC,USD,csv importer,etsy importer,broad,5.0,0,0,0.0,0,0.0,0.0,0.0,0.0,0.0,0.0,,,,,
Judge.me Product Reviews App,Search_EN_Features_2024.08.19,2026-02-24,2026-03-17,UTC,USD,csv import/export translations,etsy importer,broad,5.0,0,0,0.0,0,0.0,0.0,0.0,0.0,0.0,0.0,,,,,
Judge.me Product Reviews App,Search_EN_Features_2024.08.19,2026-02-24,2026-03-17,UTC,USD,csv import products,etsy importer,broad,5.0,0,0,0.0,0,0.0,0.0,0.0,0.0,0.0,0.0,,,,,
Judge.me Product Reviews App,Search_EN_Features_2024.08.19,2026-02-24,2026-03-17,UTC,USD,csv import order,etsy importer,broad,5.0,0,0,0.0,0,0.0,0.0,0.0,0.0,0.0,0.0,,,,,
Judge.me Product Reviews App,Search_EN_Features_2024.08.19,2026-02-24,2026-03-17,UTC,USD,csv import for wholesale,etsy importer,broad,5.0,0,0,0.0,0,0.0,0.0,0.0,0.0,0.0,0.0,,,,,
Judge.me Product Reviews App,Search_EN_Features_2024.08.19,2026-02-24,2026-03-17,UTC,USD,crosspost etsy,etsy importer,broad,5.0,0,0,0.0,0,0.0,0.0,0.0,0.0,0.0,0.0,,,,,
Judge.me Product Reviews App,Search_EN_Features_2024.08.19,2026-02-24,2026-03-17,UTC,USD,coupon import,etsy importer,broad,5.0,0,0,0.0,0,0.0,0.0,0.0,0.0,0.0,0.0,,,,,
Judge.me Product Reviews App,Search_EN_Features_2024.08.19,2026-02-24,2026-03-17,UTC,USD,copy products & import,etsy importer,broad,5.0,0,0,0.0,0,0.0,0.0,0.0,0.0,0.0,0.0,,,,,
Judge.me Product Reviews App,Search_EN_Features_2024.08.19,2026-02-24,2026-03-17,UTC,USD,copy product import,etsy importer,broad,5.0,0,0,0.0,0,0.0,0.0,0.0,0.0,0.0,0.0,,,,,
Judge.me Product Reviews App,Search_EN_Features_2024.08.19,2026-02-24,2026-03-17,UTC,USD,copy import product,etsy importer,broad,5.0,0,0,0.0,0,0.0,0.0,0.0,0.0,0.0,0.0,,,,,
Judge.me Product Reviews App,Search_EN_Features_2024.08.19,2026-02-24,2026-03-17,UTC,USD,copy from etsy,etsy importer,broad,5.0,0,0,0.0,0,0.0,0.0,0.0,0.0,0.0,0.0,,,,,
Judge.me Product Reviews App,Search_EN_Features_2024.08.19,2026-02-24,2026-03-17,UTC,USD,coonect shopify to etsy,etsy importer,broad,5.0,0,0,0.0,0,0.0,0.0,0.0,0.0,0.0,0.0,,,,,
Judge.me Product Reviews App,Search_EN_Features_2024.08.19,2026-02-24,2026-03-17,UTC,USD,connect to etsy,etsy importer,broad,5.0,0,0,0.0,0,0.0,0.0,0.0,0.0,0.0,0.0,,,,,
Judge.me Product Reviews App,Search_EN_Features_2024.08.19,2026-02-24,2026-03-17,UTC,USD,"connect my etsy store, tik tok and ig stores and my listings",etsy importer,broad,5.0,0,0,0.0,0,0.0,0.0,0.0,0.0,0.0,0.0,,,,,
Judge.me Product Reviews App,Search_EN_Features_2024.08.19,2026-02-24,2026-03-17,UTC,USD,connect my etsy store and my listings,etsy importer,broad,5.0,0,0,0.0,0,0.0,0.0,0.0,0.0,0.0,0.0,,,,,
Judge.me Product Reviews App,Search_EN_Features_2024.08.19,2026-02-24,2026-03-17,UTC,USD,conect shopify to etsy,etsy importer,broad,5.0,0,0,0.0,0,0.0,0.0,0.0,0.0,0.0,0.0,,,,,
Judge.me Product Reviews App,Search_EN_Features_2024.08.19,2026-02-24,2026-03-17,UTC,USD,combined listings import,etsy importer,broad,5.0,0,0,0.0,0,0.0,0.0,0.0,0.0,0.0,0.0,,,,,
Judge.me Product Reviews App,Search_EN_Features_2024.08.19,2026-02-24,2026-03-17,UTC,USD,collections import export pro,etsy importer,broad,5.0,0,0,0.0,0,0.0,0.0,0.0,0.0,0.0,0.0,,,,,
Judge.me Product Reviews App,Search_EN_Features_2024.08.19,2026-02-24,2026-03-17,UTC,USD,collections import export,etsy importer,broad,5.0,0,0,0.0,0,0.0,0.0,0.0,0.0,0.0,0.0,,,,,
Judge.me Product Reviews App,Search_EN_Features_2024.08.19,2026-02-24,2026-03-17,UTC,USD,collections import,etsy importer,broad,5.0,0,0,0.0,0,0.0,0.0,0.0,0.0,0.0,0.0,,,,,
Judge.me Product Reviews App,Search_EN_Features_2024.08.19,2026-02-24,2026-03-17,UTC,USD,collection product import,etsy importer,broad,5.0,0,0,0.0,0,0.0,0.0,0.0,0.0,0.0,0.0,,,,,
Judge.me Product Reviews App,Search_EN_Features_2024.08.19,2026-02-24,2026-03-17,UTC,USD,collection importer,etsy importer,broad,5.0,0,0,0.0,0,0.0,0.0,0.0,0.0,0.0,0.0,,,,,
Judge.me Product Reviews App,Search_EN_Features_2024.08.19,2026-02-24,2026-03-17,UTC,USD,collection import export,etsy importer,broad,5.0,0,0,0.0,0,0.0,0.0,0.0,0.0,0.0,0.0,,,,,
Judge.me Product Reviews App,Search_EN_Features_2024.08.19,2026-02-24,2026-03-17,UTC,USD,collection import,etsy importer,broad,5.0,0,0,0.0,0,0.0,0.0,0.0,0.0,0.0,0.0,,,,,
Judge.me Product Reviews App,Search_EN_Features_2024.08.19,2026-02-24,2026-03-17,UTC,USD,collection download and import,etsy importer,broad,5.0,0,0,0.0,0,0.0,0.0,0.0,0.0,0.0,0.0,,,,,
Judge.me Product Reviews App,Search_EN_Features_2024.08.19,2026-02-24,2026-03-17,UTC,USD,cedcommerce etsy integration?,etsy importer,broad,5.0,0,0,0.0,0,0.0,0.0,0.0,0.0,0.0,0.0,,,,,
Judge.me Product Reviews App,Search_EN_Features_2024.08.19,2026-02-24,2026-03-17,UTC,USD,cedcommerce etsy integratio,etsy importer,broad,5.0,0,0,0.0,0,0.0,0.0,0.0,0.0,0.0,0.0,,,,,
Judge.me Product Reviews App,Search_EN_Features_2024.08.19,2026-02-24,2026-03-17,UTC,USD,cedcommerce etsy integ,etsy importer,broad,5.0,0,0,0.0,0,0.0,0.0,0.0,0.0,0.0,0.0,,,,,
Judge.me Product Reviews App,Search_EN_Features_2024.08.19,2026-02-24,2026-03-17,UTC,USD,ced commerce etsy,etsy importer,broad,5.0,0,0,0.0,0,0.0,0.0,0.0,0.0,0.0,0.0,,,,,
Judge.me Product Reviews App,Search_EN_Features_2024.08.19,2026-02-24,2026-03-17,UTC,USD,bulkpro ? order import,etsy importer,broad,5.0,0,0,0.0,0,0.0,0.0,0.0,0.0,0.0,0.0,,,,,
Judge.me Product Reviews App,Search_EN_Features_2024.08.19,2026-02-24,2026-03-17,UTC,USD,bulkpro - order import,etsy importer,broad,5.0,0,0,0.0,0,0.0,0.0,0.0,0.0,0.0,0.0,,,,,
Judge.me Product Reviews App,Search_EN_Features_2024.08.19,2026-02-24,2026-03-17,UTC,USD,bulkflow ? files import & export,etsy importer,broad,5.0,0,0,0.0,0,0.0,0.0,0.0,0.0,0.0,0.0,,,,,
Judge.me Product Reviews App,Search_EN_Features_2024.08.19,2026-02-24,2026-03-17,UTC,USD,"bulk update, import & migrate",etsy importer,broad,5.0,0,0,0.0,0,0.0,0.0,0.0,0.0,0.0,0.0,,,,,
Judge.me Product Reviews App,Search_EN_Features_2024.08.19,2026-02-24,2026-03-17,UTC,USD,bulk sales imports,etsy importer,broad,5.0,0,0,0.0,0,0.0,0.0,0.0,0.0,0.0,0.0,,,,,
Judge.me Product Reviews App,Search_EN_Features_2024.08.19,2026-02-24,2026-03-17,UTC,USD,bulk redirect import,etsy importer,broad,5.0,0,0,0.0,0,0.0,0.0,0.0,0.0,0.0,0.0,,,,,
Judge.me Product Reviews App,Search_EN_Features_2024.08.19,2026-02-24,2026-03-17,UTC,USD,bulk products edit & csv import,etsy importer,broad,5.0,0,0,0.0,0,0.0,0.0,0.0,0.0,0.0,0.0,,,,,
Judge.me Product Reviews App,Search_EN_Features_2024.08.19,2026-02-24,2026-03-17,UTC,USD,bulk product importer csv,etsy importer,broad,5.0,0,0,0.0,0,0.0,0.0,0.0,0.0,0.0,0.0,,,,,
Judge.me Product Reviews App,Search_EN_Features_2024.08.19,2026-02-24,2026-03-17,UTC,USD,bulk product importer,etsy importer,broad,5.0,0,0,0.0,0,0.0,0.0,0.0,0.0,0.0,0.0,,,,,
Judge.me Product Reviews App,Search_EN_Features_2024.08.19,2026-02-24,2026-03-17,UTC,USD,bulk product edit e csv import,etsy importer,broad,5.0,0,0,0.0,0,0.0,0.0,0.0,0.0,0.0,0.0,,,,,
Judge.me Product Reviews App,Search_EN_Features_2024.08.19,2026-02-24,2026-03-17,UTC,USD,bulk product edit & csv import ? hextom,etsy importer,broad,5.0,0,0,0.0,0,0.0,0.0,0.0,0.0,0.0,0.0,,,,,
Judge.me Product Reviews App,Search_EN_Features_2024.08.19,2026-02-24,2026-03-17,UTC,USD,bulk product edbulk product edit & csv import ? hextom,etsy importer,broad,5.0,0,0,0.0,0,0.0,0.0,0.0,0.0,0.0,0.0,,,,,
Judge.me Product Reviews App,Search_EN_Features_2024.08.19,2026-02-24,2026-03-17,UTC,USD,bulk order imports,etsy importer,broad,5.0,0,0,0.0,0,0.0,0.0,0.0,0.0,0.0,0.0,,,,,
Judge.me Product Reviews App,Search_EN_Features_2024.08.19,2026-02-24,2026-03-17,UTC,USD,bulk order importer,etsy importer,broad,5.0,0,0,0.0,0,0.0,0.0,0.0,0.0,0.0,0.0,,,,,
Judge.me Product Reviews App,Search_EN_Features_2024.08.19,2026-02-24,2026-03-17,UTC,USD,bulk import tracking number,etsy importer,broad,5.0,0,0,0.0,0,0.0,0.0,0.0,0.0,0.0,0.0,,,,,
Judge.me Product Reviews App,Search_EN_Features_2024.08.19,2026-02-24,2026-03-17,UTC,USD,bulk import suppliers to shopify,etsy importer,broad,5.0,0,0,0.0,0,0.0,0.0,0.0,0.0,0.0,0.0,,,,,
Judge.me Product Reviews App,Search_EN_Features_2024.08.19,2026-02-24,2026-03-17,UTC,USD,bulk import products from any store,etsy importer,broad,5.0,0,0,0.0,0,0.0,0.0,0.0,0.0,0.0,0.0,,,,,
Judge.me Product Reviews App,Search_EN_Features_2024.08.19,2026-02-24,2026-03-17,UTC,USD,bulk import products,etsy importer,broad,5.0,0,0,0.0,0,0.0,0.0,0.0,0.0,0.0,0.0,,,,,
Judge.me Product Reviews App,Search_EN_Features_2024.08.19,2026-02-24,2026-03-17,UTC,USD,bulk import product,etsy importer,broad,5.0,0,0,0.0,0,0.0,0.0,0.0,0.0,0.0,0.0,,,,,
Judge.me Product Reviews App,Search_EN_Features_2024.08.19,2026-02-24,2026-03-17,UTC,USD,bulk import orders,etsy importer,broad,5.0,0,0,0.0,0,0.0,0.0,0.0,0.0,0.0,0.0,,,,,
Judge.me Product Reviews App,Search_EN_Features_2024.08.19,2026-02-24,2026-03-17,UTC,USD,bulk import e,etsy importer,broad,5.0,0,0,0.0,0,0.0,0.0,0.0,0.0,0.0,0.0,,,,,
Judge.me Product Reviews App,Search_EN_Features_2024.08.19,2026-02-24,2026-03-17,UTC,USD,bulk import draft orders,etsy importer,broad,5.0,0,0,0.0,0,0.0,0.0,0.0,0.0,0.0,0.0,,,,,
Judge.me Product Reviews App,Search_EN_Features_2024.08.19,2026-02-24,2026-03-17,UTC,USD,bulk import,etsy importer,broad,5.0,0,0,0.0,0,0.0,0.0,0.0,0.0,0.0,0.0,,,,,
Judge.me Product Reviews App,Search_EN_Features_2024.08.19,2026-02-24,2026-03-17,UTC,USD,bulk images import,etsy importer,broad,5.0,0,0,0.0,0,0.0,0.0,0.0,0.0,0.0,0.0,,,,,
Judge.me Product Reviews App,Search_EN_Features_2024.08.19,2026-02-24,2026-03-17,UTC,USD,bulk image import,etsy importer,broad,5.0,0,0,0.0,0,0.0,0.0,0.0,0.0,0.0,0.0,,,,,
Judge.me Product Reviews App,Search_EN_Features_2024.08.19,2026-02-24,2026-03-17,UTC,USD,bulk gift card import,etsy importer,broad,5.0,0,0,0.0,0,0.0,0.0,0.0,0.0,0.0,0.0,,,,,
Judge.me Product Reviews App,Search_EN_Features_2024.08.19,2026-02-24,2026-03-17,UTC,USD,bulk discount code import,etsy importer,broad,5.0,0,0,0.0,0,0.0,0.0,0.0,0.0,0.0,0.0,,,,,
Judge.me Product Reviews App,Search_EN_Features_2024.08.19,2026-02-24,2026-03-17,UTC,USD,bulk data import,etsy importer,broad,5.0,0,0,0.0,0,0.0,0.0,0.0,0.0,0.0,0.0,,,,,
Judge.me Product Reviews App,Search_EN_Features_2024.08.19,2026-02-24,2026-03-17,UTC,USD,bulk collection import/export,etsy importer,broad,5.0,0,0,0.0,0,0.0,0.0,0.0,0.0,0.0,0.0,,,,,
Judge.me Product Reviews App,Search_EN_Features_2024.08.19,2026-02-24,2026-03-17,UTC,USD,bulk b2b order importer,etsy importer,broad,5.0,0,0,0.0,0,0.0,0.0,0.0,0.0,0.0,0.0,,,,,
Judge.me Product Reviews App,Search_EN_Features_2024.08.19,2026-02-24,2026-03-17,UTC,USD,bluk product importer via image,etsy importer,broad,5.0,0,0,0.0,0,0.0,0.0,0.0,0.0,0.0,0.0,,,,,
Judge.me Product Reviews App,Search_EN_Features_2024.08.19,2026-02-24,2026-03-17,UTC,USD,bluepeacock gift card importer,etsy importer,broad,5.0,0,0,0.0,0,0.0,0.0,0.0,0.0,0.0,0.0,,,,,
Judge.me Product Reviews App,Search_EN_Features_2024.08.19,2026-02-24,2026-03-17,UTC,USD,blogs import,etsy importer,broad,5.0,0,0,0.0,0,0.0,0.0,0.0,0.0,0.0,0.0,,,,,
Judge.me Product Reviews App,Search_EN_Features_2024.08.19,2026-02-24,2026-03-17,UTC,USD,blog post import,etsy importer,broad,5.0,0,0,0.0,0,0.0,0.0,0.0,0.0,0.0,0.0,,,,,
Judge.me Product Reviews App,Search_EN_Features_2024.08.19,2026-02-24,2026-03-17,UTC,USD,blog import export,etsy importer,broad,5.0,0,0,0.0,0,0.0,0.0,0.0,0.0,0.0,0.0,,,,,
Judge.me Product Reviews App,Search_EN_Features_2024.08.19,2026-02-24,2026-03-17,UTC,USD,blog import app,etsy importer,broad,5.0,0,0,0.0,0,0.0,0.0,0.0,0.0,0.0,0.0,,,,,
Judge.me Product Reviews App,Search_EN_Features_2024.08.19,2026-02-24,2026-03-17,UTC,USD,blog import,etsy importer,broad,5.0,0,0,0.0,0,0.0,0.0,0.0,0.0,0.0,0.0,,,,,
Judge.me Product Reviews App,Search_EN_Features_2024.08.19,2026-02-24,2026-03-17,UTC,USD,barcode create product or scan import upc,etsy importer,broad,5.0,0,0,0.0,0,0.0,0.0,0.0,0.0,0.0,0.0,,,,,
Judge.me Product Reviews App,Search_EN_Features_2024.08.19,2026-02-24,2026-03-17,UTC,USD,b2b order importer,etsy importer,broad,5.0,0,0,0.0,0,0.0,0.0,0.0,0.0,0.0,0.0,,,,,
Judge.me Product Reviews App,Search_EN_Features_2024.08.19,2026-02-24,2026-03-17,UTC,USD,automatic price adjustment import flo,etsy importer,broad,5.0,0,0,0.0,0,0.0,0.0,0.0,0.0,0.0,0.0,,,,,
Judge.me Product Reviews App,Search_EN_Features_2024.08.19,2026-02-24,2026-03-17,UTC,USD,automatic price adjustment import,etsy importer,broad,5.0,0,0,0.0,0,0.0,0.0,0.0,0.0,0.0,0.0,,,,,
Judge.me Product Reviews App,Search_EN_Features_2024.08.19,2026-02-24,2026-03-17,UTC,USD,automate import revies,etsy importer,broad,5.0,0,0,0.0,0,0.0,0.0,0.0,0.0,0.0,0.0,,,,,
Judge.me Product Reviews App,Search_EN_Features_2024.08.19,2026-02-24,2026-03-17,UTC,USD,auto product image importer,etsy importer,broad,5.0,0,0,0.0,0,0.0,0.0,0.0,0.0,0.0,0.0,,,,,
Judge.me Product Reviews App,Search_EN_Features_2024.08.19,2026-02-24,2026-03-17,UTC,USD,auto inventory sync etsy,etsy importer,broad,5.0,0,0,0.0,0,0.0,0.0,0.0,0.0,0.0,0.0,,,,,
Judge.me Product Reviews App,Search_EN_Features_2024.08.19,2026-02-24,2026-03-17,UTC,USD,attribute stock import,etsy importer,broad,5.0,0,0,0.0,0,0.0,0.0,0.0,0.0,0.0,0.0,,,,,
Judge.me Product Reviews App,Search_EN_Features_2024.08.19,2026-02-24,2026-03-17,UTC,USD,artwokr import,etsy importer,broad,5.0,0,0,0.0,0,0.0,0.0,0.0,0.0,0.0,0.0,,,,,
Judge.me Product Reviews App,Search_EN_Features_2024.08.19,2026-02-24,2026-03-17,UTC,USD,areviews ? reviews importer,etsy importer,broad,5.0,0,0,0.0,0,0.0,0.0,0.0,0.0,0.0,0.0,,,,,
Judge.me Product Reviews App,Search_EN_Features_2024.08.19,2026-02-24,2026-03-17,UTC,USD,areviews - reviews importer,etsy importer,broad,5.0,0,0,0.0,0,0.0,0.0,0.0,0.0,0.0,0.0,,,,,
Judge.me Product Reviews App,Search_EN_Features_2024.08.19,2026-02-24,2026-03-17,UTC,USD,apport: ai bulk pdf/csv import,etsy importer,broad,5.0,0,0,0.0,0,0.0,0.0,0.0,0.0,0.0,0.0,,,,,
Judge.me Product Reviews App,Search_EN_Features_2024.08.19,2026-02-24,2026-03-17,UTC,USD,apport: ai bulk pdf import,etsy importer,broad,5.0,0,0,0.0,0,0.0,0.0,0.0,0.0,0.0,0.0,,,,,
Judge.me Product Reviews App,Search_EN_Features_2024.08.19,2026-02-24,2026-03-17,UTC,USD,api import,etsy importer,broad,5.0,0,0,0.0,0,0.0,0.0,0.0,0.0,0.0,0.0,,,,,
Judge.me Product Reviews App,Search_EN_Features_2024.08.19,2026-02-24,2026-03-17,UTC,USD,any website importer,etsy importer,broad,5.0,0,0,0.0,0,0.0,0.0,0.0,0.0,0.0,0.0,,,,,
Judge.me Product Reviews App,Search_EN_Features_2024.08.19,2026-02-24,2026-03-17,UTC,USD,amzon importer,etsy importer,broad,5.0,0,0,0.0,0,0.0,0.0,0.0,0.0,0.0,0.0,,,,,
Judge.me Product Reviews App,Search_EN_Features_2024.08.19,2026-02-24,2026-03-17,UTC,USD,altera import,etsy importer,broad,5.0,0,0,0.0,0,0.0,0.0,0.0,0.0,0.0,0.0,,,,,
Judge.me Product Reviews App,Search_EN_Features_2024.08.19,2026-02-24,2026-03-17,UTC,USD,altera ? import & export,etsy importer,broad,5.0,0,0,0.0,0,0.0,0.0,0.0,0.0,0.0,0.0,,,,,
Judge.me Product Reviews App,Search_EN_Features_2024.08.19,2026-02-24,2026-03-17,UTC,USD,altera ? export and import :,etsy importer,broad,5.0,0,0,0.0,0,0.0,0.0,0.0,0.0,0.0,0.0,,,,,
Judge.me Product Reviews App,Search_EN_Features_2024.08.19,2026-02-24,2026-03-17,UTC,USD,alloy ? easy store automation (via import),etsy importer,broad,5.0,0,0,0.0,0,0.0,0.0,0.0,0.0,0.0,0.0,,,,,
Judge.me Product Reviews App,Search_EN_Features_2024.08.19,2026-02-24,2026-03-17,UTC,USD,aliexpress reviews importer,etsy importer,broad,5.0,0,0,0.0,0,0.0,0.0,0.0,0.0,0.0,0.0,,,,,
Judge.me Product Reviews App,Search_EN_Features_2024.08.19,2026-02-24,2026-03-17,UTC,USD,aliexpress product reviews importer,etsy importer,broad,5.0,0,0,0.0,0,0.0,0.0,0.0,0.0,0.0,0.0,,,,,
Judge.me Product Reviews App,Search_EN_Features_2024.08.19,2026-02-24,2026-03-17,UTC,USD,aliexpress product importer,etsy importer,broad,5.0,0,0,0.0,0,0.0,0.0,0.0,0.0,0.0,0.0,,,,,
Judge.me Product Reviews App,Search_EN_Features_2024.08.19,2026-02-24,2026-03-17,UTC,USD,aliexpress product import free,etsy importer,broad,5.0,0,0,0.0,0,0.0,0.0,0.0,0.0,0.0,0.0,,,,,
Judge.me Product Reviews App,Search_EN_Features_2024.08.19,2026-02-24,2026-03-17,UTC,USD,aliexpress import free,etsy importer,broad,5.0,0,0,0.0,0,0.0,0.0,0.0,0.0,0.0,0.0,,,,,
Judge.me Product Reviews App,Search_EN_Features_2024.08.19,2026-02-24,2026-03-17,UTC,USD,aliexpress import,etsy importer,broad,5.0,0,0,0.0,0,0.0,0.0,0.0,0.0,0.0,0.0,,,,,
Judge.me Product Reviews App,Search_EN_Features_2024.08.19,2026-02-24,2026-03-17,UTC,USD,alibaba reviews import,etsy importer,broad,5.0,0,0,0.0,0,0.0,0.0,0.0,0.0,0.0,0.0,,,,,
Judge.me Product Reviews App,Search_EN_Features_2024.08.19,2026-02-24,2026-03-17,UTC,USD,alibaba products import,etsy importer,broad,5.0,0,0,0.0,0,0.0,0.0,0.0,0.0,0.0,0.0,,,,,
Judge.me Product Reviews App,Search_EN_Features_2024.08.19,2026-02-24,2026-03-17,UTC,USD,alibaba product import,etsy importer,broad,5.0,0,0,0.0,0,0.0,0.0,0.0,0.0,0.0,0.0,,,,,
Judge.me Product Reviews App,Search_EN_Features_2024.08.19,2026-02-24,2026-03-17,UTC,USD,alibaba import products,etsy importer,broad,5.0,0,0,0.0,0,0.0,0.0,0.0,0.0,0.0,0.0,,,,,
Judge.me Product Reviews App,Search_EN_Features_2024.08.19,2026-02-24,2026-03-17,UTC,USD,alibaba import,etsy importer,broad,5.0,0,0,0.0,0,0.0,0.0,0.0,0.0,0.0,0.0,,,,,
Judge.me Product Reviews App,Search_EN_Features_2024.08.19,2026-02-24,2026-03-17,UTC,USD,ali temu review import,etsy importer,broad,5.0,0,0,0.0,0,0.0,0.0,0.0,0.0,0.0,0.0,,,,,
Judge.me Product Reviews App,Search_EN_Features_2024.08.19,2026-02-24,2026-03-17,UTC,USD,ali reviews (best for importing fake reviews),etsy importer,broad,5.0,0,0,0.0,0,0.0,0.0,0.0,0.0,0.0,0.0,,,,,
Judge.me Product Reviews App,Search_EN_Features_2024.08.19,2026-02-24,2026-03-17,UTC,USD,ali reviews ? aliexpress reviews importer,etsy importer,broad,5.0,0,0,0.0,0,0.0,0.0,0.0,0.0,0.0,0.0,,,,,
Judge.me Product Reviews App,Search_EN_Features_2024.08.19,2026-02-24,2026-03-17,UTC,USD,ali review importer,etsy importer,broad,5.0,0,0,0.0,0,0.0,0.0,0.0,0.0,0.0,0.0,,,,,
Judge.me Product Reviews App,Search_EN_Features_2024.08.19,2026-02-24,2026-03-17,UTC,USD,ali import,etsy importer,broad,5.0,0,0,0.0,0,0.0,0.0,0.0,0.0,0.0,0.0,,,,,
Judge.me Product Reviews App,Search_EN_Features_2024.08.19,2026-02-24,2026-03-17,UTC,USD,ali express review importer,etsy importer,broad,5.0,0,0,0.0,0,0.0,0.0,0.0,0.0,0.0,0.0,,,,,
Judge.me Product Reviews App,Search_EN_Features_2024.08.19,2026-02-24,2026-03-17,UTC,USD,ali express product import,etsy importer,broad,5.0,0,0,0.0,0,0.0,0.0,0.0,0.0,0.0,0.0,,,,,
Judge.me Product Reviews App,Search_EN_Features_2024.08.19,2026-02-24,2026-03-17,UTC,USD,ali bulk import,etsy importer,broad,5.0,0,0,0.0,0,0.0,0.0,0.0,0.0,0.0,0.0,,,,,
Judge.me Product Reviews App,Search_EN_Features_2024.08.19,2026-02-24,2026-03-17,UTC,USD,ai review importer,etsy importer,broad,5.0,0,0,0.0,0,0.0,0.0,0.0,0.0,0.0,0.0,,,,,
Judge.me Product Reviews App,Search_EN_Features_2024.08.19,2026-02-24,2026-03-17,UTC,USD,ai product import,etsy importer,broad,5.0,0,0,0.0,0,0.0,0.0,0.0,0.0,0.0,0.0,,,,,
Judge.me Product Reviews App,Search_EN_Features_2024.08.19,2026-02-24,2026-03-17,UTC,USD,ai importer,etsy importer,broad,5.0,0,0,0.0,0,0.0,0.0,0.0,0.0,0.0,0.0,,,,,
Judge.me Product Reviews App,Search_EN_Features_2024.08.19,2026-02-24,2026-03-17,UTC,USD,ai import revies,etsy importer,broad,5.0,0,0,0.0,0,0.0,0.0,0.0,0.0,0.0,0.0,,,,,
Judge.me Product Reviews App,Search_EN_Features_2024.08.19,2026-02-24,2026-03-17,UTC,USD,ai import products,etsy importer,broad,5.0,0,0,0.0,0,0.0,0.0,0.0,0.0,0.0,0.0,,,,,
Judge.me Product Reviews App,Search_EN_Features_2024.08.19,2026-02-24,2026-03-17,UTC,USD,ai import product,etsy importer,broad,5.0,0,0,0.0,0,0.0,0.0,0.0,0.0,0.0,0.0,,,,,
Judge.me Product Reviews App,Search_EN_Features_2024.08.19,2026-02-24,2026-03-17,UTC,USD,ai import dropshipping,etsy importer,broad,5.0,0,0,0.0,0,0.0,0.0,0.0,0.0,0.0,0.0,,,,,
Judge.me Product Reviews App,Search_EN_Features_2024.08.19,2026-02-24,2026-03-17,UTC,USD,ai bulk pdf/csv import,etsy importer,broad,5.0,0,0,0.0,0,0.0,0.0,0.0,0.0,0.0,0.0,,,,,
Judge.me Product Reviews App,Search_EN_Features_2024.08.19,2026-02-24,2026-03-17,UTC,USD,affiliate import,etsy importer,broad,5.0,0,0,0.0,0,0.0,0.0,0.0,0.0,0.0,0.0,,,,,
Judge.me Product Reviews App,Search_EN_Features_2024.08.19,2026-02-24,2026-03-17,UTC,USD,adobe import,etsy importer,broad,5.0,0,0,0.0,0,0.0,0.0,0.0,0.0,0.0,0.0,,,,,
Judge.me Product Reviews App,Search_EN_Features_2024.08.19,2026-02-24,2026-03-17,UTC,USD,add etsy reviews,etsy importer,broad,5.0,0,0,0.0,0,0.0,0.0,0.0,0.0,0.0,0.0,,,,,
Judge.me Product Reviews App,Search_EN_Features_2024.08.19,2026-02-24,2026-03-17,UTC,USD,add app for etsy,etsy importer,broad,5.0,0,0,0.0,0,0.0,0.0,0.0,0.0,0.0,0.0,,,,,
Judge.me Product Reviews App,Search_EN_Features_2024.08.19,2026-02-24,2026-03-17,UTC,USD,accounts and import,etsy importer,broad,5.0,0,0,0.0,0,0.0,0.0,0.0,0.0,0.0,0.0,,,,,
Judge.me Product Reviews App,Search_EN_Features_2024.08.19,2026-02-24,2026-03-17,UTC,USD,ablestar woocommerce importer,etsy importer,broad,5.0,0,0,0.0,0,0.0,0.0,0.0,0.0,0.0,0.0,,,,,
Judge.me Product Reviews App,Search_EN_Features_2024.08.19,2026-02-24,2026-03-17,UTC,USD,ablestar import,etsy importer,broad,5.0,0,0,0.0,0,0.0,0.0,0.0,0.0,0.0,0.0,,,,,
Judge.me Product Reviews App,Search_EN_Features_2024.08.19,2026-02-24,2026-03-17,UTC,USD,aamazon bulk importer,etsy importer,broad,5.0,0,0,0.0,0,0.0,0.0,0.0,0.0,0.0,0.0,,,,,
Judge.me Product Reviews App,Search_EN_Features_2024.08.19,2026-02-24,2026-03-17,UTC,USD,1click ai product importer,etsy importer,broad,5.0,0,0,0.0,0,0.0,0.0,0.0,0.0,0.0,0.0,,,,,
Judge.me Product Reviews App,Search_EN_Features_2024.08.19,2026-02-24,2026-03-17,UTC,USD,1688 import,etsy importer,broad,5.0,0,0,0.0,0,0.0,0.0,0.0,0.0,0.0,0.0,,,,,
Judge.me Product Reviews App,Search_EN_Features_2024.08.19,2026-02-24,2026-03-17,UTC,USD,1 click importer,etsy importer,broad,5.0,0,0,0.0,0,0.0,0.0,0.0,0.0,0.0,0.0,,,,,
Judge.me Product Reviews App,Search_EN_Features_2024.08.19,2026-02-24,2026-03-17,UTC,USD,1 clic product importer,etsy importer,broad,5.0,0,0,0.0,0,0.0,0.0,0.0,0.0,0.0,0.0,,,,,
Judge.me Product Reviews App,Search_EN_Features_2024.08.19,2026-02-24,2026-03-17,UTC,USD,1 clic ai importer,etsy importer,broad,5.0,0,0,0.0,0,0.0,0.0,0.0,0.0,0.0,0.0,,,,,
Judge.me Product Reviews App,Search_EN_Features_2024.08.19,2026-02-24,2026-03-17,UTC,USD,"""store importer app""",etsy importer,broad,5.0,0,0,0.0,0,0.0,0.0,0.0,0.0,0.0,0.0,,,,,
Judge.me Product Reviews App,Search_EN_Features_2024.08.19,2026-02-24,2026-03-17,UTC,USD,?poky: product importer?,etsy importer,broad,5.0,0,0,0.0,0,0.0,0.0,0.0,0.0,0.0,0.0,,,,,
Judge.me Product Reviews App,Search_EN_Features_2024.08.19,2026-02-24,2026-03-17,UTC,USD,yotpo visual ugc,ugc,broad,7.0,0,0,0.0,0,0.0,0.0,0.0,0.0,0.0,0.0,,,,,
Judge.me Product Reviews App,Search_EN_Features_2024.08.19,2026-02-24,2026-03-17,UTC,USD,yotpo ugc,ugc,broad,7.0,0,0,0.0,0,0.0,0.0,0.0,0.0,0.0,0.0,,,,,
Judge.me Product Reviews App,Search_EN_Features_2024.08.19,2026-02-24,2026-03-17,UTC,USD,yotpo reviews & ugc,ugc,broad,7.0,0,0,0.0,0,0.0,0.0,0.0,0.0,0.0,0.0,,,,,
Judge.me Product Reviews App,Search_EN_Features_2024.08.19,2026-02-24,2026-03-17,UTC,USD,yotpo product reviews and ugc,ugc,broad,7.0,0,0,0.0,0,0.0,0.0,0.0,0.0,0.0,0.0,,,,,
Judge.me Product Reviews App,Search_EN_Features_2024.08.19,2026-02-24,2026-03-17,UTC,USD,yotpo product reviews & ugc,ugc,broad,7.0,0,0,0.0,0,0.0,0.0,0.0,0.0,0.0,0.0,,,,,
Judge.me Product Reviews App,Search_EN_Features_2024.08.19,2026-02-24,2026-03-17,UTC,USD,vouch ugc,ugc,broad,7.0,0,0,0.0,0,0.0,0.0,0.0,0.0,0.0,0.0,,,,,
Judge.me Product Reviews App,Search_EN_Features_2024.08.19,2026-02-24,2026-03-17,UTC,USD,viral lab ai influencer & ugc,ugc,broad,7.0,0,0,0.0,0,0.0,0.0,0.0,0.0,0.0,0.0,,,,,
Judge.me Product Reviews App,Search_EN_Features_2024.08.19,2026-02-24,2026-03-17,UTC,USD,video ugc stories,ugc,broad,7.0,0,0,0.0,0,0.0,0.0,0.0,0.0,0.0,0.0,,,,,
Judge.me Product Reviews App,Search_EN_Features_2024.08.19,2026-02-24,2026-03-17,UTC,USD,video and ugc to your store,ugc,broad,7.0,0,0,0.0,0,0.0,0.0,0.0,0.0,0.0,0.0,,,,,
Judge.me Product Reviews App,Search_EN_Features_2024.08.19,2026-02-24,2026-03-17,UTC,USD,video ai ugc,ugc,broad,7.0,0,0,0.0,0,0.0,0.0,0.0,0.0,0.0,0.0,,,,,
Judge.me Product Reviews App,Search_EN_Features_2024.08.19,2026-02-24,2026-03-17,UTC,USD,video -ugc,ugc,broad,7.0,0,0,0.0,0,0.0,0.0,0.0,0.0,0.0,0.0,,,,,
Judge.me Product Reviews App,Search_EN_Features_2024.08.19,2026-02-24,2026-03-17,UTC,USD,vertical video ugc,ugc,broad,7.0,0,0,0.0,0,0.0,0.0,0.0,0.0,0.0,0.0,,,,,
Judge.me Product Reviews App,Search_EN_Features_2024.08.19,2026-02-24,2026-03-17,UTC,USD,ugc video player,ugc,broad,7.0,0,0,0.0,0,0.0,0.0,0.0,0.0,0.0,0.0,,,,,
Judge.me Product Reviews App,Search_EN_Features_2024.08.19,2026-02-24,2026-03-17,UTC,USD,ugc video importer,ugc,broad,7.0,0,0,0.0,0,0.0,0.0,0.0,0.0,0.0,0.0,,,,,
Judge.me Product Reviews App,Search_EN_Features_2024.08.19,2026-02-24,2026-03-17,UTC,USD,ugc video generator,ugc,broad,7.0,0,0,0.0,0,0.0,0.0,0.0,0.0,0.0,0.0,,,,,
Judge.me Product Reviews App,Search_EN_Features_2024.08.19,2026-02-24,2026-03-17,UTC,USD,ugc video carousel,ugc,broad,7.0,0,0,0.0,0,0.0,0.0,0.0,0.0,0.0,0.0,,,,,
Judge.me Product Reviews App,Search_EN_Features_2024.08.19,2026-02-24,2026-03-17,UTC,USD,ugc vide,ugc,broad,7.0,0,0,0.0,0,0.0,0.0,0.0,0.0,0.0,0.0,,,,,
Judge.me Product Reviews App,Search_EN_Features_2024.08.19,2026-02-24,2026-03-17,UTC,USD,ugc v,ugc,broad,7.0,0,0,0.0,0,0.0,0.0,0.0,0.0,0.0,0.0,,,,,
Judge.me Product Reviews App,Search_EN_Features_2024.08.19,2026-02-24,2026-03-17,UTC,USD,ugc reviews ai,ugc,broad,7.0,0,0,0.0,0,0.0,0.0,0.0,0.0,0.0,0.0,,,,,
Judge.me Product Reviews App,Search_EN_Features_2024.08.19,2026-02-24,2026-03-17,UTC,USD,ugc reviews,ugc,broad,7.0,0,0,0.0,0,0.0,0.0,0.0,0.0,0.0,0.0,,,,,
Judge.me Product Reviews App,Search_EN_Features_2024.08.19,2026-02-24,2026-03-17,UTC,USD,ugc instagram,ugc,broad,7.0,0,0,0.0,0,0.0,0.0,0.0,0.0,0.0,0.0,,,,,
Judge.me Product Reviews App,Search_EN_Features_2024.08.19,2026-02-24,2026-03-17,UTC,USD,ugc gallery,ugc,broad,7.0,0,0,0.0,0,0.0,0.0,0.0,0.0,0.0,0.0,,,,,
Judge.me Product Reviews App,Search_EN_Features_2024.08.19,2026-02-24,2026-03-17,UTC,USD,ugc from tiktok,ugc,broad,7.0,0,0,0.0,0,0.0,0.0,0.0,0.0,0.0,0.0,,,,,
Judge.me Product Reviews App,Search_EN_Features_2024.08.19,2026-02-24,2026-03-17,UTC,USD,ugc flow,ugc,broad,7.0,0,0,0.0,0,0.0,0.0,0.0,0.0,0.0,0.0,,,,,
Judge.me Product Reviews App,Search_EN_Features_2024.08.19,2026-02-24,2026-03-17,UTC,USD,ugc creator finder,ugc,broad,7.0,0,0,0.0,0,0.0,0.0,0.0,0.0,0.0,0.0,,,,,
Judge.me Product Reviews App,Search_EN_Features_2024.08.19,2026-02-24,2026-03-17,UTC,USD,ugc content,ugc,broad,7.0,0,0,0.0,0,0.0,0.0,0.0,0.0,0.0,0.0,,,,,
Judge.me Product Reviews App,Search_EN_Features_2024.08.19,2026-02-24,2026-03-17,UTC,USD,ugc community management,ugc,broad,7.0,0,0,0.0,0,0.0,0.0,0.0,0.0,0.0,0.0,,,,,
Judge.me Product Reviews App,Search_EN_Features_2024.08.19,2026-02-24,2026-03-17,UTC,USD,ugc carousel,ugc,broad,7.0,0,0,0.0,0,0.0,0.0,0.0,0.0,0.0,0.0,,,,,
Judge.me Product Reviews App,Search_EN_Features_2024.08.19,2026-02-24,2026-03-17,UTC,USD,ugc apps,ugc,broad,7.0,0,0,0.0,0,0.0,0.0,0.0,0.0,0.0,0.0,,,,,
Judge.me Product Reviews App,Search_EN_Features_2024.08.19,2026-02-24,2026-03-17,UTC,USD,ugc app that allows for uploaded ugc content from consumers,ugc,broad,7.0,0,0,0.0,0,0.0,0.0,0.0,0.0,0.0,0.0,,,,,
Judge.me Product Reviews App,Search_EN_Features_2024.08.19,2026-02-24,2026-03-17,UTC,USD,ugc ai videos,ugc,broad,7.0,0,0,0.0,0,0.0,0.0,0.0,0.0,0.0,0.0,,,,,
Judge.me Product Reviews App,Search_EN_Features_2024.08.19,2026-02-24,2026-03-17,UTC,USD,ugc ai,ugc,broad,7.0,0,0,0.0,0,0.0,0.0,0.0,0.0,0.0,0.0,,,,,
Judge.me Product Reviews App,Search_EN_Features_2024.08.19,2026-02-24,2026-03-17,UTC,USD,ugc agent,ugc,broad,7.0,0,0,0.0,0,0.0,0.0,0.0,0.0,0.0,0.0,,,,,
Judge.me Product Reviews App,Search_EN_Features_2024.08.19,2026-02-24,2026-03-17,UTC,USD,ugc ads,ugc,broad,7.0,0,0,0.0,0,0.0,0.0,0.0,0.0,0.0,0.0,,,,,
Judge.me Product Reviews App,Search_EN_Features_2024.08.19,2026-02-24,2026-03-17,UTC,USD,trybe ugc attribution,ugc,broad,7.0,0,0,0.0,0,0.0,0.0,0.0,0.0,0.0,0.0,,,,,
Judge.me Product Reviews App,Search_EN_Features_2024.08.19,2026-02-24,2026-03-17,UTC,USD,tolstoy ai shoppable video ugc,ugc,broad,7.0,0,0,0.0,0,0.0,0.0,0.0,0.0,0.0,0.0,,,,,
Judge.me Product Reviews App,Search_EN_Features_2024.08.19,2026-02-24,2026-03-17,UTC,USD,taggbox shoppable social ugc,ugc,broad,7.0,0,0,0.0,0,0.0,0.0,0.0,0.0,0.0,0.0,,,,,
Judge.me Product Reviews App,Search_EN_Features_2024.08.19,2026-02-24,2026-03-17,UTC,USD,super shoppable video ugc,ugc,broad,7.0,0,0,0.0,0,0.0,0.0,0.0,0.0,0.0,0.0,,,,,
Judge.me Product Reviews App,Search_EN_Features_2024.08.19,2026-02-24,2026-03-17,UTC,USD,storeel shoppable videos & ugc,ugc,broad,7.0,0,0,0.0,0,0.0,0.0,0.0,0.0,0.0,0.0,,,,,
Judge.me Product Reviews App,Search_EN_Features_2024.08.19,2026-02-24,2026-03-17,UTC,USD,stamped.io reviews & ugc,ugc,broad,7.0,0,0,0.0,0,0.0,0.0,0.0,0.0,0.0,0.0,,,,,
Judge.me Product Reviews App,Search_EN_Features_2024.08.19,2026-02-24,2026-03-17,UTC,USD,stamped product reviews & ugc,ugc,broad,7.0,0,0,0.0,0,0.0,0.0,0.0,0.0,0.0,0.0,,,,,
Judge.me Product Reviews App,Search_EN_Features_2024.08.19,2026-02-24,2026-03-17,UTC,USD,spark-ugc video car,ugc,broad,7.0,0,0,0.0,0,0.0,0.0,0.0,0.0,0.0,0.0,,,,,
Judge.me Product Reviews App,Search_EN_Features_2024.08.19,2026-02-24,2026-03-17,UTC,USD,socialphotos ugc social proof,ugc,broad,7.0,0,0,0.0,0,0.0,0.0,0.0,0.0,0.0,0.0,,,,,
Judge.me Product Reviews App,Search_EN_Features_2024.08.19,2026-02-24,2026-03-17,UTC,USD,socialphotos ugc,ugc,broad,7.0,0,0,0.0,0,0.0,0.0,0.0,0.0,0.0,0.0,,,,,
Judge.me Product Reviews App,Search_EN_Features_2024.08.19,2026-02-24,2026-03-17,UTC,USD,social ugc,ugc,broad,7.0,0,0,0.0,0,0.0,0.0,0.0,0.0,0.0,0.0,,,,,
Judge.me Product Reviews App,Search_EN_Features_2024.08.19,2026-02-24,2026-03-17,UTC,USD,shoppable video ugc,ugc,broad,7.0,0,0,0.0,0,0.0,0.0,0.0,0.0,0.0,0.0,,,,,
Judge.me Product Reviews App,Search_EN_Features_2024.08.19,2026-02-24,2026-03-17,UTC,USD,shoppable photo and video of ugc,ugc,broad,7.0,0,0,0.0,0,0.0,0.0,0.0,0.0,0.0,0.0,,,,,
Judge.me Product Reviews App,Search_EN_Features_2024.08.19,2026-02-24,2026-03-17,UTC,USD,"shoppable instagram feed, reels & tiktok ugc",ugc,broad,7.0,0,0,0.0,0,0.0,0.0,0.0,0.0,0.0,0.0,,,,,
Judge.me Product Reviews App,Search_EN_Features_2024.08.19,2026-02-24,2026-03-17,UTC,USD,shoppable instagram feed & ugc,ugc,broad,7.0,0,0,0.0,0,0.0,0.0,0.0,0.0,0.0,0.0,,,,,
Judge.me Product Reviews App,Search_EN_Features_2024.08.19,2026-02-24,2026-03-17,UTC,USD,shoppable galleries ugc,ugc,broad,7.0,0,0,0.0,0,0.0,0.0,0.0,0.0,0.0,0.0,,,,,
Judge.me Product Reviews App,Search_EN_Features_2024.08.19,2026-02-24,2026-03-17,UTC,USD,shopable ugc,ugc,broad,7.0,0,0,0.0,0,0.0,0.0,0.0,0.0,0.0,0.0,,,,,
Judge.me Product Reviews App,Search_EN_Features_2024.08.19,2026-02-24,2026-03-17,UTC,USD,refunnel - collect and track ugc,ugc,broad,7.0,0,0,0.0,0,0.0,0.0,0.0,0.0,0.0,0.0,,,,,
Judge.me Product Reviews App,Search_EN_Features_2024.08.19,2026-02-24,2026-03-17,UTC,USD,product reviews ugc q&a,ugc,broad,7.0,0,0,0.0,0,0.0,0.0,0.0,0.0,0.0,0.0,,,,,
Judge.me Product Reviews App,Search_EN_Features_2024.08.19,2026-02-24,2026-03-17,UTC,USD,product reviews app ugc q&a,ugc,broad,7.0,0,0,0.0,0,0.0,0.0,0.0,0.0,0.0,0.0,,,,,
Judge.me Product Reviews App,Search_EN_Features_2024.08.19,2026-02-24,2026-03-17,UTC,USD,product reviews app q&a ugc,ugc,broad,7.0,0,0,0.0,0,0.0,0.0,0.0,0.0,0.0,0.0,,,,,
Judge.me Product Reviews App,Search_EN_Features_2024.08.19,2026-02-24,2026-03-17,UTC,USD,product reviews app | q&a ugc,ugc,broad,7.0,0,0,0.0,0,0.0,0.0,0.0,0.0,0.0,0.0,,,,,
Judge.me Product Reviews App,Search_EN_Features_2024.08.19,2026-02-24,2026-03-17,UTC,USD,product review app ugc|q&a,ugc,broad,7.0,0,0,0.0,0,0.0,0.0,0.0,0.0,0.0,0.0,,,,,
Judge.me Product Reviews App,Search_EN_Features_2024.08.19,2026-02-24,2026-03-17,UTC,USD,product review app ugc q&a,ugc,broad,7.0,0,0,0.0,0,0.0,0.0,0.0,0.0,0.0,0.0,,,,,
Judge.me Product Reviews App,Search_EN_Features_2024.08.19,2026-02-24,2026-03-17,UTC,USD,opinew product reviews ugc,ugc,broad,7.0,0,0,0.0,0,0.0,0.0,0.0,0.0,0.0,0.0,,,,,
Judge.me Product Reviews App,Search_EN_Features_2024.08.19,2026-02-24,2026-03-17,UTC,USD,opinew product reviews app ugc,ugc,broad,7.0,0,0,0.0,0,0.0,0.0,0.0,0.0,0.0,0.0,,,,,
Judge.me Product Reviews App,Search_EN_Features_2024.08.19,2026-02-24,2026-03-17,UTC,USD,odin - social media feed & ugc,ugc,broad,7.0,0,0,0.0,0,0.0,0.0,0.0,0.0,0.0,0.0,,,,,
Judge.me Product Reviews App,Search_EN_Features_2024.08.19,2026-02-24,2026-03-17,UTC,USD,moast shoppable videos & ugc,ugc,broad,7.0,0,0,0.0,0,0.0,0.0,0.0,0.0,0.0,0.0,,,,,
Judge.me Product Reviews App,Search_EN_Features_2024.08.19,2026-02-24,2026-03-17,UTC,USD,libautech shoppable video ugc,ugc,broad,7.0,0,0,0.0,0,0.0,0.0,0.0,0.0,0.0,0.0,,,,,
Judge.me Product Reviews App,Search_EN_Features_2024.08.19,2026-02-24,2026-03-17,UTC,USD,kudobuzz shoppable ugc,ugc,broad,7.0,0,0,0.0,0,0.0,0.0,0.0,0.0,0.0,0.0,,,,,
Judge.me Product Reviews App,Search_EN_Features_2024.08.19,2026-02-24,2026-03-17,UTC,USD,judge.me ? reviews & ugc app,ugc,broad,7.0,0,0,0.0,0,0.0,0.0,0.0,0.0,0.0,0.0,,,,,
Judge.me Product Reviews App,Search_EN_Features_2024.08.19,2026-02-24,2026-03-17,UTC,USD,hoppable instagram feed & ugc (takeyourapp),ugc,broad,7.0,0,0,0.0,0,0.0,0.0,0.0,0.0,0.0,0.0,,,,,
Judge.me Product Reviews App,Search_EN_Features_2024.08.19,2026-02-24,2026-03-17,UTC,USD,foursixty shoppable social ugc logo foursixty shoppable social ugc,ugc,broad,7.0,0,0,0.0,0,0.0,0.0,0.0,0.0,0.0,0.0,,,,,
Judge.me Product Reviews App,Search_EN_Features_2024.08.19,2026-02-24,2026-03-17,UTC,USD,foursixty shoppable social ugc,ugc,broad,7.0,0,0,0.0,0,0.0,0.0,0.0,0.0,0.0,0.0,,,,,
Judge.me Product Reviews App,Search_EN_Features_2024.08.19,2026-02-24,2026-03-17,UTC,USD,firework shoppable video ugc,ugc,broad,7.0,0,0,0.0,0,0.0,0.0,0.0,0.0,0.0,0.0,,,,,
Judge.me Product Reviews App,Search_EN_Features_2024.08.19,2026-02-24,2026-03-17,UTC,USD,ecoboostify shoppable real ugc,ugc,broad,7.0,0,0,0.0,0,0.0,0.0,0.0,0.0,0.0,0.0,,,,,
Judge.me Product Reviews App,Search_EN_Features_2024.08.19,2026-02-24,2026-03-17,UTC,USD,display ugc,ugc,broad,7.0,0,0,0.0,0,0.0,0.0,0.0,0.0,0.0,0.0,,,,,
Judge.me Product Reviews App,Search_EN_Features_2024.08.19,2026-02-24,2026-03-17,UTC,USD,create ugc,ugc,broad,7.0,0,0,0.0,0,0.0,0.0,0.0,0.0,0.0,0.0,,,,,
Judge.me Product Reviews App,Search_EN_Features_2024.08.19,2026-02-24,2026-03-17,UTC,USD,bunu ai video: ugc & lookbook,ugc,broad,7.0,0,0,0.0,0,0.0,0.0,0.0,0.0,0.0,0.0,,,,,
Judge.me Product Reviews App,Search_EN_Features_2024.08.19,2026-02-24,2026-03-17,UTC,USD,air products reviews & ugc,ugc,broad,7.0,0,0,0.0,0,0.0,0.0,0.0,0.0,0.0,0.0,,,,,
Judge.me Product Reviews App,Search_EN_Features_2024.08.19,2026-02-24,2026-03-17,UTC,USD,air products review and ugc,ugc,broad,7.0,0,0,0.0,0,0.0,0.0,0.0,0.0,0.0,0.0,,,,,
Judge.me Product Reviews App,Search_EN_Features_2024.08.19,2026-02-24,2026-03-17,UTC,USD,air products review & ugc,ugc,broad,7.0,0,0,0.0,0,0.0,0.0,0.0,0.0,0.0,0.0,,,,,
Judge.me Product Reviews App,Search_EN_Features_2024.08.19,2026-02-24,2026-03-17,UTC,USD,air product reviews apps & ugc,ugc,broad,7.0,0,0,0.0,0,0.0,0.0,0.0,0.0,0.0,0.0,,,,,
Judge.me Product Reviews App,Search_EN_Features_2024.08.19,2026-02-24,2026-03-17,UTC,USD,air product review app and ugc,ugc,broad,7.0,0,0,0.0,0,0.0,0.0,0.0,0.0,0.0,0.0,,,,,
Judge.me Product Reviews App,Search_EN_Features_2024.08.19,2026-02-24,2026-03-17,UTC,USD,ai ugc video generator,ugc,broad,7.0,0,0,0.0,0,0.0,0.0,0.0,0.0,0.0,0.0,,,,,
Judge.me Product Reviews App,Search_EN_Features_2024.08.19,2026-02-24,2026-03-17,UTC,USD,ai ugc video,ugc,broad,7.0,0,0,0.0,0,0.0,0.0,0.0,0.0,0.0,0.0,,,,,
Judge.me Product Reviews App,Search_EN_Features_2024.08.19,2026-02-24,2026-03-17,UTC,USD,ai ugc product videos by lv,ugc,broad,7.0,0,0,0.0,0,0.0,0.0,0.0,0.0,0.0,0.0,,,,,
Judge.me Product Reviews App,Search_EN_Features_2024.08.19,2026-02-24,2026-03-17,UTC,USD,ai ugc product videos,ugc,broad,7.0,0,0,0.0,0,0.0,0.0,0.0,0.0,0.0,0.0,,,,,
Judge.me Product Reviews App,Search_EN_Features_2024.08.19,2026-02-24,2026-03-17,UTC,USD,ai ugc creator,ugc,broad,7.0,0,0,0.0,0,0.0,0.0,0.0,0.0,0.0,0.0,,,,,
Judge.me Product Reviews App,Search_EN_Features_2024.08.19,2026-02-24,2026-03-17,UTC,USD,ads ugc,ugc,broad,7.0,0,0,0.0,0,0.0,0.0,0.0,0.0,0.0,0.0,,,,,
Judge.me Product Reviews App,Search_EN_Features_2024.08.19,2026-02-24,2026-03-17,UTC,USD,add ugc to product pagesd,ugc,broad,7.0,0,0,0.0,0,0.0,0.0,0.0,0.0,0.0,0.0,,,,,
Judge.me Product Reviews App,Search_EN_Features_2024.08.19,2026-02-24,2026-03-17,UTC,USD,add ugc to product pages,ugc,broad,7.0,0,0,0.0,0,0.0,0.0,0.0,0.0,0.0,0.0,,,,,
Judge.me Product Reviews App,Search_EN_Features_2024.08.19,2026-02-24,2026-03-17,UTC,USD,whatsapp sms discount coupon,coupons,broad,2.0,0,0,0.0,0,0.0,0.0,0.0,0.0,0.0,0.0,,,,,
Judge.me Product Reviews App,Search_EN_Features_2024.08.19,2026-02-24,2026-03-17,UTC,USD,webhook coupon,coupons,broad,2.0,0,0,0.0,0,0.0,0.0,0.0,0.0,0.0,0.0,,,,,
Judge.me Product Reviews App,Search_EN_Features_2024.08.19,2026-02-24,2026-03-17,UTC,USD,wallet coupon,coupons,broad,2.0,0,0,0.0,0,0.0,0.0,0.0,0.0,0.0,0.0,,,,,
Judge.me Product Reviews App,Search_EN_Features_2024.08.19,2026-02-24,2026-03-17,UTC,USD,update coupon discount,coupons,broad,2.0,0,0,0.0,0,0.0,0.0,0.0,0.0,0.0,0.0,,,,,
Judge.me Product Reviews App,Search_EN_Features_2024.08.19,2026-02-24,2026-03-17,UTC,USD,unique coupons,coupons,broad,2.0,0,0,0.0,0,0.0,0.0,0.0,0.0,0.0,0.0,,,,,
Judge.me Product Reviews App,Search_EN_Features_2024.08.19,2026-02-24,2026-03-17,UTC,USD,unique coupon codes,coupons,broad,2.0,0,0,0.0,0,0.0,0.0,0.0,0.0,0.0,0.0,,,,,
Judge.me Product Reviews App,Search_EN_Features_2024.08.19,2026-02-24,2026-03-17,UTC,USD,unific dynamic coupons,coupons,broad,2.0,0,0,0.0,0,0.0,0.0,0.0,0.0,0.0,0.0,,,,,
Judge.me Product Reviews App,Search_EN_Features_2024.08.19,2026-02-24,2026-03-17,UTC,USD,time sensitive coupon code,coupons,broad,2.0,0,0,0.0,0,0.0,0.0,0.0,0.0,0.0,0.0,,,,,
Judge.me Product Reviews App,Search_EN_Features_2024.08.19,2026-02-24,2026-03-17,UTC,USD,thank you coupon,coupons,broad,2.0,0,0,0.0,0,0.0,0.0,0.0,0.0,0.0,0.0,,,,,
Judge.me Product Reviews App,Search_EN_Features_2024.08.19,2026-02-24,2026-03-17,UTC,USD,subscriber coupons,coupons,broad,2.0,0,0,0.0,0,0.0,0.0,0.0,0.0,0.0,0.0,,,,,
Judge.me Product Reviews App,Search_EN_Features_2024.08.19,2026-02-24,2026-03-17,UTC,USD,subscribe and get coupon,coupons,broad,2.0,0,0,0.0,0,0.0,0.0,0.0,0.0,0.0,0.0,,,,,
Judge.me Product Reviews App,Search_EN_Features_2024.08.19,2026-02-24,2026-03-17,UTC,USD,stop coupon,coupons,broad,2.0,0,0,0.0,0,0.0,0.0,0.0,0.0,0.0,0.0,,,,,
Judge.me Product Reviews App,Search_EN_Features_2024.08.19,2026-02-24,2026-03-17,UTC,USD,sms discount coupon,coupons,broad,2.0,0,0,0.0,0,0.0,0.0,0.0,0.0,0.0,0.0,,,,,
Judge.me Product Reviews App,Search_EN_Features_2024.08.19,2026-02-24,2026-03-17,UTC,USD,site subscriber discount coupon,coupons,broad,2.0,0,0,0.0,0,0.0,0.0,0.0,0.0,0.0,0.0,,,,,
Judge.me Product Reviews App,Search_EN_Features_2024.08.19,2026-02-24,2026-03-17,UTC,USD,show coupon,coupons,broad,2.0,0,0,0.0,0,0.0,0.0,0.0,0.0,0.0,0.0,,,,,
Judge.me Product Reviews App,Search_EN_Features_2024.08.19,2026-02-24,2026-03-17,UTC,USD,send coupon after purchase,coupons,broad,2.0,0,0,0.0,0,0.0,0.0,0.0,0.0,0.0,0.0,,,,,
Judge.me Product Reviews App,Search_EN_Features_2024.08.19,2026-02-24,2026-03-17,UTC,USD,send coupon after code,coupons,broad,2.0,0,0,0.0,0,0.0,0.0,0.0,0.0,0.0,0.0,,,,,
Judge.me Product Reviews App,Search_EN_Features_2024.08.19,2026-02-24,2026-03-17,UTC,USD,sell coupons,coupons,broad,2.0,0,0,0.0,0,0.0,0.0,0.0,0.0,0.0,0.0,,,,,
Judge.me Product Reviews App,Search_EN_Features_2024.08.19,2026-02-24,2026-03-17,UTC,USD,seguno dynamic coupons,coupons,broad,2.0,0,0,0.0,0,0.0,0.0,0.0,0.0,0.0,0.0,,,,,
Judge.me Product Reviews App,Search_EN_Features_2024.08.19,2026-02-24,2026-03-17,UTC,USD,seguno dynamic coupon,coupons,broad,2.0,0,0,0.0,0,0.0,0.0,0.0,0.0,0.0,0.0,,,,,
Judge.me Product Reviews App,Search_EN_Features_2024.08.19,2026-02-24,2026-03-17,UTC,USD,scratch-off reveal effect and show the coupon code,coupons,broad,2.0,0,0,0.0,0,0.0,0.0,0.0,0.0,0.0,0.0,,,,,
Judge.me Product Reviews App,Search_EN_Features_2024.08.19,2026-02-24,2026-03-17,UTC,USD,promotion coupon claim,coupons,broad,2.0,0,0,0.0,0,0.0,0.0,0.0,0.0,0.0,0.0,,,,,
Judge.me Product Reviews App,Search_EN_Features_2024.08.19,2026-02-24,2026-03-17,UTC,USD,promotion coupon,coupons,broad,2.0,0,0,0.0,0,0.0,0.0,0.0,0.0,0.0,0.0,,,,,
Judge.me Product Reviews App,Search_EN_Features_2024.08.19,2026-02-24,2026-03-17,UTC,USD,premio?s coupon x,coupons,broad,2.0,0,0,0.0,0,0.0,0.0,0.0,0.0,0.0,0.0,,,,,
Judge.me Product Reviews App,Search_EN_Features_2024.08.19,2026-02-24,2026-03-17,UTC,USD,post purchase coupon,coupons,broad,2.0,0,0,0.0,0,0.0,0.0,0.0,0.0,0.0,0.0,,,,,
Judge.me Product Reviews App,Search_EN_Features_2024.08.19,2026-02-24,2026-03-17,UTC,USD,popup coupon code,coupons,broad,2.0,0,0,0.0,0,0.0,0.0,0.0,0.0,0.0,0.0,,,,,
Judge.me Product Reviews App,Search_EN_Features_2024.08.19,2026-02-24,2026-03-17,UTC,USD,popup coupon,coupons,broad,2.0,0,0,0.0,0,0.0,0.0,0.0,0.0,0.0,0.0,,,,,
Judge.me Product Reviews App,Search_EN_Features_2024.08.19,2026-02-24,2026-03-17,UTC,USD,ms coupon,coupons,broad,2.0,0,0,0.0,0,0.0,0.0,0.0,0.0,0.0,0.0,,,,,
Judge.me Product Reviews App,Search_EN_Features_2024.08.19,2026-02-24,2026-03-17,UTC,USD,ms - coupon discount on card,coupons,broad,2.0,0,0,0.0,0,0.0,0.0,0.0,0.0,0.0,0.0,,,,,
Judge.me Product Reviews App,Search_EN_Features_2024.08.19,2026-02-24,2026-03-17,UTC,USD,klip coupons: discount codes,coupons,broad,2.0,0,0,0.0,0,0.0,0.0,0.0,0.0,0.0,0.0,,,,,
Judge.me Product Reviews App,Search_EN_Features_2024.08.19,2026-02-24,2026-03-17,UTC,USD,klip coupons alternate,coupons,broad,2.0,0,0,0.0,0,0.0,0.0,0.0,0.0,0.0,0.0,,,,,
Judge.me Product Reviews App,Search_EN_Features_2024.08.19,2026-02-24,2026-03-17,UTC,USD,klip coupon,coupons,broad,2.0,0,0,0.0,0,0.0,0.0,0.0,0.0,0.0,0.0,,,,,
Judge.me Product Reviews App,Search_EN_Features_2024.08.19,2026-02-24,2026-03-17,UTC,USD,keepcart coupon protect,coupons,broad,2.0,0,0,0.0,0,0.0,0.0,0.0,0.0,0.0,0.0,,,,,
Judge.me Product Reviews App,Search_EN_Features_2024.08.19,2026-02-24,2026-03-17,UTC,USD,kartdiscount coupon on cart,coupons,broad,2.0,0,0,0.0,0,0.0,0.0,0.0,0.0,0.0,0.0,,,,,
Judge.me Product Reviews App,Search_EN_Features_2024.08.19,2026-02-24,2026-03-17,UTC,USD,kartdiscount ? coupon on cart,coupons,broad,2.0,0,0,0.0,0,0.0,0.0,0.0,0.0,0.0,0.0,,,,,
Judge.me Product Reviews App,Search_EN_Features_2024.08.19,2026-02-24,2026-03-17,UTC,USD,k: coupon pop up,coupons,broad,2.0,0,0,0.0,0,0.0,0.0,0.0,0.0,0.0,0.0,,,,,
Judge.me Product Reviews App,Search_EN_Features_2024.08.19,2026-02-24,2026-03-17,UTC,USD,instagram coupon,coupons,broad,2.0,0,0,0.0,0,0.0,0.0,0.0,0.0,0.0,0.0,,,,,
Judge.me Product Reviews App,Search_EN_Features_2024.08.19,2026-02-24,2026-03-17,UTC,USD,gift coupon,coupons,broad,2.0,0,0,0.0,0,0.0,0.0,0.0,0.0,0.0,0.0,,,,,
Judge.me Product Reviews App,Search_EN_Features_2024.08.19,2026-02-24,2026-03-17,UTC,USD,gift card coupons,coupons,broad,2.0,0,0,0.0,0,0.0,0.0,0.0,0.0,0.0,0.0,,,,,
Judge.me Product Reviews App,Search_EN_Features_2024.08.19,2026-02-24,2026-03-17,UTC,USD,gift card coupon,coupons,broad,2.0,0,0,0.0,0,0.0,0.0,0.0,0.0,0.0,0.0,,,,,
Judge.me Product Reviews App,Search_EN_Features_2024.08.19,2026-02-24,2026-03-17,UTC,USD,free shipping coupon,coupons,broad,2.0,0,0,0.0,0,0.0,0.0,0.0,0.0,0.0,0.0,,,,,
Judge.me Product Reviews App,Search_EN_Features_2024.08.19,2026-02-24,2026-03-17,UTC,USD,free gift with coupon,coupons,broad,2.0,0,0,0.0,0,0.0,0.0,0.0,0.0,0.0,0.0,,,,,
Judge.me Product Reviews App,Search_EN_Features_2024.08.19,2026-02-24,2026-03-17,UTC,USD,email popup subscriber coupon x,coupons,broad,2.0,0,0,0.0,0,0.0,0.0,0.0,0.0,0.0,0.0,,,,,
Judge.me Product Reviews App,Search_EN_Features_2024.08.19,2026-02-24,2026-03-17,UTC,USD,dynamic coupon,coupons,broad,2.0,0,0,0.0,0,0.0,0.0,0.0,0.0,0.0,0.0,,,,,
Judge.me Product Reviews App,Search_EN_Features_2024.08.19,2026-02-24,2026-03-17,UTC,USD,discount coupons,coupons,broad,2.0,0,0,0.0,0,0.0,0.0,0.0,0.0,0.0,0.0,,,,,
Judge.me Product Reviews App,Search_EN_Features_2024.08.19,2026-02-24,2026-03-17,UTC,USD,discount coupon generator,coupons,broad,2.0,0,0,0.0,0,0.0,0.0,0.0,0.0,0.0,0.0,,,,,
Judge.me Product Reviews App,Search_EN_Features_2024.08.19,2026-02-24,2026-03-17,UTC,USD,discount coupon,coupons,broad,2.0,0,0,0.0,0,0.0,0.0,0.0,0.0,0.0,0.0,,,,,
Judge.me Product Reviews App,Search_EN_Features_2024.08.19,2026-02-24,2026-03-17,UTC,USD,coupons pop up,coupons,broad,2.0,0,0,0.0,0,0.0,0.0,0.0,0.0,0.0,0.0,,,,,
Judge.me Product Reviews App,Search_EN_Features_2024.08.19,2026-02-24,2026-03-17,UTC,USD,coupons on checkout page,coupons,broad,2.0,0,0,0.0,0,0.0,0.0,0.0,0.0,0.0,0.0,,,,,
Judge.me Product Reviews App,Search_EN_Features_2024.08.19,2026-02-24,2026-03-17,UTC,USD,coupons management,coupons,broad,2.0,0,0,0.0,0,0.0,0.0,0.0,0.0,0.0,0.0,,,,,
Judge.me Product Reviews App,Search_EN_Features_2024.08.19,2026-02-24,2026-03-17,UTC,USD,coupons display,coupons,broad,2.0,0,0,0.0,0,0.0,0.0,0.0,0.0,0.0,0.0,,,,,
Judge.me Product Reviews App,Search_EN_Features_2024.08.19,2026-02-24,2026-03-17,UTC,USD,coupons discounts,coupons,broad,2.0,0,0,0.0,0,0.0,0.0,0.0,0.0,0.0,0.0,,,,,
Judge.me Product Reviews App,Search_EN_Features_2024.08.19,2026-02-24,2026-03-17,UTC,USD,coupons bars,coupons,broad,2.0,0,0,0.0,0,0.0,0.0,0.0,0.0,0.0,0.0,,,,,
Judge.me Product Reviews App,Search_EN_Features_2024.08.19,2026-02-24,2026-03-17,UTC,USD,coupon x: discount code pop up,coupons,broad,2.0,0,0,0.0,0,0.0,0.0,0.0,0.0,0.0,0.0,,,,,
Judge.me Product Reviews App,Search_EN_Features_2024.08.19,2026-02-24,2026-03-17,UTC,USD,coupon x ? discount code pop up,coupons,broad,2.0,0,0,0.0,0,0.0,0.0,0.0,0.0,0.0,0.0,,,,,
Judge.me Product Reviews App,Search_EN_Features_2024.08.19,2026-02-24,2026-03-17,UTC,USD,coupon x,coupons,broad,2.0,0,0,0.0,0,0.0,0.0,0.0,0.0,0.0,0.0,,,,,
Judge.me Product Reviews App,Search_EN_Features_2024.08.19,2026-02-24,2026-03-17,UTC,USD,coupon validator,coupons,broad,2.0,0,0,0.0,0,0.0,0.0,0.0,0.0,0.0,0.0,,,,,
Judge.me Product Reviews App,Search_EN_Features_2024.08.19,2026-02-24,2026-03-17,UTC,USD,coupon top bar,coupons,broad,2.0,0,0,0.0,0,0.0,0.0,0.0,0.0,0.0,0.0,,,,,
Judge.me Product Reviews App,Search_EN_Features_2024.08.19,2026-02-24,2026-03-17,UTC,USD,coupon styles,coupons,broad,2.0,0,0,0.0,0,0.0,0.0,0.0,0.0,0.0,0.0,,,,,
Judge.me Product Reviews App,Search_EN_Features_2024.08.19,2026-02-24,2026-03-17,UTC,USD,coupon stacker,coupons,broad,2.0,0,0,0.0,0,0.0,0.0,0.0,0.0,0.0,0.0,,,,,
Judge.me Product Reviews App,Search_EN_Features_2024.08.19,2026-02-24,2026-03-17,UTC,USD,coupon sales,coupons,broad,2.0,0,0,0.0,0,0.0,0.0,0.0,0.0,0.0,0.0,,,,,
Judge.me Product Reviews App,Search_EN_Features_2024.08.19,2026-02-24,2026-03-17,UTC,USD,coupon pup up,coupons,broad,2.0,0,0,0.0,0,0.0,0.0,0.0,0.0,0.0,0.0,,,,,
Judge.me Product Reviews App,Search_EN_Features_2024.08.19,2026-02-24,2026-03-17,UTC,USD,coupon popup,coupons,broad,2.0,0,0,0.0,0,0.0,0.0,0.0,0.0,0.0,0.0,,,,,
Judge.me Product Reviews App,Search_EN_Features_2024.08.19,2026-02-24,2026-03-17,UTC,USD,coupon pop up,coupons,broad,2.0,0,0,0.0,0,0.0,0.0,0.0,0.0,0.0,0.0,,,,,
Judge.me Product Reviews App,Search_EN_Features_2024.08.19,2026-02-24,2026-03-17,UTC,USD,coupon pop,coupons,broad,2.0,0,0,0.0,0,0.0,0.0,0.0,0.0,0.0,0.0,,,,,
Judge.me Product Reviews App,Search_EN_Features_2024.08.19,2026-02-24,2026-03-17,UTC,USD,coupon on cart,coupons,broad,2.0,0,0,0.0,0,0.0,0.0,0.0,0.0,0.0,0.0,,,,,
Judge.me Product Reviews App,Search_EN_Features_2024.08.19,2026-02-24,2026-03-17,UTC,USD,coupon master - by rhapsody,coupons,broad,2.0,0,0,0.0,0,0.0,0.0,0.0,0.0,0.0,0.0,,,,,
Judge.me Product Reviews App,Search_EN_Features_2024.08.19,2026-02-24,2026-03-17,UTC,USD,coupon master,coupons,broad,2.0,0,0,0.0,0,0.0,0.0,0.0,0.0,0.0,0.0,,,,,
Judge.me Product Reviews App,Search_EN_Features_2024.08.19,2026-02-24,2026-03-17,UTC,USD,coupon list,coupons,broad,2.0,0,0,0.0,0,0.0,0.0,0.0,0.0,0.0,0.0,,,,,
Judge.me Product Reviews App,Search_EN_Features_2024.08.19,2026-02-24,2026-03-17,UTC,USD,coupon incart,coupons,broad,2.0,0,0,0.0,0,0.0,0.0,0.0,0.0,0.0,0.0,,,,,
Judge.me Product Reviews App,Search_EN_Features_2024.08.19,2026-02-24,2026-03-17,UTC,USD,coupon in checkout cart,coupons,broad,2.0,0,0,0.0,0,0.0,0.0,0.0,0.0,0.0,0.0,,,,,
Judge.me Product Reviews App,Search_EN_Features_2024.08.19,2026-02-24,2026-03-17,UTC,USD,coupon in cart,coupons,broad,2.0,0,0,0.0,0,0.0,0.0,0.0,0.0,0.0,0.0,,,,,
Judge.me Product Reviews App,Search_EN_Features_2024.08.19,2026-02-24,2026-03-17,UTC,USD,coupon hero,coupons,broad,2.0,0,0,0.0,0,0.0,0.0,0.0,0.0,0.0,0.0,,,,,
Judge.me Product Reviews App,Search_EN_Features_2024.08.19,2026-02-24,2026-03-17,UTC,USD,coupon generator whatsapp,coupons,broad,2.0,0,0,0.0,0,0.0,0.0,0.0,0.0,0.0,0.0,,,,,
Judge.me Product Reviews App,Search_EN_Features_2024.08.19,2026-02-24,2026-03-17,UTC,USD,coupon generator,coupons,broad,2.0,0,0,0.0,0,0.0,0.0,0.0,0.0,0.0,0.0,,,,,
Judge.me Product Reviews App,Search_EN_Features_2024.08.19,2026-02-24,2026-03-17,UTC,USD,coupon fraud,coupons,broad,2.0,0,0,0.0,0,0.0,0.0,0.0,0.0,0.0,0.0,,,,,
Judge.me Product Reviews App,Search_EN_Features_2024.08.19,2026-02-24,2026-03-17,UTC,USD,coupon email,coupons,broad,2.0,0,0,0.0,0,0.0,0.0,0.0,0.0,0.0,0.0,,,,,
Judge.me Product Reviews App,Search_EN_Features_2024.08.19,2026-02-24,2026-03-17,UTC,USD,coupon discount on card,coupons,broad,2.0,0,0,0.0,0,0.0,0.0,0.0,0.0,0.0,0.0,,,,,
Judge.me Product Reviews App,Search_EN_Features_2024.08.19,2026-02-24,2026-03-17,UTC,USD,coupon discount,coupons,broad,2.0,0,0,0.0,0,0.0,0.0,0.0,0.0,0.0,0.0,,,,,
Judge.me Product Reviews App,Search_EN_Features_2024.08.19,2026-02-24,2026-03-17,UTC,USD,coupon disc,coupons,broad,2.0,0,0,0.0,0,0.0,0.0,0.0,0.0,0.0,0.0,,,,,
Judge.me Product Reviews App,Search_EN_Features_2024.08.19,2026-02-24,2026-03-17,UTC,USD,coupon designer,coupons,broad,2.0,0,0,0.0,0,0.0,0.0,0.0,0.0,0.0,0.0,,,,,
Judge.me Product Reviews App,Search_EN_Features_2024.08.19,2026-02-24,2026-03-17,UTC,USD,coupon description,coupons,broad,2.0,0,0,0.0,0,0.0,0.0,0.0,0.0,0.0,0.0,,,,,
Judge.me Product Reviews App,Search_EN_Features_2024.08.19,2026-02-24,2026-03-17,UTC,USD,coupon defender,coupons,broad,2.0,0,0,0.0,0,0.0,0.0,0.0,0.0,0.0,0.0,,,,,
Judge.me Product Reviews App,Search_EN_Features_2024.08.19,2026-02-24,2026-03-17,UTC,USD,coupon creator,coupons,broad,2.0,0,0,0.0,0,0.0,0.0,0.0,0.0,0.0,0.0,,,,,
Judge.me Product Reviews App,Search_EN_Features_2024.08.19,2026-02-24,2026-03-17,UTC,USD,coupon create,coupons,broad,2.0,0,0,0.0,0,0.0,0.0,0.0,0.0,0.0,0.0,,,,,
Judge.me Product Reviews App,Search_EN_Features_2024.08.19,2026-02-24,2026-03-17,UTC,USD,coupon cre,coupons,broad,2.0,0,0,0.0,0,0.0,0.0,0.0,0.0,0.0,0.0,,,,,
Judge.me Product Reviews App,Search_EN_Features_2024.08.19,2026-02-24,2026-03-17,UTC,USD,coupon config,coupons,broad,2.0,0,0,0.0,0,0.0,0.0,0.0,0.0,0.0,0.0,,,,,
Judge.me Product Reviews App,Search_EN_Features_2024.08.19,2026-02-24,2026-03-17,UTC,USD,coupon codes,coupons,broad,2.0,0,0,0.0,0,0.0,0.0,0.0,0.0,0.0,0.0,,,,,
Judge.me Product Reviews App,Search_EN_Features_2024.08.19,2026-02-24,2026-03-17,UTC,USD,coupon code pop up,coupons,broad,2.0,0,0,0.0,0,0.0,0.0,0.0,0.0,0.0,0.0,,,,,
Judge.me Product Reviews App,Search_EN_Features_2024.08.19,2026-02-24,2026-03-17,UTC,USD,coupon code generation,coupons,broad,2.0,0,0,0.0,0,0.0,0.0,0.0,0.0,0.0,0.0,,,,,
Judge.me Product Reviews App,Search_EN_Features_2024.08.19,2026-02-24,2026-03-17,UTC,USD,coupon code generate,coupons,broad,2.0,0,0,0.0,0,0.0,0.0,0.0,0.0,0.0,0.0,,,,,
Judge.me Product Reviews App,Search_EN_Features_2024.08.19,2026-02-24,2026-03-17,UTC,USD,coupon code discount,coupons,broad,2.0,0,0,0.0,0,0.0,0.0,0.0,0.0,0.0,0.0,,,,,
Judge.me Product Reviews App,Search_EN_Features_2024.08.19,2026-02-24,2026-03-17,UTC,USD,coupon code count down,coupons,broad,2.0,0,0,0.0,0,0.0,0.0,0.0,0.0,0.0,0.0,,,,,
Judge.me Product Reviews App,Search_EN_Features_2024.08.19,2026-02-24,2026-03-17,UTC,USD,coupon code bar,coupons,broad,2.0,0,0,0.0,0,0.0,0.0,0.0,0.0,0.0,0.0,,,,,
Judge.me Product Reviews App,Search_EN_Features_2024.08.19,2026-02-24,2026-03-17,UTC,USD,coupon changer,coupons,broad,2.0,0,0,0.0,0,0.0,0.0,0.0,0.0,0.0,0.0,,,,,
Judge.me Product Reviews App,Search_EN_Features_2024.08.19,2026-02-24,2026-03-17,UTC,USD,coupon cart,coupons,broad,2.0,0,0,0.0,0,0.0,0.0,0.0,0.0,0.0,0.0,,,,,
Judge.me Product Reviews App,Search_EN_Features_2024.08.19,2026-02-24,2026-03-17,UTC,USD,coupon box,coupons,broad,2.0,0,0,0.0,0,0.0,0.0,0.0,0.0,0.0,0.0,,,,,
Judge.me Product Reviews App,Search_EN_Features_2024.08.19,2026-02-24,2026-03-17,UTC,USD,coupon blocker,coupons,broad,2.0,0,0,0.0,0,0.0,0.0,0.0,0.0,0.0,0.0,,,,,
Judge.me Product Reviews App,Search_EN_Features_2024.08.19,2026-02-24,2026-03-17,UTC,USD,coupon barcode,coupons,broad,2.0,0,0,0.0,0,0.0,0.0,0.0,0.0,0.0,0.0,,,,,
Judge.me Product Reviews App,Search_EN_Features_2024.08.19,2026-02-24,2026-03-17,UTC,USD,coupon available,coupons,broad,2.0,0,0,0.0,0,0.0,0.0,0.0,0.0,0.0,0.0,,,,,
Judge.me Product Reviews App,Search_EN_Features_2024.08.19,2026-02-24,2026-03-17,UTC,USD,coupon abuse discount,coupons,broad,2.0,0,0,0.0,0,0.0,0.0,0.0,0.0,0.0,0.0,,,,,
Judge.me Product Reviews App,Search_EN_Features_2024.08.19,2026-02-24,2026-03-17,UTC,USD,corepos coupon,coupons,broad,2.0,0,0,0.0,0,0.0,0.0,0.0,0.0,0.0,0.0,,,,,
Judge.me Product Reviews App,Search_EN_Features_2024.08.19,2026-02-24,2026-03-17,UTC,USD,copy coupon,coupons,broad,2.0,0,0,0.0,0,0.0,0.0,0.0,0.0,0.0,0.0,,,,,
Judge.me Product Reviews App,Search_EN_Features_2024.08.19,2026-02-24,2026-03-17,UTC,USD,combine coupon,coupons,broad,2.0,0,0,0.0,0,0.0,0.0,0.0,0.0,0.0,0.0,,,,,
Judge.me Product Reviews App,Search_EN_Features_2024.08.19,2026-02-24,2026-03-17,UTC,USD,click to copy coupon code,coupons,broad,2.0,0,0,0.0,0,0.0,0.0,0.0,0.0,0.0,0.0,,,,,
Judge.me Product Reviews App,Search_EN_Features_2024.08.19,2026-02-24,2026-03-17,UTC,USD,cart discount coupon on cart,coupons,broad,2.0,0,0,0.0,0,0.0,0.0,0.0,0.0,0.0,0.0,,,,,
Judge.me Product Reviews App,Search_EN_Features_2024.08.19,2026-02-24,2026-03-17,UTC,USD,cart coupon,coupons,broad,2.0,0,0,0.0,0,0.0,0.0,0.0,0.0,0.0,0.0,,,,,
Judge.me Product Reviews App,Search_EN_Features_2024.08.19,2026-02-24,2026-03-17,UTC,USD,can i offer free download coupons,coupons,broad,2.0,0,0,0.0,0,0.0,0.0,0.0,0.0,0.0,0.0,,,,,
Judge.me Product Reviews App,Search_EN_Features_2024.08.19,2026-02-24,2026-03-17,UTC,USD,can i offer free coupons,coupons,broad,2.0,0,0,0.0,0,0.0,0.0,0.0,0.0,0.0,0.0,,,,,
Judge.me Product Reviews App,Search_EN_Features_2024.08.19,2026-02-24,2026-03-17,UTC,USD,buy 3 and get free item after you insert a coupon code,coupons,broad,2.0,0,0,0.0,0,0.0,0.0,0.0,0.0,0.0,0.0,,,,,
Judge.me Product Reviews App,Search_EN_Features_2024.08.19,2026-02-24,2026-03-17,UTC,USD,bulk discount coupon,coupons,broad,2.0,0,0,0.0,0,0.0,0.0,0.0,0.0,0.0,0.0,,,,,
Judge.me Product Reviews App,Search_EN_Features_2024.08.19,2026-02-24,2026-03-17,UTC,USD,bulk coupons,coupons,broad,2.0,0,0,0.0,0,0.0,0.0,0.0,0.0,0.0,0.0,,,,,
Judge.me Product Reviews App,Search_EN_Features_2024.08.19,2026-02-24,2026-03-17,UTC,USD,bulk coupon generator,coupons,broad,2.0,0,0,0.0,0,0.0,0.0,0.0,0.0,0.0,0.0,,,,,
Judge.me Product Reviews App,Search_EN_Features_2024.08.19,2026-02-24,2026-03-17,UTC,USD,better coupon box/ambassador program tools,coupons,broad,2.0,0,0,0.0,0,0.0,0.0,0.0,0.0,0.0,0.0,,,,,
Judge.me Product Reviews App,Search_EN_Features_2024.08.19,2026-02-24,2026-03-17,UTC,USD,better coupon box,coupons,broad,2.0,0,0,0.0,0,0.0,0.0,0.0,0.0,0.0,0.0,,,,,
Judge.me Product Reviews App,Search_EN_Features_2024.08.19,2026-02-24,2026-03-17,UTC,USD,avada joy: discounts & coupons,coupons,broad,2.0,0,0,0.0,0,0.0,0.0,0.0,0.0,0.0,0.0,,,,,
Judge.me Product Reviews App,Search_EN_Features_2024.08.19,2026-02-24,2026-03-17,UTC,USD,automatic coupon,coupons,broad,2.0,0,0,0.0,0,0.0,0.0,0.0,0.0,0.0,0.0,,,,,
Judge.me Product Reviews App,Search_EN_Features_2024.08.19,2026-02-24,2026-03-17,UTC,USD,api coupon,coupons,broad,2.0,0,0,0.0,0,0.0,0.0,0.0,0.0,0.0,0.0,,,,,
Judge.me Product Reviews App,Search_EN_Features_2024.08.19,2026-02-24,2026-03-17,UTC,USD,anti coupon leak,coupons,broad,2.0,0,0,0.0,0,0.0,0.0,0.0,0.0,0.0,0.0,,,,,
Judge.me Product Reviews App,Search_EN_Features_2024.08.19,2026-02-24,2026-03-17,UTC,USD,affiliate marketing coupon,coupons,broad,2.0,0,0,0.0,0,0.0,0.0,0.0,0.0,0.0,0.0,,,,,
Judge.me Product Reviews App,Search_EN_Features_2024.08.19,2026-02-24,2026-03-17,UTC,USD,advanced coupon,coupons,broad,2.0,0,0,0.0,0,0.0,0.0,0.0,0.0,0.0,0.0,,,,,
Judge.me Product Reviews App,Search_EN_Features_2024.08.19,2026-02-24,2026-03-17,UTC,USD,add to cart with coupon,coupons,broad,2.0,0,0,0.0,0,0.0,0.0,0.0,0.0,0.0,0.0,,,,,
Judge.me Product Reviews App,Search_EN_Features_2024.08.19,2026-02-24,2026-03-17,UTC,USD,"""coupon x: discount code pop up """,coupons,broad,2.0,0,0,0.0,0,0.0,0.0,0.0,0.0,0.0,0.0,,,,,
Judge.me Product Reviews App,Search_EN_Features_2024.08.19,2026-02-24,2026-03-17,UTC,USD,yotpo loyalty & referrals,referrals,broad,4.0,0,0,0.0,0,0.0,0.0,0.0,0.0,0.0,0.0,,,,,
Judge.me Product Reviews App,Search_EN_Features_2024.08.19,2026-02-24,2026-03-17,UTC,USD,yotpo (loyalty & referrals),referrals,broad,4.0,0,0,0.0,0,0.0,0.0,0.0,0.0,0.0,0.0,,,,,
Judge.me Product Reviews App,Search_EN_Features_2024.08.19,2026-02-24,2026-03-17,UTC,USD,uppromote: affiliate & referrals,referrals,broad,4.0,0,0,0.0,0,0.0,0.0,0.0,0.0,0.0,0.0,,,,,
Judge.me Product Reviews App,Search_EN_Features_2024.08.19,2026-02-24,2026-03-17,UTC,USD,uppromote: affiliate & referral,referrals,broad,4.0,0,0,0.0,0,0.0,0.0,0.0,0.0,0.0,0.0,,,,,
Judge.me Product Reviews App,Search_EN_Features_2024.08.19,2026-02-24,2026-03-17,UTC,USD,uppromote affiliate & referral,referrals,broad,4.0,0,0,0.0,0,0.0,0.0,0.0,0.0,0.0,0.0,,,,,
Judge.me Product Reviews App,Search_EN_Features_2024.08.19,2026-02-24,2026-03-17,UTC,USD,uloyal loyalty and referrals,referrals,broad,4.0,0,0,0.0,0,0.0,0.0,0.0,0.0,0.0,0.0,,,,,
Judge.me Product Reviews App,Search_EN_Features_2024.08.19,2026-02-24,2026-03-17,UTC,USD,trustwill loyalty & referrals,referrals,broad,4.0,0,0,0.0,0,0.0,0.0,0.0,0.0,0.0,0.0,,,,,
Judge.me Product Reviews App,Search_EN_Features_2024.08.19,2026-02-24,2026-03-17,UTC,USD,tradedoubler referral,referrals,broad,4.0,0,0,0.0,0,0.0,0.0,0.0,0.0,0.0,0.0,,,,,
Judge.me Product Reviews App,Search_EN_Features_2024.08.19,2026-02-24,2026-03-17,UTC,USD,store credit and referrals,referrals,broad,4.0,0,0,0.0,0,0.0,0.0,0.0,0.0,0.0,0.0,,,,,
Judge.me Product Reviews App,Search_EN_Features_2024.08.19,2026-02-24,2026-03-17,UTC,USD,store credit and referral,referrals,broad,4.0,0,0,0.0,0,0.0,0.0,0.0,0.0,0.0,0.0,,,,,
Judge.me Product Reviews App,Search_EN_Features_2024.08.19,2026-02-24,2026-03-17,UTC,USD,skio referrals,referrals,broad,4.0,0,0,0.0,0,0.0,0.0,0.0,0.0,0.0,0.0,,,,,
Judge.me Product Reviews App,Search_EN_Features_2024.08.19,2026-02-24,2026-03-17,UTC,USD,skio referral,referrals,broad,4.0,0,0,0.0,0,0.0,0.0,0.0,0.0,0.0,0.0,,,,,
Judge.me Product Reviews App,Search_EN_Features_2024.08.19,2026-02-24,2026-03-17,UTC,USD,sitzungen nach referrer,referrals,broad,4.0,0,0,0.0,0,0.0,0.0,0.0,0.0,0.0,0.0,,,,,
Judge.me Product Reviews App,Search_EN_Features_2024.08.19,2026-02-24,2026-03-17,UTC,USD,shopjar ? referral & affiliates,referrals,broad,4.0,0,0,0.0,0,0.0,0.0,0.0,0.0,0.0,0.0,,,,,
Judge.me Product Reviews App,Search_EN_Features_2024.08.19,2026-02-24,2026-03-17,UTC,USD,session by referrer,referrals,broad,4.0,0,0,0.0,0,0.0,0.0,0.0,0.0,0.0,0.0,,,,,
Judge.me Product Reviews App,Search_EN_Features_2024.08.19,2026-02-24,2026-03-17,UTC,USD,seelbachs referral,referrals,broad,4.0,0,0,0.0,0,0.0,0.0,0.0,0.0,0.0,0.0,,,,,
Judge.me Product Reviews App,Search_EN_Features_2024.08.19,2026-02-24,2026-03-17,UTC,USD,sc conjured referral program,referrals,broad,4.0,0,0,0.0,0,0.0,0.0,0.0,0.0,0.0,0.0,,,,,
Judge.me Product Reviews App,Search_EN_Features_2024.08.19,2026-02-24,2026-03-17,UTC,USD,sc conjured referral,referrals,broad,4.0,0,0,0.0,0,0.0,0.0,0.0,0.0,0.0,0.0,,,,,
Judge.me Product Reviews App,Search_EN_Features_2024.08.19,2026-02-24,2026-03-17,UTC,USD,s loyalty: rewards & referrals,referrals,broad,4.0,0,0,0.0,0,0.0,0.0,0.0,0.0,0.0,0.0,,,,,
Judge.me Product Reviews App,Search_EN_Features_2024.08.19,2026-02-24,2026-03-17,UTC,USD,"rivo: loyalty program, rewards & referrals",referrals,broad,4.0,0,0,0.0,0,0.0,0.0,0.0,0.0,0.0,0.0,,,,,
Judge.me Product Reviews App,Search_EN_Features_2024.08.19,2026-02-24,2026-03-17,UTC,USD,rivo: loyalty & referrals,referrals,broad,4.0,0,0,0.0,0,0.0,0.0,0.0,0.0,0.0,0.0,,,,,
Judge.me Product Reviews App,Search_EN_Features_2024.08.19,2026-02-24,2026-03-17,UTC,USD,rivo loyalty & referrals,referrals,broad,4.0,0,0,0.0,0,0.0,0.0,0.0,0.0,0.0,0.0,,,,,
Judge.me Product Reviews App,Search_EN_Features_2024.08.19,2026-02-24,2026-03-17,UTC,USD,rewards and referrals,referrals,broad,4.0,0,0,0.0,0,0.0,0.0,0.0,0.0,0.0,0.0,,,,,
Judge.me Product Reviews App,Search_EN_Features_2024.08.19,2026-02-24,2026-03-17,UTC,USD,referrly affliate markting,referrals,broad,4.0,0,0,0.0,0,0.0,0.0,0.0,0.0,0.0,0.0,,,,,
Judge.me Product Reviews App,Search_EN_Features_2024.08.19,2026-02-24,2026-03-17,UTC,USD,referrly affilliate mark,referrals,broad,4.0,0,0,0.0,0,0.0,0.0,0.0,0.0,0.0,0.0,,,,,
Judge.me Product Reviews App,Search_EN_Features_2024.08.19,2026-02-24,2026-03-17,UTC,USD,referrly affiliate mrketing,referrals,broad,4.0,0,0,0.0,0,0.0,0.0,0.0,0.0,0.0,0.0,,,,,
Judge.me Product Reviews App,Search_EN_Features_2024.08.19,2026-02-24,2026-03-17,UTC,USD,referrly affiliate markting,referrals,broad,4.0,0,0,0.0,0,0.0,0.0,0.0,0.0,0.0,0.0,,,,,
Judge.me Product Reviews App,Search_EN_Features_2024.08.19,2026-02-24,2026-03-17,UTC,USD,referrly affiliate marketting,referrals,broad,4.0,0,0,0.0,0,0.0,0.0,0.0,0.0,0.0,0.0,,,,,
Judge.me Product Reviews App,Search_EN_Features_2024.08.19,2026-02-24,2026-03-17,UTC,USD,referrly affiliate marketing,referrals,broad,4.0,0,0,0.0,0,0.0,0.0,0.0,0.0,0.0,0.0,,,,,
Judge.me Product Reviews App,Search_EN_Features_2024.08.19,2026-02-24,2026-03-17,UTC,USD,referrly affiliate marketin,referrals,broad,4.0,0,0,0.0,0,0.0,0.0,0.0,0.0,0.0,0.0,,,,,
Judge.me Product Reviews App,Search_EN_Features_2024.08.19,2026-02-24,2026-03-17,UTC,USD,referrly affiliate marketi,referrals,broad,4.0,0,0,0.0,0,0.0,0.0,0.0,0.0,0.0,0.0,,,,,
Judge.me Product Reviews App,Search_EN_Features_2024.08.19,2026-02-24,2026-03-17,UTC,USD,referrly affiliate market,referrals,broad,4.0,0,0,0.0,0,0.0,0.0,0.0,0.0,0.0,0.0,,,,,
Judge.me Product Reviews App,Search_EN_Features_2024.08.19,2026-02-24,2026-03-17,UTC,USD,referrly affilate program,referrals,broad,4.0,0,0,0.0,0,0.0,0.0,0.0,0.0,0.0,0.0,,,,,
Judge.me Product Reviews App,Search_EN_Features_2024.08.19,2026-02-24,2026-03-17,UTC,USD,referrly affilate markiting,referrals,broad,4.0,0,0,0.0,0,0.0,0.0,0.0,0.0,0.0,0.0,,,,,
Judge.me Product Reviews App,Search_EN_Features_2024.08.19,2026-02-24,2026-03-17,UTC,USD,referrly affilate marketing,referrals,broad,4.0,0,0,0.0,0,0.0,0.0,0.0,0.0,0.0,0.0,,,,,
Judge.me Product Reviews App,Search_EN_Features_2024.08.19,2026-02-24,2026-03-17,UTC,USD,referrly aff,referrals,broad,4.0,0,0,0.0,0,0.0,0.0,0.0,0.0,0.0,0.0,,,,,
Judge.me Product Reviews App,Search_EN_Features_2024.08.19,2026-02-24,2026-03-17,UTC,USD,referrly aali,referrals,broad,4.0,0,0,0.0,0,0.0,0.0,0.0,0.0,0.0,0.0,,,,,
Judge.me Product Reviews App,Search_EN_Features_2024.08.19,2026-02-24,2026-03-17,UTC,USD,referrer domains,referrals,broad,4.0,0,0,0.0,0,0.0,0.0,0.0,0.0,0.0,0.0,,,,,
Judge.me Product Reviews App,Search_EN_Features_2024.08.19,2026-02-24,2026-03-17,UTC,USD,referrals & loyalty,referrals,broad,4.0,0,0,0.0,0,0.0,0.0,0.0,0.0,0.0,0.0,,,,,
Judge.me Product Reviews App,Search_EN_Features_2024.08.19,2026-02-24,2026-03-17,UTC,USD,referrals,referrals,broad,4.0,0,0,0.0,0,0.0,0.0,0.0,0.0,0.0,0.0,,,,,
Judge.me Product Reviews App,Search_EN_Features_2024.08.19,2026-02-24,2026-03-17,UTC,USD,referral? candy,referrals,broad,4.0,0,0,0.0,0,0.0,0.0,0.0,0.0,0.0,0.0,,,,,
Judge.me Product Reviews App,Search_EN_Features_2024.08.19,2026-02-24,2026-03-17,UTC,USD,referral widget,referrals,broad,4.0,0,0,0.0,0,0.0,0.0,0.0,0.0,0.0,0.0,,,,,
Judge.me Product Reviews App,Search_EN_Features_2024.08.19,2026-02-24,2026-03-17,UTC,USD,referral uk,referrals,broad,4.0,0,0,0.0,0,0.0,0.0,0.0,0.0,0.0,0.0,,,,,
Judge.me Product Reviews App,Search_EN_Features_2024.08.19,2026-02-24,2026-03-17,UTC,USD,referral sign up,referrals,broad,4.0,0,0,0.0,0,0.0,0.0,0.0,0.0,0.0,0.0,,,,,
Judge.me Product Reviews App,Search_EN_Features_2024.08.19,2026-02-24,2026-03-17,UTC,USD,referral programme,referrals,broad,4.0,0,0,0.0,0,0.0,0.0,0.0,0.0,0.0,0.0,,,,,
Judge.me Product Reviews App,Search_EN_Features_2024.08.19,2026-02-24,2026-03-17,UTC,USD,referral progr,referrals,broad,4.0,0,0,0.0,0,0.0,0.0,0.0,0.0,0.0,0.0,,,,,
Judge.me Product Reviews App,Search_EN_Features_2024.08.19,2026-02-24,2026-03-17,UTC,USD,referral popup,referrals,broad,4.0,0,0,0.0,0,0.0,0.0,0.0,0.0,0.0,0.0,,,,,
Judge.me Product Reviews App,Search_EN_Features_2024.08.19,2026-02-24,2026-03-17,UTC,USD,referral money,referrals,broad,4.0,0,0,0.0,0,0.0,0.0,0.0,0.0,0.0,0.0,,,,,
Judge.me Product Reviews App,Search_EN_Features_2024.08.19,2026-02-24,2026-03-17,UTC,USD,referral model,referrals,broad,4.0,0,0,0.0,0,0.0,0.0,0.0,0.0,0.0,0.0,,,,,
Judge.me Product Reviews App,Search_EN_Features_2024.08.19,2026-02-24,2026-03-17,UTC,USD,referral marketing,referrals,broad,4.0,0,0,0.0,0,0.0,0.0,0.0,0.0,0.0,0.0,,,,,
Judge.me Product Reviews App,Search_EN_Features_2024.08.19,2026-02-24,2026-03-17,UTC,USD,referral loyalty program realtor,referrals,broad,4.0,0,0,0.0,0,0.0,0.0,0.0,0.0,0.0,0.0,,,,,
Judge.me Product Reviews App,Search_EN_Features_2024.08.19,2026-02-24,2026-03-17,UTC,USD,referral loyalty program,referrals,broad,4.0,0,0,0.0,0,0.0,0.0,0.0,0.0,0.0,0.0,,,,,
Judge.me Product Reviews App,Search_EN_Features_2024.08.19,2026-02-24,2026-03-17,UTC,USD,referral lnk,referrals,broad,4.0,0,0,0.0,0,0.0,0.0,0.0,0.0,0.0,0.0,,,,,
Judge.me Product Reviews App,Search_EN_Features_2024.08.19,2026-02-24,2026-03-17,UTC,USD,referral links,referrals,broad,4.0,0,0,0.0,0,0.0,0.0,0.0,0.0,0.0,0.0,,,,,
Judge.me Product Reviews App,Search_EN_Features_2024.08.19,2026-02-24,2026-03-17,UTC,USD,referral link,referrals,broad,4.0,0,0,0.0,0,0.0,0.0,0.0,0.0,0.0,0.0,,,,,
Judge.me Product Reviews App,Search_EN_Features_2024.08.19,2026-02-24,2026-03-17,UTC,USD,referral invitation,referrals,broad,4.0,0,0,0.0,0,0.0,0.0,0.0,0.0,0.0,0.0,,,,,
Judge.me Product Reviews App,Search_EN_Features_2024.08.19,2026-02-24,2026-03-17,UTC,USD,referral free,referrals,broad,4.0,0,0,0.0,0,0.0,0.0,0.0,0.0,0.0,0.0,,,,,
Judge.me Product Reviews App,Search_EN_Features_2024.08.19,2026-02-24,2026-03-17,UTC,USD,referral field on check out,referrals,broad,4.0,0,0,0.0,0,0.0,0.0,0.0,0.0,0.0,0.0,,,,,
Judge.me Product Reviews App,Search_EN_Features_2024.08.19,2026-02-24,2026-03-17,UTC,USD,referral factory,referrals,broad,4.0,0,0,0.0,0,0.0,0.0,0.0,0.0,0.0,0.0,,,,,
Judge.me Product Reviews App,Search_EN_Features_2024.08.19,2026-02-24,2026-03-17,UTC,USD,referral extension,referrals,broad,4.0,0,0,0.0,0,0.0,0.0,0.0,0.0,0.0,0.0,,,,,
Judge.me Product Reviews App,Search_EN_Features_2024.08.19,2026-02-24,2026-03-17,UTC,USD,referral ex,referrals,broad,4.0,0,0,0.0,0,0.0,0.0,0.0,0.0,0.0,0.0,,,,,
Judge.me Product Reviews App,Search_EN_Features_2024.08.19,2026-02-24,2026-03-17,UTC,USD,referral discount code,referrals,broad,4.0,0,0,0.0,0,0.0,0.0,0.0,0.0,0.0,0.0,,,,,
Judge.me Product Reviews App,Search_EN_Features_2024.08.19,2026-02-24,2026-03-17,UTC,USD,referral discount,referrals,broad,4.0,0,0,0.0,0,0.0,0.0,0.0,0.0,0.0,0.0,,,,,
Judge.me Product Reviews App,Search_EN_Features_2024.08.19,2026-02-24,2026-03-17,UTC,USD,referral code,referrals,broad,4.0,0,0,0.0,0,0.0,0.0,0.0,0.0,0.0,0.0,,,,,
Judge.me Product Reviews App,Search_EN_Features_2024.08.19,2026-02-24,2026-03-17,UTC,USD,referral cancy,referrals,broad,4.0,0,0,0.0,0,0.0,0.0,0.0,0.0,0.0,0.0,,,,,
Judge.me Product Reviews App,Search_EN_Features_2024.08.19,2026-02-24,2026-03-17,UTC,USD,referral can,referrals,broad,4.0,0,0,0.0,0,0.0,0.0,0.0,0.0,0.0,0.0,,,,,
Judge.me Product Reviews App,Search_EN_Features_2024.08.19,2026-02-24,2026-03-17,UTC,USD,referral campaign,referrals,broad,4.0,0,0,0.0,0,0.0,0.0,0.0,0.0,0.0,0.0,,,,,
Judge.me Product Reviews App,Search_EN_Features_2024.08.19,2026-02-24,2026-03-17,UTC,USD,referral cam,referrals,broad,4.0,0,0,0.0,0,0.0,0.0,0.0,0.0,0.0,0.0,,,,,
Judge.me Product Reviews App,Search_EN_Features_2024.08.19,2026-02-24,2026-03-17,UTC,USD,referral athlete marketing,referrals,broad,4.0,0,0,0.0,0,0.0,0.0,0.0,0.0,0.0,0.0,,,,,
Judge.me Product Reviews App,Search_EN_Features_2024.08.19,2026-02-24,2026-03-17,UTC,USD,referral aftership,referrals,broad,4.0,0,0,0.0,0,0.0,0.0,0.0,0.0,0.0,0.0,,,,,
Judge.me Product Reviews App,Search_EN_Features_2024.08.19,2026-02-24,2026-03-17,UTC,USD,referral affiliate marketing,referrals,broad,4.0,0,0,0.0,0,0.0,0.0,0.0,0.0,0.0,0.0,,,,,
Judge.me Product Reviews App,Search_EN_Features_2024.08.19,2026-02-24,2026-03-17,UTC,USD,referral & affiliate,referrals,broad,4.0,0,0,0.0,0,0.0,0.0,0.0,0.0,0.0,0.0,,,,,
Judge.me Product Reviews App,Search_EN_Features_2024.08.19,2026-02-24,2026-03-17,UTC,USD,referr a friend free,referrals,broad,4.0,0,0,0.0,0,0.0,0.0,0.0,0.0,0.0,0.0,,,,,
Judge.me Product Reviews App,Search_EN_Features_2024.08.19,2026-02-24,2026-03-17,UTC,USD,referr a friend,referrals,broad,4.0,0,0,0.0,0,0.0,0.0,0.0,0.0,0.0,0.0,,,,,
Judge.me Product Reviews App,Search_EN_Features_2024.08.19,2026-02-24,2026-03-17,UTC,USD,"recensioni, punti, fedelta, wishlist, referral",referrals,broad,4.0,0,0,0.0,0,0.0,0.0,0.0,0.0,0.0,0.0,,,,,
Judge.me Product Reviews App,Search_EN_Features_2024.08.19,2026-02-24,2026-03-17,UTC,USD,"powerful rewards: loyalty, referral, affiliate program",referrals,broad,4.0,0,0,0.0,0,0.0,0.0,0.0,0.0,0.0,0.0,,,,,
Judge.me Product Reviews App,Search_EN_Features_2024.08.19,2026-02-24,2026-03-17,UTC,USD,post-purchase referrals widget,referrals,broad,4.0,0,0,0.0,0,0.0,0.0,0.0,0.0,0.0,0.0,,,,,
Judge.me Product Reviews App,Search_EN_Features_2024.08.19,2026-02-24,2026-03-17,UTC,USD,post purchase referral,referrals,broad,4.0,0,0,0.0,0,0.0,0.0,0.0,0.0,0.0,0.0,,,,,
Judge.me Product Reviews App,Search_EN_Features_2024.08.19,2026-02-24,2026-03-17,UTC,USD,pos referral,referrals,broad,4.0,0,0,0.0,0,0.0,0.0,0.0,0.0,0.0,0.0,,,,,
Judge.me Product Reviews App,Search_EN_Features_2024.08.19,2026-02-24,2026-03-17,UTC,USD,popst purchase referral,referrals,broad,4.0,0,0,0.0,0,0.0,0.0,0.0,0.0,0.0,0.0,,,,,
Judge.me Product Reviews App,Search_EN_Features_2024.08.19,2026-02-24,2026-03-17,UTC,USD,pointskit: rewards & referrals,referrals,broad,4.0,0,0,0.0,0,0.0,0.0,0.0,0.0,0.0,0.0,,,,,
Judge.me Product Reviews App,Search_EN_Features_2024.08.19,2026-02-24,2026-03-17,UTC,USD,oke referrals,referrals,broad,4.0,0,0,0.0,0,0.0,0.0,0.0,0.0,0.0,0.0,,,,,
Judge.me Product Reviews App,Search_EN_Features_2024.08.19,2026-02-24,2026-03-17,UTC,USD,"loyalty, rewards and referrals",referrals,broad,4.0,0,0,0.0,0,0.0,0.0,0.0,0.0,0.0,0.0,,,,,
Judge.me Product Reviews App,Search_EN_Features_2024.08.19,2026-02-24,2026-03-17,UTC,USD,"loyalty, rewards and referral",referrals,broad,4.0,0,0,0.0,0,0.0,0.0,0.0,0.0,0.0,0.0,,,,,
Judge.me Product Reviews App,Search_EN_Features_2024.08.19,2026-02-24,2026-03-17,UTC,USD,loyalty rewards & referrals,referrals,broad,4.0,0,0,0.0,0,0.0,0.0,0.0,0.0,0.0,0.0,,,,,
Judge.me Product Reviews App,Search_EN_Features_2024.08.19,2026-02-24,2026-03-17,UTC,USD,loyalty lion rewards referrals,referrals,broad,4.0,0,0,0.0,0,0.0,0.0,0.0,0.0,0.0,0.0,,,,,
Judge.me Product Reviews App,Search_EN_Features_2024.08.19,2026-02-24,2026-03-17,UTC,USD,loyalty and referral program,referrals,broad,4.0,0,0,0.0,0,0.0,0.0,0.0,0.0,0.0,0.0,,,,,
Judge.me Product Reviews App,Search_EN_Features_2024.08.19,2026-02-24,2026-03-17,UTC,USD,loyalty & referrals,referrals,broad,4.0,0,0,0.0,0,0.0,0.0,0.0,0.0,0.0,0.0,,,,,
Judge.me Product Reviews App,Search_EN_Features_2024.08.19,2026-02-24,2026-03-17,UTC,USD,loox referral program,referrals,broad,4.0,0,0,0.0,0,0.0,0.0,0.0,0.0,0.0,0.0,,,,,
Judge.me Product Reviews App,Search_EN_Features_2024.08.19,2026-02-24,2026-03-17,UTC,USD,jaka referral,referrals,broad,4.0,0,0,0.0,0,0.0,0.0,0.0,0.0,0.0,0.0,,,,,
Judge.me Product Reviews App,Search_EN_Features_2024.08.19,2026-02-24,2026-03-17,UTC,USD,https://apps.shopify.com/vitals?utm_source=8077018&utm_campaign=affiliates&utm_medium=referral,referrals,broad,4.0,0,0,0.0,0,0.0,0.0,0.0,0.0,0.0,0.0,,,,,
Judge.me Product Reviews App,Search_EN_Features_2024.08.19,2026-02-24,2026-03-17,UTC,USD,genius referrals,referrals,broad,4.0,0,0,0.0,0,0.0,0.0,0.0,0.0,0.0,0.0,,,,,
Judge.me Product Reviews App,Search_EN_Features_2024.08.19,2026-02-24,2026-03-17,UTC,USD,fundraiser with referral,referrals,broad,4.0,0,0,0.0,0,0.0,0.0,0.0,0.0,0.0,0.0,,,,,
Judge.me Product Reviews App,Search_EN_Features_2024.08.19,2026-02-24,2026-03-17,UTC,USD,fundraisefundraiserr with referral,referrals,broad,4.0,0,0,0.0,0,0.0,0.0,0.0,0.0,0.0,0.0,,,,,
Judge.me Product Reviews App,Search_EN_Features_2024.08.19,2026-02-24,2026-03-17,UTC,USD,friend referral,referrals,broad,4.0,0,0,0.0,0,0.0,0.0,0.0,0.0,0.0,0.0,,,,,
Judge.me Product Reviews App,Search_EN_Features_2024.08.19,2026-02-24,2026-03-17,UTC,USD,free referral program,referrals,broad,4.0,0,0,0.0,0,0.0,0.0,0.0,0.0,0.0,0.0,,,,,
Judge.me Product Reviews App,Search_EN_Features_2024.08.19,2026-02-24,2026-03-17,UTC,USD,essential loyalty & referral,referrals,broad,4.0,0,0,0.0,0,0.0,0.0,0.0,0.0,0.0,0.0,,,,,
Judge.me Product Reviews App,Search_EN_Features_2024.08.19,2026-02-24,2026-03-17,UTC,USD,"credits and rewards, referrals",referrals,broad,4.0,0,0,0.0,0,0.0,0.0,0.0,0.0,0.0,0.0,,,,,
Judge.me Product Reviews App,Search_EN_Features_2024.08.19,2026-02-24,2026-03-17,UTC,USD,conjured referral,referrals,broad,4.0,0,0,0.0,0,0.0,0.0,0.0,0.0,0.0,0.0,,,,,
Judge.me Product Reviews App,Search_EN_Features_2024.08.19,2026-02-24,2026-03-17,UTC,USD,checkout referral,referrals,broad,4.0,0,0,0.0,0,0.0,0.0,0.0,0.0,0.0,0.0,,,,,
Judge.me Product Reviews App,Search_EN_Features_2024.08.19,2026-02-24,2026-03-17,UTC,USD,bon loyalty rewards referrals,referrals,broad,4.0,0,0,0.0,0,0.0,0.0,0.0,0.0,0.0,0.0,,,,,
Judge.me Product Reviews App,Search_EN_Features_2024.08.19,2026-02-24,2026-03-17,UTC,USD,blp referral program affiliate,referrals,broad,4.0,0,0,0.0,0,0.0,0.0,0.0,0.0,0.0,0.0,,,,,
Judge.me Product Reviews App,Search_EN_Features_2024.08.19,2026-02-24,2026-03-17,UTC,USD,bloop referrals & affiliate,referrals,broad,4.0,0,0,0.0,0,0.0,0.0,0.0,0.0,0.0,0.0,,,,,
Judge.me Product Reviews App,Search_EN_Features_2024.08.19,2026-02-24,2026-03-17,UTC,USD,bloop referrals,referrals,broad,4.0,0,0,0.0,0,0.0,0.0,0.0,0.0,0.0,0.0,,,,,
Judge.me Product Reviews App,Search_EN_Features_2024.08.19,2026-02-24,2026-03-17,UTC,USD,"bloop referral program, reward",referrals,broad,4.0,0,0,0.0,0,0.0,0.0,0.0,0.0,0.0,0.0,,,,,
Judge.me Product Reviews App,Search_EN_Features_2024.08.19,2026-02-24,2026-03-17,UTC,USD,bloop referral program,referrals,broad,4.0,0,0,0.0,0,0.0,0.0,0.0,0.0,0.0,0.0,,,,,
Judge.me Product Reviews App,Search_EN_Features_2024.08.19,2026-02-24,2026-03-17,UTC,USD,bloop referral,referrals,broad,4.0,0,0,0.0,0,0.0,0.0,0.0,0.0,0.0,0.0,,,,,
Judge.me Product Reviews App,Search_EN_Features_2024.08.19,2026-02-24,2026-03-17,UTC,USD,bloop (blp referral program),referrals,broad,4.0,0,0,0.0,0,0.0,0.0,0.0,0.0,0.0,0.0,,,,,
Judge.me Product Reviews App,Search_EN_Features_2024.08.19,2026-02-24,2026-03-17,UTC,USD,avada-joy-rewards-referral,referrals,broad,4.0,0,0,0.0,0,0.0,0.0,0.0,0.0,0.0,0.0,,,,,
Judge.me Product Reviews App,Search_EN_Features_2024.08.19,2026-02-24,2026-03-17,UTC,USD,automizely referral & affiliate,referrals,broad,4.0,0,0,0.0,0,0.0,0.0,0.0,0.0,0.0,0.0,,,,,
Judge.me Product Reviews App,Search_EN_Features_2024.08.19,2026-02-24,2026-03-17,UTC,USD,automizely referral,referrals,broad,4.0,0,0,0.0,0,0.0,0.0,0.0,0.0,0.0,0.0,,,,,
Judge.me Product Reviews App,Search_EN_Features_2024.08.19,2026-02-24,2026-03-17,UTC,USD,appstle referral program,referrals,broad,4.0,0,0,0.0,0,0.0,0.0,0.0,0.0,0.0,0.0,,,,,
Judge.me Product Reviews App,Search_EN_Features_2024.08.19,2026-02-24,2026-03-17,UTC,USD,"akohub: loyalty, rewards & referral",referrals,broad,4.0,0,0,0.0,0,0.0,0.0,0.0,0.0,0.0,0.0,,,,,
Judge.me Product Reviews App,Search_EN_Features_2024.08.19,2026-02-24,2026-03-17,UTC,USD,aftership referral & affiliates,referrals,broad,4.0,0,0,0.0,0,0.0,0.0,0.0,0.0,0.0,0.0,,,,,
Judge.me Product Reviews App,Search_EN_Features_2024.08.19,2026-02-24,2026-03-17,UTC,USD,aftership referral,referrals,broad,4.0,0,0,0.0,0,0.0,0.0,0.0,0.0,0.0,0.0,,,,,
Judge.me Product Reviews App,Search_EN_Features_2024.08.19,2026-02-24,2026-03-17,UTC,USD,affliate marketing referrly,referrals,broad,4.0,0,0,0.0,0,0.0,0.0,0.0,0.0,0.0,0.0,,,,,
Judge.me Product Reviews App,Search_EN_Features_2024.08.19,2026-02-24,2026-03-17,UTC,USD,affillate marketing referrly,referrals,broad,4.0,0,0,0.0,0,0.0,0.0,0.0,0.0,0.0,0.0,,,,,
Judge.me Product Reviews App,Search_EN_Features_2024.08.19,2026-02-24,2026-03-17,UTC,USD,affiliomint - referral rewards,referrals,broad,4.0,0,0,0.0,0,0.0,0.0,0.0,0.0,0.0,0.0,,,,,
Judge.me Product Reviews App,Search_EN_Features_2024.08.19,2026-02-24,2026-03-17,UTC,USD,affililate and referral markitng,referrals,broad,4.0,0,0,0.0,0,0.0,0.0,0.0,0.0,0.0,0.0,,,,,
Judge.me Product Reviews App,Search_EN_Features_2024.08.19,2026-02-24,2026-03-17,UTC,USD,affiliate referral,referrals,broad,4.0,0,0,0.0,0,0.0,0.0,0.0,0.0,0.0,0.0,,,,,
Judge.me Product Reviews App,Search_EN_Features_2024.08.19,2026-02-24,2026-03-17,UTC,USD,affiliate program & referral marketing tool,referrals,broad,4.0,0,0,0.0,0,0.0,0.0,0.0,0.0,0.0,0.0,,,,,
Judge.me Product Reviews App,Search_EN_Features_2024.08.19,2026-02-24,2026-03-17,UTC,USD,affiliate marketing referrely,referrals,broad,4.0,0,0,0.0,0,0.0,0.0,0.0,0.0,0.0,0.0,,,,,
Judge.me Product Reviews App,Search_EN_Features_2024.08.19,2026-02-24,2026-03-17,UTC,USD,affiliate marketing referral bixgrow,referrals,broad,4.0,0,0,0.0,0,0.0,0.0,0.0,0.0,0.0,0.0,,,,,
Judge.me Product Reviews App,Search_EN_Features_2024.08.19,2026-02-24,2026-03-17,UTC,USD,affiliate marketing referral,referrals,broad,4.0,0,0,0.0,0,0.0,0.0,0.0,0.0,0.0,0.0,,,,,
Judge.me Product Reviews App,Search_EN_Features_2024.08.19,2026-02-24,2026-03-17,UTC,USD,affiliate marketing referr,referrals,broad,4.0,0,0,0.0,0,0.0,0.0,0.0,0.0,0.0,0.0,,,,,
Judge.me Product Reviews App,Search_EN_Features_2024.08.19,2026-02-24,2026-03-17,UTC,USD,affiliate marketing & referral marketing program,referrals,broad,4.0,0,0,0.0,0,0.0,0.0,0.0,0.0,0.0,0.0,,,,,
Judge.me Product Reviews App,Search_EN_Features_2024.08.19,2026-02-24,2026-03-17,UTC,USD,affiliate marketing & referral,referrals,broad,4.0,0,0,0.0,0,0.0,0.0,0.0,0.0,0.0,0.0,,,,,
Judge.me Product Reviews App,Search_EN_Features_2024.08.19,2026-02-24,2026-03-17,UTC,USD,affiliate maeketing referrly,referrals,broad,4.0,0,0,0.0,0,0.0,0.0,0.0,0.0,0.0,0.0,,,,,
Judge.me Product Reviews App,Search_EN_Features_2024.08.19,2026-02-24,2026-03-17,UTC,USD,affiliate and referrly marketing,referrals,broad,4.0,0,0,0.0,0,0.0,0.0,0.0,0.0,0.0,0.0,,,,,
Judge.me Product Reviews App,Search_EN_Features_2024.08.19,2026-02-24,2026-03-17,UTC,USD,affiliate & referrly marketing,referrals,broad,4.0,0,0,0.0,0,0.0,0.0,0.0,0.0,0.0,0.0,,,,,
Judge.me Product Reviews App,Search_EN_Features_2024.08.19,2026-02-24,2026-03-17,UTC,USD,affiliate & referral,referrals,broad,4.0,0,0,0.0,0,0.0,0.0,0.0,0.0,0.0,0.0,,,,,
Judge.me Product Reviews App,Search_EN_Features_2024.08.19,2026-02-24,2026-03-17,UTC,USD,affilaten marketing referrly,referrals,broad,4.0,0,0,0.0,0,0.0,0.0,0.0,0.0,0.0,0.0,,,,,
Judge.me Product Reviews App,Search_EN_Features_2024.08.19,2026-02-24,2026-03-17,UTC,USD,affilate marketing referrly,referrals,broad,4.0,0,0,0.0,0,0.0,0.0,0.0,0.0,0.0,0.0,,,,,
Judge.me Product Reviews App,Search_EN_Features_2024.08.19,2026-02-24,2026-03-17,UTC,USD,affilate & referral marketing,referrals,broad,4.0,0,0,0.0,0,0.0,0.0,0.0,0.0,0.0,0.0,,,,,
Judge.me Product Reviews App,Search_EN_Features_2024.08.19,2026-02-24,2026-03-17,UTC,USD,1click referral progra,referrals,broad,4.0,0,0,0.0,0,0.0,0.0,0.0,0.0,0.0,0.0,,,,,
Judge.me Product Reviews App,Search_EN_Features_2024.08.19,2026-02-24,2026-03-17,UTC,USD,1 click referral,referrals,broad,4.0,0,0,0.0,0,0.0,0.0,0.0,0.0,0.0,0.0,,,,,
